downstream_passes,successor_mm,classified_status,classification_detail,feasible,capacity_reason,optimizer_success,optimizer_message,multistart_count,decision_at_limit,residual_valid,residual_validity_detail,removal_sum_abs_mm,action_bound_violation_mm,epigraph_violation_um,terminal_thickness_abs_mm,optimal_worst_deflection_um,recoverability_margin_um
1,3.46,PASS,continuous_reference_residual_valid_optimizer_reported_non_success,True,,False,Inequality constraints incompatible,1,PASS,True,residual_checks_pass,1.1102230246251565e-16,0.0,0.0,0.0,99.22025135628195,0.779748643718051
1,3.461,PASS,continuous_reference_residual_valid_optimizer_reported_success,True,,True,Optimization terminated successfully,1,PASS,True,residual_checks_pass,0.0,0.0,0.0,0.0,99.55498849451998,0.445011505480025
1,3.462,PASS,continuous_reference_residual_valid_optimizer_reported_success,True,,True,Optimization terminated successfully,1,PASS,True,residual_checks_pass,0.0,0.0,0.0,0.0,99.88995983826315,0.11004016173684761
1,3.463,FAIL,continuous_reference_residual_valid_optimizer_reported_success,True,,True,Optimization terminated successfully,1,FAIL,True,residual_checks_pass,0.0,0.0,0.0,0.0,100.22516499428275,-0.22516499428274983
1,3.464,FAIL,continuous_reference_residual_valid_optimizer_reported_success,True,,True,Optimization terminated successfully,1,FAIL,True,residual_checks_pass,0.0,0.0,0.0,0.0,100.56060357092657,-0.560603570926574
1,3.465,FAIL,continuous_reference_residual_valid_optimizer_reported_success,True,,True,Optimization terminated successfully,1,FAIL,True,residual_checks_pass,0.0,0.0,1.4210854715202004e-14,0.0,100.89627517810752,-0.8962751781075156
1,3.466,FAIL,continuous_reference_residual_valid_optimizer_reported_success,True,,True,Optimization terminated successfully,1,FAIL,True,residual_checks_pass,0.0,0.0,0.0,0.0,101.23217942729237,-1.2321794272923654
1,3.467,FAIL,continuous_reference_residual_valid_optimizer_reported_success,True,,True,Optimization terminated successfully,1,FAIL,True,residual_checks_pass,0.0,0.0,0.0,0.0,101.56831593149045,-1.5683159314904458
1,3.468,FAIL,continuous_reference_residual_valid_optimizer_reported_success,True,,True,Optimization terminated successfully,1,FAIL,True,residual_checks_pass,0.0,0.0,0.0,0.0,101.9046843052458,-1.9046843052457945
1,3.469,FAIL,continuous_reference_residual_valid_optimizer_reported_success,True,,True,Optimization terminated successfully,1,FAIL,True,residual_checks_pass,0.0,0.0,0.0,0.0,102.24128416462416,-2.2412841646241617
1,3.47,FAIL,continuous_reference_residual_valid_optimizer_reported_success,True,,True,Optimization terminated successfully,1,FAIL,True,residual_checks_pass,0.0,0.0,0.0,0.0,102.57811512720399,-2.5781151272039864
1,3.471,FAIL,continuous_reference_residual_valid_optimizer_reported_success,True,,True,Optimization terminated successfully,1,FAIL,True,residual_checks_pass,0.0,0.0,0.0,0.0,102.91517681206652,-2.9151768120665196
1,3.472,FAIL,continuous_reference_residual_valid_optimizer_reported_success,True,,True,Optimization terminated successfully,1,FAIL,True,residual_checks_pass,0.0,0.0,0.0,0.0,103.25246883978419,-3.2524688397841857
1,3.473,FAIL,continuous_reference_residual_valid_optimizer_reported_success,True,,True,Optimization terminated successfully,1,FAIL,True,residual_checks_pass,0.0,0.0,0.0,0.0,103.58999083241261,-3.58999083241261
1,3.474,FAIL,continuous_reference_residual_valid_optimizer_reported_success,True,,True,Optimization terminated successfully,1,FAIL,True,residual_checks_pass,0.0,0.0,0.0,0.0,103.92774241347945,-3.92774241347945
1,3.475,FAIL,continuous_reference_residual_valid_optimizer_reported_success,True,,True,Optimization terminated successfully,1,FAIL,True,residual_checks_pass,0.0,0.0,0.0,0.0,104.26572320797455,-4.2657232079745455
1,3.476,FAIL,continuous_reference_residual_valid_optimizer_reported_success,True,,True,Optimization terminated successfully,1,FAIL,True,residual_checks_pass,0.0,0.0,0.0,0.0,104.60393284234074,-4.60393284234074
1,3.477,FAIL,continuous_reference_residual_valid_optimizer_reported_success,True,,True,Optimization terminated successfully,1,FAIL,True,residual_checks_pass,0.0,0.0,0.0,0.0,104.94237094446447,-4.9423709444644714
1,3.478,FAIL,continuous_reference_residual_valid_optimizer_reported_success,True,,True,Optimization terminated successfully,1,FAIL,True,residual_checks_pass,0.0,0.0,0.0,0.0,105.28103714366605,-5.281037143666055
1,3.479,FAIL,continuous_reference_residual_valid_optimizer_reported_success,True,,True,Optimization terminated successfully,1,FAIL,True,residual_checks_pass,0.0,0.0,0.0,0.0,105.61993107068892,-5.619931070688921
1,3.48,FAIL,continuous_reference_residual_valid_optimizer_reported_success,True,,True,Optimization terminated successfully,1,FAIL,True,residual_checks_pass,0.0,0.0,0.0,0.0,105.9590523576928,-5.959052357692798
1,3.481,FAIL,continuous_reference_residual_valid_optimizer_reported_success,True,,True,Optimization terminated successfully,1,FAIL,True,residual_checks_pass,0.0,0.0,0.0,0.0,106.29840063824221,-6.298400638242214
1,3.482,FAIL,continuous_reference_residual_valid_optimizer_reported_success,True,,True,Optimization terminated successfully,1,FAIL,True,residual_checks_pass,0.0,0.0,0.0,0.0,106.6379755472983,-6.637975547298296
1,3.483,FAIL,continuous_reference_residual_valid_optimizer_reported_success,True,,True,Optimization terminated successfully,1,FAIL,True,residual_checks_pass,0.0,0.0,0.0,0.0,106.97777672121042,-6.977776721210418
1,3.484,FAIL,continuous_reference_residual_valid_optimizer_reported_success,True,,True,Optimization terminated successfully,1,FAIL,True,residual_checks_pass,0.0,0.0,0.0,0.0,107.31780379770531,-7.317803797705309
1,3.485,FAIL,continuous_reference_residual_valid_optimizer_reported_success,True,,True,Optimization terminated successfully,1,FAIL,True,residual_checks_pass,0.0,0.0,0.0,0.0,107.65805641587961,-7.658056415879614
1,3.486,FAIL,continuous_reference_residual_valid_optimizer_reported_success,True,,True,Optimization terminated successfully,1,FAIL,True,residual_checks_pass,0.0,0.0,0.0,0.0,107.99853421619062,-7.99853421619062
1,3.487,FAIL,continuous_reference_residual_valid_optimizer_reported_success,True,,True,Optimization terminated successfully,1,FAIL,True,residual_checks_pass,0.0,0.0,0.0,0.0,108.33923684044694,-8.339236840446944
1,3.488,FAIL,continuous_reference_residual_valid_optimizer_reported_success,True,,True,Optimization terminated successfully,1,FAIL,True,residual_checks_pass,0.0,0.0,0.0,0.0,108.68016393180083,-8.680163931800834
1,3.489,FAIL,continuous_reference_residual_valid_optimizer_reported_success,True,,True,Optimization terminated successfully,1,FAIL,True,residual_checks_pass,0.0,0.0,0.0,0.0,109.02131513473904,-9.02131513473904
1,3.49,FAIL,continuous_reference_residual_valid_optimizer_reported_success,True,,True,Optimization terminated successfully,1,FAIL,True,residual_checks_pass,0.0,0.0,0.0,0.0,109.36269009507483,-9.362690095074825
1,3.491,FAIL,continuous_reference_residual_valid_optimizer_reported_success,True,,True,Optimization terminated successfully,1,FAIL,True,residual_checks_pass,0.0,0.0,0.0,0.0,109.70428845993756,-9.704288459937558
1,3.492,FAIL,continuous_reference_residual_valid_optimizer_reported_success,True,,True,Optimization terminated successfully,1,FAIL,True,residual_checks_pass,0.0,0.0,0.0,0.0,110.04610987776724,-10.046109877767236
1,3.493,FAIL,continuous_reference_residual_valid_optimizer_reported_success,True,,True,Optimization terminated successfully,1,FAIL,True,residual_checks_pass,0.0,0.0,0.0,0.0,110.38815399830396,-10.388153998303963
1,3.494,FAIL,continuous_reference_residual_valid_optimizer_reported_success,True,,True,Optimization terminated successfully,1,FAIL,True,residual_checks_pass,0.0,0.0,0.0,0.0,110.73042047258036,-10.730420472580363
1,3.495,FAIL,continuous_reference_residual_valid_optimizer_reported_success,True,,True,Optimization terminated successfully,1,FAIL,True,residual_checks_pass,0.0,0.0,0.0,0.0,111.07290895291456,-11.07290895291456
1,3.496,FAIL,continuous_reference_residual_valid_optimizer_reported_success,True,,True,Optimization terminated successfully,1,FAIL,True,residual_checks_pass,0.0,0.0,0.0,0.0,111.41561909290003,-11.41561909290003
1,3.497,FAIL,continuous_reference_residual_valid_optimizer_reported_success,True,,True,Optimization terminated successfully,1,FAIL,True,residual_checks_pass,0.0,0.0,0.0,0.0,111.75855054739891,-11.758550547398912
1,3.498,FAIL,continuous_reference_residual_valid_optimizer_reported_success,True,,True,Optimization terminated successfully,1,FAIL,True,residual_checks_pass,0.0,0.0,0.0,0.0,112.10170297253434,-12.10170297253434
1,3.499,FAIL,continuous_reference_residual_valid_optimizer_reported_success,True,,True,Optimization terminated successfully,1,FAIL,True,residual_checks_pass,0.0,0.0,0.0,0.0,112.44507602568045,-12.44507602568045
1,3.5,FAIL,continuous_reference_residual_valid_optimizer_reported_success,True,,True,Optimization terminated successfully,1,FAIL,True,residual_checks_pass,0.0,0.0,0.0,0.0,112.7886693654577,-12.788669365457693
1,3.501,FAIL,continuous_reference_residual_valid_optimizer_reported_success,True,,True,Optimization terminated successfully,1,FAIL,True,residual_checks_pass,0.0,0.0,0.0,0.0,113.13248265172287,-13.132482651722867
1,3.502,FAIL,continuous_reference_residual_valid_optimizer_reported_success,True,,True,Optimization terminated successfully,1,FAIL,True,residual_checks_pass,0.0,0.0,0.0,0.0,113.47651554556234,-13.476515545562336
1,3.503,FAIL,continuous_reference_residual_valid_optimizer_reported_success,True,,True,Optimization terminated successfully,1,FAIL,True,residual_checks_pass,0.0,0.0,0.0,0.0,113.82076770928413,-13.820767709284127
1,3.504,FAIL,continuous_reference_residual_valid_optimizer_reported_success,True,,True,Optimization terminated successfully,1,FAIL,True,residual_checks_pass,0.0,0.0,0.0,0.0,114.16523880640989,-14.165238806409889
1,3.505,FAIL,continuous_reference_residual_valid_optimizer_reported_success,True,,True,Optimization terminated successfully,1,FAIL,True,residual_checks_pass,0.0,0.0,0.0,0.0,114.50992850166874,-14.509928501668739
1,3.506,FAIL,continuous_reference_residual_valid_optimizer_reported_success,True,,True,Optimization terminated successfully,1,FAIL,True,residual_checks_pass,0.0,0.0,0.0,0.0,114.85483646098882,-14.854836460988821
1,3.507,FAIL,continuous_reference_residual_valid_optimizer_reported_success,True,,True,Optimization terminated successfully,1,FAIL,True,residual_checks_pass,0.0,0.0,0.0,0.0,115.19996235149016,-15.199962351490157
1,3.508,FAIL,continuous_reference_residual_valid_optimizer_reported_success,True,,True,Optimization terminated successfully,1,FAIL,True,residual_checks_pass,0.0,0.0,0.0,0.0,115.54530584147771,-15.545305841477713
1,3.509,FAIL,continuous_reference_residual_valid_optimizer_reported_success,True,,True,Optimization terminated successfully,1,FAIL,True,residual_checks_pass,0.0,0.0,0.0,0.0,115.89086660043374,-15.890866600433739
1,3.51,FAIL,continuous_reference_residual_valid_optimizer_reported_success,True,,True,Optimization terminated successfully,1,FAIL,True,residual_checks_pass,0.0,0.0,0.0,0.0,116.23664429901088,-16.236644299010877
1,3.511,FAIL,continuous_reference_residual_valid_optimizer_reported_success,True,,True,Optimization terminated successfully,1,FAIL,True,residual_checks_pass,0.0,0.0,0.0,0.0,116.5826386090249,-16.582638609024897
1,3.512,FAIL,continuous_reference_residual_valid_optimizer_reported_success,True,,True,Optimization terminated successfully,1,FAIL,True,residual_checks_pass,0.0,0.0,0.0,0.0,116.92884920344724,-16.928849203447243
1,3.513,FAIL,continuous_reference_residual_valid_optimizer_reported_success,True,,True,Optimization terminated successfully,1,FAIL,True,residual_checks_pass,0.0,0.0,0.0,0.0,117.27527575639921,-17.27527575639921
1,3.514,FAIL,continuous_reference_residual_valid_optimizer_reported_success,True,,True,Optimization terminated successfully,1,FAIL,True,residual_checks_pass,0.0,0.0,0.0,0.0,117.62191794314433,-17.621917943144325
1,3.515,FAIL,continuous_reference_residual_valid_optimizer_reported_success,True,,True,Optimization terminated successfully,1,FAIL,True,residual_checks_pass,0.0,0.0,0.0,0.0,117.96877544008147,-17.968775440081473
1,3.516,FAIL,continuous_reference_residual_valid_optimizer_reported_success,True,,True,Optimization terminated successfully,1,FAIL,True,residual_checks_pass,0.0,0.0,0.0,0.0,118.31584792473767,-18.315847924737668
1,3.517,FAIL,continuous_reference_residual_valid_optimizer_reported_success,True,,True,Optimization terminated successfully,1,FAIL,True,residual_checks_pass,0.0,0.0,0.0,0.0,118.66313507576217,-18.66313507576217
1,3.518,FAIL,continuous_reference_residual_valid_optimizer_reported_success,True,,True,Optimization terminated successfully,1,FAIL,True,residual_checks_pass,0.0,0.0,0.0,0.0,119.01063657291951,-19.01063657291951
1,3.519,FAIL,continuous_reference_residual_valid_optimizer_reported_success,True,,True,Optimization terminated successfully,1,FAIL,True,residual_checks_pass,0.0,0.0,0.0,0.0,119.35835209708243,-19.35835209708243
1,3.52,FAIL,continuous_reference_residual_valid_optimizer_reported_success,True,,True,Optimization terminated successfully,1,FAIL,True,residual_checks_pass,0.0,0.0,0.0,0.0,119.7062813302264,-19.706281330226403
1,3.521,FAIL,continuous_reference_residual_valid_optimizer_reported_success,True,,True,Optimization terminated successfully,1,FAIL,True,residual_checks_pass,0.0,0.0,0.0,0.0,120.05442395542107,-20.054423955421072
1,3.522,FAIL,continuous_reference_residual_valid_optimizer_reported_success,True,,True,Optimization terminated successfully,1,FAIL,True,residual_checks_pass,0.0,0.0,0.0,0.0,120.40277965682637,-20.402779656826368
1,3.523,FAIL,continuous_reference_residual_valid_optimizer_reported_success,True,,True,Optimization terminated successfully,1,FAIL,True,residual_checks_pass,0.0,0.0,0.0,0.0,120.75134811968415,-20.751348119684152
1,3.524,FAIL,continuous_reference_residual_valid_optimizer_reported_success,True,,True,Optimization terminated successfully,1,FAIL,True,residual_checks_pass,0.0,0.0,0.0,0.0,121.10012903031173,-21.100129030311734
1,3.525,FAIL,continuous_reference_residual_valid_optimizer_reported_success,True,,True,Optimization terminated successfully,1,FAIL,True,residual_checks_pass,0.0,0.0,0.0,0.0,121.44912207609745,-21.449122076097453
1,3.526,FAIL,continuous_reference_residual_valid_optimizer_reported_success,True,,True,Optimization terminated successfully,1,FAIL,True,residual_checks_pass,0.0,0.0,0.0,0.0,121.79832694549299,-21.798326945492988
1,3.527,FAIL,continuous_reference_residual_valid_optimizer_reported_success,True,,True,Optimization terminated successfully,1,FAIL,True,residual_checks_pass,0.0,0.0,0.0,0.0,122.14774332800745,-22.14774332800745
1,3.528,FAIL,continuous_reference_residual_valid_optimizer_reported_success,True,,True,Optimization terminated successfully,1,FAIL,True,residual_checks_pass,0.0,0.0,0.0,0.0,122.49737091420046,-22.49737091420046
1,3.529,FAIL,continuous_reference_residual_valid_optimizer_reported_success,True,,True,Optimization terminated successfully,1,FAIL,True,residual_checks_pass,0.0,0.0,0.0,0.0,122.84720939567787,-22.847209395677865
1,3.53,FAIL,continuous_reference_residual_valid_optimizer_reported_success,True,,True,Optimization terminated successfully,1,FAIL,True,residual_checks_pass,0.0,0.0,0.0,0.0,123.19725846508392,-23.19725846508392
1,3.531,FAIL,continuous_reference_residual_valid_optimizer_reported_success,True,,True,Optimization terminated successfully,1,FAIL,True,residual_checks_pass,0.0,0.0,0.0,0.0,123.54751781609609,-23.54751781609609
1,3.532,FAIL,continuous_reference_residual_valid_optimizer_reported_success,True,,True,Optimization terminated successfully,1,FAIL,True,residual_checks_pass,0.0,0.0,0.0,0.0,123.8979871434195,-23.8979871434195
1,3.533,FAIL,continuous_reference_residual_valid_optimizer_reported_success,True,,True,Optimization terminated successfully,1,FAIL,True,residual_checks_pass,0.0,0.0,0.0,0.0,124.24866614277994,-24.24866614277994
1,3.534,FAIL,continuous_reference_residual_valid_optimizer_reported_success,True,,True,Optimization terminated successfully,1,FAIL,True,residual_checks_pass,0.0,0.0,0.0,0.0,124.59955451091837,-24.599554510918367
1,3.535,FAIL,continuous_reference_residual_valid_optimizer_reported_success,True,,True,Optimization terminated successfully,1,FAIL,True,residual_checks_pass,0.0,0.0,0.0,0.0,124.95065194558626,-24.95065194558626
1,3.536,FAIL,continuous_reference_residual_valid_optimizer_reported_success,True,,True,Optimization terminated successfully,1,FAIL,True,residual_checks_pass,0.0,0.0,0.0,0.0,125.30195814553747,-25.30195814553747
1,3.537,FAIL,continuous_reference_residual_valid_optimizer_reported_success,True,,True,Optimization terminated successfully,1,FAIL,True,residual_checks_pass,0.0,0.0,0.0,0.0,125.65347281052483,-25.653472810524832
1,3.538,FAIL,continuous_reference_residual_valid_optimizer_reported_success,True,,True,Optimization terminated successfully,1,FAIL,True,residual_checks_pass,0.0,0.0,0.0,0.0,126.00519564129355,-26.005195641293554
1,3.539,FAIL,continuous_reference_residual_valid_optimizer_reported_success,True,,True,Optimization terminated successfully,1,FAIL,True,residual_checks_pass,0.0,0.0,0.0,0.0,126.35712633957552,-26.357126339575515
1,3.54,FAIL,continuous_reference_residual_valid_optimizer_reported_success,True,,True,Optimization terminated successfully,1,FAIL,True,residual_checks_pass,0.0,0.0,0.0,0.0,126.70926460808316,-26.70926460808316
1,3.541,FAIL,continuous_reference_residual_valid_optimizer_reported_success,True,,True,Optimization terminated successfully,1,FAIL,True,residual_checks_pass,0.0,0.0,0.0,0.0,127.06161015050546,-27.06161015050546
1,3.542,FAIL,continuous_reference_residual_valid_optimizer_reported_success,True,,True,Optimization terminated successfully,1,FAIL,True,residual_checks_pass,0.0,0.0,0.0,0.0,127.41416267150075,-27.414162671500748
1,3.543,FAIL,continuous_reference_residual_valid_optimizer_reported_success,True,,True,Optimization terminated successfully,1,FAIL,True,residual_checks_pass,0.0,0.0,0.0,0.0,127.76692187669234,-27.766921876692336
1,3.544,FAIL,continuous_reference_residual_valid_optimizer_reported_success,True,,True,Optimization terminated successfully,1,FAIL,True,residual_checks_pass,0.0,0.0,0.0,0.0,128.11988747266327,-28.119887472663265
1,3.545,FAIL,continuous_reference_residual_valid_optimizer_reported_success,True,,True,Optimization terminated successfully,1,FAIL,True,residual_checks_pass,0.0,0.0,0.0,0.0,128.47305916694953,-28.473059166949525
1,3.546,FAIL,continuous_reference_residual_valid_optimizer_reported_success,True,,True,Optimization terminated successfully,1,FAIL,True,residual_checks_pass,0.0,0.0,0.0,0.0,128.8264366680362,-28.826436668036195
1,3.547,FAIL,continuous_reference_residual_valid_optimizer_reported_success,True,,True,Optimization terminated successfully,1,FAIL,True,residual_checks_pass,0.0,0.0,0.0,0.0,129.18001968535205,-29.18001968535205
1,3.548,FAIL,continuous_reference_residual_valid_optimizer_reported_success,True,,True,Optimization terminated successfully,1,FAIL,True,residual_checks_pass,0.0,0.0,0.0,0.0,129.53380792926257,-29.533807929262565
1,3.549,FAIL,continuous_reference_residual_valid_optimizer_reported_success,True,,True,Optimization terminated successfully,1,FAIL,True,residual_checks_pass,0.0,0.0,0.0,0.0,129.88780111106698,-29.887801111066977
1,3.55,FAIL,continuous_reference_residual_valid_optimizer_reported_success,True,,True,Optimization terminated successfully,1,FAIL,True,residual_checks_pass,0.0,0.0,0.0,0.0,130.24199894299247,-30.241998942992467
1,3.551,FAIL,continuous_reference_residual_valid_optimizer_reported_success,True,,True,Optimization terminated successfully,1,FAIL,True,residual_checks_pass,0.0,0.0,0.0,0.0,130.59640113818824,-30.59640113818824
1,3.552,FAIL,continuous_reference_residual_valid_optimizer_reported_success,True,,True,Optimization terminated successfully,1,FAIL,True,residual_checks_pass,0.0,0.0,0.0,0.0,130.95100741072062,-30.95100741072062
1,3.553,FAIL,continuous_reference_residual_valid_optimizer_reported_success,True,,True,Optimization terminated successfully,1,FAIL,True,residual_checks_pass,0.0,0.0,0.0,0.0,131.30581747556917,-31.30581747556917
1,3.554,FAIL,continuous_reference_residual_valid_optimizer_reported_success,True,,True,Optimization terminated successfully,1,FAIL,True,residual_checks_pass,0.0,0.0,0.0,0.0,131.66083104861994,-31.66083104861994
1,3.555,FAIL,continuous_reference_residual_valid_optimizer_reported_success,True,,True,Optimization terminated successfully,1,FAIL,True,residual_checks_pass,0.0,0.0,0.0,0.0,132.0160478466622,-32.01604784666219
1,3.556,FAIL,continuous_reference_residual_valid_optimizer_reported_success,True,,True,Optimization terminated successfully,1,FAIL,True,residual_checks_pass,0.0,0.0,0.0,0.0,132.37146758738268,-32.37146758738268
1,3.557,FAIL,continuous_reference_residual_valid_optimizer_reported_success,True,,True,Optimization terminated successfully,1,FAIL,True,residual_checks_pass,0.0,0.0,0.0,0.0,132.72708998936028,-32.72708998936028
1,3.558,FAIL,continuous_reference_residual_valid_optimizer_reported_success,True,,True,Optimization terminated successfully,1,FAIL,True,residual_checks_pass,0.0,0.0,0.0,0.0,133.0829147720618,-33.0829147720618
1,3.559,FAIL,continuous_reference_residual_valid_optimizer_reported_success,True,,True,Optimization terminated successfully,1,FAIL,True,residual_checks_pass,0.0,0.0,0.0,0.0,133.43894165583725,-33.438941655837255
1,3.56,FAIL,continuous_reference_residual_valid_optimizer_reported_success,True,,True,Optimization terminated successfully,1,FAIL,True,residual_checks_pass,0.0,0.0,0.0,0.0,133.7951703619141,-33.7951703619141
1,3.561,FAIL,continuous_reference_residual_valid_optimizer_reported_success,True,,True,Optimization terminated successfully,1,FAIL,True,residual_checks_pass,0.0,0.0,0.0,0.0,134.15160061239402,-34.15160061239402
1,3.562,FAIL,continuous_reference_residual_valid_optimizer_reported_success,True,,True,Optimization terminated successfully,1,FAIL,True,residual_checks_pass,0.0,0.0,0.0,0.0,134.5082321302471,-34.50823213024711
1,3.563,FAIL,continuous_reference_residual_valid_optimizer_reported_success,True,,True,Optimization terminated successfully,1,FAIL,True,residual_checks_pass,0.0,0.0,0.0,0.0,134.86506463930775,-34.86506463930775
1,3.564,FAIL,continuous_reference_residual_valid_optimizer_reported_success,True,,True,Optimization terminated successfully,1,FAIL,True,residual_checks_pass,0.0,0.0,0.0,0.0,135.22209786426873,-35.22209786426873
1,3.565,FAIL,continuous_reference_residual_valid_optimizer_reported_success,True,,True,Optimization terminated successfully,1,FAIL,True,residual_checks_pass,0.0,0.0,0.0,0.0,135.57933153067893,-35.57933153067893
1,3.566,FAIL,continuous_reference_residual_valid_optimizer_reported_success,True,,True,Optimization terminated successfully,1,FAIL,True,residual_checks_pass,0.0,0.0,0.0,0.0,135.93676536493675,-35.93676536493675
1,3.567,FAIL,continuous_reference_residual_valid_optimizer_reported_success,True,,True,Optimization terminated successfully,1,FAIL,True,residual_checks_pass,0.0,0.0,0.0,0.0,136.2943990942863,-36.29439909428629
1,3.568,FAIL,continuous_reference_residual_valid_optimizer_reported_success,True,,True,Optimization terminated successfully,1,FAIL,True,residual_checks_pass,0.0,0.0,0.0,0.0,136.65223244681337,-36.65223244681337
1,3.569,FAIL,continuous_reference_residual_valid_optimizer_reported_success,True,,True,Optimization terminated successfully,1,FAIL,True,residual_checks_pass,0.0,0.0,0.0,0.0,137.01026515144014,-37.01026515144014
1,3.57,FAIL,continuous_reference_residual_valid_optimizer_reported_success,True,,True,Optimization terminated successfully,1,FAIL,True,residual_checks_pass,0.0,0.0,0.0,0.0,137.36849693792092,-37.36849693792092
1,3.571,FAIL,continuous_reference_residual_valid_optimizer_reported_success,True,,True,Optimization terminated successfully,1,FAIL,True,residual_checks_pass,0.0,0.0,0.0,0.0,137.72692753683847,-37.726927536838474
1,3.572,FAIL,continuous_reference_residual_valid_optimizer_reported_success,True,,True,Optimization terminated successfully,1,FAIL,True,residual_checks_pass,0.0,0.0,0.0,0.0,138.0855566795981,-38.08555667959811
1,3.573,FAIL,continuous_reference_residual_valid_optimizer_reported_success,True,,True,Optimization terminated successfully,1,FAIL,True,residual_checks_pass,0.0,0.0,0.0,0.0,138.44438409842525,-38.444384098425246
1,3.574,FAIL,continuous_reference_residual_valid_optimizer_reported_success,True,,True,Optimization terminated successfully,1,FAIL,True,residual_checks_pass,0.0,0.0,0.0,0.0,138.80340952636,-38.803409526360014
1,3.575,FAIL,continuous_reference_residual_valid_optimizer_reported_success,True,,True,Optimization terminated successfully,1,FAIL,True,residual_checks_pass,0.0,0.0,0.0,0.0,139.16263269725317,-39.16263269725317
1,3.576,FAIL,continuous_reference_residual_valid_optimizer_reported_success,True,,True,Optimization terminated successfully,1,FAIL,True,residual_checks_pass,0.0,0.0,0.0,0.0,139.52205334576135,-39.52205334576135
1,3.577,FAIL,continuous_reference_residual_valid_optimizer_reported_success,True,,True,Optimization terminated successfully,1,FAIL,True,residual_checks_pass,0.0,0.0,0.0,0.0,139.881671207344,-39.881671207344
2,3.82,PASS,continuous_reference_residual_valid_optimizer_reported_success,True,,True,Optimization terminated successfully,7,PASS,True,residual_checks_pass,2.120525977034049e-14,0.0,8.682832230988424e-12,2.0872192862952943e-14,99.22025135629069,0.7797486437093113
2,3.821,PASS,continuous_reference_residual_valid_optimizer_reported_success,True,,True,Optimization terminated successfully,7,PASS,True,residual_checks_pass,8.43769498715119e-15,0.0,8.100187187665142e-13,8.43769498715119e-15,99.22025135628263,0.7797486437173689
2,3.822,PASS,continuous_reference_residual_valid_optimizer_reported_success,True,,True,Optimization terminated successfully,7,PASS,True,residual_checks_pass,0.0,0.0,3.552713678800501e-13,0.0,99.22025135628195,0.779748643718051
2,3.823,PASS,continuous_reference_residual_valid_optimizer_reported_success,True,,True,Optimization terminated successfully,7,PASS,True,residual_checks_pass,9.769962616701378e-15,0.0,1.1937117960769683e-12,9.769962616701378e-15,99.2202513562829,0.7797486437170988
2,3.824,PASS,continuous_reference_residual_valid_optimizer_reported_success,True,,True,Optimization terminated successfully,7,PASS,True,residual_checks_pass,0.0,0.0,6.821210263296962e-13,0.0,99.22025135628266,0.7797486437173404
2,3.825,PASS,continuous_reference_residual_valid_optimizer_reported_non_success,True,,False,Positive directional derivative for linesearch,7,PASS,True,residual_checks_pass,0.0,0.0,1.6213164144573966e-10,0.0,99.22025135628195,0.779748643718051
2,3.826,PASS,continuous_reference_residual_valid_optimizer_reported_success,True,,True,Optimization terminated successfully,7,PASS,True,residual_checks_pass,0.0,0.0,9.663381206337363e-13,0.0,99.22025135628245,0.7797486437175536
2,3.827,PASS,continuous_reference_residual_valid_optimizer_reported_success,True,,True,Optimization terminated successfully,7,PASS,True,residual_checks_pass,1.965094753586527e-14,0.0,1.8758328224066645e-12,1.9539925233402755e-14,99.22025135628381,0.7797486437161893
2,3.828,PASS,continuous_reference_residual_valid_optimizer_reported_success,True,,True,Optimization terminated successfully,7,PASS,True,residual_checks_pass,0.0,0.0,1.0444978215673473e-11,0.0,99.22025135628195,0.779748643718051
2,3.829,PASS,continuous_reference_residual_valid_optimizer_reported_success,True,,True,Optimization terminated successfully,7,PASS,True,residual_checks_pass,0.0,0.0,3.410605131648481e-13,0.0,99.22025135628195,0.779748643718051
2,3.83,PASS,continuous_reference_residual_valid_optimizer_reported_success,True,,True,Optimization terminated successfully,7,PASS,True,residual_checks_pass,1.0436096431476471e-14,0.0,4.973799150320701e-13,1.0658141036401503e-14,99.22025135628284,0.7797486437171557
2,3.831,PASS,continuous_reference_residual_valid_optimizer_reported_success,True,,True,Optimization terminated successfully,7,PASS,True,residual_checks_pass,0.0,0.0,4.277467269275803e-12,0.0,99.22025135628195,0.779748643718051
2,3.832,PASS,continuous_reference_residual_valid_optimizer_reported_non_success,True,,False,Positive directional derivative for linesearch,7,PASS,True,residual_checks_pass,0.0,0.0,1.3416467936622212e-10,0.0,99.22025135628195,0.779748643718051
2,3.833,PASS,continuous_reference_residual_valid_optimizer_reported_success,True,,True,Optimization terminated successfully,7,PASS,True,residual_checks_pass,3.708144902248023e-14,0.0,0.0,3.68594044175552e-14,99.2202513562855,0.7797486437144983
2,3.834,PASS,continuous_reference_residual_valid_optimizer_reported_success,True,,True,Optimization terminated successfully,7,PASS,True,residual_checks_pass,0.0,0.0,2.5153212845907547e-12,4.440892098500626e-16,99.22025135628277,0.7797486437172267
2,3.835,PASS,continuous_reference_residual_valid_optimizer_reported_success,True,,True,Optimization terminated successfully,7,PASS,True,residual_checks_pass,2.6756374893466273e-14,0.0,4.007461029686965e-12,2.6645352591003757e-14,99.2202513562845,0.779748643715493
2,3.836,PASS,continuous_reference_residual_valid_optimizer_reported_success,True,,True,Optimization terminated successfully,7,PASS,True,residual_checks_pass,1.532107773982716e-14,0.0,1.4921397450962104e-12,1.509903313490213e-14,99.22025135628341,0.7797486437165873
2,3.837,PASS,continuous_reference_residual_valid_optimizer_reported_success,True,,True,Optimization terminated successfully,7,PASS,True,residual_checks_pass,0.0,0.0,0.0,0.0,99.22025135628195,0.779748643718051
2,3.838,PASS,continuous_reference_residual_valid_optimizer_reported_success,True,,True,Optimization terminated successfully,7,PASS,True,residual_checks_pass,0.0,0.0,8.952838470577262e-13,4.440892098500626e-16,99.22025135628195,0.779748643718051
2,3.839,PASS,continuous_reference_residual_valid_optimizer_reported_success,True,,True,Optimization terminated successfully,7,PASS,True,residual_checks_pass,1.199040866595169e-14,0.0,8.554934538551606e-12,1.199040866595169e-14,99.22025135628311,0.7797486437168857
2,3.84,PASS,continuous_reference_residual_valid_optimizer_reported_success,True,,True,Optimization terminated successfully,7,PASS,True,residual_checks_pass,0.0,0.0,1.8474111129762605e-13,0.0,99.22025135628267,0.7797486437173262
2,3.841,PASS,continuous_reference_residual_valid_optimizer_reported_success,True,,True,Optimization terminated successfully,7,PASS,True,residual_checks_pass,0.0,0.0,3.922195901395753e-12,0.0,99.22025135628195,0.779748643718051
2,3.842,PASS,continuous_reference_residual_valid_optimizer_reported_success,True,,True,Optimization terminated successfully,7,PASS,True,residual_checks_pass,0.0,0.0,0.0,0.0,99.22025135628195,0.779748643718051
2,3.843,PASS,continuous_reference_residual_valid_optimizer_reported_non_success,True,,False,Positive directional derivative for linesearch,7,PASS,True,residual_checks_pass,0.0,0.0,3.51676021637104e-10,0.0,99.22025135628195,0.779748643718051
2,3.844,PASS,continuous_reference_residual_valid_optimizer_reported_success,True,,True,Optimization terminated successfully,7,PASS,True,residual_checks_pass,0.0,0.0,5.684341886080802e-14,0.0,99.22025135628195,0.779748643718051
2,3.845,PASS,continuous_reference_residual_valid_optimizer_reported_success,True,,True,Optimization terminated successfully,7,PASS,True,residual_checks_pass,0.0,0.0,8.967049325292464e-12,0.0,99.22025135628195,0.779748643718051
2,3.846,PASS,continuous_reference_residual_valid_optimizer_reported_success,True,,True,Optimization terminated successfully,7,PASS,True,residual_checks_pass,6.772360450213455e-15,0.0,1.1510792319313623e-12,6.661338147750939e-15,99.22025135628262,0.7797486437173831
2,3.847,PASS,continuous_reference_residual_valid_optimizer_reported_success,True,,True,Optimization terminated successfully,7,PASS,True,residual_checks_pass,0.0,0.0,0.0,0.0,99.22025135628195,0.779748643718051
2,3.848,PASS,continuous_reference_residual_valid_optimizer_reported_success,True,,True,Optimization terminated successfully,7,PASS,True,residual_checks_pass,1.3100631690576847e-14,0.0,1.4637180356658064e-12,1.2878587085651816e-14,99.2202513562832,0.7797486437168004
2,3.849,PASS,continuous_reference_residual_valid_optimizer_reported_success,True,,True,Optimization terminated successfully,7,PASS,True,residual_checks_pass,0.0,0.0,3.694822225952521e-13,0.0,99.22025135628195,0.779748643718051
2,3.85,PASS,continuous_reference_residual_valid_optimizer_reported_success,True,,True,Optimization terminated successfully,7,PASS,True,residual_checks_pass,0.0,0.0,0.0,0.0,99.22025135628195,0.779748643718051
2,3.851,PASS,continuous_reference_residual_valid_optimizer_reported_success,True,,True,Optimization terminated successfully,7,PASS,True,residual_checks_pass,1.6653345369377348e-14,0.0,1.5916157281026244e-12,1.6431300764452317e-14,99.22025135628354,0.7797486437164594
2,3.852,PASS,continuous_reference_residual_valid_optimizer_reported_non_success,True,,False,Positive directional derivative for linesearch,7,PASS,True,residual_checks_pass,3.3306690738754696e-16,0.0,6.427626431104727e-09,0.0,99.22025135628195,0.779748643718051
2,3.853,PASS,continuous_reference_residual_valid_optimizer_reported_success,True,,True,Optimization terminated successfully,7,PASS,True,residual_checks_pass,1.8984813721090177e-14,0.0,2.1174173525650986e-12,1.865174681370263e-14,99.22025135628377,0.779748643716232
2,3.854,PASS,continuous_reference_residual_valid_optimizer_reported_success,True,,True,Optimization terminated successfully,7,PASS,True,residual_checks_pass,0.0,0.0,0.0,0.0,99.22025135628195,0.779748643718051
2,3.855,PASS,continuous_reference_residual_valid_optimizer_reported_success,True,,True,Optimization terminated successfully,7,PASS,True,residual_checks_pass,0.0,0.0,1.8829382497642655e-11,0.0,99.22025135628195,0.779748643718051
2,3.856,PASS,continuous_reference_residual_valid_optimizer_reported_success,True,,True,Optimization terminated successfully,7,PASS,True,residual_checks_pass,0.0,0.0,7.958078640513122e-13,0.0,99.22025135628266,0.7797486437173404
2,3.857,PASS,continuous_reference_residual_valid_optimizer_reported_success,True,,True,Optimization terminated successfully,7,PASS,True,residual_checks_pass,0.0,0.0,5.0732751333271153e-11,0.0,99.22025135628195,0.779748643718051
2,3.858,PASS,continuous_reference_residual_valid_optimizer_reported_non_success,True,,False,Positive directional derivative for linesearch,7,PASS,True,residual_checks_pass,0.0,0.0,1.3614425142804976e-09,0.0,99.22025135628195,0.779748643718051
2,3.859,PASS,continuous_reference_residual_valid_optimizer_reported_success,True,,True,Optimization terminated successfully,7,PASS,True,residual_checks_pass,2.6867397195928788e-14,0.0,4.177991286269389e-12,2.6645352591003757e-14,99.2202513562845,0.779748643715493
2,3.86,PASS,continuous_reference_residual_valid_optimizer_reported_success,True,,True,Optimization terminated successfully,7,PASS,True,residual_checks_pass,0.0,0.0,7.790390554873738e-11,0.0,99.22025135628195,0.779748643718051
2,3.861,PASS,continuous_reference_residual_valid_optimizer_reported_success,True,,True,Optimization terminated successfully,7,PASS,True,residual_checks_pass,0.0,0.0,0.0,0.0,99.22025135628239,0.7797486437176104
2,3.862,PASS,continuous_reference_residual_valid_optimizer_reported_success,True,,True,Optimization terminated successfully,7,PASS,True,residual_checks_pass,0.0,0.0,3.410605131648481e-13,0.0,99.22025135628236,0.7797486437176389
2,3.863,PASS,continuous_reference_residual_valid_optimizer_reported_success,True,,True,Optimization terminated successfully,7,PASS,True,residual_checks_pass,0.0,0.0,5.115907697472721e-13,0.0,99.22025135628195,0.779748643718051
2,3.864,PASS,continuous_reference_residual_valid_optimizer_reported_success,True,,True,Optimization terminated successfully,7,PASS,True,residual_checks_pass,0.0,0.0,3.211653165635653e-12,0.0,99.22025135628195,0.779748643718051
2,3.865,PASS,continuous_reference_residual_valid_optimizer_reported_success,True,,True,Optimization terminated successfully,7,PASS,True,residual_checks_pass,0.0,0.0,4.263256414560601e-14,0.0,99.22025135628195,0.779748643718051
2,3.866,PASS,continuous_reference_residual_valid_optimizer_reported_non_success,True,,False,Positive directional derivative for linesearch,7,PASS,True,residual_checks_pass,0.0,0.0,3.566782424968551e-10,0.0,99.22025135628195,0.779748643718051
2,3.867,PASS,continuous_reference_residual_valid_optimizer_reported_success,True,,True,Optimization terminated successfully,7,PASS,True,residual_checks_pass,0.0,0.0,3.836930773104541e-13,0.0,99.22025135628195,0.779748643718051
2,3.868,PASS,continuous_reference_residual_valid_optimizer_reported_success,True,,True,Optimization terminated successfully,7,PASS,True,residual_checks_pass,0.0,0.0,8.526512829121202e-14,0.0,99.2202513562818,0.7797486437181931
2,3.869,PASS,continuous_reference_residual_valid_optimizer_reported_success,True,,True,Optimization terminated successfully,7,PASS,True,residual_checks_pass,0.0,0.0,0.0,0.0,99.22025135628195,0.779748643718051
2,3.87,PASS,continuous_reference_residual_valid_optimizer_reported_success,True,,True,Optimization terminated successfully,7,PASS,True,residual_checks_pass,0.0,0.0,8.526512829121202e-14,0.0,99.22025135628195,0.779748643718051
2,3.871,PASS,continuous_reference_residual_valid_optimizer_reported_non_success,True,,False,Positive directional derivative for linesearch,7,PASS,True,residual_checks_pass,0.0,0.0,3.1360656294054934e-09,0.0,99.22025135628195,0.779748643718051
2,3.872,PASS,continuous_reference_residual_valid_optimizer_reported_success,True,,True,Optimization terminated successfully,7,PASS,True,residual_checks_pass,2.220446049250313e-16,0.0,2.0605739337042905e-11,0.0,99.22025135628195,0.779748643718051
2,3.873,PASS,continuous_reference_residual_valid_optimizer_reported_non_success,True,,False,Positive directional derivative for linesearch,7,PASS,True,residual_checks_pass,0.0,0.0,1.876927058219735e-09,0.0,99.22025135628195,0.779748643718051
2,3.874,PASS,continuous_reference_residual_valid_optimizer_reported_success,True,,True,Optimization terminated successfully,7,PASS,True,residual_checks_pass,0.0,0.0,0.0,0.0,99.22025135628195,0.779748643718051
2,3.875,PASS,continuous_reference_residual_valid_optimizer_reported_non_success,True,,False,Positive directional derivative for linesearch,7,PASS,True,residual_checks_pass,0.0,0.0,5.063895969215082e-10,4.440892098500626e-16,99.2202513562816,0.7797486437184062
2,3.876,PASS,continuous_reference_residual_valid_optimizer_reported_non_success,True,,False,Positive directional derivative for linesearch,7,PASS,True,residual_checks_pass,0.0,0.0,1.0366818514739862e-10,0.0,99.22025135628195,0.779748643718051
2,3.877,PASS,continuous_reference_residual_valid_optimizer_reported_success,True,,True,Optimization terminated successfully,7,PASS,True,residual_checks_pass,0.0,0.0,5.115907697472721e-13,0.0,99.22025135628249,0.779748643717511
2,3.878,PASS,continuous_reference_residual_valid_optimizer_reported_success,True,,True,Optimization terminated successfully,7,PASS,True,residual_checks_pass,4.6629367034256575e-15,0.0,6.963318810448982e-13,4.440892098500626e-15,99.22025135628239,0.7797486437176104
2,3.879,PASS,continuous_reference_residual_valid_optimizer_reported_non_success,True,,False,Positive directional derivative for linesearch,7,PASS,True,residual_checks_pass,0.0,0.0,1.1544898370630108e-10,0.0,99.2202513562818,0.7797486437181931
2,3.88,PASS,continuous_reference_residual_valid_optimizer_reported_non_success,True,,False,Positive directional derivative for linesearch,7,PASS,True,residual_checks_pass,0.0,0.0,1.5992895896488335e-10,0.0,99.22025135628157,0.7797486437184347
2,3.881,PASS,continuous_reference_residual_valid_optimizer_reported_success,True,,True,Optimization terminated successfully,7,PASS,True,residual_checks_pass,1.4099832412739488e-14,0.0,1.6484591469634324e-12,1.4210854715202004e-14,99.22025135628331,0.7797486437166867
2,3.882,PASS,continuous_reference_residual_valid_optimizer_reported_non_success,True,,False,Positive directional derivative for linesearch,7,PASS,True,residual_checks_pass,0.0,0.0,2.075040583804366e-09,0.0,99.22025135628195,0.779748643718051
2,3.883,PASS,continuous_reference_residual_valid_optimizer_reported_non_success,True,,False,Positive directional derivative for linesearch,7,PASS,True,residual_checks_pass,0.0,0.0,3.3205083127541e-10,0.0,99.22025135628195,0.779748643718051
2,3.884,PASS,continuous_reference_residual_valid_optimizer_reported_success,True,,True,Optimization terminated successfully,7,PASS,True,residual_checks_pass,0.0,0.0,1.1084466677857563e-12,0.0,99.22025135628253,0.7797486437174683
2,3.885,PASS,continuous_reference_residual_valid_optimizer_reported_success,True,,True,Optimization terminated successfully,7,PASS,True,residual_checks_pass,1.2656542480726785e-14,0.0,1.4779288903810084e-12,1.2434497875801753e-14,99.22025135628314,0.7797486437168573
2,3.886,PASS,continuous_reference_residual_valid_optimizer_reported_success,True,,True,Optimization terminated successfully,7,PASS,True,residual_checks_pass,0.0,0.0,9.947598300641403e-14,0.0,99.22025135628195,0.779748643718051
2,3.887,PASS,continuous_reference_residual_valid_optimizer_reported_success,True,,True,Optimization terminated successfully,7,PASS,True,residual_checks_pass,6.328271240363392e-15,0.0,8.100187187665142e-13,6.217248937900877e-15,99.22025135628256,0.7797486437174399
2,3.888,PASS,continuous_reference_residual_valid_optimizer_reported_success,True,,True,Optimization terminated successfully,7,PASS,True,residual_checks_pass,0.0,0.0,4.533262654149439e-12,0.0,99.22025135628195,0.779748643718051
2,3.889,PASS,continuous_reference_residual_valid_optimizer_reported_success,True,,True,Optimization terminated successfully,7,PASS,True,residual_checks_pass,0.0,0.0,6.110667527536862e-13,0.0,99.22025135628195,0.779748643718051
2,3.89,PASS,continuous_reference_residual_valid_optimizer_reported_success,True,,True,Optimization terminated successfully,7,PASS,True,residual_checks_pass,4.440892098500626e-16,0.0,1.0800249583553523e-12,4.440892098500626e-16,99.22025135628202,0.7797486437179799
2,3.891,PASS,continuous_reference_residual_valid_optimizer_reported_non_success,True,,False,Positive directional derivative for linesearch,7,PASS,True,residual_checks_pass,0.0,0.0,6.214548875504988e-10,0.0,99.22025135628195,0.779748643718051
2,3.892,PASS,continuous_reference_residual_valid_optimizer_reported_success,True,,True,Optimization terminated successfully,7,PASS,True,residual_checks_pass,1.1324274851176597e-14,0.0,1.3784529073745944e-12,1.1102230246251565e-14,99.22025135628304,0.7797486437169567
2,3.893,PASS,continuous_reference_residual_valid_optimizer_reported_non_success,True,,False,Positive directional derivative for linesearch,7,PASS,True,residual_checks_pass,1.1102230246251565e-16,0.0,2.181963054681546e-09,0.0,99.22025135628172,0.7797486437182783
2,3.894,PASS,continuous_reference_residual_valid_optimizer_reported_success,True,,True,Optimization terminated successfully,7,PASS,True,residual_checks_pass,0.0,0.0,6.640732408413896e-11,0.0,99.22025135628195,0.779748643718051
2,3.895,PASS,continuous_reference_residual_valid_optimizer_reported_success,True,,True,Optimization terminated successfully,7,PASS,True,residual_checks_pass,0.0,0.0,4.405364961712621e-13,0.0,99.22025135628195,0.779748643718051
2,3.896,PASS,continuous_reference_residual_valid_optimizer_reported_success,True,,True,Optimization terminated successfully,7,PASS,True,residual_checks_pass,0.0,0.0,9.805489753489383e-13,0.0,99.22025135628292,0.7797486437170846
2,3.897,PASS,continuous_reference_residual_valid_optimizer_reported_success,True,,True,Optimization terminated successfully,7,PASS,True,residual_checks_pass,0.0,0.0,2.5337953957205173e-11,0.0,99.22025135628157,0.7797486437184347
2,3.898,PASS,continuous_reference_residual_valid_optimizer_reported_success,True,,True,Optimization terminated successfully,7,PASS,True,residual_checks_pass,0.0,0.0,5.8548721426632255e-12,0.0,99.22025135628195,0.779748643718051
2,3.899,PASS,continuous_reference_residual_valid_optimizer_reported_success,True,,True,Optimization terminated successfully,7,PASS,True,residual_checks_pass,0.0,0.0,8.526512829121202e-14,0.0,99.22025135628198,0.7797486437180225
2,3.9,PASS,continuous_reference_residual_valid_optimizer_reported_non_success,True,,False,Positive directional derivative for linesearch,7,PASS,True,residual_checks_pass,0.0,0.0,2.8194335754960775e-10,0.0,99.22025135628189,0.7797486437181078
2,3.901,PASS,continuous_reference_residual_valid_optimizer_reported_success,True,,True,Optimization terminated successfully,7,PASS,True,residual_checks_pass,0.0,0.0,3.863931397063425e-11,0.0,99.22025135628195,0.779748643718051
2,3.902,PASS,continuous_reference_residual_valid_optimizer_reported_success,True,,True,Optimization terminated successfully,7,PASS,True,residual_checks_pass,0.0,0.0,5.400124791776761e-13,0.0,99.22025135628195,0.779748643718051
2,3.903,PASS,continuous_reference_residual_valid_optimizer_reported_non_success,True,,False,Positive directional derivative for linesearch,7,PASS,True,residual_checks_pass,8.881784197001252e-16,0.0,6.340741265375982e-10,8.881784197001252e-16,99.22025135628192,0.7797486437180794
2,3.904,PASS,continuous_reference_residual_valid_optimizer_reported_success,True,,True,Optimization terminated successfully,7,PASS,True,residual_checks_pass,0.0,0.0,0.0,4.440892098500626e-16,99.22025135628171,0.7797486437182926
2,3.905,PASS,continuous_reference_residual_valid_optimizer_reported_success,True,,True,Optimization terminated successfully,7,PASS,True,residual_checks_pass,3.3306690738754696e-15,0.0,2.7000623958883807e-13,3.1086244689504383e-15,99.22025135628225,0.7797486437177525
2,3.906,PASS,continuous_reference_residual_valid_optimizer_reported_non_success,True,,False,Positive directional derivative for linesearch,7,PASS,True,residual_checks_pass,0.0,0.0,1.0049632237496553e-09,0.0,99.22025135628205,0.7797486437179515
2,3.907,PASS,continuous_reference_residual_valid_optimizer_reported_non_success,True,,False,Positive directional derivative for linesearch,7,PASS,True,residual_checks_pass,0.0,0.0,1.6530634638911579e-09,4.440892098500626e-16,99.22025135628203,0.7797486437179657
2,3.908,PASS,continuous_reference_residual_valid_optimizer_reported_success,True,,True,Optimization terminated successfully,7,PASS,True,residual_checks_pass,0.0,0.0,2.7000623958883807e-13,0.0,99.22025135628195,0.779748643718051
2,3.909,PASS,continuous_reference_residual_valid_optimizer_reported_success,True,,True,Optimization terminated successfully,7,PASS,True,residual_checks_pass,0.0,0.0,1.9895196601282805e-13,0.0,99.22025135628195,0.779748643718051
2,3.91,PASS,continuous_reference_residual_valid_optimizer_reported_non_success,True,,False,Positive directional derivative for linesearch,7,PASS,True,residual_checks_pass,0.0,0.0,1.5183019286268973e-09,0.0,99.22025135628195,0.779748643718051
2,3.911,PASS,continuous_reference_residual_valid_optimizer_reported_success,True,,True,Optimization terminated successfully,7,PASS,True,residual_checks_pass,0.0,0.0,5.016431714466307e-12,0.0,99.22025135628185,0.7797486437181504
2,3.912,PASS,continuous_reference_residual_valid_optimizer_reported_non_success,True,,False,Positive directional derivative for linesearch,7,PASS,True,residual_checks_pass,0.0,0.0,8.329266165674198e-10,0.0,99.22025135628195,0.779748643718051
2,3.913,PASS,continuous_reference_residual_valid_optimizer_reported_success,True,,True,Optimization terminated successfully,7,PASS,True,residual_checks_pass,0.0,0.0,2.842170943040401e-14,0.0,99.22025135628195,0.779748643718051
2,3.914,PASS,continuous_reference_residual_valid_optimizer_reported_non_success,True,,False,Positive directional derivative for linesearch,7,PASS,True,residual_checks_pass,0.0,0.0,5.021149718231754e-09,0.0,99.22025135628185,0.7797486437181504
2,3.915,PASS,continuous_reference_residual_valid_optimizer_reported_success,True,,True,Optimization terminated successfully,7,PASS,True,residual_checks_pass,0.0,0.0,0.0,0.0,99.22025135628195,0.779748643718051
2,3.916,PASS,continuous_reference_residual_valid_optimizer_reported_success,True,,True,Optimization terminated successfully,7,PASS,True,residual_checks_pass,0.0,0.0,2.1316282072803006e-13,0.0,99.22025135628208,0.7797486437179231
2,3.917,PASS,continuous_reference_residual_valid_optimizer_reported_success,True,,True,Optimization terminated successfully,7,PASS,True,residual_checks_pass,0.0,0.0,0.0,0.0,99.22025135628195,0.779748643718051
2,3.918,PASS,continuous_reference_residual_valid_optimizer_reported_non_success,True,,False,Positive directional derivative for linesearch,7,PASS,True,residual_checks_pass,0.0,0.0,1.5900525340839522e-10,0.0,99.22025135628195,0.779748643718051
2,3.919,PASS,continuous_reference_residual_valid_optimizer_reported_success,True,,True,Optimization terminated successfully,7,PASS,True,residual_checks_pass,0.0,0.0,2.1458390619955026e-12,0.0,99.22025135628195,0.779748643718051
2,3.92,PASS,continuous_reference_residual_valid_optimizer_reported_success,True,,True,Optimization terminated successfully,7,PASS,True,residual_checks_pass,0.0,0.0,9.57101065068855e-11,0.0,99.22025135628195,0.779748643718051
2,3.921,PASS,continuous_reference_residual_valid_optimizer_reported_success,True,,True,Optimization terminated successfully,7,PASS,True,residual_checks_pass,0.0,0.0,3.268496584496461e-13,0.0,99.22025135628195,0.779748643718051
2,3.922,PASS,continuous_reference_residual_valid_optimizer_reported_success,True,,True,Optimization terminated successfully,7,PASS,True,residual_checks_pass,0.0,0.0,5.400124791776761e-13,0.0,99.22025135628195,0.779748643718051
2,3.923,PASS,continuous_reference_residual_valid_optimizer_reported_success,True,,True,Optimization terminated successfully,7,PASS,True,residual_checks_pass,0.0,0.0,2.984279490192421e-13,0.0,99.22025135628202,0.7797486437179799
2,3.924,PASS,continuous_reference_residual_valid_optimizer_reported_success,True,,True,Optimization terminated successfully,7,PASS,True,residual_checks_pass,0.0,0.0,3.126388037344441e-13,0.0,99.22025135628208,0.7797486437179231
2,3.925,PASS,continuous_reference_residual_valid_optimizer_reported_success,True,,True,Optimization terminated successfully,7,PASS,True,residual_checks_pass,0.0,0.0,8.078870905592339e-11,0.0,99.22025135628195,0.779748643718051
2,3.926,PASS,continuous_reference_residual_valid_optimizer_reported_success,True,,True,Optimization terminated successfully,7,PASS,True,residual_checks_pass,0.0,0.0,1.3642420526593924e-12,0.0,99.22025135628195,0.779748643718051
2,3.927,PASS,continuous_reference_residual_valid_optimizer_reported_success,True,,True,Optimization terminated successfully,7,PASS,True,residual_checks_pass,1.3100631690576847e-14,0.0,1.2647660696529783e-12,1.2878587085651816e-14,99.2202513562832,0.7797486437168004
2,3.928,PASS,continuous_reference_residual_valid_optimizer_reported_success,True,,True,Optimization terminated successfully,7,PASS,True,residual_checks_pass,0.0,0.0,1.4210854715202004e-14,4.440892098500626e-16,99.22025135628203,0.7797486437179657
2,3.929,PASS,continuous_reference_residual_valid_optimizer_reported_success,True,,True,Optimization terminated successfully,7,PASS,True,residual_checks_pass,3.3306690738754696e-15,0.0,2.6574298317427747e-12,3.1086244689504383e-15,99.22025135628202,0.7797486437179799
2,3.93,PASS,continuous_reference_residual_valid_optimizer_reported_non_success,True,,False,Positive directional derivative for linesearch,7,PASS,True,residual_checks_pass,1.5543122344752192e-15,0.0,3.2463276511407457e-10,1.3322676295501878e-15,99.22025135628186,0.7797486437181362
2,3.931,PASS,continuous_reference_residual_valid_optimizer_reported_success,True,,True,Optimization terminated successfully,7,PASS,True,residual_checks_pass,0.0,0.0,1.2079226507921703e-12,0.0,99.22025135628266,0.7797486437173404
2,3.932,PASS,continuous_reference_residual_valid_optimizer_reported_success,True,,True,Optimization terminated successfully,7,PASS,True,residual_checks_pass,0.0,0.0,7.105427357601002e-13,0.0,99.26586186662742,0.734138133372582
2,3.933,PASS,continuous_reference_residual_valid_optimizer_reported_success,True,,True,Optimization terminated successfully,7,PASS,True,residual_checks_pass,0.0,0.0,8.242295734817162e-13,4.440892098500626e-16,99.39305760807184,0.6069423919281576
2,3.934,PASS,continuous_reference_residual_valid_optimizer_reported_success,True,,True,Optimization terminated successfully,7,PASS,True,residual_checks_pass,0.0,0.0,1.3216094885137863e-12,0.0,99.52025263990674,0.47974736009325625
2,3.935,PASS,continuous_reference_residual_valid_optimizer_reported_success,True,,True,Optimization terminated successfully,7,PASS,True,residual_checks_pass,0.0,0.0,0.0,0.0,99.64744693420884,0.352553065791156
2,3.936,PASS,continuous_reference_residual_valid_optimizer_reported_success,True,,True,Optimization terminated successfully,7,PASS,True,residual_checks_pass,0.0,0.0,1.5063505998114124e-12,0.0,99.77464046313513,0.22535953686487176
2,3.937,PASS,continuous_reference_residual_valid_optimizer_reported_success,True,,True,Optimization terminated successfully,7,PASS,True,residual_checks_pass,0.0,0.0,1.0658141036401503e-12,0.0,99.90183319891288,0.0981668010871175
2,3.938,FAIL,continuous_reference_residual_valid_optimizer_reported_success,True,,True,Optimization terminated successfully,7,FAIL,True,residual_checks_pass,0.0,0.0,3.495870259939693e-12,0.0,100.02902511384734,-0.029025113847339412
2,3.939,FAIL,continuous_reference_residual_valid_optimizer_reported_success,True,,True,Optimization terminated successfully,7,FAIL,True,residual_checks_pass,0.0,0.0,5.684341886080802e-14,4.440892098500626e-16,100.1562161803169,-0.15621618031690332
2,3.94,FAIL,continuous_reference_residual_valid_optimizer_reported_success,True,,True,Optimization terminated successfully,7,FAIL,True,residual_checks_pass,0.0,0.0,1.3500311979441904e-12,0.0,100.28340637077655,-0.2834063707765466
2,3.941,FAIL,continuous_reference_residual_valid_optimizer_reported_success,True,,True,Optimization terminated successfully,7,FAIL,True,residual_checks_pass,0.0,0.0,1.6910917111090384e-12,0.0,100.41059565775478,-0.4105956577547829
2,3.942,FAIL,continuous_reference_residual_valid_optimizer_reported_success,True,,True,Optimization terminated successfully,7,FAIL,True,residual_checks_pass,0.0,0.0,8.483880264975596e-12,0.0,100.53778401385092,-0.5377840138509242
2,3.943,FAIL,continuous_reference_residual_valid_optimizer_reported_success,True,,True,Optimization terminated successfully,7,FAIL,True,residual_checks_pass,0.0,0.0,7.531752999057062e-13,0.0,100.66497141174435,-0.6649714117443466
2,3.944,FAIL,continuous_reference_residual_valid_optimizer_reported_success,True,,True,Optimization terminated successfully,7,FAIL,True,residual_checks_pass,0.0,0.0,2.2595258997171186e-12,0.0,100.79215782418449,-0.7921578241844855
2,3.945,FAIL,continuous_reference_residual_valid_optimizer_reported_success,True,,True,Optimization terminated successfully,7,FAIL,True,residual_checks_pass,0.0,0.0,2.5153212845907547e-12,0.0,100.91934322399058,-0.9193432239905803
2,3.946,FAIL,continuous_reference_residual_valid_optimizer_reported_success,True,,True,Optimization terminated successfully,7,FAIL,True,residual_checks_pass,0.0,0.0,5.542233338928781e-13,0.0,101.0465275840624,-1.046527584062403
2,3.947,FAIL,continuous_reference_residual_valid_optimizer_reported_success,True,,True,Optimization terminated successfully,7,FAIL,True,residual_checks_pass,0.0,0.0,1.4210854715202004e-13,0.0,101.17371087736852,-1.1737108773685208
2,3.948,FAIL,continuous_reference_residual_valid_optimizer_reported_success,True,,True,Optimization terminated successfully,7,FAIL,True,residual_checks_pass,0.0,0.0,1.7763568394002505e-12,4.440892098500626e-16,101.30089307695256,-1.300893076952562
2,3.949,FAIL,continuous_reference_residual_valid_optimizer_reported_success,True,,True,Optimization terminated successfully,7,FAIL,True,residual_checks_pass,0.0,0.0,1.2079226507921703e-12,0.0,101.42807415592505,-1.4280741559250458
2,3.95,FAIL,continuous_reference_residual_valid_optimizer_reported_success,True,,True,Optimization terminated successfully,7,FAIL,True,residual_checks_pass,0.0,0.0,0.0,0.0,101.55525408747383,-1.555254087473827
2,3.951,FAIL,continuous_reference_residual_valid_optimizer_reported_success,True,,True,Optimization terminated successfully,7,FAIL,True,residual_checks_pass,0.0,0.0,1.0089706847793423e-12,0.0,101.6824328448597,-1.6824328448597043
2,3.952,FAIL,continuous_reference_residual_valid_optimizer_reported_success,True,,True,Optimization terminated successfully,7,FAIL,True,residual_checks_pass,0.0,0.0,1.1652900866465643e-12,0.0,101.80961040141132,-1.8096104014113195
2,3.953,FAIL,continuous_reference_residual_valid_optimizer_reported_success,True,,True,Optimization terminated successfully,7,FAIL,True,residual_checks_pass,0.0,0.0,0.0,0.0,101.9367867305291,-1.936786730529107
2,3.954,FAIL,continuous_reference_residual_valid_optimizer_reported_success,True,,True,Optimization terminated successfully,7,FAIL,True,residual_checks_pass,0.0,0.0,1.5631940186722204e-13,0.0,102.06396180568885,-2.063961805688848
2,3.955,FAIL,continuous_reference_residual_valid_optimizer_reported_success,True,,True,Optimization terminated successfully,7,FAIL,True,residual_checks_pass,0.0,0.0,8.384404281969182e-13,0.0,102.19113560043417,-2.1911356004341656
2,3.956,FAIL,continuous_reference_residual_valid_optimizer_reported_success,True,,True,Optimization terminated successfully,7,FAIL,True,residual_checks_pass,0.0,0.0,2.0747847884194925e-12,0.0,102.31830808838042,-2.3183080883804195
2,3.957,FAIL,continuous_reference_residual_valid_optimizer_reported_success,True,,True,Optimization terminated successfully,7,FAIL,True,residual_checks_pass,0.0,0.0,0.0,0.0,102.44547924320946,-2.445479243209462
2,3.958,FAIL,continuous_reference_residual_valid_optimizer_reported_success,True,,True,Optimization terminated successfully,7,FAIL,True,residual_checks_pass,0.0,0.0,3.979039320256561e-13,0.0,102.57264903868305,-2.5726490386830534
2,3.959,FAIL,continuous_reference_residual_valid_optimizer_reported_success,True,,True,Optimization terminated successfully,7,FAIL,True,residual_checks_pass,0.0,0.0,2.2595258997171186e-12,0.0,102.69981744862564,-2.6998174486256374
2,3.96,FAIL,continuous_reference_residual_valid_optimizer_reported_success,True,,True,Optimization terminated successfully,7,FAIL,True,residual_checks_pass,0.0,0.0,1.4210854715202004e-12,0.0,102.8269844469315,-2.8269844469315046
2,3.961,FAIL,continuous_reference_residual_valid_optimizer_reported_success,True,,True,Optimization terminated successfully,7,FAIL,True,residual_checks_pass,0.0,0.0,9.947598300641403e-14,0.0,102.95415000756809,-2.9541500075680887
2,3.962,FAIL,continuous_reference_residual_valid_optimizer_reported_success,True,,True,Optimization terminated successfully,7,FAIL,True,residual_checks_pass,0.0,0.0,8.242295734817162e-13,0.0,103.08131410457284,-3.08131410457284
2,3.963,FAIL,continuous_reference_residual_valid_optimizer_reported_success,True,,True,Optimization terminated successfully,7,FAIL,True,residual_checks_pass,0.0,0.0,5.826450433232822e-13,0.0,103.20847671204773,-3.2084767120477267
2,3.964,FAIL,continuous_reference_residual_valid_optimizer_reported_success,True,,True,Optimization terminated successfully,7,FAIL,True,residual_checks_pass,0.0,0.0,2.4584778657299466e-12,0.0,103.33563780416837,-3.335637804168371
2,3.965,FAIL,continuous_reference_residual_valid_optimizer_reported_success,True,,True,Optimization terminated successfully,7,FAIL,True,residual_checks_pass,0.0,0.0,1.1183942660863977e-11,0.0,103.46279735517768,-3.4627973551776847
2,3.966,FAIL,continuous_reference_residual_valid_optimizer_reported_success,True,,True,Optimization terminated successfully,7,FAIL,True,residual_checks_pass,0.0,0.0,7.389644451905042e-13,0.0,103.58995533938602,-3.589955339386023
2,3.967,FAIL,continuous_reference_residual_valid_optimizer_reported_success,True,,True,Optimization terminated successfully,7,FAIL,True,residual_checks_pass,0.0,0.0,5.684341886080802e-14,0.0,103.71711173117384,-3.717111731173844
2,3.968,FAIL,continuous_reference_residual_valid_optimizer_reported_success,True,,True,Optimization terminated successfully,7,FAIL,True,residual_checks_pass,0.0,0.0,9.947598300641403e-14,4.440892098500626e-16,103.84426650499027,-3.844266504990273
2,3.969,FAIL,continuous_reference_residual_valid_optimizer_reported_success,True,,True,Optimization terminated successfully,7,FAIL,True,residual_checks_pass,0.0,0.0,7.673861546209082e-13,0.0,103.97141963535154,-3.9714196353515376
2,3.97,FAIL,continuous_reference_residual_valid_optimizer_reported_success,True,,True,Optimization terminated successfully,7,FAIL,True,residual_checks_pass,0.0,0.0,1.5631940186722204e-13,0.0,104.09857109683968,-4.098571096839677
2,3.971,FAIL,continuous_reference_residual_valid_optimizer_reported_success,True,,True,Optimization terminated successfully,7,FAIL,True,residual_checks_pass,0.0,0.0,0.0,0.0,104.22572086410793,-4.225720864107927
2,3.972,FAIL,continuous_reference_residual_valid_optimizer_reported_success,True,,True,Optimization terminated successfully,7,FAIL,True,residual_checks_pass,0.0,0.0,2.1316282072803006e-13,0.0,104.35286891187538,-4.352868911875376
2,3.973,FAIL,continuous_reference_residual_valid_optimizer_reported_success,True,,True,Optimization terminated successfully,7,FAIL,True,residual_checks_pass,0.0,0.0,6.536993168992922e-13,0.0,104.48001521492804,-4.480015214928045
2,3.974,FAIL,continuous_reference_residual_valid_optimizer_reported_success,True,,True,Optimization terminated successfully,7,FAIL,True,residual_checks_pass,0.0,0.0,6.679101716144942e-13,4.440892098500626e-16,104.60715974811822,-4.607159748118221
2,3.975,FAIL,continuous_reference_residual_valid_optimizer_reported_success,True,,True,Optimization terminated successfully,7,FAIL,True,residual_checks_pass,0.0,0.0,1.2789769243681803e-13,0.0,104.73430248636521,-4.734302486365209
2,3.976,FAIL,continuous_reference_residual_valid_optimizer_reported_success,True,,True,Optimization terminated successfully,7,FAIL,True,residual_checks_pass,0.0,0.0,1.1510792319313623e-12,0.0,104.86144340465832,-4.861443404658317
2,3.977,FAIL,continuous_reference_residual_valid_optimizer_reported_success,True,,True,Optimization terminated successfully,7,FAIL,True,residual_checks_pass,0.0,0.0,2.2737367544323206e-13,4.440892098500626e-16,104.98858247804618,-4.988582478046183
2,3.978,FAIL,continuous_reference_residual_valid_optimizer_reported_success,True,,True,Optimization terminated successfully,7,FAIL,True,residual_checks_pass,0.0,0.0,1.4210854715202004e-14,4.440892098500626e-16,105.11571968165062,-5.115719681650617
2,3.979,FAIL,continuous_reference_residual_valid_optimizer_reported_success,True,,True,Optimization terminated successfully,7,FAIL,True,residual_checks_pass,0.0,0.0,2.2737367544323206e-12,4.440892098500626e-16,105.24285499065621,-5.2428549906562125
2,3.98,FAIL,continuous_reference_residual_valid_optimizer_reported_success,True,,True,Optimization terminated successfully,7,FAIL,True,residual_checks_pass,0.0,0.0,0.0,0.0,105.36998838031109,-5.369988380311085
2,3.981,FAIL,continuous_reference_residual_valid_optimizer_reported_success,True,,True,Optimization terminated successfully,7,FAIL,True,residual_checks_pass,0.0,0.0,1.6768808563938364e-12,4.440892098500626e-16,105.49711982593573,-5.497119825935727
2,3.982,FAIL,continuous_reference_residual_valid_optimizer_reported_success,True,,True,Optimization terminated successfully,7,FAIL,True,residual_checks_pass,0.0,0.0,2.1316282072803006e-13,0.0,105.62424930290501,-5.624249302905014
2,3.983,FAIL,continuous_reference_residual_valid_optimizer_reported_success,True,,True,Optimization terminated successfully,7,FAIL,True,residual_checks_pass,0.0,0.0,7.105427357601002e-14,0.0,105.75137678667022,-5.751376786670221
2,3.984,FAIL,continuous_reference_residual_valid_optimizer_reported_success,True,,True,Optimization terminated successfully,7,FAIL,True,residual_checks_pass,0.0,0.0,1.1937117960769683e-12,4.440892098500626e-16,105.87850225274263,-5.878502252742635
2,3.985,FAIL,continuous_reference_residual_valid_optimizer_reported_non_success,True,,False,Positive directional derivative for linesearch,7,FAIL,True,residual_checks_pass,0.0,0.0,2.60854449152248e-09,0.0,106.00562567669519,-6.005625676695189
2,3.986,FAIL,continuous_reference_residual_valid_optimizer_reported_success,True,,True,Optimization terminated successfully,7,FAIL,True,residual_checks_pass,0.0,0.0,8.952838470577262e-13,4.440892098500626e-16,106.13274703417108,-6.132747034171075
2,3.987,FAIL,continuous_reference_residual_valid_optimizer_reported_success,True,,True,Optimization terminated successfully,7,FAIL,True,residual_checks_pass,0.0,0.0,9.947598300641403e-14,0.0,106.25986630087303,-6.259866300873028
2,3.988,FAIL,continuous_reference_residual_valid_optimizer_reported_success,True,,True,Optimization terminated successfully,7,FAIL,True,residual_checks_pass,0.0,0.0,9.805489753489383e-13,0.0,106.38698345257252,-6.386983452572522
2,3.989,FAIL,continuous_reference_residual_valid_optimizer_reported_success,True,,True,Optimization terminated successfully,7,FAIL,True,residual_checks_pass,0.0,0.0,6.679101716144942e-13,4.440892098500626e-16,106.51409846509951,-6.514098465099508
2,3.99,FAIL,continuous_reference_residual_valid_optimizer_reported_success,True,,True,Optimization terminated successfully,7,FAIL,True,residual_checks_pass,0.0,0.0,4.121147867408581e-13,4.440892098500626e-16,106.64121131435297,-6.641211314352972
2,3.991,FAIL,continuous_reference_residual_valid_optimizer_reported_success,True,,True,Optimization terminated successfully,7,FAIL,True,residual_checks_pass,1.1102230246251565e-16,0.0,3.552713678800501e-13,0.0,106.76832197629163,-6.768321976291631
2,3.992,FAIL,continuous_reference_residual_valid_optimizer_reported_success,True,,True,Optimization terminated successfully,7,FAIL,True,residual_checks_pass,1.1102230246251565e-16,0.0,2.1316282072803006e-13,0.0,106.89543042693887,-6.895430426938873
2,3.993,FAIL,continuous_reference_residual_valid_optimizer_reported_success,True,,True,Optimization terminated successfully,7,FAIL,True,residual_checks_pass,0.0,0.0,2.4726887204451486e-12,4.440892098500626e-16,107.0225366423841,-7.022536642384097
2,3.994,FAIL,continuous_reference_residual_valid_optimizer_reported_success,True,,True,Optimization terminated successfully,7,FAIL,True,residual_checks_pass,0.0,0.0,5.115907697472721e-13,0.0,107.14964059876999,-7.149640598769992
2,3.995,FAIL,continuous_reference_residual_valid_optimizer_reported_success,True,,True,Optimization terminated successfully,7,FAIL,True,residual_checks_pass,0.0,0.0,6.963318810448982e-13,0.0,107.27674227231498,-7.276742272314976
2,3.996,FAIL,continuous_reference_residual_valid_optimizer_reported_success,True,,True,Optimization terminated successfully,7,FAIL,True,residual_checks_pass,0.0,0.0,7.105427357601002e-13,0.0,107.4038416392913,-7.403841639291301
2,3.997,FAIL,continuous_reference_residual_valid_optimizer_reported_success,True,,True,Optimization terminated successfully,7,FAIL,True,residual_checks_pass,0.0,0.0,1.6058265828178264e-12,0.0,107.53093867603732,-7.530938676037323
2,3.998,FAIL,continuous_reference_residual_valid_optimizer_reported_success,True,,True,Optimization terminated successfully,7,FAIL,True,residual_checks_pass,0.0,0.0,9.237055564881302e-13,0.0,107.65803335894954,-7.658033358949538
2,3.999,FAIL,continuous_reference_residual_valid_optimizer_reported_success,True,,True,Optimization terminated successfully,7,FAIL,True,residual_checks_pass,0.0,0.0,2.0605739337042905e-12,0.0,107.7851256644938,-7.785125664493805
2,4.0,FAIL,continuous_reference_residual_valid_optimizer_reported_success,True,,True,Optimization terminated successfully,7,FAIL,True,residual_checks_pass,0.0,0.0,3.126388037344441e-13,0.0,107.91221556918703,-7.912215569187026
2,4.001,FAIL,continuous_reference_residual_valid_optimizer_reported_success,True,,True,Optimization terminated successfully,7,FAIL,True,residual_checks_pass,0.0,0.0,1.4210854715202004e-13,0.0,108.03930304961871,-8.03930304961871
2,4.002,FAIL,continuous_reference_residual_valid_optimizer_reported_success,True,,True,Optimization terminated successfully,7,FAIL,True,residual_checks_pass,0.0,0.0,1.7195134205394424e-12,0.0,108.16638808243408,-8.166388082434082
2,4.003,FAIL,continuous_reference_residual_valid_optimizer_reported_success,True,,True,Optimization terminated successfully,7,FAIL,True,residual_checks_pass,0.0,0.0,2.842170943040401e-14,4.440892098500626e-16,108.29347064433766,-8.29347064433766
2,4.004,FAIL,continuous_reference_residual_valid_optimizer_reported_success,True,,True,Optimization terminated successfully,7,FAIL,True,residual_checks_pass,0.0,0.0,4.689582056016661e-13,0.0,108.42055071210102,-8.420550712101019
2,4.005,FAIL,continuous_reference_residual_valid_optimizer_reported_success,True,,True,Optimization terminated successfully,7,FAIL,True,residual_checks_pass,0.0,0.0,9.947598300641403e-14,0.0,108.54762826255148,-8.547628262551484
2,4.006,FAIL,continuous_reference_residual_valid_optimizer_reported_success,True,,True,Optimization terminated successfully,7,FAIL,True,residual_checks_pass,0.0,0.0,2.984279490192421e-13,0.0,108.67470327257973,-8.674703272579734
2,4.007,FAIL,continuous_reference_residual_valid_optimizer_reported_success,True,,True,Optimization terminated successfully,7,FAIL,True,residual_checks_pass,0.0,0.0,2.5579538487363607e-13,4.440892098500626e-16,108.80177571913485,-8.801775719134852
2,4.008,FAIL,continuous_reference_residual_valid_optimizer_reported_success,True,,True,Optimization terminated successfully,7,FAIL,True,residual_checks_pass,0.0,0.0,0.0,0.0,108.92884557922869,-8.928845579228692
2,4.009,FAIL,continuous_reference_residual_valid_optimizer_reported_success,True,,True,Optimization terminated successfully,7,FAIL,True,residual_checks_pass,1.1102230246251565e-16,0.0,1.0089706847793423e-12,0.0,109.05591282993191,-9.055912829931913
2,4.01,FAIL,continuous_reference_residual_valid_optimizer_reported_success,True,,True,Optimization terminated successfully,7,FAIL,True,residual_checks_pass,0.0,0.0,0.0,0.0,109.18297744837295,-9.182977448372952
2,4.011,FAIL,continuous_reference_residual_valid_optimizer_reported_success,True,,True,Optimization terminated successfully,7,FAIL,True,residual_checks_pass,0.0,0.0,8.384404281969182e-13,0.0,109.3100394117454,-9.310039411745393
2,4.012,FAIL,continuous_reference_residual_valid_optimizer_reported_success,True,,True,Optimization terminated successfully,7,FAIL,True,residual_checks_pass,0.0,0.0,4.263256414560601e-13,0.0,109.43709869729649,-9.437098697296491
2,4.013,FAIL,continuous_reference_residual_valid_optimizer_reported_success,True,,True,Optimization terminated successfully,7,FAIL,True,residual_checks_pass,0.0,0.0,1.5631940186722204e-13,0.0,109.56415528233698,-9.564155282336984
2,4.014,FAIL,continuous_reference_residual_valid_optimizer_reported_success,True,,True,Optimization terminated successfully,7,FAIL,True,residual_checks_pass,1.1102230246251565e-16,0.0,1.4210854715202004e-13,4.440892098500626e-16,109.6912091442356,-9.6912091442356
2,4.015,FAIL,continuous_reference_residual_valid_optimizer_reported_success,True,,True,Optimization terminated successfully,7,FAIL,True,residual_checks_pass,1.1102230246251565e-16,0.0,1.4210854715202004e-12,0.0,109.81826026041982,-9.81826026041982
2,4.016,FAIL,continuous_reference_residual_valid_optimizer_reported_success,True,,True,Optimization terminated successfully,7,FAIL,True,residual_checks_pass,0.0,0.0,3.410605131648481e-13,0.0,109.94530860837448,-9.945308608374475
2,4.017,FAIL,continuous_reference_residual_valid_optimizer_reported_success,True,,True,Optimization terminated successfully,7,FAIL,True,residual_checks_pass,0.0,0.0,7.247535904753022e-13,0.0,110.07235416564684,-10.072354165646843
2,4.018,FAIL,continuous_reference_residual_valid_optimizer_reported_success,True,,True,Optimization terminated successfully,7,FAIL,True,residual_checks_pass,0.0,0.0,7.531752999057062e-13,0.0,110.19939690983921,-10.199396909839209
2,4.019,FAIL,continuous_reference_residual_valid_optimizer_reported_success,True,,True,Optimization terminated successfully,7,FAIL,True,residual_checks_pass,0.0,0.0,4.689582056016661e-13,0.0,110.3264368186132,-10.326436818613203
2,4.02,FAIL,continuous_reference_residual_valid_optimizer_reported_success,True,,True,Optimization terminated successfully,7,FAIL,True,residual_checks_pass,0.0,0.0,2.0605739337042905e-12,0.0,110.45347386969173,-10.453473869691734
2,4.021,FAIL,continuous_reference_residual_valid_optimizer_reported_success,True,,True,Optimization terminated successfully,7,FAIL,True,residual_checks_pass,0.0,0.0,1.9895196601282805e-13,0.0,110.58050804084795,-10.580508040847945
2,4.022,FAIL,continuous_reference_residual_valid_optimizer_reported_success,True,,True,Optimization terminated successfully,7,FAIL,True,residual_checks_pass,0.0,0.0,7.247535904753022e-13,0.0,110.70753930992257,-10.707539309922566
2,4.023,FAIL,continuous_reference_residual_valid_optimizer_reported_success,True,,True,Optimization terminated successfully,7,FAIL,True,residual_checks_pass,0.0,0.0,1.4210854715202004e-14,0.0,110.8345676548056,-10.834567654805596
2,4.024,FAIL,continuous_reference_residual_valid_optimizer_reported_success,True,,True,Optimization terminated successfully,7,FAIL,True,residual_checks_pass,0.0,0.0,4.263256414560601e-13,0.0,110.96159305345041,-10.961593053450414
2,4.025,FAIL,continuous_reference_residual_valid_optimizer_reported_success,True,,True,Optimization terminated successfully,7,FAIL,True,residual_checks_pass,0.0,0.0,1.7053025658242404e-13,0.0,111.08861548386413,-11.088615483864132
2,4.026,FAIL,continuous_reference_residual_valid_optimizer_reported_success,True,,True,Optimization terminated successfully,7,FAIL,True,residual_checks_pass,0.0,0.0,6.536993168992922e-13,0.0,111.21563492411215,-11.215634924112152
2,4.027,FAIL,continuous_reference_residual_valid_optimizer_reported_success,True,,True,Optimization terminated successfully,7,FAIL,True,residual_checks_pass,0.0,0.0,5.542233338928781e-13,0.0,111.3426513523172,-11.342651352317205
2,4.028,FAIL,continuous_reference_residual_valid_optimizer_reported_success,True,,True,Optimization terminated successfully,7,FAIL,True,residual_checks_pass,0.0,0.0,3.836930773104541e-13,0.0,111.46966474665736,-11.469664746657358
2,4.029,FAIL,continuous_reference_residual_valid_optimizer_reported_success,True,,True,Optimization terminated successfully,7,FAIL,True,residual_checks_pass,0.0,0.0,3.538502824085299e-12,0.0,111.59667508537171,-11.596675085371714
2,4.03,FAIL,continuous_reference_residual_valid_optimizer_reported_success,True,,True,Optimization terminated successfully,7,FAIL,True,residual_checks_pass,0.0,0.0,1.2931877790833823e-12,0.0,111.72368234674606,-11.72368234674606
2,4.031,FAIL,continuous_reference_residual_valid_optimizer_reported_success,True,,True,Optimization terminated successfully,7,FAIL,True,residual_checks_pass,0.0,0.0,2.4584778657299466e-12,0.0,111.85068650913274,-11.850686509132743
2,4.032,FAIL,continuous_reference_residual_valid_optimizer_reported_success,True,,True,Optimization terminated successfully,7,FAIL,True,residual_checks_pass,0.0,0.0,0.0,0.0,111.97768755093585,-11.977687550935855
2,4.033,FAIL,continuous_reference_residual_valid_optimizer_reported_success,True,,True,Optimization terminated successfully,7,FAIL,True,residual_checks_pass,0.0,0.0,1.9895196601282805e-13,0.0,112.10468545061633,-12.10468545061633
2,4.034,FAIL,continuous_reference_residual_valid_optimizer_reported_success,True,,True,Optimization terminated successfully,7,FAIL,True,residual_checks_pass,0.0,0.0,1.8474111129762605e-13,0.0,112.23168018669008,-12.231680186690085
2,4.035,FAIL,continuous_reference_residual_valid_optimizer_reported_success,True,,True,Optimization terminated successfully,7,FAIL,True,residual_checks_pass,1.1102230246251565e-16,0.0,2.9558577807620168e-12,4.440892098500626e-16,112.35867173772854,-12.358671737728542
2,4.036,FAIL,continuous_reference_residual_valid_optimizer_reported_success,True,,True,Optimization terminated successfully,7,FAIL,True,residual_checks_pass,0.0,0.0,4.121147867408581e-13,4.440892098500626e-16,112.48566008235852,-12.485660082358521
2,4.037,FAIL,continuous_reference_residual_valid_optimizer_reported_success,True,,True,Optimization terminated successfully,7,FAIL,True,residual_checks_pass,0.0,0.0,7.531752999057062e-13,0.0,112.6126451992631,-12.612645199263099
2,4.038,FAIL,continuous_reference_residual_valid_optimizer_reported_success,True,,True,Optimization terminated successfully,7,FAIL,True,residual_checks_pass,0.0,0.0,2.9274360713316128e-12,0.0,112.7396270671796,-12.739627067179597
2,4.039,FAIL,continuous_reference_residual_valid_optimizer_reported_success,True,,True,Optimization terminated successfully,7,FAIL,True,residual_checks_pass,0.0,0.0,1.1226575225009583e-12,0.0,112.86660566490039,-12.86660566490039
2,4.04,FAIL,continuous_reference_residual_valid_optimizer_reported_success,True,,True,Optimization terminated successfully,7,FAIL,True,residual_checks_pass,1.1102230246251565e-16,0.0,7.105427357601002e-14,0.0,112.993580971272,-12.993580971271996
2,4.041,FAIL,continuous_reference_residual_valid_optimizer_reported_success,True,,True,Optimization terminated successfully,7,FAIL,True,residual_checks_pass,0.0,0.0,5.4427573559223674e-12,0.0,113.12055296519891,-13.120552965198911
2,4.042,FAIL,continuous_reference_residual_valid_optimizer_reported_success,True,,True,Optimization terminated successfully,7,FAIL,True,residual_checks_pass,0.0,0.0,6.963318810448982e-13,0.0,113.24752162563527,-13.247521625635272
2,4.043,FAIL,continuous_reference_residual_valid_optimizer_reported_success,True,,True,Optimization terminated successfully,7,FAIL,True,residual_checks_pass,1.1102230246251565e-16,0.0,2.0605739337042905e-12,0.0,113.37448693159348,-13.37448693159348
2,4.044,FAIL,continuous_reference_residual_valid_optimizer_reported_success,True,,True,Optimization terminated successfully,7,FAIL,True,residual_checks_pass,0.0,0.0,1.4210854715202004e-14,4.440892098500626e-16,113.50144886213381,-13.501448862133813
2,4.045,FAIL,continuous_reference_residual_valid_optimizer_reported_success,True,,True,Optimization terminated successfully,7,FAIL,True,residual_checks_pass,0.0,0.0,2.5721647034515627e-12,4.440892098500626e-16,113.62840739638322,-13.628407396383224
2,4.046,FAIL,continuous_reference_residual_valid_optimizer_reported_success,True,,True,Optimization terminated successfully,7,FAIL,True,residual_checks_pass,1.1102230246251565e-16,0.0,1.5631940186722204e-13,0.0,113.75536251350472,-13.755362513504721
2,4.047,FAIL,continuous_reference_residual_valid_optimizer_reported_success,True,,True,Optimization terminated successfully,7,FAIL,True,residual_checks_pass,0.0,0.0,4.831690603168681e-13,0.0,113.88231419273167,-13.88231419273167
2,4.048,FAIL,continuous_reference_residual_valid_optimizer_reported_success,True,,True,Optimization terminated successfully,7,FAIL,True,residual_checks_pass,0.0,0.0,8.526512829121202e-14,0.0,114.00926241334145,-14.009262413341446
2,4.049,FAIL,continuous_reference_residual_valid_optimizer_reported_success,True,,True,Optimization terminated successfully,7,FAIL,True,residual_checks_pass,0.0,0.0,3.836930773104541e-13,0.0,114.13620715466762,-14.136207154667616
2,4.05,FAIL,continuous_reference_residual_valid_optimizer_reported_success,True,,True,Optimization terminated successfully,7,FAIL,True,residual_checks_pass,0.0,0.0,2.3590018827235326e-12,4.440892098500626e-16,114.26314839609802,-14.263148396098018
2,4.051,FAIL,continuous_reference_residual_valid_optimizer_reported_success,True,,True,Optimization terminated successfully,7,FAIL,True,residual_checks_pass,0.0,0.0,2.1316282072803006e-13,0.0,114.39008611706592,-14.39008611706592
2,4.052,FAIL,continuous_reference_residual_valid_optimizer_reported_success,True,,True,Optimization terminated successfully,7,FAIL,True,residual_checks_pass,0.0,0.0,1.0089706847793423e-12,0.0,114.51702029707039,-14.517020297070388
2,4.053,FAIL,continuous_reference_residual_valid_optimizer_reported_success,True,,True,Optimization terminated successfully,7,FAIL,True,residual_checks_pass,0.0,0.0,6.536993168992922e-13,0.0,114.64395091565326,-14.643950915653264
2,4.054,FAIL,continuous_reference_residual_valid_optimizer_reported_non_success,True,,False,Positive directional derivative for linesearch,7,FAIL,True,residual_checks_pass,0.0,0.0,3.709175189214875e-10,4.440892098500626e-16,114.77087795241287,-14.770877952412874
2,4.055,FAIL,continuous_reference_residual_valid_optimizer_reported_success,True,,True,Optimization terminated successfully,7,FAIL,True,residual_checks_pass,0.0,0.0,1.1795009413617663e-12,0.0,114.89780138699784,-14.897801386997841
2,4.056,FAIL,continuous_reference_residual_valid_optimizer_reported_non_success,True,,False,Positive directional derivative for linesearch,7,FAIL,True,residual_checks_pass,0.0,0.0,4.932729780193768e-10,0.0,115.02472119911295,-15.024721199112946
2,4.057,FAIL,continuous_reference_residual_valid_optimizer_reported_success,True,,True,Optimization terminated successfully,7,FAIL,True,residual_checks_pass,0.0,0.0,9.663381206337363e-13,0.0,115.15163736850907,-15.151637368509071
2,4.058,FAIL,continuous_reference_residual_valid_optimizer_reported_success,True,,True,Optimization terminated successfully,7,FAIL,True,residual_checks_pass,0.0,0.0,1.1795009413617663e-12,4.440892098500626e-16,115.27854987499472,-15.278549874994724
2,4.059,FAIL,continuous_reference_residual_valid_optimizer_reported_success,True,,True,Optimization terminated successfully,7,FAIL,True,residual_checks_pass,0.0,0.0,1.0956568985420745e-11,0.0,115.40545869842684,-15.405458698426841
2,4.06,FAIL,continuous_reference_residual_valid_optimizer_reported_success,True,,True,Optimization terminated successfully,7,FAIL,True,residual_checks_pass,0.0,0.0,5.542233338928781e-13,0.0,115.53236381871626,-15.532363818716263
2,4.061,FAIL,continuous_reference_residual_valid_optimizer_reported_success,True,,True,Optimization terminated successfully,7,FAIL,True,residual_checks_pass,0.0,0.0,2.8421709430404007e-13,0.0,115.6592652158233,-15.659265215823297
2,4.062,FAIL,continuous_reference_residual_valid_optimizer_reported_success,True,,True,Optimization terminated successfully,7,FAIL,True,residual_checks_pass,0.0,0.0,4.249045559845399e-12,0.0,115.78616286976523,-15.786162869765235
2,4.063,FAIL,continuous_reference_residual_valid_optimizer_reported_success,True,,True,Optimization terminated successfully,7,FAIL,True,residual_checks_pass,0.0,0.0,1.7763568394002505e-12,0.0,115.91305676059417,-15.913056760594174
2,4.064,FAIL,continuous_reference_residual_valid_optimizer_reported_success,True,,True,Optimization terminated successfully,7,FAIL,True,residual_checks_pass,0.0,0.0,2.9132252166164108e-12,0.0,116.03994686843754,-16.03994686843754
2,4.065,FAIL,continuous_reference_residual_valid_optimizer_reported_success,True,,True,Optimization terminated successfully,7,FAIL,True,residual_checks_pass,0.0,0.0,3.254285729781259e-12,0.0,116.16683317345358,-16.166833173453583
2,4.066,FAIL,continuous_reference_residual_valid_optimizer_reported_success,True,,True,Optimization terminated successfully,7,FAIL,True,residual_checks_pass,0.0,0.0,2.8421709430404007e-13,0.0,116.29371565585782,-16.293715655857824
2,4.067,FAIL,continuous_reference_residual_valid_optimizer_reported_success,True,,True,Optimization terminated successfully,7,FAIL,True,residual_checks_pass,0.0,0.0,3.467448550509289e-12,0.0,116.4205942959261,-16.420594295926094
2,4.068,FAIL,continuous_reference_residual_valid_optimizer_reported_success,True,,True,Optimization terminated successfully,7,FAIL,True,residual_checks_pass,1.1102230246251565e-16,0.0,1.5631940186722204e-13,0.0,116.547469073965,-16.547469073965004
2,4.069,FAIL,continuous_reference_residual_valid_optimizer_reported_success,True,,True,Optimization terminated successfully,7,FAIL,True,residual_checks_pass,0.0,0.0,1.2647660696529783e-12,0.0,116.67433997035063,-16.67433997035063
2,4.07,FAIL,continuous_reference_residual_valid_optimizer_reported_success,True,,True,Optimization terminated successfully,7,FAIL,True,residual_checks_pass,0.0,0.0,2.842170943040401e-14,0.0,116.80120696549773,-16.801206965497727
2,4.071,FAIL,continuous_reference_residual_valid_optimizer_reported_success,True,,True,Optimization terminated successfully,7,FAIL,True,residual_checks_pass,0.0,0.0,2.3163693185779266e-12,0.0,116.92807003987706,-16.928070039877056
2,4.072,FAIL,continuous_reference_residual_valid_optimizer_reported_success,True,,True,Optimization terminated successfully,7,FAIL,True,residual_checks_pass,0.0,0.0,1.5063505998114124e-12,0.0,117.05492917400086,-17.05492917400086
2,4.073,FAIL,continuous_reference_residual_valid_optimizer_reported_success,True,,True,Optimization terminated successfully,7,FAIL,True,residual_checks_pass,0.0,0.0,0.0,0.0,117.18178434844128,-17.181784348441283
2,4.074,FAIL,continuous_reference_residual_valid_optimizer_reported_non_success,True,,False,Positive directional derivative for linesearch,7,FAIL,True,residual_checks_pass,0.0,0.0,8.50945980346296e-11,4.440892098500626e-16,117.30863554381541,-17.308635543815413
2,4.075,FAIL,continuous_reference_residual_valid_optimizer_reported_success,True,,True,Optimization terminated successfully,7,FAIL,True,residual_checks_pass,0.0,0.0,1.1226575225009583e-12,0.0,117.43548274078972,-17.435482740789723
2,4.076,FAIL,continuous_reference_residual_valid_optimizer_reported_success,True,,True,Optimization terminated successfully,7,FAIL,True,residual_checks_pass,0.0,0.0,1.5916157281026244e-12,0.0,117.5623259200796,-17.5623259200796
2,4.077,FAIL,continuous_reference_residual_valid_optimizer_reported_success,True,,True,Optimization terminated successfully,7,FAIL,True,residual_checks_pass,0.0,0.0,2.2737367544323206e-13,4.440892098500626e-16,117.68916506244852,-17.689165062448524
2,4.078,FAIL,continuous_reference_residual_valid_optimizer_reported_success,True,,True,Optimization terminated successfully,7,FAIL,True,residual_checks_pass,0.0,0.0,3.126388037344441e-12,4.440892098500626e-16,117.81600014871741,-17.816000148717407
2,4.079,FAIL,continuous_reference_residual_valid_optimizer_reported_success,True,,True,Optimization terminated successfully,7,FAIL,True,residual_checks_pass,0.0,0.0,1.5063505998114124e-12,0.0,117.94283115973978,-17.942831159739782
2,4.08,FAIL,continuous_reference_residual_valid_optimizer_reported_success,True,,True,Optimization terminated successfully,7,FAIL,True,residual_checks_pass,0.0,0.0,1.2789769243681803e-12,0.0,118.06965807643434,-18.069658076434337
2,4.081,FAIL,continuous_reference_residual_valid_optimizer_reported_success,True,,True,Optimization terminated successfully,7,FAIL,True,residual_checks_pass,0.0,0.0,5.115907697472721e-13,0.0,118.19648087975924,-18.196480879759235
2,4.082,FAIL,continuous_reference_residual_valid_optimizer_reported_success,True,,True,Optimization terminated successfully,7,FAIL,True,residual_checks_pass,0.0,0.0,1.5631940186722204e-12,4.440892098500626e-16,118.32329955072578,-18.32329955072578
2,4.083,FAIL,continuous_reference_residual_valid_optimizer_reported_success,True,,True,Optimization terminated successfully,7,FAIL,True,residual_checks_pass,0.0,0.0,1.8474111129762605e-12,0.0,118.4501140703888,-18.450114070388807
2,4.084,FAIL,continuous_reference_residual_valid_optimizer_reported_success,True,,True,Optimization terminated successfully,7,FAIL,True,residual_checks_pass,1.1102230246251565e-16,0.0,0.0,0.0,118.5769244198519,-18.576924419851906
2,4.085,FAIL,continuous_reference_residual_valid_optimizer_reported_success,True,,True,Optimization terminated successfully,7,FAIL,True,residual_checks_pass,1.1102230246251565e-16,0.0,1.1795009413617663e-12,0.0,118.70373058027495,-18.70373058027495
2,4.086,FAIL,continuous_reference_residual_valid_optimizer_reported_success,True,,True,Optimization terminated successfully,7,FAIL,True,residual_checks_pass,0.0,0.0,7.901235221652314e-12,0.0,118.83053253285972,-18.83053253285972
2,4.087,FAIL,continuous_reference_residual_valid_optimizer_reported_success,True,,True,Optimization terminated successfully,7,FAIL,True,residual_checks_pass,0.0,0.0,2.5153212845907547e-12,0.0,118.95733025884232,-18.95733025884232
2,4.088,FAIL,continuous_reference_residual_valid_optimizer_reported_success,True,,True,Optimization terminated successfully,7,FAIL,True,residual_checks_pass,0.0,0.0,6.963318810448982e-13,0.0,119.08412373953078,-19.08412373953078
2,4.089,FAIL,continuous_reference_residual_valid_optimizer_reported_success,True,,True,Optimization terminated successfully,7,FAIL,True,residual_checks_pass,0.0,0.0,1.2789769243681803e-12,0.0,119.21091295626992,-19.210912956269922
2,4.09,FAIL,continuous_reference_residual_valid_optimizer_reported_success,True,,True,Optimization terminated successfully,7,FAIL,True,residual_checks_pass,1.1102230246251565e-16,0.0,6.110667527536862e-13,0.0,119.3376978904478,-19.3376978904478
2,4.091,FAIL,continuous_reference_residual_valid_optimizer_reported_success,True,,True,Optimization terminated successfully,7,FAIL,True,residual_checks_pass,0.0,0.0,1.2647660696529783e-12,4.440892098500626e-16,119.46447852350643,-19.46447852350643
2,4.092,FAIL,continuous_reference_residual_valid_optimizer_reported_success,True,,True,Optimization terminated successfully,7,FAIL,True,residual_checks_pass,0.0,0.0,5.684341886080802e-14,4.440892098500626e-16,119.59125483692847,-19.59125483692847
2,4.093,FAIL,continuous_reference_residual_valid_optimizer_reported_success,True,,True,Optimization terminated successfully,7,FAIL,True,residual_checks_pass,0.0,0.0,8.810729923425242e-13,0.0,119.71802681225084,-19.71802681225084
2,4.094,FAIL,continuous_reference_residual_valid_optimizer_reported_success,True,,True,Optimization terminated successfully,7,FAIL,True,residual_checks_pass,0.0,0.0,1.4637180356658064e-12,4.440892098500626e-16,119.84479443105107,-19.84479443105107
2,4.095,FAIL,continuous_reference_residual_valid_optimizer_reported_success,True,,True,Optimization terminated successfully,7,FAIL,True,residual_checks_pass,0.0,0.0,2.7426949600339867e-12,4.440892098500626e-16,119.97155767495663,-19.971557674956628
2,4.096,FAIL,continuous_reference_residual_valid_optimizer_reported_success,True,,True,Optimization terminated successfully,7,FAIL,True,residual_checks_pass,0.0,0.0,0.0,0.0,120.09831652563656,-20.098316525636562
2,4.097,FAIL,continuous_reference_residual_valid_optimizer_reported_success,True,,True,Optimization terminated successfully,7,FAIL,True,residual_checks_pass,0.0,0.0,1.1084466677857563e-12,0.0,120.22507096481765,-20.225070964817647
2,4.098,FAIL,continuous_reference_residual_valid_optimizer_reported_success,True,,True,Optimization terminated successfully,7,FAIL,True,residual_checks_pass,0.0,0.0,2.2737367544323206e-13,0.0,120.3518209742603,-20.351820974260306
2,4.099,FAIL,continuous_reference_residual_valid_optimizer_reported_success,True,,True,Optimization terminated successfully,7,FAIL,True,residual_checks_pass,0.0,0.0,8.427036846114788e-12,0.0,120.47856653578077,-20.47856653578077
2,4.1,FAIL,continuous_reference_residual_valid_optimizer_reported_success,True,,True,Optimization terminated successfully,7,FAIL,True,residual_checks_pass,0.0,0.0,2.1316282072803006e-13,0.0,120.60530763123226,-20.605307631232264
2,4.101,FAIL,continuous_reference_residual_valid_optimizer_reported_success,True,,True,Optimization terminated successfully,7,FAIL,True,residual_checks_pass,2.220446049250313e-16,0.0,3.723243935382925e-12,0.0,120.73204424252643,-20.732044242526428
2,4.102,FAIL,continuous_reference_residual_valid_optimizer_reported_success,True,,True,Optimization terminated successfully,7,FAIL,True,residual_checks_pass,0.0,0.0,4.163780431554187e-12,0.0,120.85877635160402,-20.85877635160402
2,4.103,FAIL,continuous_reference_residual_valid_optimizer_reported_success,True,,True,Optimization terminated successfully,7,FAIL,True,residual_checks_pass,0.0,0.0,1.8900436771218665e-12,0.0,120.9855039404654,-20.985503940465406
2,4.104,FAIL,continuous_reference_residual_valid_optimizer_reported_success,True,,True,Optimization terminated successfully,7,FAIL,True,residual_checks_pass,2.220446049250313e-16,0.0,2.1316282072803006e-13,4.440892098500626e-16,121.11222699114998,-21.11222699114998
2,4.105,FAIL,continuous_reference_residual_valid_optimizer_reported_success,True,,True,Optimization terminated successfully,7,FAIL,True,residual_checks_pass,0.0,0.0,9.947598300641403e-14,0.0,121.23894548574626,-21.238945485746257
2,4.106,FAIL,continuous_reference_residual_valid_optimizer_reported_success,True,,True,Optimization terminated successfully,7,FAIL,True,residual_checks_pass,0.0,0.0,3.836930773104541e-12,0.0,121.36565940638843,-21.36565940638843
2,4.107,FAIL,continuous_reference_residual_valid_optimizer_reported_success,True,,True,Optimization terminated successfully,7,FAIL,True,residual_checks_pass,0.0,0.0,1.7195134205394424e-12,4.440892098500626e-16,121.49236873524309,-21.49236873524309
2,4.108,FAIL,continuous_reference_residual_valid_optimizer_reported_success,True,,True,Optimization terminated successfully,7,FAIL,True,residual_checks_pass,0.0,0.0,3.268496584496461e-13,0.0,121.61907345454216,-21.61907345454216
2,4.109,FAIL,continuous_reference_residual_valid_optimizer_reported_success,True,,True,Optimization terminated successfully,7,FAIL,True,residual_checks_pass,0.0,0.0,4.263256414560601e-14,4.440892098500626e-16,121.74577354654856,-21.745773546548563
2,4.11,FAIL,continuous_reference_residual_valid_optimizer_reported_success,True,,True,Optimization terminated successfully,7,FAIL,True,residual_checks_pass,0.0,0.0,7.389644451905042e-13,4.440892098500626e-16,121.87246899357477,-21.87246899357477
2,4.111,FAIL,continuous_reference_residual_valid_optimizer_reported_success,True,,True,Optimization terminated successfully,7,FAIL,True,residual_checks_pass,0.0,0.0,2.842170943040401e-14,0.0,121.99915977797525,-21.99915977797525
2,4.112,FAIL,continuous_reference_residual_valid_optimizer_reported_success,True,,True,Optimization terminated successfully,7,FAIL,True,residual_checks_pass,0.0,0.0,8.384404281969182e-13,0.0,122.12584588215206,-22.125845882152063
2,4.113,FAIL,continuous_reference_residual_valid_optimizer_reported_success,True,,True,Optimization terminated successfully,7,FAIL,True,residual_checks_pass,0.0,0.0,7.958078640513122e-13,4.440892098500626e-16,122.25252728855092,-22.252527288550922
2,4.114,FAIL,continuous_reference_residual_valid_optimizer_reported_success,True,,True,Optimization terminated successfully,7,FAIL,True,residual_checks_pass,0.0,0.0,2.2737367544323206e-12,4.440892098500626e-16,122.37920397965898,-22.379203979658982
2,4.115,FAIL,continuous_reference_residual_valid_optimizer_reported_success,True,,True,Optimization terminated successfully,7,FAIL,True,residual_checks_pass,0.0,0.0,2.2311041902867146e-12,4.440892098500626e-16,122.50587593800918,-22.505875938009183
2,4.116,FAIL,continuous_reference_residual_valid_optimizer_reported_success,True,,True,Optimization terminated successfully,7,FAIL,True,residual_checks_pass,0.0,0.0,8.668621376273222e-13,0.0,122.63254314618248,-22.632543146182485
2,4.117,FAIL,continuous_reference_residual_valid_optimizer_reported_success,True,,True,Optimization terminated successfully,7,FAIL,True,residual_checks_pass,0.0,0.0,2.984279490192421e-13,0.0,122.75920558679657,-22.75920558679657
2,4.118,FAIL,continuous_reference_residual_valid_optimizer_reported_success,True,,True,Optimization terminated successfully,7,FAIL,True,residual_checks_pass,2.220446049250313e-16,0.0,1.8900436771218665e-12,4.440892098500626e-16,122.88586324251989,-22.88586324251989
2,4.119,FAIL,continuous_reference_residual_valid_optimizer_reported_success,True,,True,Optimization terminated successfully,7,FAIL,True,residual_checks_pass,0.0,0.0,0.0,0.0,123.01251609605679,-23.012516096056785
2,4.12,FAIL,continuous_reference_residual_valid_optimizer_reported_success,True,,True,Optimization terminated successfully,7,FAIL,True,residual_checks_pass,0.0,0.0,0.0,0.0,123.1391641301635,-23.139164130163493
2,4.121,FAIL,continuous_reference_residual_valid_optimizer_reported_success,True,,True,Optimization terminated successfully,7,FAIL,True,residual_checks_pass,0.0,0.0,3.694822225952521e-13,0.0,123.26580732763448,-23.265807327634477
2,4.122,FAIL,continuous_reference_residual_valid_optimizer_reported_success,True,,True,Optimization terminated successfully,7,FAIL,True,residual_checks_pass,0.0,0.0,1.7905676941154525e-12,0.0,123.39244567130898,-23.392445671308977
2,4.123,FAIL,continuous_reference_residual_valid_optimizer_reported_success,True,,True,Optimization terminated successfully,7,FAIL,True,residual_checks_pass,0.0,0.0,4.263256414560601e-13,0.0,123.51907914406668,-23.51907914406668
2,4.124,FAIL,continuous_reference_residual_valid_optimizer_reported_success,True,,True,Optimization terminated successfully,7,FAIL,True,residual_checks_pass,0.0,0.0,1.1368683772161603e-13,4.440892098500626e-16,123.64570772883519,-23.64570772883519
2,4.125,FAIL,continuous_reference_residual_valid_optimizer_reported_success,True,,True,Optimization terminated successfully,7,FAIL,True,residual_checks_pass,0.0,0.0,3.083755473198835e-12,0.0,123.77233140858392,-23.772331408583923
2,4.126,FAIL,continuous_reference_residual_valid_optimizer_reported_success,True,,True,Optimization terminated successfully,7,FAIL,True,residual_checks_pass,0.0,0.0,2.0747847884194925e-12,0.0,123.89895016631976,-23.898950166319764
2,4.127,FAIL,continuous_reference_residual_valid_optimizer_reported_success,True,,True,Optimization terminated successfully,7,FAIL,True,residual_checks_pass,0.0,0.0,7.105427357601002e-14,0.0,124.0255639850964,-24.025563985096397
2,4.128,FAIL,continuous_reference_residual_valid_optimizer_reported_success,True,,True,Optimization terminated successfully,7,FAIL,True,residual_checks_pass,0.0,0.0,1.7053025658242404e-12,0.0,124.15217284801474,-24.152172848014743
2,4.129,FAIL,continuous_reference_residual_valid_optimizer_reported_success,True,,True,Optimization terminated successfully,7,FAIL,True,residual_checks_pass,0.0,0.0,5.684341886080802e-14,4.440892098500626e-16,124.27877673820804,-24.278776738208038
2,4.13,FAIL,continuous_reference_residual_valid_optimizer_reported_success,True,,True,Optimization terminated successfully,7,FAIL,True,residual_checks_pass,0.0,0.0,2.1032064978498966e-12,0.0,124.4053756388624,-24.405375638862395
2,4.131,FAIL,continuous_reference_residual_valid_optimizer_reported_success,True,,True,Optimization terminated successfully,7,FAIL,True,residual_checks_pass,0.0,0.0,6.679101716144942e-13,0.0,124.53196953319453,-24.531969533194527
2,4.132,FAIL,continuous_reference_residual_valid_optimizer_reported_success,True,,True,Optimization terminated successfully,7,FAIL,True,residual_checks_pass,0.0,0.0,7.958078640513122e-13,0.0,124.65855840447425,-24.65855840447425
2,4.133,FAIL,continuous_reference_residual_valid_optimizer_reported_success,True,,True,Optimization terminated successfully,7,FAIL,True,residual_checks_pass,0.0,0.0,1.3926637620897964e-12,0.0,124.78514223600719,-24.78514223600719
2,4.134,FAIL,continuous_reference_residual_valid_optimizer_reported_success,True,,True,Optimization terminated successfully,7,FAIL,True,residual_checks_pass,0.0,0.0,1.4210854715202004e-14,4.440892098500626e-16,124.9117210111429,-24.9117210111429
2,4.135,FAIL,continuous_reference_residual_valid_optimizer_reported_success,True,,True,Optimization terminated successfully,7,FAIL,True,residual_checks_pass,2.220446049250313e-16,0.0,2.2026824808563106e-12,0.0,125.03829471327171,-25.03829471327171
2,4.136,FAIL,continuous_reference_residual_valid_optimizer_reported_success,True,,True,Optimization terminated successfully,7,FAIL,True,residual_checks_pass,0.0,0.0,3.552713678800501e-13,0.0,125.1648633258263,-25.164863325826303
2,4.137,FAIL,continuous_reference_residual_valid_optimizer_reported_success,True,,True,Optimization terminated successfully,7,FAIL,True,residual_checks_pass,0.0,0.0,1.6768808563938364e-12,0.0,125.29142683228051,-25.291426832280507
2,4.138,FAIL,continuous_reference_residual_valid_optimizer_reported_success,True,,True,Optimization terminated successfully,7,FAIL,True,residual_checks_pass,0.0,0.0,1.6768808563938364e-12,0.0,125.41798521614892,-25.41798521614892
2,4.139,FAIL,continuous_reference_residual_valid_optimizer_reported_success,True,,True,Optimization terminated successfully,7,FAIL,True,residual_checks_pass,0.0,0.0,3.126388037344441e-12,0.0,125.54453846098956,-25.544538460989557
2,4.14,FAIL,continuous_reference_residual_valid_optimizer_reported_success,True,,True,Optimization terminated successfully,7,FAIL,True,residual_checks_pass,0.0,0.0,2.9700686354772188e-12,4.440892098500626e-16,125.67108655039988,-25.671086550399878
2,4.141,FAIL,continuous_reference_residual_valid_optimizer_reported_success,True,,True,Optimization terminated successfully,7,FAIL,True,residual_checks_pass,0.0,0.0,0.0,0.0,125.79762946801462,-25.79762946801462
2,4.142,FAIL,continuous_reference_residual_valid_optimizer_reported_success,True,,True,Optimization terminated successfully,7,FAIL,True,residual_checks_pass,0.0,0.0,4.831690603168681e-13,0.0,125.9241671975197,-25.924167197519694
2,4.143,FAIL,continuous_reference_residual_valid_optimizer_reported_success,True,,True,Optimization terminated successfully,7,FAIL,True,residual_checks_pass,0.0,0.0,1.2789769243681803e-13,0.0,126.05069972263186,-26.05069972263186
2,4.144,FAIL,continuous_reference_residual_valid_optimizer_reported_success,True,,True,Optimization terminated successfully,7,FAIL,True,residual_checks_pass,0.0,0.0,2.0321522242738865e-12,0.0,126.17722702711617,-26.177227027116174
2,4.145,FAIL,continuous_reference_residual_valid_optimizer_reported_success,True,,True,Optimization terminated successfully,7,FAIL,True,residual_checks_pass,0.0,0.0,1.6910917111090384e-12,0.0,126.3037490947694,-26.3037490947694
2,4.146,FAIL,continuous_reference_residual_valid_optimizer_reported_success,True,,True,Optimization terminated successfully,7,FAIL,True,residual_checks_pass,0.0,0.0,1.503508428868372e-11,0.0,126.43026590943678,-26.430265909436784
2,4.147,FAIL,continuous_reference_residual_valid_optimizer_reported_success,True,,True,Optimization terminated successfully,7,FAIL,True,residual_checks_pass,0.0,0.0,2.1316282072803006e-13,0.0,126.55677745499955,-26.556777454999548
2,4.148,FAIL,continuous_reference_residual_valid_optimizer_reported_success,True,,True,Optimization terminated successfully,7,FAIL,True,residual_checks_pass,0.0,0.0,3.410605131648481e-13,0.0,126.68328371538334,-26.68328371538334
2,4.149,FAIL,continuous_reference_residual_valid_optimizer_reported_success,True,,True,Optimization terminated successfully,7,FAIL,True,residual_checks_pass,2.220446049250313e-16,0.0,3.723243935382925e-12,4.440892098500626e-16,126.80978467455104,-26.80978467455104
2,4.15,FAIL,continuous_reference_residual_valid_optimizer_reported_success,True,,True,Optimization terminated successfully,7,FAIL,True,residual_checks_pass,0.0,0.0,3.666400516522117e-12,0.0,126.93628031650431,-26.93628031650431
2,4.151,FAIL,continuous_reference_residual_valid_optimizer_reported_success,True,,True,Optimization terminated successfully,7,FAIL,True,residual_checks_pass,0.0,0.0,1.4352963262354024e-12,0.0,127.06277062528693,-27.06277062528693
2,4.152,FAIL,continuous_reference_residual_valid_optimizer_reported_success,True,,True,Optimization terminated successfully,7,FAIL,True,residual_checks_pass,0.0,0.0,0.0,0.0,127.18925558498059,-27.189255584980586
2,4.153,FAIL,continuous_reference_residual_valid_optimizer_reported_success,True,,True,Optimization terminated successfully,7,FAIL,True,residual_checks_pass,0.0,0.0,8.384404281969182e-13,0.0,127.31573517971192,-27.315735179711922
2,4.154,FAIL,continuous_reference_residual_valid_optimizer_reported_success,True,,True,Optimization terminated successfully,7,FAIL,True,residual_checks_pass,2.220446049250313e-16,0.0,2.4158453015843406e-13,0.0,127.44220939363949,-27.442209393639487
2,4.155,FAIL,continuous_reference_residual_valid_optimizer_reported_success,True,,True,Optimization terminated successfully,7,FAIL,True,residual_checks_pass,0.0,0.0,1.8474111129762605e-13,0.0,127.56867821096735,-27.56867821096735
2,4.156,FAIL,continuous_reference_residual_valid_optimizer_reported_success,True,,True,Optimization terminated successfully,7,FAIL,True,residual_checks_pass,0.0,0.0,3.140598892059643e-12,0.0,127.6951416159392,-27.695141615939207
2,4.157,FAIL,continuous_reference_residual_valid_optimizer_reported_success,True,,True,Optimization terminated successfully,7,FAIL,True,residual_checks_pass,0.0,0.0,5.8690829973784275e-12,0.0,127.82159959282934,-27.821599592829344
2,4.158,FAIL,continuous_reference_residual_valid_optimizer_reported_success,True,,True,Optimization terminated successfully,7,FAIL,True,residual_checks_pass,0.0,0.0,0.0,4.440892098500626e-16,127.94805212595928,-27.94805212595928
2,4.159,FAIL,continuous_reference_residual_valid_optimizer_reported_success,True,,True,Optimization terminated successfully,7,FAIL,True,residual_checks_pass,0.0,0.0,0.0,4.440892098500626e-16,128.07449919969162,-28.074499199691616
2,4.16,FAIL,continuous_reference_residual_valid_optimizer_reported_success,True,,True,Optimization terminated successfully,7,FAIL,True,residual_checks_pass,0.0,0.0,3.126388037344441e-13,0.0,128.20094079842306,-28.200940798423062
2,4.161,FAIL,continuous_reference_residual_valid_optimizer_reported_success,True,,True,Optimization terminated successfully,7,FAIL,True,residual_checks_pass,0.0,0.0,7.105427357601002e-12,0.0,128.32737690659013,-28.327376906590132
2,4.162,FAIL,continuous_reference_residual_valid_optimizer_reported_success,True,,True,Optimization terminated successfully,7,FAIL,True,residual_checks_pass,0.0,0.0,4.831690603168681e-12,0.0,128.45380750866656,-28.453807508666557
2,4.163,FAIL,continuous_reference_residual_valid_optimizer_reported_success,True,,True,Optimization terminated successfully,7,FAIL,True,residual_checks_pass,0.0,0.0,1.0516032489249483e-12,4.440892098500626e-16,128.58023258916785,-28.58023258916785
2,4.164,FAIL,continuous_reference_residual_valid_optimizer_reported_success,True,,True,Optimization terminated successfully,7,FAIL,True,residual_checks_pass,0.0,0.0,5.684341886080802e-14,0.0,128.7066521326456,-28.706652132645587
2,4.165,FAIL,continuous_reference_residual_valid_optimizer_reported_success,True,,True,Optimization terminated successfully,7,FAIL,True,residual_checks_pass,0.0,0.0,1.1368683772161603e-13,0.0,128.83306612369324,-28.833066123693243
2,4.166,FAIL,continuous_reference_residual_valid_optimizer_reported_success,True,,True,Optimization terminated successfully,7,FAIL,True,residual_checks_pass,0.0,0.0,6.0254023992456496e-12,4.440892098500626e-16,128.95947454693942,-28.95947454693942
2,4.167,FAIL,continuous_reference_residual_valid_optimizer_reported_success,True,,True,Optimization terminated successfully,7,FAIL,True,residual_checks_pass,0.0,0.0,3.410605131648481e-13,0.0,129.08587738705083,-29.08587738705083
2,4.168,FAIL,continuous_reference_residual_valid_optimizer_reported_success,True,,True,Optimization terminated successfully,7,FAIL,True,residual_checks_pass,0.0,0.0,7.105427357601002e-13,0.0,129.21227462873458,-29.212274628734576
2,4.169,FAIL,continuous_reference_residual_valid_optimizer_reported_success,True,,True,Optimization terminated successfully,7,FAIL,True,residual_checks_pass,0.0,0.0,2.0747847884194925e-12,0.0,129.33866625673414,-29.338666256734143
2,4.17,FAIL,continuous_reference_residual_valid_optimizer_reported_success,True,,True,Optimization terminated successfully,7,FAIL,True,residual_checks_pass,2.220446049250313e-16,0.0,3.0127011996228248e-12,0.0,129.46505225583087,-29.46505225583087
2,4.171,FAIL,continuous_reference_residual_valid_optimizer_reported_success,True,,True,Optimization terminated successfully,7,FAIL,True,residual_checks_pass,0.0,0.0,6.252776074688882e-13,0.0,129.59143261084571,-29.591432610845715
2,4.172,FAIL,continuous_reference_residual_valid_optimizer_reported_success,True,,True,Optimization terminated successfully,7,FAIL,True,residual_checks_pass,0.0,0.0,9.777068044058979e-12,0.0,129.71780730663556,-29.717807306635564
2,4.173,FAIL,continuous_reference_residual_valid_optimizer_reported_success,True,,True,Optimization terminated successfully,7,FAIL,True,residual_checks_pass,0.0,0.0,4.547473508864641e-13,0.0,129.84417632809377,-29.844176328093766
2,4.174,FAIL,continuous_reference_residual_valid_optimizer_reported_success,True,,True,Optimization terminated successfully,7,FAIL,True,residual_checks_pass,0.0,0.0,1.7053025658242404e-12,0.0,129.9705396601569,-29.970539660156902
2,4.175,FAIL,continuous_reference_residual_valid_optimizer_reported_success,True,,True,Optimization terminated successfully,7,FAIL,True,residual_checks_pass,0.0,0.0,4.831690603168681e-13,0.0,130.0968972877899,-30.096897287789886
2,4.176,FAIL,continuous_reference_residual_valid_optimizer_reported_success,True,,True,Optimization terminated successfully,7,FAIL,True,residual_checks_pass,0.0,0.0,7.389644451905042e-13,0.0,130.22324919600354,-30.223249196003536
2,4.177,FAIL,continuous_reference_residual_valid_optimizer_reported_success,True,,True,Optimization terminated successfully,7,FAIL,True,residual_checks_pass,0.0,0.0,9.947598300641403e-13,0.0,130.3495953698422,-30.349595369842206
2,4.178,FAIL,continuous_reference_residual_valid_optimizer_reported_success,True,,True,Optimization terminated successfully,7,FAIL,True,residual_checks_pass,0.0,0.0,6.963318810448982e-12,4.440892098500626e-16,130.47593579438617,-30.475935794386174
2,4.179,FAIL,continuous_reference_residual_valid_optimizer_reported_success,True,,True,Optimization terminated successfully,7,FAIL,True,residual_checks_pass,0.0,0.0,3.751665644813329e-12,0.0,130.60227045475492,-30.602270454754915
2,4.18,FAIL,continuous_reference_residual_valid_optimizer_reported_success,True,,True,Optimization terminated successfully,7,FAIL,True,residual_checks_pass,2.220446049250313e-16,0.0,2.5579538487363607e-13,4.440892098500626e-16,130.7285993361043,-30.72859933610431
2,4.181,FAIL,continuous_reference_residual_valid_optimizer_reported_non_success,True,,False,Positive directional derivative for linesearch,7,FAIL,True,residual_checks_pass,0.0,0.0,5.502928956957476e-08,4.440892098500626e-16,130.8549224236283,-30.854922423628295
2,4.182,FAIL,continuous_reference_residual_valid_optimizer_reported_success,True,,True,Optimization terminated successfully,7,FAIL,True,residual_checks_pass,2.220446049250313e-16,0.0,5.5990767577895895e-12,0.0,130.98123970255102,-30.981239702551022
2,4.183,FAIL,continuous_reference_residual_valid_optimizer_reported_success,True,,True,Optimization terminated successfully,7,FAIL,True,residual_checks_pass,2.220446049250313e-16,0.0,3.893774191965349e-12,4.440892098500626e-16,131.10755115814322,-31.107551158143224
2,4.184,FAIL,continuous_reference_residual_valid_optimizer_reported_success,True,,True,Optimization terminated successfully,7,FAIL,True,residual_checks_pass,0.0,0.0,6.622258297284134e-12,0.0,131.2338567757067,-31.2338567757067
2,4.185,FAIL,continuous_reference_residual_valid_optimizer_reported_success,True,,True,Optimization terminated successfully,7,FAIL,True,residual_checks_pass,0.0,0.0,5.400124791776761e-13,4.440892098500626e-16,131.36015654057655,-31.360156540576554
2,4.186,FAIL,continuous_reference_residual_valid_optimizer_reported_success,True,,True,Optimization terminated successfully,7,FAIL,True,residual_checks_pass,0.0,0.0,6.536993168992922e-13,0.0,131.48645043813144,-31.486450438131442
2,4.187,FAIL,continuous_reference_residual_valid_optimizer_reported_success,True,,True,Optimization terminated successfully,7,FAIL,True,residual_checks_pass,0.0,0.0,2.2737367544323206e-13,0.0,131.61273845378125,-31.612738453781247
2,4.188,FAIL,continuous_reference_residual_valid_optimizer_reported_success,True,,True,Optimization terminated successfully,7,FAIL,True,residual_checks_pass,0.0,0.0,9.663381206337363e-13,0.0,131.73902057297454,-31.73902057297454
2,4.189,FAIL,continuous_reference_residual_valid_optimizer_reported_success,True,,True,Optimization terminated successfully,7,FAIL,True,residual_checks_pass,0.0,0.0,3.069544618483633e-12,0.0,131.86529678119342,-31.865296781193422
2,4.19,FAIL,continuous_reference_residual_valid_optimizer_reported_success,True,,True,Optimization terminated successfully,7,FAIL,True,residual_checks_pass,0.0,0.0,0.0,4.440892098500626e-16,131.99156706395806,-31.99156706395806
2,4.191,FAIL,continuous_reference_residual_valid_optimizer_reported_success,True,,True,Optimization terminated successfully,7,FAIL,True,residual_checks_pass,0.0,0.0,0.0,0.0,132.11783140682402,-32.117831406824024
2,4.192,FAIL,continuous_reference_residual_valid_optimizer_reported_success,True,,True,Optimization terminated successfully,7,FAIL,True,residual_checks_pass,0.0,0.0,5.115907697472721e-13,0.0,132.24408979538256,-32.244089795382564
2,4.193,FAIL,continuous_reference_residual_valid_optimizer_reported_success,True,,True,Optimization terminated successfully,7,FAIL,True,residual_checks_pass,0.0,0.0,3.979039320256561e-13,0.0,132.370342215259,-32.370342215259
2,4.194,FAIL,continuous_reference_residual_valid_optimizer_reported_success,True,,True,Optimization terminated successfully,7,FAIL,True,residual_checks_pass,0.0,0.0,3.410605131648481e-13,0.0,132.4965886521167,-32.49658865211671
2,4.195,FAIL,continuous_reference_residual_valid_optimizer_reported_success,True,,True,Optimization terminated successfully,7,FAIL,True,residual_checks_pass,0.0,0.0,2.6716406864579767e-12,0.0,132.6228290916561,-32.62282909165609
2,4.196,FAIL,continuous_reference_residual_valid_optimizer_reported_success,True,,True,Optimization terminated successfully,7,FAIL,True,residual_checks_pass,2.220446049250313e-16,0.0,3.808509063674137e-12,4.440892098500626e-16,132.7490635196038,-32.749063519603794
2,4.197,FAIL,continuous_reference_residual_valid_optimizer_reported_success,True,,True,Optimization terminated successfully,7,FAIL,True,residual_checks_pass,0.0,0.0,3.069544618483633e-12,0.0,132.87529192173238,-32.875291921732384
2,4.198,FAIL,continuous_reference_residual_valid_optimizer_reported_success,True,,True,Optimization terminated successfully,7,FAIL,True,residual_checks_pass,0.0,0.0,9.15179043659009e-12,0.0,133.00151428384834,-33.00151428384834
2,4.199,FAIL,continuous_reference_residual_valid_optimizer_reported_success,True,,True,Optimization terminated successfully,7,FAIL,True,residual_checks_pass,0.0,0.0,2.2737367544323206e-12,0.0,133.12773059178198,-33.12773059178198
2,4.2,FAIL,continuous_reference_residual_valid_optimizer_reported_success,True,,True,Optimization terminated successfully,7,FAIL,True,residual_checks_pass,0.0,0.0,1.7053025658242404e-13,0.0,133.25394083141205,-33.25394083141205
2,4.201,FAIL,continuous_reference_residual_valid_optimizer_reported_success,True,,True,Optimization terminated successfully,7,FAIL,True,residual_checks_pass,0.0,0.0,1.4210854715202004e-13,0.0,133.38014498864916,-33.380144988649164
2,4.202,FAIL,continuous_reference_residual_valid_optimizer_reported_success,True,,True,Optimization terminated successfully,7,FAIL,True,residual_checks_pass,0.0,0.0,5.115907697472721e-13,0.0,133.50634304943492,-33.50634304943492
2,4.203,FAIL,continuous_reference_residual_valid_optimizer_reported_success,True,,True,Optimization terminated successfully,7,FAIL,True,residual_checks_pass,0.0,0.0,6.821210263296962e-13,0.0,133.63253499974715,-33.63253499974715
2,4.204,FAIL,continuous_reference_residual_valid_optimizer_reported_success,True,,True,Optimization terminated successfully,7,FAIL,True,residual_checks_pass,2.220446049250313e-16,0.0,5.968558980384842e-13,0.0,133.75872082559837,-33.758720825598374
2,4.205,FAIL,continuous_reference_residual_valid_optimizer_reported_success,True,,True,Optimization terminated successfully,7,FAIL,True,residual_checks_pass,2.220446049250313e-16,0.0,0.0,0.0,133.88490051303597,-33.88490051303597
2,4.206,FAIL,continuous_reference_residual_valid_optimizer_reported_success,True,,True,Optimization terminated successfully,7,FAIL,True,residual_checks_pass,0.0,0.0,1.6484591469634324e-12,0.0,134.01107404814405,-34.01107404814405
2,4.207,FAIL,continuous_reference_residual_valid_optimizer_reported_success,True,,True,Optimization terminated successfully,7,FAIL,True,residual_checks_pass,0.0,0.0,2.8421709430404007e-13,0.0,134.13724141703355,-34.13724141703355
2,4.208,FAIL,continuous_reference_residual_valid_optimizer_reported_success,True,,True,Optimization terminated successfully,7,FAIL,True,residual_checks_pass,0.0,0.0,2.7853275241795927e-12,0.0,134.26340260586198,-34.263402605861984
2,4.209,FAIL,continuous_reference_residual_valid_optimizer_reported_success,True,,True,Optimization terminated successfully,7,FAIL,True,residual_checks_pass,0.0,0.0,6.366462912410498e-12,0.0,134.38955760080495,-34.38955760080495
2,4.21,FAIL,continuous_reference_residual_valid_optimizer_reported_success,True,,True,Optimization terminated successfully,7,FAIL,True,residual_checks_pass,0.0,0.0,0.0,0.0,134.5157063880886,-34.5157063880886
2,4.211,FAIL,continuous_reference_residual_valid_optimizer_reported_success,True,,True,Optimization terminated successfully,7,FAIL,True,residual_checks_pass,2.220446049250313e-16,0.0,3.922195901395753e-12,4.440892098500626e-16,134.64184895396517,-34.641848953965166
2,4.212,FAIL,continuous_reference_residual_valid_optimizer_reported_success,True,,True,Optimization terminated successfully,7,FAIL,True,residual_checks_pass,0.0,0.0,9.663381206337363e-13,4.440892098500626e-16,134.76798528471605,-34.76798528471605
2,4.213,FAIL,continuous_reference_residual_valid_optimizer_reported_success,True,,True,Optimization terminated successfully,7,FAIL,True,residual_checks_pass,0.0,0.0,1.0516032489249483e-12,4.440892098500626e-16,134.89411536666583,-34.89411536666583
2,4.214,FAIL,continuous_reference_residual_valid_optimizer_reported_success,True,,True,Optimization terminated successfully,7,FAIL,True,residual_checks_pass,0.0,0.0,5.684341886080801e-13,0.0,135.0202391861667,-35.02023918616669
2,4.215,FAIL,continuous_reference_residual_valid_optimizer_reported_success,True,,True,Optimization terminated successfully,7,FAIL,True,residual_checks_pass,0.0,0.0,5.4001247917767614e-12,0.0,135.1463567296084,-35.146356729608414
2,4.216,FAIL,continuous_reference_residual_valid_optimizer_reported_success,True,,True,Optimization terminated successfully,7,FAIL,True,residual_checks_pass,0.0,0.0,5.684341886080802e-14,4.440892098500626e-16,135.27246798340988,-35.27246798340988
2,4.217,FAIL,continuous_reference_residual_valid_optimizer_reported_success,True,,True,Optimization terminated successfully,7,FAIL,True,residual_checks_pass,2.220446049250313e-16,0.0,9.379164112033322e-13,0.0,135.39857293402832,-35.39857293402832
2,4.218,FAIL,continuous_reference_residual_valid_optimizer_reported_success,True,,True,Optimization terminated successfully,7,FAIL,True,residual_checks_pass,0.0,0.0,7.389644451905042e-13,4.440892098500626e-16,135.52467156794984,-35.52467156794984
2,4.219,FAIL,continuous_reference_residual_valid_optimizer_reported_success,True,,True,Optimization terminated successfully,7,FAIL,True,residual_checks_pass,0.0,0.0,2.842170943040401e-14,0.0,135.65076387169626,-35.650763871696256
2,4.22,FAIL,continuous_reference_residual_valid_optimizer_reported_success,True,,True,Optimization terminated successfully,7,FAIL,True,residual_checks_pass,0.0,0.0,2.8421709430404007e-13,4.440892098500626e-16,135.7768498318232,-35.7768498318232
2,4.221,FAIL,continuous_reference_residual_valid_optimizer_reported_success,True,,True,Optimization terminated successfully,7,FAIL,True,residual_checks_pass,0.0,0.0,6.480149750132114e-12,0.0,135.90292943491804,-35.902929434918036
2,4.222,FAIL,continuous_reference_residual_valid_optimizer_reported_success,True,,True,Optimization terminated successfully,7,FAIL,True,residual_checks_pass,0.0,0.0,1.9895196601282805e-13,0.0,136.02900266760074,-36.029002667600736
2,4.223,FAIL,continuous_reference_residual_valid_optimizer_reported_success,True,,True,Optimization terminated successfully,7,FAIL,True,residual_checks_pass,0.0,0.0,4.547473508864641e-13,0.0,136.15506951652605,-36.155069516526055
2,4.224,FAIL,continuous_reference_residual_valid_optimizer_reported_success,True,,True,Optimization terminated successfully,7,FAIL,True,residual_checks_pass,0.0,0.0,1.2221335055073723e-12,4.440892098500626e-16,136.2811299683804,-36.28112996838041
2,4.225,FAIL,continuous_reference_residual_valid_optimizer_reported_success,True,,True,Optimization terminated successfully,7,FAIL,True,residual_checks_pass,0.0,0.0,0.0,0.0,136.4071840098813,-36.40718400988129
2,4.226,FAIL,continuous_reference_residual_valid_optimizer_reported_success,True,,True,Optimization terminated successfully,7,FAIL,True,residual_checks_pass,0.0,0.0,4.263256414560601e-13,0.0,136.53323162778375,-36.53323162778375
