start_state_mm,policy,step,remaining_passes_before,state_before_mm,selected_action_mm,immediate_deflection_um,selected_action_discrete_class,successor_mm,selected_action_continuous_status,selected_action_continuous_detail,online_continuous_solve_calls,step_status
4.18,RPRA,1,3,4.18,0.36,53.026787309836045,PRESERVING,3.82,PASS,continuous_reference_residual_valid_optimizer_reported_success,0,CONTINUE
4.18,RPRA,2,2,3.82,0.36,71.36037244201924,PRESERVING,3.46,PASS,continuous_reference_residual_valid_optimizer_reported_non_success,0,CONTINUE
4.18,RPRA,3,1,3.46,0.36,99.22025135628195,PRESERVING,3.1,PASS,exact_terminal_equality,0,TERMINAL_REACHED
4.181,RPRA,1,3,4.181,0.36,52.985165029703495,PRESERVING,3.821,PASS,continuous_reference_residual_valid_optimizer_reported_success,0,CONTINUE
4.181,RPRA,2,2,3.821,0.36,71.29853503433206,PRESERVING,3.461,PASS,continuous_reference_residual_valid_optimizer_reported_success,0,CONTINUE
4.181,RPRA,3,1,3.461,0.361,99.55498849452039,PRESERVING,3.1,PASS,exact_terminal_equality,0,TERMINAL_REACHED
4.182,RPRA,1,3,4.182,0.36,52.943586298906844,PRESERVING,3.822,PASS,continuous_reference_residual_valid_optimizer_reported_success,0,CONTINUE
4.182,RPRA,2,2,3.822,0.36,71.23676905304204,PRESERVING,3.462,PASS,continuous_reference_residual_valid_optimizer_reported_success,0,CONTINUE
4.182,RPRA,3,1,3.462,0.362,99.88995983826324,PRESERVING,3.1,PASS,exact_terminal_equality,0,TERMINAL_REACHED
4.183,RPRA,1,3,4.183,0.36,52.90205106050394,PRESERVING,3.823,PASS,continuous_reference_residual_valid_optimizer_reported_success,0,CONTINUE
4.183,RPRA,2,2,3.823,0.361,71.47709894421054,PRESERVING,3.462,PASS,continuous_reference_residual_valid_optimizer_reported_success,0,CONTINUE
4.183,RPRA,3,1,3.462,0.362,99.88995983826324,PRESERVING,3.1,PASS,exact_terminal_equality,0,TERMINAL_REACHED
4.184,RPRA,1,3,4.184,0.36,52.86055925764199,PRESERVING,3.824,PASS,continuous_reference_residual_valid_optimizer_reported_success,0,CONTINUE
4.184,RPRA,2,2,3.824,0.362,71.71759698697313,PRESERVING,3.462,PASS,continuous_reference_residual_valid_optimizer_reported_success,0,CONTINUE
4.184,RPRA,3,1,3.462,0.362,99.88995983826324,PRESERVING,3.1,PASS,exact_terminal_equality,0,TERMINAL_REACHED
4.185,RPRA,1,3,4.185,0.36,52.81911083355733,PRESERVING,3.825,PASS,continuous_reference_residual_valid_optimizer_reported_non_success,0,CONTINUE
4.185,RPRA,2,2,3.825,0.363,71.9582628990056,PRESERVING,3.462,PASS,continuous_reference_residual_valid_optimizer_reported_success,0,CONTINUE
4.185,RPRA,3,1,3.462,0.362,99.88995983826324,PRESERVING,3.1,PASS,exact_terminal_equality,0,TERMINAL_REACHED
4.186,RPRA,1,3,4.186,0.36,52.777705731575345,PRESERVING,3.826,PASS,continuous_reference_residual_valid_optimizer_reported_success,0,CONTINUE
4.186,RPRA,2,2,3.826,0.364,72.19909639911492,PRESERVING,3.462,PASS,continuous_reference_residual_valid_optimizer_reported_success,0,CONTINUE
4.186,RPRA,3,1,3.462,0.362,99.88995983826324,PRESERVING,3.1,PASS,exact_terminal_equality,0,TERMINAL_REACHED
4.187,RPRA,1,3,4.187,0.36,52.73634389511021,PRESERVING,3.827,PASS,continuous_reference_residual_valid_optimizer_reported_success,0,CONTINUE
4.187,RPRA,2,2,3.827,0.365,72.44009720723156,PRESERVING,3.462,PASS,continuous_reference_residual_valid_optimizer_reported_success,0,CONTINUE
4.187,RPRA,3,1,3.462,0.362,99.88995983826324,PRESERVING,3.1,PASS,exact_terminal_equality,0,TERMINAL_REACHED
4.188,RPRA,1,3,4.188,0.36,52.69502526766479,PRESERVING,3.828,PASS,continuous_reference_residual_valid_optimizer_reported_success,0,CONTINUE
4.188,RPRA,2,2,3.828,0.366,72.68126504440183,PRESERVING,3.462,PASS,continuous_reference_residual_valid_optimizer_reported_success,0,CONTINUE
4.188,RPRA,3,1,3.462,0.362,99.88995983826324,PRESERVING,3.1,PASS,exact_terminal_equality,0,TERMINAL_REACHED
4.189,RPRA,1,3,4.189,0.36,52.65374979283043,PRESERVING,3.829,PASS,continuous_reference_residual_valid_optimizer_reported_success,0,CONTINUE
4.189,RPRA,2,2,3.829,0.367,72.92259963278052,PRESERVING,3.462,PASS,continuous_reference_residual_valid_optimizer_reported_success,0,CONTINUE
4.189,RPRA,3,1,3.462,0.362,99.88995983826324,PRESERVING,3.1,PASS,exact_terminal_equality,0,TERMINAL_REACHED
4.19,RPRA,1,3,4.19,0.36,52.612517414286856,PRESERVING,3.83,PASS,continuous_reference_residual_valid_optimizer_reported_success,0,CONTINUE
4.19,RPRA,2,2,3.83,0.368,73.1641006956221,PRESERVING,3.462,PASS,continuous_reference_residual_valid_optimizer_reported_success,0,CONTINUE
4.19,RPRA,3,1,3.462,0.362,99.88995983826324,PRESERVING,3.1,PASS,exact_terminal_equality,0,TERMINAL_REACHED
4.191,RPRA,1,3,4.191,0.36,52.571328075801944,PRESERVING,3.831,PASS,continuous_reference_residual_valid_optimizer_reported_success,0,CONTINUE
4.191,RPRA,2,2,3.831,0.369,73.4057679572754,PRESERVING,3.462,PASS,continuous_reference_residual_valid_optimizer_reported_success,0,CONTINUE
4.191,RPRA,3,1,3.462,0.362,99.88995983826324,PRESERVING,3.1,PASS,exact_terminal_equality,0,TERMINAL_REACHED
4.192,RPRA,1,3,4.192,0.36,52.530181721231614,PRESERVING,3.832,PASS,continuous_reference_residual_valid_optimizer_reported_non_success,0,CONTINUE
4.192,RPRA,2,2,3.832,0.37,73.64760114317465,PRESERVING,3.462,PASS,continuous_reference_residual_valid_optimizer_reported_success,0,CONTINUE
4.192,RPRA,3,1,3.462,0.362,99.88995983826324,PRESERVING,3.1,PASS,exact_terminal_equality,0,TERMINAL_REACHED
4.193,RPRA,1,3,4.193,0.36,52.48907829451962,PRESERVING,3.833,PASS,continuous_reference_residual_valid_optimizer_reported_success,0,CONTINUE
4.193,RPRA,2,2,3.833,0.371,73.88959997983315,PRESERVING,3.462,PASS,continuous_reference_residual_valid_optimizer_reported_success,0,CONTINUE
4.193,RPRA,3,1,3.462,0.362,99.88995983826324,PRESERVING,3.1,PASS,exact_terminal_equality,0,TERMINAL_REACHED
4.194,RPRA,1,3,4.194,0.36,52.44801773969748,PRESERVING,3.834,PASS,continuous_reference_residual_valid_optimizer_reported_success,0,CONTINUE
4.194,RPRA,2,2,3.834,0.372,74.13176419483511,PRESERVING,3.462,PASS,continuous_reference_residual_valid_optimizer_reported_success,0,CONTINUE
4.194,RPRA,3,1,3.462,0.362,99.88995983826324,PRESERVING,3.1,PASS,exact_terminal_equality,0,TERMINAL_REACHED
4.195,RPRA,1,3,4.195,0.36,52.4070000008842,PRESERVING,3.835,PASS,continuous_reference_residual_valid_optimizer_reported_success,0,CONTINUE
4.195,RPRA,2,2,3.835,0.373,74.37409351682855,PRESERVING,3.462,PASS,continuous_reference_residual_valid_optimizer_reported_success,0,CONTINUE
4.195,RPRA,3,1,3.462,0.362,99.88995983826324,PRESERVING,3.1,PASS,exact_terminal_equality,0,TERMINAL_REACHED
4.196,RPRA,1,3,4.196,0.36,52.36602502228619,PRESERVING,3.836,PASS,continuous_reference_residual_valid_optimizer_reported_success,0,CONTINUE
4.196,RPRA,2,2,3.836,0.374,74.61658767551941,PRESERVING,3.462,PASS,continuous_reference_residual_valid_optimizer_reported_success,0,CONTINUE
4.196,RPRA,3,1,3.462,0.362,99.88995983826324,PRESERVING,3.1,PASS,exact_terminal_equality,0,TERMINAL_REACHED
4.197,RPRA,1,3,4.197,0.36,52.325092748197044,PRESERVING,3.837,PASS,continuous_reference_residual_valid_optimizer_reported_success,0,CONTINUE
4.197,RPRA,2,2,3.837,0.375,74.85924640166341,PRESERVING,3.462,PASS,continuous_reference_residual_valid_optimizer_reported_success,0,CONTINUE
4.197,RPRA,3,1,3.462,0.362,99.88995983826324,PRESERVING,3.1,PASS,exact_terminal_equality,0,TERMINAL_REACHED
4.198,RPRA,1,3,4.198,0.36,52.284203122997496,PRESERVING,3.838,PASS,continuous_reference_residual_valid_optimizer_reported_success,0,CONTINUE
4.198,RPRA,2,2,3.838,0.376,75.10206942705908,PRESERVING,3.462,PASS,continuous_reference_residual_valid_optimizer_reported_success,0,CONTINUE
4.198,RPRA,3,1,3.462,0.362,99.88995983826324,PRESERVING,3.1,PASS,exact_terminal_equality,0,TERMINAL_REACHED
4.199,RPRA,1,3,4.199,0.36,52.24335609115513,PRESERVING,3.839,PASS,continuous_reference_residual_valid_optimizer_reported_success,0,CONTINUE
4.199,RPRA,2,2,3.839,0.377,75.34505648454163,PRESERVING,3.462,PASS,continuous_reference_residual_valid_optimizer_reported_success,0,CONTINUE
4.199,RPRA,3,1,3.462,0.362,99.88995983826324,PRESERVING,3.1,PASS,exact_terminal_equality,0,TERMINAL_REACHED
4.2,RPRA,1,3,4.2,0.36,52.20255159722428,PRESERVING,3.84,PASS,continuous_reference_residual_valid_optimizer_reported_success,0,CONTINUE
4.2,RPRA,2,2,3.84,0.378,75.58820730797513,PRESERVING,3.462,PASS,continuous_reference_residual_valid_optimizer_reported_success,0,CONTINUE
4.2,RPRA,3,1,3.462,0.362,99.88995983826324,PRESERVING,3.1,PASS,exact_terminal_equality,0,TERMINAL_REACHED
4.201,RPRA,1,3,4.201,0.36,52.16178958584585,PRESERVING,3.841,PASS,continuous_reference_residual_valid_optimizer_reported_success,0,CONTINUE
4.201,RPRA,2,2,3.841,0.379,75.83152163224709,PRESERVING,3.462,PASS,continuous_reference_residual_valid_optimizer_reported_success,0,CONTINUE
4.201,RPRA,3,1,3.462,0.362,99.88995983826324,PRESERVING,3.1,PASS,exact_terminal_equality,0,TERMINAL_REACHED
4.202,RPRA,1,3,4.202,0.36,52.12107000174724,PRESERVING,3.842,PASS,continuous_reference_residual_valid_optimizer_reported_success,0,CONTINUE
4.202,RPRA,2,2,3.842,0.38,76.07499919325944,PRESERVING,3.462,PASS,continuous_reference_residual_valid_optimizer_reported_success,0,CONTINUE
4.202,RPRA,3,1,3.462,0.362,99.88995983826324,PRESERVING,3.1,PASS,exact_terminal_equality,0,TERMINAL_REACHED
4.203,RPRA,1,3,4.203,0.36,52.0803927897421,PRESERVING,3.843,PASS,continuous_reference_residual_valid_optimizer_reported_non_success,0,CONTINUE
4.203,RPRA,2,2,3.843,0.381,76.31863972792435,PRESERVING,3.462,PASS,continuous_reference_residual_valid_optimizer_reported_success,0,CONTINUE
4.203,RPRA,3,1,3.462,0.362,99.88995983826324,PRESERVING,3.1,PASS,exact_terminal_equality,0,TERMINAL_REACHED
4.204,RPRA,1,3,4.204,0.36,52.03975789473015,PRESERVING,3.844,PASS,continuous_reference_residual_valid_optimizer_reported_success,0,CONTINUE
4.204,RPRA,2,2,3.844,0.382,76.56244297415681,PRESERVING,3.462,PASS,continuous_reference_residual_valid_optimizer_reported_success,0,CONTINUE
4.204,RPRA,3,1,3.462,0.362,99.88995983826324,PRESERVING,3.1,PASS,exact_terminal_equality,0,TERMINAL_REACHED
4.205,RPRA,1,3,4.205,0.36,51.99916526169709,PRESERVING,3.845,PASS,continuous_reference_residual_valid_optimizer_reported_success,0,CONTINUE
4.205,RPRA,2,2,3.845,0.383,76.80640867086727,PRESERVING,3.462,PASS,continuous_reference_residual_valid_optimizer_reported_success,0,CONTINUE
4.205,RPRA,3,1,3.462,0.362,99.88995983826324,PRESERVING,3.1,PASS,exact_terminal_equality,0,TERMINAL_REACHED
4.206,RPRA,1,3,4.206,0.36,51.95861483571447,PRESERVING,3.846,PASS,continuous_reference_residual_valid_optimizer_reported_success,0,CONTINUE
4.206,RPRA,2,2,3.846,0.384,77.05053655795668,PRESERVING,3.462,PASS,continuous_reference_residual_valid_optimizer_reported_success,0,CONTINUE
4.206,RPRA,3,1,3.462,0.362,99.88995983826324,PRESERVING,3.1,PASS,exact_terminal_equality,0,TERMINAL_REACHED
4.207,RPRA,1,3,4.207,0.36,51.91810656193943,PRESERVING,3.847,PASS,continuous_reference_residual_valid_optimizer_reported_success,0,CONTINUE
4.207,RPRA,2,2,3.847,0.385,77.29482637630773,PRESERVING,3.462,PASS,continuous_reference_residual_valid_optimizer_reported_success,0,CONTINUE
4.207,RPRA,3,1,3.462,0.362,99.88995983826324,PRESERVING,3.1,PASS,exact_terminal_equality,0,TERMINAL_REACHED
4.208,RPRA,1,3,4.208,0.36,51.87764038561463,PRESERVING,3.848,PASS,continuous_reference_residual_valid_optimizer_reported_success,0,CONTINUE
4.208,RPRA,2,2,3.848,0.386,77.53927786778114,PRESERVING,3.462,PASS,continuous_reference_residual_valid_optimizer_reported_success,0,CONTINUE
4.208,RPRA,3,1,3.462,0.362,99.88995983826324,PRESERVING,3.1,PASS,exact_terminal_equality,0,TERMINAL_REACHED
4.209,RPRA,1,3,4.209,0.36,51.83721625206807,PRESERVING,3.849,PASS,continuous_reference_residual_valid_optimizer_reported_success,0,CONTINUE
4.209,RPRA,2,2,3.849,0.387,77.78389077520825,PRESERVING,3.462,PASS,continuous_reference_residual_valid_optimizer_reported_success,0,CONTINUE
4.209,RPRA,3,1,3.462,0.362,99.88995983826324,PRESERVING,3.1,PASS,exact_terminal_equality,0,TERMINAL_REACHED
4.21,RPRA,1,3,4.21,0.36,51.79683410671292,PRESERVING,3.85,PASS,continuous_reference_residual_valid_optimizer_reported_success,0,CONTINUE
4.21,RPRA,2,2,3.85,0.388,78.02866484238417,PRESERVING,3.462,PASS,continuous_reference_residual_valid_optimizer_reported_success,0,CONTINUE
4.21,RPRA,3,1,3.462,0.362,99.88995983826324,PRESERVING,3.1,PASS,exact_terminal_equality,0,TERMINAL_REACHED
4.211,RPRA,1,3,4.211,0.36,51.756493895047356,PRESERVING,3.851,PASS,continuous_reference_residual_valid_optimizer_reported_success,0,CONTINUE
4.211,RPRA,2,2,3.851,0.389,78.27359981406256,PRESERVING,3.462,PASS,continuous_reference_residual_valid_optimizer_reported_success,0,CONTINUE
4.211,RPRA,3,1,3.462,0.362,99.88995983826324,PRESERVING,3.1,PASS,exact_terminal_equality,0,TERMINAL_REACHED
4.212,RPRA,1,3,4.212,0.36,51.71619556265447,PRESERVING,3.852,PASS,continuous_reference_residual_valid_optimizer_reported_non_success,0,CONTINUE
4.212,RPRA,2,2,3.852,0.39,78.51869543594911,PRESERVING,3.462,PASS,continuous_reference_residual_valid_optimizer_reported_success,0,CONTINUE
4.212,RPRA,3,1,3.462,0.362,99.88995983826324,PRESERVING,3.1,PASS,exact_terminal_equality,0,TERMINAL_REACHED
4.213,RPRA,1,3,4.213,0.36,51.675939055202036,PRESERVING,3.853,PASS,continuous_reference_residual_valid_optimizer_reported_success,0,CONTINUE
4.213,RPRA,2,2,3.853,0.391,78.76395145469552,PRESERVING,3.462,PASS,continuous_reference_residual_valid_optimizer_reported_success,0,CONTINUE
4.213,RPRA,3,1,3.462,0.362,99.88995983826324,PRESERVING,3.1,PASS,exact_terminal_equality,0,TERMINAL_REACHED
4.214,RPRA,1,3,4.214,0.36,51.63572431844241,PRESERVING,3.854,PASS,continuous_reference_residual_valid_optimizer_reported_success,0,CONTINUE
4.214,RPRA,2,2,3.854,0.392,79.00936761789256,PRESERVING,3.462,PASS,continuous_reference_residual_valid_optimizer_reported_success,0,CONTINUE
4.214,RPRA,3,1,3.462,0.362,99.88995983826324,PRESERVING,3.1,PASS,exact_terminal_equality,0,TERMINAL_REACHED
4.215,RPRA,1,3,4.215,0.36,51.59555129821238,PRESERVING,3.855,PASS,continuous_reference_residual_valid_optimizer_reported_success,0,CONTINUE
4.215,RPRA,2,2,3.855,0.393,79.25494367406611,PRESERVING,3.462,PASS,continuous_reference_residual_valid_optimizer_reported_success,0,CONTINUE
4.215,RPRA,3,1,3.462,0.362,99.88995983826324,PRESERVING,3.1,PASS,exact_terminal_equality,0,TERMINAL_REACHED
4.216,RPRA,1,3,4.216,0.36,51.55541994043291,PRESERVING,3.856,PASS,continuous_reference_residual_valid_optimizer_reported_success,0,CONTINUE
4.216,RPRA,2,2,3.856,0.394,79.5006793726696,PRESERVING,3.462,PASS,continuous_reference_residual_valid_optimizer_reported_success,0,CONTINUE
4.216,RPRA,3,1,3.462,0.362,99.88995983826324,PRESERVING,3.1,PASS,exact_terminal_equality,0,TERMINAL_REACHED
4.217,RPRA,1,3,4.217,0.36,51.515330191109136,PRESERVING,3.857,PASS,continuous_reference_residual_valid_optimizer_reported_success,0,CONTINUE
4.217,RPRA,2,2,3.857,0.395,79.74657446407866,PRESERVING,3.462,PASS,continuous_reference_residual_valid_optimizer_reported_success,0,CONTINUE
4.217,RPRA,3,1,3.462,0.362,99.88995983826324,PRESERVING,3.1,PASS,exact_terminal_equality,0,TERMINAL_REACHED
4.218,RPRA,1,3,4.218,0.36,51.475281996330175,PRESERVING,3.858,PASS,continuous_reference_residual_valid_optimizer_reported_non_success,0,CONTINUE
4.218,RPRA,2,2,3.858,0.396,79.99262869958605,PRESERVING,3.462,PASS,continuous_reference_residual_valid_optimizer_reported_success,0,CONTINUE
4.218,RPRA,3,1,3.462,0.362,99.88995983826324,PRESERVING,3.1,PASS,exact_terminal_equality,0,TERMINAL_REACHED
4.219,RPRA,1,3,4.219,0.36,51.43527530226886,PRESERVING,3.859,PASS,continuous_reference_residual_valid_optimizer_reported_success,0,CONTINUE
4.219,RPRA,2,2,3.859,0.397,80.23884183139366,PRESERVING,3.462,PASS,continuous_reference_residual_valid_optimizer_reported_success,0,CONTINUE
4.219,RPRA,3,1,3.462,0.362,99.88995983826324,PRESERVING,3.1,PASS,exact_terminal_equality,0,TERMINAL_REACHED
4.22,RPRA,1,3,4.22,0.36,51.39531005518171,PRESERVING,3.86,PASS,continuous_reference_residual_valid_optimizer_reported_success,0,CONTINUE
4.22,RPRA,2,2,3.86,0.398,80.48521361260941,PRESERVING,3.462,PASS,continuous_reference_residual_valid_optimizer_reported_success,0,CONTINUE
4.22,RPRA,3,1,3.462,0.362,99.88995983826324,PRESERVING,3.1,PASS,exact_terminal_equality,0,TERMINAL_REACHED
4.221,RPRA,1,3,4.221,0.36,51.35538620140876,PRESERVING,3.861,PASS,continuous_reference_residual_valid_optimizer_reported_success,0,CONTINUE
4.221,RPRA,2,2,3.861,0.399,80.73174379724045,PRESERVING,3.462,PASS,continuous_reference_residual_valid_optimizer_reported_success,0,CONTINUE
4.221,RPRA,3,1,3.462,0.362,99.88995983826324,PRESERVING,3.1,PASS,exact_terminal_equality,0,TERMINAL_REACHED
4.222,RPRA,1,3,4.222,0.36,51.315503687373365,PRESERVING,3.862,PASS,continuous_reference_residual_valid_optimizer_reported_success,0,CONTINUE
4.222,RPRA,2,2,3.862,0.4,80.9784321401875,PRESERVING,3.462,PASS,continuous_reference_residual_valid_optimizer_reported_success,0,CONTINUE
4.222,RPRA,3,1,3.462,0.362,99.88995983826324,PRESERVING,3.1,PASS,exact_terminal_equality,0,TERMINAL_REACHED
4.223,RPRA,1,3,4.223,0.36,51.275662459582094,PRESERVING,3.863,PASS,continuous_reference_residual_valid_optimizer_reported_success,0,CONTINUE
4.223,RPRA,2,2,3.863,0.401,81.22527839723925,PRESERVING,3.462,PASS,continuous_reference_residual_valid_optimizer_reported_success,0,CONTINUE
4.223,RPRA,3,1,3.462,0.362,99.88995983826324,PRESERVING,3.1,PASS,exact_terminal_equality,0,TERMINAL_REACHED
4.224,RPRA,1,3,4.224,0.36,51.2358624646245,PRESERVING,3.864,PASS,continuous_reference_residual_valid_optimizer_reported_success,0,CONTINUE
4.224,RPRA,2,2,3.864,0.402,81.47228232506728,PRESERVING,3.462,PASS,continuous_reference_residual_valid_optimizer_reported_success,0,CONTINUE
4.224,RPRA,3,1,3.462,0.362,99.88995983826324,PRESERVING,3.1,PASS,exact_terminal_equality,0,TERMINAL_REACHED
4.225,RPRA,1,3,4.225,0.36,51.196103649173104,PRESERVING,3.865,PASS,continuous_reference_residual_valid_optimizer_reported_success,0,CONTINUE
4.225,RPRA,2,2,3.865,0.403,81.71944368122044,PRESERVING,3.462,PASS,continuous_reference_residual_valid_optimizer_reported_success,0,CONTINUE
4.225,RPRA,3,1,3.462,0.362,99.88995983826324,PRESERVING,3.1,PASS,exact_terminal_equality,0,TERMINAL_REACHED
4.226,RPRA,1,3,4.226,0.36,51.15638595998316,PRESERVING,3.866,PASS,continuous_reference_residual_valid_optimizer_reported_non_success,0,CONTINUE
4.226,RPRA,2,2,3.866,0.404,81.96676222411824,PRESERVING,3.462,PASS,continuous_reference_residual_valid_optimizer_reported_success,0,CONTINUE
4.226,RPRA,3,1,3.462,0.362,99.88995983826324,PRESERVING,3.1,PASS,exact_terminal_equality,0,TERMINAL_REACHED
4.227,RPRA,1,3,4.227,0.36,51.11670934389245,PRESERVING,3.867,PASS,continuous_reference_residual_valid_optimizer_reported_success,0,CONTINUE
4.227,RPRA,2,2,3.867,0.405,82.21423771304786,PRESERVING,3.462,PASS,continuous_reference_residual_valid_optimizer_reported_success,0,CONTINUE
4.227,RPRA,3,1,3.462,0.362,99.88995983826324,PRESERVING,3.1,PASS,exact_terminal_equality,0,TERMINAL_REACHED
4.228,RPRA,1,3,4.228,0.36,51.077073747821274,PRESERVING,3.868,PASS,continuous_reference_residual_valid_optimizer_reported_success,0,CONTINUE
4.228,RPRA,2,2,3.868,0.406,82.46186990815706,PRESERVING,3.462,PASS,continuous_reference_residual_valid_optimizer_reported_success,0,CONTINUE
4.228,RPRA,3,1,3.462,0.362,99.88995983826324,PRESERVING,3.1,PASS,exact_terminal_equality,0,TERMINAL_REACHED
4.229,RPRA,1,3,4.229,0.36,51.03747911877214,PRESERVING,3.869,PASS,continuous_reference_residual_valid_optimizer_reported_success,0,CONTINUE
4.229,RPRA,2,2,3.869,0.407,82.7096585704493,PRESERVING,3.462,PASS,continuous_reference_residual_valid_optimizer_reported_success,0,CONTINUE
4.229,RPRA,3,1,3.462,0.362,99.88995983826324,PRESERVING,3.1,PASS,exact_terminal_equality,0,TERMINAL_REACHED
4.23,RPRA,1,3,4.23,0.36,50.99792540382983,PRESERVING,3.87,PASS,continuous_reference_residual_valid_optimizer_reported_success,0,CONTINUE
4.23,RPRA,2,2,3.87,0.408,82.95760346177879,PRESERVING,3.462,PASS,continuous_reference_residual_valid_optimizer_reported_success,0,CONTINUE
4.23,RPRA,3,1,3.462,0.362,99.88995983826324,PRESERVING,3.1,PASS,exact_terminal_equality,0,TERMINAL_REACHED
4.231,RPRA,1,3,4.231,0.36,50.958412550161015,PRESERVING,3.871,PASS,continuous_reference_residual_valid_optimizer_reported_non_success,0,CONTINUE
4.231,RPRA,2,2,3.871,0.409,83.2057043448454,PRESERVING,3.462,PASS,continuous_reference_residual_valid_optimizer_reported_success,0,CONTINUE
4.231,RPRA,3,1,3.462,0.362,99.88995983826324,PRESERVING,3.1,PASS,exact_terminal_equality,0,TERMINAL_REACHED
4.232,RPRA,1,3,4.232,0.36,50.918940505014255,PRESERVING,3.872,PASS,continuous_reference_residual_valid_optimizer_reported_success,0,CONTINUE
4.232,RPRA,2,2,3.872,0.41,83.45396098318801,PRESERVING,3.462,PASS,continuous_reference_residual_valid_optimizer_reported_success,0,CONTINUE
4.232,RPRA,3,1,3.462,0.362,99.88995983826324,PRESERVING,3.1,PASS,exact_terminal_equality,0,TERMINAL_REACHED
4.233,RPRA,1,3,4.233,0.36,50.87950921571976,PRESERVING,3.873,PASS,continuous_reference_residual_valid_optimizer_reported_non_success,0,CONTINUE
4.233,RPRA,2,2,3.873,0.411,83.70237314118188,PRESERVING,3.462,PASS,continuous_reference_residual_valid_optimizer_reported_success,0,CONTINUE
4.233,RPRA,3,1,3.462,0.362,99.88995983826324,PRESERVING,3.1,PASS,exact_terminal_equality,0,TERMINAL_REACHED
4.234,RPRA,1,3,4.234,0.36,50.84011862968941,PRESERVING,3.874,PASS,continuous_reference_residual_valid_optimizer_reported_success,0,CONTINUE
4.234,RPRA,2,2,3.874,0.412,83.95094058403198,PRESERVING,3.462,PASS,continuous_reference_residual_valid_optimizer_reported_success,0,CONTINUE
4.234,RPRA,3,1,3.462,0.362,99.88995983826324,PRESERVING,3.1,PASS,exact_terminal_equality,0,TERMINAL_REACHED
4.235,RPRA,1,3,4.235,0.36,50.80076869441637,PRESERVING,3.875,PASS,continuous_reference_residual_valid_optimizer_reported_non_success,0,CONTINUE
4.235,RPRA,2,2,3.875,0.413,84.19966307776825,PRESERVING,3.462,PASS,continuous_reference_residual_valid_optimizer_reported_success,0,CONTINUE
4.235,RPRA,3,1,3.462,0.362,99.88995983826324,PRESERVING,3.1,PASS,exact_terminal_equality,0,TERMINAL_REACHED
4.236,RPRA,1,3,4.236,0.36,50.761459357475125,PRESERVING,3.876,PASS,continuous_reference_residual_valid_optimizer_reported_non_success,0,CONTINUE
4.236,RPRA,2,2,3.876,0.414,84.44854038924105,PRESERVING,3.462,PASS,continuous_reference_residual_valid_optimizer_reported_success,0,CONTINUE
4.236,RPRA,3,1,3.462,0.362,99.88995983826324,PRESERVING,3.1,PASS,exact_terminal_equality,0,TERMINAL_REACHED
4.237,RPRA,1,3,4.237,0.36,50.72219056652126,PRESERVING,3.877,PASS,continuous_reference_residual_valid_optimizer_reported_success,0,CONTINUE
4.237,RPRA,2,2,3.877,0.415,84.69757228611572,PRESERVING,3.462,PASS,continuous_reference_residual_valid_optimizer_reported_success,0,CONTINUE
4.237,RPRA,3,1,3.462,0.362,99.88995983826324,PRESERVING,3.1,PASS,exact_terminal_equality,0,TERMINAL_REACHED
4.238,RPRA,1,3,4.238,0.36,50.68296226929129,PRESERVING,3.878,PASS,continuous_reference_residual_valid_optimizer_reported_success,0,CONTINUE
4.238,RPRA,2,2,3.878,0.416,84.94675853686743,PRESERVING,3.462,PASS,continuous_reference_residual_valid_optimizer_reported_success,0,CONTINUE
4.238,RPRA,3,1,3.462,0.362,99.88995983826324,PRESERVING,3.1,PASS,exact_terminal_equality,0,TERMINAL_REACHED
4.239,RPRA,1,3,4.239,0.36,50.64377441360266,PRESERVING,3.879,PASS,continuous_reference_residual_valid_optimizer_reported_non_success,0,CONTINUE
4.239,RPRA,2,2,3.879,0.417,85.19609891077744,PRESERVING,3.462,PASS,continuous_reference_residual_valid_optimizer_reported_success,0,CONTINUE
4.239,RPRA,3,1,3.462,0.362,99.88995983826324,PRESERVING,3.1,PASS,exact_terminal_equality,0,TERMINAL_REACHED
4.24,RPRA,1,3,4.24,0.36,50.604626947353346,PRESERVING,3.88,PASS,continuous_reference_residual_valid_optimizer_reported_non_success,0,CONTINUE
4.24,RPRA,2,2,3.88,0.418,85.4455931779275,PRESERVING,3.462,PASS,continuous_reference_residual_valid_optimizer_reported_success,0,CONTINUE
4.24,RPRA,3,1,3.462,0.362,99.88995983826324,PRESERVING,3.1,PASS,exact_terminal_equality,0,TERMINAL_REACHED
4.241,RPRA,1,3,4.241,0.36,50.56551981852196,PRESERVING,3.881,PASS,continuous_reference_residual_valid_optimizer_reported_success,0,CONTINUE
4.241,RPRA,2,2,3.881,0.419,85.69524110919524,PRESERVING,3.462,PASS,continuous_reference_residual_valid_optimizer_reported_success,0,CONTINUE
4.241,RPRA,3,1,3.462,0.362,99.88995983826324,PRESERVING,3.1,PASS,exact_terminal_equality,0,TERMINAL_REACHED
4.242,RPRA,1,3,4.242,0.36,50.526452975167395,PRESERVING,3.882,PASS,continuous_reference_residual_valid_optimizer_reported_non_success,0,CONTINUE
4.242,RPRA,2,2,3.882,0.42,85.94504247624963,PRESERVING,3.462,PASS,continuous_reference_residual_valid_optimizer_reported_success,0,CONTINUE
4.242,RPRA,3,1,3.462,0.362,99.88995983826324,PRESERVING,3.1,PASS,exact_terminal_equality,0,TERMINAL_REACHED
4.243,RPRA,1,3,4.243,0.36,50.487426365428945,PRESERVING,3.883,PASS,continuous_reference_residual_valid_optimizer_reported_non_success,0,CONTINUE
4.243,RPRA,2,2,3.883,0.421,86.19499705154597,PRESERVING,3.462,PASS,continuous_reference_residual_valid_optimizer_reported_success,0,CONTINUE
4.243,RPRA,3,1,3.462,0.362,99.88995983826324,PRESERVING,3.1,PASS,exact_terminal_equality,0,TERMINAL_REACHED
4.244,RPRA,1,3,4.244,0.36,50.44843993752582,PRESERVING,3.884,PASS,continuous_reference_residual_valid_optimizer_reported_success,0,CONTINUE
4.244,RPRA,2,2,3.884,0.422,86.44510460832083,PRESERVING,3.462,PASS,continuous_reference_residual_valid_optimizer_reported_success,0,CONTINUE
4.244,RPRA,3,1,3.462,0.362,99.88995983826324,PRESERVING,3.1,PASS,exact_terminal_equality,0,TERMINAL_REACHED
4.245,RPRA,1,3,4.245,0.36,50.40949363975729,PRESERVING,3.885,PASS,continuous_reference_residual_valid_optimizer_reported_success,0,CONTINUE
4.245,RPRA,2,2,3.885,0.423,86.69536492058897,PRESERVING,3.462,PASS,continuous_reference_residual_valid_optimizer_reported_success,0,CONTINUE
4.245,RPRA,3,1,3.462,0.362,99.88995983826324,PRESERVING,3.1,PASS,exact_terminal_equality,0,TERMINAL_REACHED
4.246,RPRA,1,3,4.246,0.36,50.37058742050237,PRESERVING,3.886,PASS,continuous_reference_residual_valid_optimizer_reported_success,0,CONTINUE
4.246,RPRA,2,2,3.886,0.424,86.94577776313722,PRESERVING,3.462,PASS,continuous_reference_residual_valid_optimizer_reported_success,0,CONTINUE
4.246,RPRA,3,1,3.462,0.362,99.88995983826324,PRESERVING,3.1,PASS,exact_terminal_equality,0,TERMINAL_REACHED
4.247,RPRA,1,3,4.247,0.36,50.3317212282198,PRESERVING,3.887,PASS,continuous_reference_residual_valid_optimizer_reported_success,0,CONTINUE
4.247,RPRA,2,2,3.887,0.425,87.19634291152094,PRESERVING,3.462,PASS,continuous_reference_residual_valid_optimizer_reported_success,0,CONTINUE
4.247,RPRA,3,1,3.462,0.362,99.88995983826324,PRESERVING,3.1,PASS,exact_terminal_equality,0,TERMINAL_REACHED
4.248,RPRA,1,3,4.248,0.36,50.29289501144779,PRESERVING,3.888,PASS,continuous_reference_residual_valid_optimizer_reported_success,0,CONTINUE
4.248,RPRA,2,2,3.888,0.426,87.4470601420588,PRESERVING,3.462,PASS,continuous_reference_residual_valid_optimizer_reported_success,0,CONTINUE
4.248,RPRA,3,1,3.462,0.362,99.88995983826324,PRESERVING,3.1,PASS,exact_terminal_equality,0,TERMINAL_REACHED
4.249,RPRA,1,3,4.249,0.36,50.25410871880395,PRESERVING,3.889,PASS,continuous_reference_residual_valid_optimizer_reported_success,0,CONTINUE
4.249,RPRA,2,2,3.889,0.427,87.69792923182924,PRESERVING,3.462,PASS,continuous_reference_residual_valid_optimizer_reported_success,0,CONTINUE
4.249,RPRA,3,1,3.462,0.362,99.88995983826324,PRESERVING,3.1,PASS,exact_terminal_equality,0,TERMINAL_REACHED
4.25,RPRA,1,3,4.25,0.36,50.215362298985056,PRESERVING,3.89,PASS,continuous_reference_residual_valid_optimizer_reported_success,0,CONTINUE
4.25,RPRA,2,2,3.89,0.428,87.94894995866426,PRESERVING,3.462,PASS,continuous_reference_residual_valid_optimizer_reported_success,0,CONTINUE
4.25,RPRA,3,1,3.462,0.362,99.88995983826324,PRESERVING,3.1,PASS,exact_terminal_equality,0,TERMINAL_REACHED
4.251,RPRA,1,3,4.251,0.36,50.17665570076711,PRESERVING,3.891,PASS,continuous_reference_residual_valid_optimizer_reported_non_success,0,CONTINUE
4.251,RPRA,2,2,3.891,0.429,88.2001221011473,PRESERVING,3.462,PASS,continuous_reference_residual_valid_optimizer_reported_success,0,CONTINUE
4.251,RPRA,3,1,3.462,0.362,99.88995983826324,PRESERVING,3.1,PASS,exact_terminal_equality,0,TERMINAL_REACHED
4.252,RPRA,1,3,4.252,0.36,50.13798887300495,PRESERVING,3.892,PASS,continuous_reference_residual_valid_optimizer_reported_success,0,CONTINUE
4.252,RPRA,2,2,3.892,0.43,88.45144543860756,PRESERVING,3.462,PASS,continuous_reference_residual_valid_optimizer_reported_success,0,CONTINUE
4.252,RPRA,3,1,3.462,0.362,99.88995983826324,PRESERVING,3.1,PASS,exact_terminal_equality,0,TERMINAL_REACHED
4.253,RPRA,1,3,4.253,0.36,50.09936176463223,PRESERVING,3.893,PASS,continuous_reference_residual_valid_optimizer_reported_non_success,0,CONTINUE
4.253,RPRA,2,2,3.893,0.431,88.70291975111599,PRESERVING,3.462,PASS,continuous_reference_residual_valid_optimizer_reported_success,0,CONTINUE
4.253,RPRA,3,1,3.462,0.362,99.88995983826324,PRESERVING,3.1,PASS,exact_terminal_equality,0,TERMINAL_REACHED
4.254,RPRA,1,3,4.254,0.36,50.06077432466129,PRESERVING,3.894,PASS,continuous_reference_residual_valid_optimizer_reported_success,0,CONTINUE
4.254,RPRA,2,2,3.894,0.432,88.95454481948096,PRESERVING,3.462,PASS,continuous_reference_residual_valid_optimizer_reported_success,0,CONTINUE
4.254,RPRA,3,1,3.462,0.362,99.88995983826324,PRESERVING,3.1,PASS,exact_terminal_equality,0,TERMINAL_REACHED
4.255,RPRA,1,3,4.255,0.36,50.02222650218303,PRESERVING,3.895,PASS,continuous_reference_residual_valid_optimizer_reported_success,0,CONTINUE
4.255,RPRA,2,2,3.895,0.433,89.20632042524421,PRESERVING,3.462,PASS,continuous_reference_residual_valid_optimizer_reported_success,0,CONTINUE
4.255,RPRA,3,1,3.462,0.362,99.88995983826324,PRESERVING,3.1,PASS,exact_terminal_equality,0,TERMINAL_REACHED
4.256,RPRA,1,3,4.256,0.36,49.983718246366685,PRESERVING,3.896,PASS,continuous_reference_residual_valid_optimizer_reported_success,0,CONTINUE
4.256,RPRA,2,2,3.896,0.434,89.45824635067578,PRESERVING,3.462,PASS,continuous_reference_residual_valid_optimizer_reported_success,0,CONTINUE
4.256,RPRA,3,1,3.462,0.362,99.88995983826324,PRESERVING,3.1,PASS,exact_terminal_equality,0,TERMINAL_REACHED
4.257,RPRA,1,3,4.257,0.36,49.94524950645972,PRESERVING,3.897,PASS,continuous_reference_residual_valid_optimizer_reported_success,0,CONTINUE
4.257,RPRA,2,2,3.897,0.435,89.71032237877122,PRESERVING,3.462,PASS,continuous_reference_residual_valid_optimizer_reported_success,0,CONTINUE
4.257,RPRA,3,1,3.462,0.362,99.88995983826324,PRESERVING,3.1,PASS,exact_terminal_equality,0,TERMINAL_REACHED
4.258,RPRA,1,3,4.258,0.36,49.906820231787734,PRESERVING,3.898,PASS,continuous_reference_residual_valid_optimizer_reported_success,0,CONTINUE
4.258,RPRA,2,2,3.898,0.436,89.96254829324664,PRESERVING,3.462,PASS,continuous_reference_residual_valid_optimizer_reported_success,0,CONTINUE
4.258,RPRA,3,1,3.462,0.362,99.88995983826324,PRESERVING,3.1,PASS,exact_terminal_equality,0,TERMINAL_REACHED
4.259,RPRA,1,3,4.259,0.36,49.86843037175427,PRESERVING,3.899,PASS,continuous_reference_residual_valid_optimizer_reported_success,0,CONTINUE
4.259,RPRA,2,2,3.899,0.437,90.21492387853463,PRESERVING,3.462,PASS,continuous_reference_residual_valid_optimizer_reported_success,0,CONTINUE
4.259,RPRA,3,1,3.462,0.362,99.88995983826324,PRESERVING,3.1,PASS,exact_terminal_equality,0,TERMINAL_REACHED
4.26,RPRA,1,3,4.26,0.36,49.83007987584073,PRESERVING,3.9,PASS,continuous_reference_residual_valid_optimizer_reported_non_success,0,CONTINUE
4.26,RPRA,2,2,3.9,0.438,90.46744891978027,PRESERVING,3.462,PASS,continuous_reference_residual_valid_optimizer_reported_success,0,CONTINUE
4.26,RPRA,3,1,3.462,0.362,99.88995983826324,PRESERVING,3.1,PASS,exact_terminal_equality,0,TERMINAL_REACHED
4.261,RPRA,1,3,4.261,0.36,49.79176869360613,PRESERVING,3.901,PASS,continuous_reference_residual_valid_optimizer_reported_success,0,CONTINUE
4.261,RPRA,2,2,3.901,0.439,90.72012320283744,PRESERVING,3.462,PASS,continuous_reference_residual_valid_optimizer_reported_success,0,CONTINUE
4.261,RPRA,3,1,3.462,0.362,99.88995983826324,PRESERVING,3.1,PASS,exact_terminal_equality,0,TERMINAL_REACHED
4.262,RPRA,1,3,4.262,0.36,49.75349677468705,PRESERVING,3.902,PASS,continuous_reference_residual_valid_optimizer_reported_success,0,CONTINUE
4.262,RPRA,2,2,3.902,0.44,90.97294651426347,PRESERVING,3.462,PASS,continuous_reference_residual_valid_optimizer_reported_success,0,CONTINUE
4.262,RPRA,3,1,3.462,0.362,99.88995983826324,PRESERVING,3.1,PASS,exact_terminal_equality,0,TERMINAL_REACHED
4.263,RPRA,1,3,4.263,0.36,49.71526406879751,PRESERVING,3.903,PASS,continuous_reference_residual_valid_optimizer_reported_non_success,0,CONTINUE
4.263,RPRA,2,2,3.903,0.441,91.22591864131715,PRESERVING,3.462,PASS,continuous_reference_residual_valid_optimizer_reported_success,0,CONTINUE
4.263,RPRA,3,1,3.462,0.362,99.88995983826324,PRESERVING,3.1,PASS,exact_terminal_equality,0,TERMINAL_REACHED
4.264,RPRA,1,3,4.264,0.36,49.67707052572877,PRESERVING,3.904,PASS,continuous_reference_residual_valid_optimizer_reported_success,0,CONTINUE
4.264,RPRA,2,2,3.904,0.442,91.47903937195336,PRESERVING,3.462,PASS,continuous_reference_residual_valid_optimizer_reported_success,0,CONTINUE
4.264,RPRA,3,1,3.462,0.362,99.88995983826324,PRESERVING,3.1,PASS,exact_terminal_equality,0,TERMINAL_REACHED
4.265,RPRA,1,3,4.265,0.36,49.638916095349224,PRESERVING,3.905,PASS,continuous_reference_residual_valid_optimizer_reported_success,0,CONTINUE
4.265,RPRA,2,2,3.905,0.443,91.73230849481963,PRESERVING,3.462,PASS,continuous_reference_residual_valid_optimizer_reported_success,0,CONTINUE
4.265,RPRA,3,1,3.462,0.362,99.88995983826324,PRESERVING,3.1,PASS,exact_terminal_equality,0,TERMINAL_REACHED
4.266,RPRA,1,3,4.266,0.36,49.60080072760419,PRESERVING,3.906,PASS,continuous_reference_residual_valid_optimizer_reported_non_success,0,CONTINUE
4.266,RPRA,2,2,3.906,0.444,91.98572579925235,PRESERVING,3.462,PASS,continuous_reference_residual_valid_optimizer_reported_success,0,CONTINUE
4.266,RPRA,3,1,3.462,0.362,99.88995983826324,PRESERVING,3.1,PASS,exact_terminal_equality,0,TERMINAL_REACHED
4.267,RPRA,1,3,4.267,0.36,49.56272437251595,PRESERVING,3.907,PASS,continuous_reference_residual_valid_optimizer_reported_non_success,0,CONTINUE
4.267,RPRA,2,2,3.907,0.445,92.23929107527286,PRESERVING,3.462,PASS,continuous_reference_residual_valid_optimizer_reported_success,0,CONTINUE
4.267,RPRA,3,1,3.462,0.362,99.88995983826324,PRESERVING,3.1,PASS,exact_terminal_equality,0,TERMINAL_REACHED
4.268,RPRA,1,3,4.268,0.36,49.52468698018341,PRESERVING,3.908,PASS,continuous_reference_residual_valid_optimizer_reported_success,0,CONTINUE
4.268,RPRA,2,2,3.908,0.446,92.49300411358249,PRESERVING,3.462,PASS,continuous_reference_residual_valid_optimizer_reported_success,0,CONTINUE
4.268,RPRA,3,1,3.462,0.362,99.88995983826324,PRESERVING,3.1,PASS,exact_terminal_equality,0,TERMINAL_REACHED
4.269,RPRA,1,3,4.269,0.36,49.48668850078208,PRESERVING,3.909,PASS,continuous_reference_residual_valid_optimizer_reported_success,0,CONTINUE
4.269,RPRA,2,2,3.909,0.447,92.7468647055612,PRESERVING,3.462,PASS,continuous_reference_residual_valid_optimizer_reported_success,0,CONTINUE
4.269,RPRA,3,1,3.462,0.362,99.88995983826324,PRESERVING,3.1,PASS,exact_terminal_equality,0,TERMINAL_REACHED
4.27,RPRA,1,3,4.27,0.36,49.4487288845639,PRESERVING,3.91,PASS,continuous_reference_residual_valid_optimizer_reported_non_success,0,CONTINUE
4.27,RPRA,2,2,3.91,0.448,93.00087264326154,PRESERVING,3.462,PASS,continuous_reference_residual_valid_optimizer_reported_success,0,CONTINUE
4.27,RPRA,3,1,3.462,0.362,99.88995983826324,PRESERVING,3.1,PASS,exact_terminal_equality,0,TERMINAL_REACHED
4.271,RPRA,1,3,4.271,0.36,49.41080808185711,PRESERVING,3.911,PASS,continuous_reference_residual_valid_optimizer_reported_success,0,CONTINUE
4.271,RPRA,2,2,3.911,0.449,93.2550277194063,PRESERVING,3.462,PASS,continuous_reference_residual_valid_optimizer_reported_success,0,CONTINUE
4.271,RPRA,3,1,3.462,0.362,99.88995983826324,PRESERVING,3.1,PASS,exact_terminal_equality,0,TERMINAL_REACHED
4.272,RPRA,1,3,4.272,0.36,49.37292604306616,PRESERVING,3.912,PASS,continuous_reference_residual_valid_optimizer_reported_non_success,0,CONTINUE
4.272,RPRA,2,2,3.912,0.45,93.509329727384,PRESERVING,3.462,PASS,continuous_reference_residual_valid_optimizer_reported_success,0,CONTINUE
4.272,RPRA,3,1,3.462,0.362,99.88995983826324,PRESERVING,3.1,PASS,exact_terminal_equality,0,TERMINAL_REACHED
4.273,RPRA,1,3,4.273,0.36,49.335082718671444,PRESERVING,3.913,PASS,continuous_reference_residual_valid_optimizer_reported_success,0,CONTINUE
4.273,RPRA,2,2,3.913,0.451,93.76377846124589,PRESERVING,3.462,PASS,continuous_reference_residual_valid_optimizer_reported_success,0,CONTINUE
4.273,RPRA,3,1,3.462,0.362,99.88995983826324,PRESERVING,3.1,PASS,exact_terminal_equality,0,TERMINAL_REACHED
4.274,RPRA,1,3,4.274,0.36,49.29727805922929,PRESERVING,3.914,PASS,continuous_reference_residual_valid_optimizer_reported_non_success,0,CONTINUE
4.274,RPRA,2,2,3.914,0.452,94.01837371570092,PRESERVING,3.462,PASS,continuous_reference_residual_valid_optimizer_reported_success,0,CONTINUE
4.274,RPRA,3,1,3.462,0.362,99.88995983826324,PRESERVING,3.1,PASS,exact_terminal_equality,0,TERMINAL_REACHED
4.275,RPRA,1,3,4.275,0.36,49.25951201537183,PRESERVING,3.915,PASS,continuous_reference_residual_valid_optimizer_reported_success,0,CONTINUE
4.275,RPRA,2,2,3.915,0.453,94.27311528611429,PRESERVING,3.462,PASS,continuous_reference_residual_valid_optimizer_reported_success,0,CONTINUE
4.275,RPRA,3,1,3.462,0.362,99.88995983826324,PRESERVING,3.1,PASS,exact_terminal_equality,0,TERMINAL_REACHED
4.276,RPRA,1,3,4.276,0.36,49.221784537806734,PRESERVING,3.916,PASS,continuous_reference_residual_valid_optimizer_reported_success,0,CONTINUE
4.276,RPRA,2,2,3.916,0.454,94.52800296850185,PRESERVING,3.462,PASS,continuous_reference_residual_valid_optimizer_reported_success,0,CONTINUE
4.276,RPRA,3,1,3.462,0.362,99.88995983826324,PRESERVING,3.1,PASS,exact_terminal_equality,0,TERMINAL_REACHED
4.277,RPRA,1,3,4.277,0.36,49.18409557731721,PRESERVING,3.917,PASS,continuous_reference_residual_valid_optimizer_reported_success,0,CONTINUE
4.277,RPRA,2,2,3.917,0.455,94.78303655952801,PRESERVING,3.462,PASS,continuous_reference_residual_valid_optimizer_reported_success,0,CONTINUE
4.277,RPRA,3,1,3.462,0.362,99.88995983826324,PRESERVING,3.1,PASS,exact_terminal_equality,0,TERMINAL_REACHED
4.278,RPRA,1,3,4.278,0.36,49.14644508476175,PRESERVING,3.918,PASS,continuous_reference_residual_valid_optimizer_reported_non_success,0,CONTINUE
4.278,RPRA,2,2,3.918,0.456,95.03821585650113,PRESERVING,3.462,PASS,continuous_reference_residual_valid_optimizer_reported_success,0,CONTINUE
4.278,RPRA,3,1,3.462,0.362,99.88995983826324,PRESERVING,3.1,PASS,exact_terminal_equality,0,TERMINAL_REACHED
4.279,RPRA,1,3,4.279,0.36,49.108833011074196,PRESERVING,3.919,PASS,continuous_reference_residual_valid_optimizer_reported_success,0,CONTINUE
4.279,RPRA,2,2,3.919,0.457,95.29354065737094,PRESERVING,3.462,PASS,continuous_reference_residual_valid_optimizer_reported_success,0,CONTINUE
4.279,RPRA,3,1,3.462,0.362,99.88995983826324,PRESERVING,3.1,PASS,exact_terminal_equality,0,TERMINAL_REACHED
4.28,RPRA,1,3,4.28,0.36,49.071259307263354,PRESERVING,3.92,PASS,continuous_reference_residual_valid_optimizer_reported_success,0,CONTINUE
4.28,RPRA,2,2,3.92,0.458,95.54901076072348,PRESERVING,3.462,PASS,continuous_reference_residual_valid_optimizer_reported_success,0,CONTINUE
4.28,RPRA,3,1,3.462,0.362,99.88995983826324,PRESERVING,3.1,PASS,exact_terminal_equality,0,TERMINAL_REACHED
4.281,RPRA,1,3,4.281,0.36,49.03372392441303,PRESERVING,3.921,PASS,continuous_reference_residual_valid_optimizer_reported_success,0,CONTINUE
4.281,RPRA,2,2,3.921,0.459,95.80462596577969,PRESERVING,3.462,PASS,continuous_reference_residual_valid_optimizer_reported_success,0,CONTINUE
4.281,RPRA,3,1,3.462,0.362,99.88995983826324,PRESERVING,3.1,PASS,exact_terminal_equality,0,TERMINAL_REACHED
4.282,RPRA,1,3,4.282,0.36,48.99622681368178,PRESERVING,3.922,PASS,continuous_reference_residual_valid_optimizer_reported_success,0,CONTINUE
4.282,RPRA,2,2,3.922,0.46,96.06038607239064,PRESERVING,3.462,PASS,continuous_reference_residual_valid_optimizer_reported_success,0,CONTINUE
4.282,RPRA,3,1,3.462,0.362,99.88995983826324,PRESERVING,3.1,PASS,exact_terminal_equality,0,TERMINAL_REACHED
4.283,RPRA,1,3,4.283,0.36,48.958767926302954,PRESERVING,3.923,PASS,continuous_reference_residual_valid_optimizer_reported_success,0,CONTINUE
4.283,RPRA,2,2,3.923,0.461,96.31629088103482,PRESERVING,3.462,PASS,continuous_reference_residual_valid_optimizer_reported_success,0,CONTINUE
4.283,RPRA,3,1,3.462,0.362,99.88995983826324,PRESERVING,3.1,PASS,exact_terminal_equality,0,TERMINAL_REACHED
4.284,RPRA,1,3,4.284,0.36,48.92134721358435,PRESERVING,3.924,PASS,continuous_reference_residual_valid_optimizer_reported_success,0,CONTINUE
4.284,RPRA,2,2,3.924,0.462,96.57234019281397,PRESERVING,3.462,PASS,continuous_reference_residual_valid_optimizer_reported_success,0,CONTINUE
4.284,RPRA,3,1,3.462,0.362,99.88995983826324,PRESERVING,3.1,PASS,exact_terminal_equality,0,TERMINAL_REACHED
4.285,RPRA,1,3,4.285,0.36,48.88396462690824,PRESERVING,3.925,PASS,continuous_reference_residual_valid_optimizer_reported_success,0,CONTINUE
4.285,RPRA,2,2,3.925,0.463,96.82853380945079,PRESERVING,3.462,PASS,continuous_reference_residual_valid_optimizer_reported_success,0,CONTINUE
4.285,RPRA,3,1,3.462,0.362,99.88995983826324,PRESERVING,3.1,PASS,exact_terminal_equality,0,TERMINAL_REACHED
4.286,RPRA,1,3,4.286,0.36,48.84662011773112,PRESERVING,3.926,PASS,continuous_reference_residual_valid_optimizer_reported_success,0,CONTINUE
4.286,RPRA,2,2,3.926,0.464,97.08487153328383,PRESERVING,3.462,PASS,continuous_reference_residual_valid_optimizer_reported_success,0,CONTINUE
4.286,RPRA,3,1,3.462,0.362,99.88995983826324,PRESERVING,3.1,PASS,exact_terminal_equality,0,TERMINAL_REACHED
4.287,RPRA,1,3,4.287,0.36,48.80931363758369,PRESERVING,3.927,PASS,continuous_reference_residual_valid_optimizer_reported_success,0,CONTINUE
4.287,RPRA,2,2,3.927,0.465,97.34135316726643,PRESERVING,3.462,PASS,continuous_reference_residual_valid_optimizer_reported_success,0,CONTINUE
4.287,RPRA,3,1,3.462,0.362,99.88995983826324,PRESERVING,3.1,PASS,exact_terminal_equality,0,TERMINAL_REACHED
4.288,RPRA,1,3,4.288,0.36,48.77204513807068,PRESERVING,3.928,PASS,continuous_reference_residual_valid_optimizer_reported_success,0,CONTINUE
4.288,RPRA,2,2,3.928,0.466,97.59797851496218,PRESERVING,3.462,PASS,continuous_reference_residual_valid_optimizer_reported_success,0,CONTINUE
4.288,RPRA,3,1,3.462,0.362,99.88995983826324,PRESERVING,3.1,PASS,exact_terminal_equality,0,TERMINAL_REACHED
4.289,RPRA,1,3,4.289,0.36,48.73481457087064,PRESERVING,3.929,PASS,continuous_reference_residual_valid_optimizer_reported_success,0,CONTINUE
4.289,RPRA,2,2,3.929,0.467,97.85474738054164,PRESERVING,3.462,PASS,continuous_reference_residual_valid_optimizer_reported_success,0,CONTINUE
4.289,RPRA,3,1,3.462,0.362,99.88995983826324,PRESERVING,3.1,PASS,exact_terminal_equality,0,TERMINAL_REACHED
4.29,RPRA,1,3,4.29,0.36,48.69762188773589,PRESERVING,3.93,PASS,continuous_reference_residual_valid_optimizer_reported_non_success,0,CONTINUE
4.29,RPRA,2,2,3.93,0.468,98.11165956877946,PRESERVING,3.462,PASS,continuous_reference_residual_valid_optimizer_reported_success,0,CONTINUE
4.29,RPRA,3,1,3.462,0.362,99.88995983826324,PRESERVING,3.1,PASS,exact_terminal_equality,0,TERMINAL_REACHED
4.291,RPRA,1,3,4.291,0.36,48.660467040492456,PRESERVING,3.931,PASS,continuous_reference_residual_valid_optimizer_reported_success,0,CONTINUE
4.291,RPRA,2,2,3.931,0.469,98.36871488505142,PRESERVING,3.462,PASS,continuous_reference_residual_valid_optimizer_reported_success,0,CONTINUE
4.291,RPRA,3,1,3.462,0.362,99.88995983826324,PRESERVING,3.1,PASS,exact_terminal_equality,0,TERMINAL_REACHED
4.292,RPRA,1,3,4.292,0.36,48.62334998103975,PRESERVING,3.932,PASS,continuous_reference_residual_valid_optimizer_reported_success,0,CONTINUE
4.292,RPRA,2,2,3.932,0.47,98.62591313532941,PRESERVING,3.462,PASS,continuous_reference_residual_valid_optimizer_reported_success,0,CONTINUE
4.292,RPRA,3,1,3.462,0.362,99.88995983826324,PRESERVING,3.1,PASS,exact_terminal_equality,0,TERMINAL_REACHED
4.293,RPRA,1,3,4.293,0.36,48.586270661350575,PRESERVING,3.933,PASS,continuous_reference_residual_valid_optimizer_reported_success,0,CONTINUE
4.293,RPRA,2,2,3.933,0.471,98.88325412618143,PRESERVING,3.462,PASS,continuous_reference_residual_valid_optimizer_reported_success,0,CONTINUE
4.293,RPRA,3,1,3.462,0.362,99.88995983826324,PRESERVING,3.1,PASS,exact_terminal_equality,0,TERMINAL_REACHED
4.294,RPRA,1,3,4.294,0.36,48.549229033471015,PRESERVING,3.934,PASS,continuous_reference_residual_valid_optimizer_reported_success,0,CONTINUE
4.294,RPRA,2,2,3.934,0.472,99.1407376647659,PRESERVING,3.462,PASS,continuous_reference_residual_valid_optimizer_reported_success,0,CONTINUE
4.294,RPRA,3,1,3.462,0.362,99.88995983826324,PRESERVING,3.1,PASS,exact_terminal_equality,0,TERMINAL_REACHED
4.295,RPRA,1,3,4.295,0.36,48.51222504952019,PRESERVING,3.935,PASS,continuous_reference_residual_valid_optimizer_reported_success,0,CONTINUE
4.295,RPRA,2,2,3.935,0.473,99.3983635588295,PRESERVING,3.462,PASS,continuous_reference_residual_valid_optimizer_reported_success,0,CONTINUE
4.295,RPRA,3,1,3.462,0.362,99.88995983826324,PRESERVING,3.1,PASS,exact_terminal_equality,0,TERMINAL_REACHED
4.296,RPRA,1,3,4.296,0.36,48.47525866169025,PRESERVING,3.936,PASS,continuous_reference_residual_valid_optimizer_reported_success,0,CONTINUE
4.296,RPRA,2,2,3.936,0.474,99.65613161670426,PRESERVING,3.462,PASS,continuous_reference_residual_valid_optimizer_reported_success,0,CONTINUE
4.296,RPRA,3,1,3.462,0.362,99.88995983826324,PRESERVING,3.1,PASS,exact_terminal_equality,0,TERMINAL_REACHED
4.297,RPRA,1,3,4.297,0.36,48.43832982224611,PRESERVING,3.937,PASS,continuous_reference_residual_valid_optimizer_reported_success,0,CONTINUE
4.297,RPRA,2,2,3.937,0.475,99.91404164730385,PRESERVING,3.462,PASS,continuous_reference_residual_valid_optimizer_reported_success,0,CONTINUE
4.297,RPRA,3,1,3.462,0.362,99.88995983826324,PRESERVING,3.1,PASS,exact_terminal_equality,0,TERMINAL_REACHED
4.298,RPRA,1,3,4.298,0.361,48.60174512994904,PRESERVING,3.937,PASS,continuous_reference_residual_valid_optimizer_reported_success,0,CONTINUE
4.298,RPRA,2,2,3.937,0.475,99.91404164730385,PRESERVING,3.462,PASS,continuous_reference_residual_valid_optimizer_reported_success,0,CONTINUE
4.298,RPRA,3,1,3.462,0.362,99.88995983826324,PRESERVING,3.1,PASS,exact_terminal_equality,0,TERMINAL_REACHED
4.299,RPRA,1,3,4.299,0.362,48.76527477442611,PRESERVING,3.937,PASS,continuous_reference_residual_valid_optimizer_reported_success,0,CONTINUE
4.299,RPRA,2,2,3.937,0.475,99.91404164730385,PRESERVING,3.462,PASS,continuous_reference_residual_valid_optimizer_reported_success,0,CONTINUE
4.299,RPRA,3,1,3.462,0.362,99.88995983826324,PRESERVING,3.1,PASS,exact_terminal_equality,0,TERMINAL_REACHED
4.3,RPRA,1,3,4.3,0.363,48.92891856370746,PRESERVING,3.937,PASS,continuous_reference_residual_valid_optimizer_reported_success,0,CONTINUE
4.3,RPRA,2,2,3.937,0.475,99.91404164730385,PRESERVING,3.462,PASS,continuous_reference_residual_valid_optimizer_reported_success,0,CONTINUE
4.3,RPRA,3,1,3.462,0.362,99.88995983826324,PRESERVING,3.1,PASS,exact_terminal_equality,0,TERMINAL_REACHED
4.301,RPRA,1,3,4.301,0.364,49.09267630659239,PRESERVING,3.937,PASS,continuous_reference_residual_valid_optimizer_reported_success,0,CONTINUE
4.301,RPRA,2,2,3.937,0.475,99.91404164730385,PRESERVING,3.462,PASS,continuous_reference_residual_valid_optimizer_reported_success,0,CONTINUE
4.301,RPRA,3,1,3.462,0.362,99.88995983826324,PRESERVING,3.1,PASS,exact_terminal_equality,0,TERMINAL_REACHED
4.302,RPRA,1,3,4.302,0.365,49.256547812644115,PRESERVING,3.937,PASS,continuous_reference_residual_valid_optimizer_reported_success,0,CONTINUE
4.302,RPRA,2,2,3.937,0.475,99.91404164730385,PRESERVING,3.462,PASS,continuous_reference_residual_valid_optimizer_reported_success,0,CONTINUE
4.302,RPRA,3,1,3.462,0.362,99.88995983826324,PRESERVING,3.1,PASS,exact_terminal_equality,0,TERMINAL_REACHED
4.303,RPRA,1,3,4.303,0.366,49.42053289218462,PRESERVING,3.937,PASS,continuous_reference_residual_valid_optimizer_reported_success,0,CONTINUE
4.303,RPRA,2,2,3.937,0.475,99.91404164730385,PRESERVING,3.462,PASS,continuous_reference_residual_valid_optimizer_reported_success,0,CONTINUE
4.303,RPRA,3,1,3.462,0.362,99.88995983826324,PRESERVING,3.1,PASS,exact_terminal_equality,0,TERMINAL_REACHED
4.304,RPRA,1,3,4.304,0.367,49.584631356289556,PRESERVING,3.937,PASS,continuous_reference_residual_valid_optimizer_reported_success,0,CONTINUE
4.304,RPRA,2,2,3.937,0.475,99.91404164730385,PRESERVING,3.462,PASS,continuous_reference_residual_valid_optimizer_reported_success,0,CONTINUE
4.304,RPRA,3,1,3.462,0.362,99.88995983826324,PRESERVING,3.1,PASS,exact_terminal_equality,0,TERMINAL_REACHED
4.305,RPRA,1,3,4.305,0.368,49.74884301678238,PRESERVING,3.937,PASS,continuous_reference_residual_valid_optimizer_reported_success,0,CONTINUE
4.305,RPRA,2,2,3.937,0.475,99.91404164730385,PRESERVING,3.462,PASS,continuous_reference_residual_valid_optimizer_reported_success,0,CONTINUE
4.305,RPRA,3,1,3.462,0.362,99.88995983826324,PRESERVING,3.1,PASS,exact_terminal_equality,0,TERMINAL_REACHED
4.306,RPRA,1,3,4.306,0.369,49.913167686230615,PRESERVING,3.937,PASS,continuous_reference_residual_valid_optimizer_reported_success,0,CONTINUE
4.306,RPRA,2,2,3.937,0.475,99.91404164730385,PRESERVING,3.462,PASS,continuous_reference_residual_valid_optimizer_reported_success,0,CONTINUE
4.306,RPRA,3,1,3.462,0.362,99.88995983826324,PRESERVING,3.1,PASS,exact_terminal_equality,0,TERMINAL_REACHED
4.307,RPRA,1,3,4.307,0.37,50.07760517793986,PRESERVING,3.937,PASS,continuous_reference_residual_valid_optimizer_reported_success,0,CONTINUE
4.307,RPRA,2,2,3.937,0.475,99.91404164730385,PRESERVING,3.462,PASS,continuous_reference_residual_valid_optimizer_reported_success,0,CONTINUE
4.307,RPRA,3,1,3.462,0.362,99.88995983826324,PRESERVING,3.1,PASS,exact_terminal_equality,0,TERMINAL_REACHED
4.308,RPRA,1,3,4.308,0.371,50.2421553059494,PRESERVING,3.937,PASS,continuous_reference_residual_valid_optimizer_reported_success,0,CONTINUE
4.308,RPRA,2,2,3.937,0.475,99.91404164730385,PRESERVING,3.462,PASS,continuous_reference_residual_valid_optimizer_reported_success,0,CONTINUE
4.308,RPRA,3,1,3.462,0.362,99.88995983826324,PRESERVING,3.1,PASS,exact_terminal_equality,0,TERMINAL_REACHED
4.309,RPRA,1,3,4.309,0.372,50.40681788502673,PRESERVING,3.937,PASS,continuous_reference_residual_valid_optimizer_reported_success,0,CONTINUE
4.309,RPRA,2,2,3.937,0.475,99.91404164730385,PRESERVING,3.462,PASS,continuous_reference_residual_valid_optimizer_reported_success,0,CONTINUE
4.309,RPRA,3,1,3.462,0.362,99.88995983826324,PRESERVING,3.1,PASS,exact_terminal_equality,0,TERMINAL_REACHED
4.31,RPRA,1,3,4.31,0.373,50.571592730662694,PRESERVING,3.937,PASS,continuous_reference_residual_valid_optimizer_reported_success,0,CONTINUE
4.31,RPRA,2,2,3.937,0.475,99.91404164730385,PRESERVING,3.462,PASS,continuous_reference_residual_valid_optimizer_reported_success,0,CONTINUE
4.31,RPRA,3,1,3.462,0.362,99.88995983826324,PRESERVING,3.1,PASS,exact_terminal_equality,0,TERMINAL_REACHED
4.311,RPRA,1,3,4.311,0.374,50.73647965906746,PRESERVING,3.937,PASS,continuous_reference_residual_valid_optimizer_reported_success,0,CONTINUE
4.311,RPRA,2,2,3.937,0.475,99.91404164730385,PRESERVING,3.462,PASS,continuous_reference_residual_valid_optimizer_reported_success,0,CONTINUE
4.311,RPRA,3,1,3.462,0.362,99.88995983826324,PRESERVING,3.1,PASS,exact_terminal_equality,0,TERMINAL_REACHED
4.312,RPRA,1,3,4.312,0.375,50.90147848716503,PRESERVING,3.937,PASS,continuous_reference_residual_valid_optimizer_reported_success,0,CONTINUE
4.312,RPRA,2,2,3.937,0.475,99.91404164730385,PRESERVING,3.462,PASS,continuous_reference_residual_valid_optimizer_reported_success,0,CONTINUE
4.312,RPRA,3,1,3.462,0.362,99.88995983826324,PRESERVING,3.1,PASS,exact_terminal_equality,0,TERMINAL_REACHED
4.313,RPRA,1,3,4.313,0.376,51.066589032588475,PRESERVING,3.937,PASS,continuous_reference_residual_valid_optimizer_reported_success,0,CONTINUE
4.313,RPRA,2,2,3.937,0.475,99.91404164730385,PRESERVING,3.462,PASS,continuous_reference_residual_valid_optimizer_reported_success,0,CONTINUE
4.313,RPRA,3,1,3.462,0.362,99.88995983826324,PRESERVING,3.1,PASS,exact_terminal_equality,0,TERMINAL_REACHED
4.314,RPRA,1,3,4.314,0.377,51.23181111367573,PRESERVING,3.937,PASS,continuous_reference_residual_valid_optimizer_reported_success,0,CONTINUE
4.314,RPRA,2,2,3.937,0.475,99.91404164730385,PRESERVING,3.462,PASS,continuous_reference_residual_valid_optimizer_reported_success,0,CONTINUE
4.314,RPRA,3,1,3.462,0.362,99.88995983826324,PRESERVING,3.1,PASS,exact_terminal_equality,0,TERMINAL_REACHED
4.315,RPRA,1,3,4.315,0.378,51.39714454946439,PRESERVING,3.937,PASS,continuous_reference_residual_valid_optimizer_reported_success,0,CONTINUE
4.315,RPRA,2,2,3.937,0.475,99.91404164730385,PRESERVING,3.462,PASS,continuous_reference_residual_valid_optimizer_reported_success,0,CONTINUE
4.315,RPRA,3,1,3.462,0.362,99.88995983826324,PRESERVING,3.1,PASS,exact_terminal_equality,0,TERMINAL_REACHED
4.316,RPRA,1,3,4.316,0.379,51.56258915968789,PRESERVING,3.937,PASS,continuous_reference_residual_valid_optimizer_reported_success,0,CONTINUE
4.316,RPRA,2,2,3.937,0.475,99.91404164730385,PRESERVING,3.462,PASS,continuous_reference_residual_valid_optimizer_reported_success,0,CONTINUE
4.316,RPRA,3,1,3.462,0.362,99.88995983826324,PRESERVING,3.1,PASS,exact_terminal_equality,0,TERMINAL_REACHED
4.317,RPRA,1,3,4.317,0.38,51.72814476476946,PRESERVING,3.937,PASS,continuous_reference_residual_valid_optimizer_reported_success,0,CONTINUE
4.317,RPRA,2,2,3.937,0.475,99.91404164730385,PRESERVING,3.462,PASS,continuous_reference_residual_valid_optimizer_reported_success,0,CONTINUE
4.317,RPRA,3,1,3.462,0.362,99.88995983826324,PRESERVING,3.1,PASS,exact_terminal_equality,0,TERMINAL_REACHED
4.318,RPRA,1,3,4.318,0.381,51.893811185819246,PRESERVING,3.937,PASS,continuous_reference_residual_valid_optimizer_reported_success,0,CONTINUE
4.318,RPRA,2,2,3.937,0.475,99.91404164730385,PRESERVING,3.462,PASS,continuous_reference_residual_valid_optimizer_reported_success,0,CONTINUE
4.318,RPRA,3,1,3.462,0.362,99.88995983826324,PRESERVING,3.1,PASS,exact_terminal_equality,0,TERMINAL_REACHED
4.319,RPRA,1,3,4.319,0.382,52.05958824462927,PRESERVING,3.937,PASS,continuous_reference_residual_valid_optimizer_reported_success,0,CONTINUE
4.319,RPRA,2,2,3.937,0.475,99.91404164730385,PRESERVING,3.462,PASS,continuous_reference_residual_valid_optimizer_reported_success,0,CONTINUE
4.319,RPRA,3,1,3.462,0.362,99.88995983826324,PRESERVING,3.1,PASS,exact_terminal_equality,0,TERMINAL_REACHED
4.32,RPRA,1,3,4.32,0.383,52.225475763668435,PRESERVING,3.937,PASS,continuous_reference_residual_valid_optimizer_reported_success,0,CONTINUE
4.32,RPRA,2,2,3.937,0.475,99.91404164730385,PRESERVING,3.462,PASS,continuous_reference_residual_valid_optimizer_reported_success,0,CONTINUE
4.32,RPRA,3,1,3.462,0.362,99.88995983826324,PRESERVING,3.1,PASS,exact_terminal_equality,0,TERMINAL_REACHED
4.321,RPRA,1,3,4.321,0.384,52.391473566079156,PRESERVING,3.937,PASS,continuous_reference_residual_valid_optimizer_reported_success,0,CONTINUE
4.321,RPRA,2,2,3.937,0.475,99.91404164730385,PRESERVING,3.462,PASS,continuous_reference_residual_valid_optimizer_reported_success,0,CONTINUE
4.321,RPRA,3,1,3.462,0.362,99.88995983826324,PRESERVING,3.1,PASS,exact_terminal_equality,0,TERMINAL_REACHED
4.322,RPRA,1,3,4.322,0.385,52.55758147567137,PRESERVING,3.937,PASS,continuous_reference_residual_valid_optimizer_reported_success,0,CONTINUE
4.322,RPRA,2,2,3.937,0.475,99.91404164730385,PRESERVING,3.462,PASS,continuous_reference_residual_valid_optimizer_reported_success,0,CONTINUE
4.322,RPRA,3,1,3.462,0.362,99.88995983826324,PRESERVING,3.1,PASS,exact_terminal_equality,0,TERMINAL_REACHED
4.323,RPRA,1,3,4.323,0.386,52.72379931692007,PRESERVING,3.937,PASS,continuous_reference_residual_valid_optimizer_reported_success,0,CONTINUE
4.323,RPRA,2,2,3.937,0.475,99.91404164730385,PRESERVING,3.462,PASS,continuous_reference_residual_valid_optimizer_reported_success,0,CONTINUE
4.323,RPRA,3,1,3.462,0.362,99.88995983826324,PRESERVING,3.1,PASS,exact_terminal_equality,0,TERMINAL_REACHED
4.324,RPRA,1,3,4.324,0.387,52.89012691496022,PRESERVING,3.937,PASS,continuous_reference_residual_valid_optimizer_reported_success,0,CONTINUE
4.324,RPRA,2,2,3.937,0.475,99.91404164730385,PRESERVING,3.462,PASS,continuous_reference_residual_valid_optimizer_reported_success,0,CONTINUE
4.324,RPRA,3,1,3.462,0.362,99.88995983826324,PRESERVING,3.1,PASS,exact_terminal_equality,0,TERMINAL_REACHED
4.325,RPRA,1,3,4.325,0.388,53.0565640955821,PRESERVING,3.937,PASS,continuous_reference_residual_valid_optimizer_reported_success,0,CONTINUE
4.325,RPRA,2,2,3.937,0.475,99.91404164730385,PRESERVING,3.462,PASS,continuous_reference_residual_valid_optimizer_reported_success,0,CONTINUE
4.325,RPRA,3,1,3.462,0.362,99.88995983826324,PRESERVING,3.1,PASS,exact_terminal_equality,0,TERMINAL_REACHED
4.326,RPRA,1,3,4.326,0.389,53.22311068522777,PRESERVING,3.937,PASS,continuous_reference_residual_valid_optimizer_reported_success,0,CONTINUE
4.326,RPRA,2,2,3.937,0.475,99.91404164730385,PRESERVING,3.462,PASS,continuous_reference_residual_valid_optimizer_reported_success,0,CONTINUE
4.326,RPRA,3,1,3.462,0.362,99.88995983826324,PRESERVING,3.1,PASS,exact_terminal_equality,0,TERMINAL_REACHED
4.327,RPRA,1,3,4.327,0.39,53.38976651098664,PRESERVING,3.937,PASS,continuous_reference_residual_valid_optimizer_reported_success,0,CONTINUE
4.327,RPRA,2,2,3.937,0.475,99.91404164730385,PRESERVING,3.462,PASS,continuous_reference_residual_valid_optimizer_reported_success,0,CONTINUE
4.327,RPRA,3,1,3.462,0.362,99.88995983826324,PRESERVING,3.1,PASS,exact_terminal_equality,0,TERMINAL_REACHED
4.328,RPRA,1,3,4.328,0.391,53.55653140059138,PRESERVING,3.937,PASS,continuous_reference_residual_valid_optimizer_reported_success,0,CONTINUE
4.328,RPRA,2,2,3.937,0.475,99.91404164730385,PRESERVING,3.462,PASS,continuous_reference_residual_valid_optimizer_reported_success,0,CONTINUE
4.328,RPRA,3,1,3.462,0.362,99.88995983826324,PRESERVING,3.1,PASS,exact_terminal_equality,0,TERMINAL_REACHED
4.329,RPRA,1,3,4.329,0.392,53.72340518241322,PRESERVING,3.937,PASS,continuous_reference_residual_valid_optimizer_reported_success,0,CONTINUE
4.329,RPRA,2,2,3.937,0.475,99.91404164730385,PRESERVING,3.462,PASS,continuous_reference_residual_valid_optimizer_reported_success,0,CONTINUE
4.329,RPRA,3,1,3.462,0.362,99.88995983826324,PRESERVING,3.1,PASS,exact_terminal_equality,0,TERMINAL_REACHED
4.33,RPRA,1,3,4.33,0.393,53.89038768545913,PRESERVING,3.937,PASS,continuous_reference_residual_valid_optimizer_reported_success,0,CONTINUE
4.33,RPRA,2,2,3.937,0.475,99.91404164730385,PRESERVING,3.462,PASS,continuous_reference_residual_valid_optimizer_reported_success,0,CONTINUE
4.33,RPRA,3,1,3.462,0.362,99.88995983826324,PRESERVING,3.1,PASS,exact_terminal_equality,0,TERMINAL_REACHED
4.331,RPRA,1,3,4.331,0.394,54.057478739366886,PRESERVING,3.937,PASS,continuous_reference_residual_valid_optimizer_reported_success,0,CONTINUE
4.331,RPRA,2,2,3.937,0.475,99.91404164730385,PRESERVING,3.462,PASS,continuous_reference_residual_valid_optimizer_reported_success,0,CONTINUE
4.331,RPRA,3,1,3.462,0.362,99.88995983826324,PRESERVING,3.1,PASS,exact_terminal_equality,0,TERMINAL_REACHED
4.332,RPRA,1,3,4.332,0.395,54.22467817440127,PRESERVING,3.937,PASS,continuous_reference_residual_valid_optimizer_reported_success,0,CONTINUE
4.332,RPRA,2,2,3.937,0.475,99.91404164730385,PRESERVING,3.462,PASS,continuous_reference_residual_valid_optimizer_reported_success,0,CONTINUE
4.332,RPRA,3,1,3.462,0.362,99.88995983826324,PRESERVING,3.1,PASS,exact_terminal_equality,0,TERMINAL_REACHED
4.333,RPRA,1,3,4.333,0.396,54.39198582145069,PRESERVING,3.937,PASS,continuous_reference_residual_valid_optimizer_reported_success,0,CONTINUE
4.333,RPRA,2,2,3.937,0.475,99.91404164730385,PRESERVING,3.462,PASS,continuous_reference_residual_valid_optimizer_reported_success,0,CONTINUE
4.333,RPRA,3,1,3.462,0.362,99.88995983826324,PRESERVING,3.1,PASS,exact_terminal_equality,0,TERMINAL_REACHED
4.334,RPRA,1,3,4.334,0.397,54.55940151202173,PRESERVING,3.937,PASS,continuous_reference_residual_valid_optimizer_reported_success,0,CONTINUE
4.334,RPRA,2,2,3.937,0.475,99.91404164730385,PRESERVING,3.462,PASS,continuous_reference_residual_valid_optimizer_reported_success,0,CONTINUE
4.334,RPRA,3,1,3.462,0.362,99.88995983826324,PRESERVING,3.1,PASS,exact_terminal_equality,0,TERMINAL_REACHED
4.335,RPRA,1,3,4.335,0.398,54.72692507823705,PRESERVING,3.937,PASS,continuous_reference_residual_valid_optimizer_reported_success,0,CONTINUE
4.335,RPRA,2,2,3.937,0.475,99.91404164730385,PRESERVING,3.462,PASS,continuous_reference_residual_valid_optimizer_reported_success,0,CONTINUE
4.335,RPRA,3,1,3.462,0.362,99.88995983826324,PRESERVING,3.1,PASS,exact_terminal_equality,0,TERMINAL_REACHED
4.336,RPRA,1,3,4.336,0.399,54.89455635283073,PRESERVING,3.937,PASS,continuous_reference_residual_valid_optimizer_reported_success,0,CONTINUE
4.336,RPRA,2,2,3.937,0.475,99.91404164730385,PRESERVING,3.462,PASS,continuous_reference_residual_valid_optimizer_reported_success,0,CONTINUE
4.336,RPRA,3,1,3.462,0.362,99.88995983826324,PRESERVING,3.1,PASS,exact_terminal_equality,0,TERMINAL_REACHED
4.337,RPRA,1,3,4.337,0.4,55.06229516914448,PRESERVING,3.937,PASS,continuous_reference_residual_valid_optimizer_reported_success,0,CONTINUE
4.337,RPRA,2,2,3.937,0.475,99.91404164730385,PRESERVING,3.462,PASS,continuous_reference_residual_valid_optimizer_reported_success,0,CONTINUE
4.337,RPRA,3,1,3.462,0.362,99.88995983826324,PRESERVING,3.1,PASS,exact_terminal_equality,0,TERMINAL_REACHED
4.338,RPRA,1,3,4.338,0.401,55.23014136112375,PRESERVING,3.937,PASS,continuous_reference_residual_valid_optimizer_reported_success,0,CONTINUE
4.338,RPRA,2,2,3.937,0.475,99.91404164730385,PRESERVING,3.462,PASS,continuous_reference_residual_valid_optimizer_reported_success,0,CONTINUE
4.338,RPRA,3,1,3.462,0.362,99.88995983826324,PRESERVING,3.1,PASS,exact_terminal_equality,0,TERMINAL_REACHED
4.339,RPRA,1,3,4.339,0.402,55.39809476331435,PRESERVING,3.937,PASS,continuous_reference_residual_valid_optimizer_reported_success,0,CONTINUE
4.339,RPRA,2,2,3.937,0.475,99.91404164730385,PRESERVING,3.462,PASS,continuous_reference_residual_valid_optimizer_reported_success,0,CONTINUE
4.339,RPRA,3,1,3.462,0.362,99.88995983826324,PRESERVING,3.1,PASS,exact_terminal_equality,0,TERMINAL_REACHED
4.34,RPRA,1,3,4.34,0.403,55.5661552108586,PRESERVING,3.937,PASS,continuous_reference_residual_valid_optimizer_reported_success,0,CONTINUE
4.34,RPRA,2,2,3.937,0.475,99.91404164730385,PRESERVING,3.462,PASS,continuous_reference_residual_valid_optimizer_reported_success,0,CONTINUE
4.34,RPRA,3,1,3.462,0.362,99.88995983826324,PRESERVING,3.1,PASS,exact_terminal_equality,0,TERMINAL_REACHED
4.341,RPRA,1,3,4.341,0.404,55.734322539490826,PRESERVING,3.937,PASS,continuous_reference_residual_valid_optimizer_reported_success,0,CONTINUE
4.341,RPRA,2,2,3.937,0.475,99.91404164730385,PRESERVING,3.462,PASS,continuous_reference_residual_valid_optimizer_reported_success,0,CONTINUE
4.341,RPRA,3,1,3.462,0.362,99.88995983826324,PRESERVING,3.1,PASS,exact_terminal_equality,0,TERMINAL_REACHED
4.342,RPRA,1,3,4.342,0.405,55.902596585535335,PRESERVING,3.937,PASS,continuous_reference_residual_valid_optimizer_reported_success,0,CONTINUE
4.342,RPRA,2,2,3.937,0.475,99.91404164730385,PRESERVING,3.462,PASS,continuous_reference_residual_valid_optimizer_reported_success,0,CONTINUE
4.342,RPRA,3,1,3.462,0.362,99.88995983826324,PRESERVING,3.1,PASS,exact_terminal_equality,0,TERMINAL_REACHED
4.343,RPRA,1,3,4.343,0.406,56.070977185901626,PRESERVING,3.937,PASS,continuous_reference_residual_valid_optimizer_reported_success,0,CONTINUE
4.343,RPRA,2,2,3.937,0.475,99.91404164730385,PRESERVING,3.462,PASS,continuous_reference_residual_valid_optimizer_reported_success,0,CONTINUE
4.343,RPRA,3,1,3.462,0.362,99.88995983826324,PRESERVING,3.1,PASS,exact_terminal_equality,0,TERMINAL_REACHED
4.344,RPRA,1,3,4.344,0.407,56.23946417808103,PRESERVING,3.937,PASS,continuous_reference_residual_valid_optimizer_reported_success,0,CONTINUE
4.344,RPRA,2,2,3.937,0.475,99.91404164730385,PRESERVING,3.462,PASS,continuous_reference_residual_valid_optimizer_reported_success,0,CONTINUE
4.344,RPRA,3,1,3.462,0.362,99.88995983826324,PRESERVING,3.1,PASS,exact_terminal_equality,0,TERMINAL_REACHED
4.345,RPRA,1,3,4.345,0.408,56.408057400143306,PRESERVING,3.937,PASS,continuous_reference_residual_valid_optimizer_reported_success,0,CONTINUE
4.345,RPRA,2,2,3.937,0.475,99.91404164730385,PRESERVING,3.462,PASS,continuous_reference_residual_valid_optimizer_reported_success,0,CONTINUE
4.345,RPRA,3,1,3.462,0.362,99.88995983826324,PRESERVING,3.1,PASS,exact_terminal_equality,0,TERMINAL_REACHED
4.346,RPRA,1,3,4.346,0.409,56.576756690733305,PRESERVING,3.937,PASS,continuous_reference_residual_valid_optimizer_reported_success,0,CONTINUE
4.346,RPRA,2,2,3.937,0.475,99.91404164730385,PRESERVING,3.462,PASS,continuous_reference_residual_valid_optimizer_reported_success,0,CONTINUE
4.346,RPRA,3,1,3.462,0.362,99.88995983826324,PRESERVING,3.1,PASS,exact_terminal_equality,0,TERMINAL_REACHED
4.347,RPRA,1,3,4.347,0.41,56.7455618890663,PRESERVING,3.937,PASS,continuous_reference_residual_valid_optimizer_reported_success,0,CONTINUE
4.347,RPRA,2,2,3.937,0.475,99.91404164730385,PRESERVING,3.462,PASS,continuous_reference_residual_valid_optimizer_reported_success,0,CONTINUE
4.347,RPRA,3,1,3.462,0.362,99.88995983826324,PRESERVING,3.1,PASS,exact_terminal_equality,0,TERMINAL_REACHED
4.348,RPRA,1,3,4.348,0.411,56.91447283492635,PRESERVING,3.937,PASS,continuous_reference_residual_valid_optimizer_reported_success,0,CONTINUE
4.348,RPRA,2,2,3.937,0.475,99.91404164730385,PRESERVING,3.462,PASS,continuous_reference_residual_valid_optimizer_reported_success,0,CONTINUE
4.348,RPRA,3,1,3.462,0.362,99.88995983826324,PRESERVING,3.1,PASS,exact_terminal_equality,0,TERMINAL_REACHED
4.349,RPRA,1,3,4.349,0.412,57.08348936866161,PRESERVING,3.937,PASS,continuous_reference_residual_valid_optimizer_reported_success,0,CONTINUE
4.349,RPRA,2,2,3.937,0.475,99.91404164730385,PRESERVING,3.462,PASS,continuous_reference_residual_valid_optimizer_reported_success,0,CONTINUE
4.349,RPRA,3,1,3.462,0.362,99.88995983826324,PRESERVING,3.1,PASS,exact_terminal_equality,0,TERMINAL_REACHED
4.35,RPRA,1,3,4.35,0.413,57.25261133118125,PRESERVING,3.937,PASS,continuous_reference_residual_valid_optimizer_reported_success,0,CONTINUE
4.35,RPRA,2,2,3.937,0.475,99.91404164730385,PRESERVING,3.462,PASS,continuous_reference_residual_valid_optimizer_reported_success,0,CONTINUE
4.35,RPRA,3,1,3.462,0.362,99.88995983826324,PRESERVING,3.1,PASS,exact_terminal_equality,0,TERMINAL_REACHED
4.351,RPRA,1,3,4.351,0.414,57.42183856395226,PRESERVING,3.937,PASS,continuous_reference_residual_valid_optimizer_reported_success,0,CONTINUE
4.351,RPRA,2,2,3.937,0.475,99.91404164730385,PRESERVING,3.462,PASS,continuous_reference_residual_valid_optimizer_reported_success,0,CONTINUE
4.351,RPRA,3,1,3.462,0.362,99.88995983826324,PRESERVING,3.1,PASS,exact_terminal_equality,0,TERMINAL_REACHED
4.352,RPRA,1,3,4.352,0.415,57.59117090899578,PRESERVING,3.937,PASS,continuous_reference_residual_valid_optimizer_reported_success,0,CONTINUE
4.352,RPRA,2,2,3.937,0.475,99.91404164730385,PRESERVING,3.462,PASS,continuous_reference_residual_valid_optimizer_reported_success,0,CONTINUE
4.352,RPRA,3,1,3.462,0.362,99.88995983826324,PRESERVING,3.1,PASS,exact_terminal_equality,0,TERMINAL_REACHED
4.353,RPRA,1,3,4.353,0.416,57.7606082088836,PRESERVING,3.937,PASS,continuous_reference_residual_valid_optimizer_reported_success,0,CONTINUE
4.353,RPRA,2,2,3.937,0.475,99.91404164730385,PRESERVING,3.462,PASS,continuous_reference_residual_valid_optimizer_reported_success,0,CONTINUE
4.353,RPRA,3,1,3.462,0.362,99.88995983826324,PRESERVING,3.1,PASS,exact_terminal_equality,0,TERMINAL_REACHED
4.354,RPRA,1,3,4.354,0.417,57.93015030673566,PRESERVING,3.937,PASS,continuous_reference_residual_valid_optimizer_reported_success,0,CONTINUE
4.354,RPRA,2,2,3.937,0.475,99.91404164730385,PRESERVING,3.462,PASS,continuous_reference_residual_valid_optimizer_reported_success,0,CONTINUE
4.354,RPRA,3,1,3.462,0.362,99.88995983826324,PRESERVING,3.1,PASS,exact_terminal_equality,0,TERMINAL_REACHED
4.355,RPRA,1,3,4.355,0.418,58.099797046216175,PRESERVING,3.937,PASS,continuous_reference_residual_valid_optimizer_reported_success,0,CONTINUE
4.355,RPRA,2,2,3.937,0.475,99.91404164730385,PRESERVING,3.462,PASS,continuous_reference_residual_valid_optimizer_reported_success,0,CONTINUE
4.355,RPRA,3,1,3.462,0.362,99.88995983826324,PRESERVING,3.1,PASS,exact_terminal_equality,0,TERMINAL_REACHED
4.356,RPRA,1,3,4.356,0.419,58.2695482715305,PRESERVING,3.937,PASS,continuous_reference_residual_valid_optimizer_reported_success,0,CONTINUE
4.356,RPRA,2,2,3.937,0.475,99.91404164730385,PRESERVING,3.462,PASS,continuous_reference_residual_valid_optimizer_reported_success,0,CONTINUE
4.356,RPRA,3,1,3.462,0.362,99.88995983826324,PRESERVING,3.1,PASS,exact_terminal_equality,0,TERMINAL_REACHED
4.357,RPRA,1,3,4.357,0.42,58.43940382742213,PRESERVING,3.937,PASS,continuous_reference_residual_valid_optimizer_reported_success,0,CONTINUE
4.357,RPRA,2,2,3.937,0.475,99.91404164730385,PRESERVING,3.462,PASS,continuous_reference_residual_valid_optimizer_reported_success,0,CONTINUE
4.357,RPRA,3,1,3.462,0.362,99.88995983826324,PRESERVING,3.1,PASS,exact_terminal_equality,0,TERMINAL_REACHED
4.358,RPRA,1,3,4.358,0.421,58.60936355916921,PRESERVING,3.937,PASS,continuous_reference_residual_valid_optimizer_reported_success,0,CONTINUE
4.358,RPRA,2,2,3.937,0.475,99.91404164730385,PRESERVING,3.462,PASS,continuous_reference_residual_valid_optimizer_reported_success,0,CONTINUE
4.358,RPRA,3,1,3.462,0.362,99.88995983826324,PRESERVING,3.1,PASS,exact_terminal_equality,0,TERMINAL_REACHED
4.359,RPRA,1,3,4.359,0.422,58.779427312581106,PRESERVING,3.937,PASS,continuous_reference_residual_valid_optimizer_reported_success,0,CONTINUE
4.359,RPRA,2,2,3.937,0.475,99.91404164730385,PRESERVING,3.462,PASS,continuous_reference_residual_valid_optimizer_reported_success,0,CONTINUE
4.359,RPRA,3,1,3.462,0.362,99.88995983826324,PRESERVING,3.1,PASS,exact_terminal_equality,0,TERMINAL_REACHED
4.36,RPRA,1,3,4.36,0.423,58.94959493399635,PRESERVING,3.937,PASS,continuous_reference_residual_valid_optimizer_reported_success,0,CONTINUE
4.36,RPRA,2,2,3.937,0.475,99.91404164730385,PRESERVING,3.462,PASS,continuous_reference_residual_valid_optimizer_reported_success,0,CONTINUE
4.36,RPRA,3,1,3.462,0.362,99.88995983826324,PRESERVING,3.1,PASS,exact_terminal_equality,0,TERMINAL_REACHED
4.361,RPRA,1,3,4.361,0.424,59.11986627027841,PRESERVING,3.937,PASS,continuous_reference_residual_valid_optimizer_reported_success,0,CONTINUE
4.361,RPRA,2,2,3.937,0.475,99.91404164730385,PRESERVING,3.462,PASS,continuous_reference_residual_valid_optimizer_reported_success,0,CONTINUE
4.361,RPRA,3,1,3.462,0.362,99.88995983826324,PRESERVING,3.1,PASS,exact_terminal_equality,0,TERMINAL_REACHED
4.362,RPRA,1,3,4.362,0.425,59.29024116881337,PRESERVING,3.937,PASS,continuous_reference_residual_valid_optimizer_reported_success,0,CONTINUE
4.362,RPRA,2,2,3.937,0.475,99.91404164730385,PRESERVING,3.462,PASS,continuous_reference_residual_valid_optimizer_reported_success,0,CONTINUE
4.362,RPRA,3,1,3.462,0.362,99.88995983826324,PRESERVING,3.1,PASS,exact_terminal_equality,0,TERMINAL_REACHED
4.363,RPRA,1,3,4.363,0.426,59.46071947750633,PRESERVING,3.937,PASS,continuous_reference_residual_valid_optimizer_reported_success,0,CONTINUE
4.363,RPRA,2,2,3.937,0.475,99.91404164730385,PRESERVING,3.462,PASS,continuous_reference_residual_valid_optimizer_reported_success,0,CONTINUE
4.363,RPRA,3,1,3.462,0.362,99.88995983826324,PRESERVING,3.1,PASS,exact_terminal_equality,0,TERMINAL_REACHED
4.364,RPRA,1,3,4.364,0.427,59.631301044778965,PRESERVING,3.937,PASS,continuous_reference_residual_valid_optimizer_reported_success,0,CONTINUE
4.364,RPRA,2,2,3.937,0.475,99.91404164730385,PRESERVING,3.462,PASS,continuous_reference_residual_valid_optimizer_reported_success,0,CONTINUE
4.364,RPRA,3,1,3.462,0.362,99.88995983826324,PRESERVING,3.1,PASS,exact_terminal_equality,0,TERMINAL_REACHED
4.365,RPRA,1,3,4.365,0.428,59.801985719565394,PRESERVING,3.937,PASS,continuous_reference_residual_valid_optimizer_reported_success,0,CONTINUE
4.365,RPRA,2,2,3.937,0.475,99.91404164730385,PRESERVING,3.462,PASS,continuous_reference_residual_valid_optimizer_reported_success,0,CONTINUE
4.365,RPRA,3,1,3.462,0.362,99.88995983826324,PRESERVING,3.1,PASS,exact_terminal_equality,0,TERMINAL_REACHED
4.366,RPRA,1,3,4.366,0.429,59.97277335131068,PRESERVING,3.937,PASS,continuous_reference_residual_valid_optimizer_reported_success,0,CONTINUE
4.366,RPRA,2,2,3.937,0.475,99.91404164730385,PRESERVING,3.462,PASS,continuous_reference_residual_valid_optimizer_reported_success,0,CONTINUE
4.366,RPRA,3,1,3.462,0.362,99.88995983826324,PRESERVING,3.1,PASS,exact_terminal_equality,0,TERMINAL_REACHED
4.367,RPRA,1,3,4.367,0.43,60.143663789966915,PRESERVING,3.937,PASS,continuous_reference_residual_valid_optimizer_reported_success,0,CONTINUE
4.367,RPRA,2,2,3.937,0.475,99.91404164730385,PRESERVING,3.462,PASS,continuous_reference_residual_valid_optimizer_reported_success,0,CONTINUE
4.367,RPRA,3,1,3.462,0.362,99.88995983826324,PRESERVING,3.1,PASS,exact_terminal_equality,0,TERMINAL_REACHED
4.368,RPRA,1,3,4.368,0.431,60.314656885990615,PRESERVING,3.937,PASS,continuous_reference_residual_valid_optimizer_reported_success,0,CONTINUE
4.368,RPRA,2,2,3.937,0.475,99.91404164730385,PRESERVING,3.462,PASS,continuous_reference_residual_valid_optimizer_reported_success,0,CONTINUE
4.368,RPRA,3,1,3.462,0.362,99.88995983826324,PRESERVING,3.1,PASS,exact_terminal_equality,0,TERMINAL_REACHED
4.369,RPRA,1,3,4.369,0.432,60.48575249033971,PRESERVING,3.937,PASS,continuous_reference_residual_valid_optimizer_reported_success,0,CONTINUE
4.369,RPRA,2,2,3.937,0.475,99.91404164730385,PRESERVING,3.462,PASS,continuous_reference_residual_valid_optimizer_reported_success,0,CONTINUE
4.369,RPRA,3,1,3.462,0.362,99.88995983826324,PRESERVING,3.1,PASS,exact_terminal_equality,0,TERMINAL_REACHED
4.37,RPRA,1,3,4.37,0.433,60.6569504544708,PRESERVING,3.937,PASS,continuous_reference_residual_valid_optimizer_reported_success,0,CONTINUE
4.37,RPRA,2,2,3.937,0.475,99.91404164730385,PRESERVING,3.462,PASS,continuous_reference_residual_valid_optimizer_reported_success,0,CONTINUE
4.37,RPRA,3,1,3.462,0.362,99.88995983826324,PRESERVING,3.1,PASS,exact_terminal_equality,0,TERMINAL_REACHED
4.371,RPRA,1,3,4.371,0.434,60.82825063033564,PRESERVING,3.937,PASS,continuous_reference_residual_valid_optimizer_reported_success,0,CONTINUE
4.371,RPRA,2,2,3.937,0.475,99.91404164730385,PRESERVING,3.462,PASS,continuous_reference_residual_valid_optimizer_reported_success,0,CONTINUE
4.371,RPRA,3,1,3.462,0.362,99.88995983826324,PRESERVING,3.1,PASS,exact_terminal_equality,0,TERMINAL_REACHED
4.372,RPRA,1,3,4.372,0.435,60.99965287037934,PRESERVING,3.937,PASS,continuous_reference_residual_valid_optimizer_reported_success,0,CONTINUE
4.372,RPRA,2,2,3.937,0.475,99.91404164730385,PRESERVING,3.462,PASS,continuous_reference_residual_valid_optimizer_reported_success,0,CONTINUE
4.372,RPRA,3,1,3.462,0.362,99.88995983826324,PRESERVING,3.1,PASS,exact_terminal_equality,0,TERMINAL_REACHED
4.373,RPRA,1,3,4.373,0.436,61.171157027537035,PRESERVING,3.937,PASS,continuous_reference_residual_valid_optimizer_reported_success,0,CONTINUE
4.373,RPRA,2,2,3.937,0.475,99.91404164730385,PRESERVING,3.462,PASS,continuous_reference_residual_valid_optimizer_reported_success,0,CONTINUE
4.373,RPRA,3,1,3.462,0.362,99.88995983826324,PRESERVING,3.1,PASS,exact_terminal_equality,0,TERMINAL_REACHED
4.374,RPRA,1,3,4.374,0.437,61.34276295523092,PRESERVING,3.937,PASS,continuous_reference_residual_valid_optimizer_reported_success,0,CONTINUE
4.374,RPRA,2,2,3.937,0.475,99.91404164730385,PRESERVING,3.462,PASS,continuous_reference_residual_valid_optimizer_reported_success,0,CONTINUE
4.374,RPRA,3,1,3.462,0.362,99.88995983826324,PRESERVING,3.1,PASS,exact_terminal_equality,0,TERMINAL_REACHED
4.375,RPRA,1,3,4.375,0.438,61.51447050736772,PRESERVING,3.937,PASS,continuous_reference_residual_valid_optimizer_reported_success,0,CONTINUE
4.375,RPRA,2,2,3.937,0.475,99.91404164730385,PRESERVING,3.462,PASS,continuous_reference_residual_valid_optimizer_reported_success,0,CONTINUE
4.375,RPRA,3,1,3.462,0.362,99.88995983826324,PRESERVING,3.1,PASS,exact_terminal_equality,0,TERMINAL_REACHED
4.376,RPRA,1,3,4.376,0.439,61.68627953833612,PRESERVING,3.937,PASS,continuous_reference_residual_valid_optimizer_reported_success,0,CONTINUE
4.376,RPRA,2,2,3.937,0.475,99.91404164730385,PRESERVING,3.462,PASS,continuous_reference_residual_valid_optimizer_reported_success,0,CONTINUE
4.376,RPRA,3,1,3.462,0.362,99.88995983826324,PRESERVING,3.1,PASS,exact_terminal_equality,0,TERMINAL_REACHED
4.377,RPRA,1,3,4.377,0.44,61.8581899030031,PRESERVING,3.937,PASS,continuous_reference_residual_valid_optimizer_reported_success,0,CONTINUE
4.377,RPRA,2,2,3.937,0.475,99.91404164730385,PRESERVING,3.462,PASS,continuous_reference_residual_valid_optimizer_reported_success,0,CONTINUE
4.377,RPRA,3,1,3.462,0.362,99.88995983826324,PRESERVING,3.1,PASS,exact_terminal_equality,0,TERMINAL_REACHED
4.378,RPRA,1,3,4.378,0.441,62.030201456712646,PRESERVING,3.937,PASS,continuous_reference_residual_valid_optimizer_reported_success,0,CONTINUE
4.378,RPRA,2,2,3.937,0.475,99.91404164730385,PRESERVING,3.462,PASS,continuous_reference_residual_valid_optimizer_reported_success,0,CONTINUE
4.378,RPRA,3,1,3.462,0.362,99.88995983826324,PRESERVING,3.1,PASS,exact_terminal_equality,0,TERMINAL_REACHED
4.379,RPRA,1,3,4.379,0.442,62.20231405528202,PRESERVING,3.937,PASS,continuous_reference_residual_valid_optimizer_reported_success,0,CONTINUE
4.379,RPRA,2,2,3.937,0.475,99.91404164730385,PRESERVING,3.462,PASS,continuous_reference_residual_valid_optimizer_reported_success,0,CONTINUE
4.379,RPRA,3,1,3.462,0.362,99.88995983826324,PRESERVING,3.1,PASS,exact_terminal_equality,0,TERMINAL_REACHED
4.38,RPRA,1,3,4.38,0.443,62.374527554999446,PRESERVING,3.937,PASS,continuous_reference_residual_valid_optimizer_reported_success,0,CONTINUE
4.38,RPRA,2,2,3.937,0.475,99.91404164730385,PRESERVING,3.462,PASS,continuous_reference_residual_valid_optimizer_reported_success,0,CONTINUE
4.38,RPRA,3,1,3.462,0.362,99.88995983826324,PRESERVING,3.1,PASS,exact_terminal_equality,0,TERMINAL_REACHED
4.381,RPRA,1,3,4.381,0.444,62.54684181262163,PRESERVING,3.937,PASS,continuous_reference_residual_valid_optimizer_reported_success,0,CONTINUE
4.381,RPRA,2,2,3.937,0.475,99.91404164730385,PRESERVING,3.462,PASS,continuous_reference_residual_valid_optimizer_reported_success,0,CONTINUE
4.381,RPRA,3,1,3.462,0.362,99.88995983826324,PRESERVING,3.1,PASS,exact_terminal_equality,0,TERMINAL_REACHED
4.382,RPRA,1,3,4.382,0.445,62.7192566853709,PRESERVING,3.937,PASS,continuous_reference_residual_valid_optimizer_reported_success,0,CONTINUE
4.382,RPRA,2,2,3.937,0.475,99.91404164730385,PRESERVING,3.462,PASS,continuous_reference_residual_valid_optimizer_reported_success,0,CONTINUE
4.382,RPRA,3,1,3.462,0.362,99.88995983826324,PRESERVING,3.1,PASS,exact_terminal_equality,0,TERMINAL_REACHED
4.383,RPRA,1,3,4.383,0.446,62.89177203093203,PRESERVING,3.937,PASS,continuous_reference_residual_valid_optimizer_reported_success,0,CONTINUE
4.383,RPRA,2,2,3.937,0.475,99.91404164730385,PRESERVING,3.462,PASS,continuous_reference_residual_valid_optimizer_reported_success,0,CONTINUE
4.383,RPRA,3,1,3.462,0.362,99.88995983826324,PRESERVING,3.1,PASS,exact_terminal_equality,0,TERMINAL_REACHED
4.384,RPRA,1,3,4.384,0.447,63.06438770745129,PRESERVING,3.937,PASS,continuous_reference_residual_valid_optimizer_reported_success,0,CONTINUE
4.384,RPRA,2,2,3.937,0.475,99.91404164730385,PRESERVING,3.462,PASS,continuous_reference_residual_valid_optimizer_reported_success,0,CONTINUE
4.384,RPRA,3,1,3.462,0.362,99.88995983826324,PRESERVING,3.1,PASS,exact_terminal_equality,0,TERMINAL_REACHED
4.385,RPRA,1,3,4.385,0.448,63.23710357353214,PRESERVING,3.937,PASS,continuous_reference_residual_valid_optimizer_reported_success,0,CONTINUE
4.385,RPRA,2,2,3.937,0.475,99.91404164730385,PRESERVING,3.462,PASS,continuous_reference_residual_valid_optimizer_reported_success,0,CONTINUE
4.385,RPRA,3,1,3.462,0.362,99.88995983826324,PRESERVING,3.1,PASS,exact_terminal_equality,0,TERMINAL_REACHED
4.386,RPRA,1,3,4.386,0.449,63.409919488233896,PRESERVING,3.937,PASS,continuous_reference_residual_valid_optimizer_reported_success,0,CONTINUE
4.386,RPRA,2,2,3.937,0.475,99.91404164730385,PRESERVING,3.462,PASS,continuous_reference_residual_valid_optimizer_reported_success,0,CONTINUE
4.386,RPRA,3,1,3.462,0.362,99.88995983826324,PRESERVING,3.1,PASS,exact_terminal_equality,0,TERMINAL_REACHED
4.387,RPRA,1,3,4.387,0.45,63.582835311068465,PRESERVING,3.937,PASS,continuous_reference_residual_valid_optimizer_reported_success,0,CONTINUE
4.387,RPRA,2,2,3.937,0.475,99.91404164730385,PRESERVING,3.462,PASS,continuous_reference_residual_valid_optimizer_reported_success,0,CONTINUE
4.387,RPRA,3,1,3.462,0.362,99.88995983826324,PRESERVING,3.1,PASS,exact_terminal_equality,0,TERMINAL_REACHED
4.388,RPRA,1,3,4.388,0.451,63.75585090199845,PRESERVING,3.937,PASS,continuous_reference_residual_valid_optimizer_reported_success,0,CONTINUE
4.388,RPRA,2,2,3.937,0.475,99.91404164730385,PRESERVING,3.462,PASS,continuous_reference_residual_valid_optimizer_reported_success,0,CONTINUE
4.388,RPRA,3,1,3.462,0.362,99.88995983826324,PRESERVING,3.1,PASS,exact_terminal_equality,0,TERMINAL_REACHED
4.389,RPRA,1,3,4.389,0.452,63.92896612143363,PRESERVING,3.937,PASS,continuous_reference_residual_valid_optimizer_reported_success,0,CONTINUE
4.389,RPRA,2,2,3.937,0.475,99.91404164730385,PRESERVING,3.462,PASS,continuous_reference_residual_valid_optimizer_reported_success,0,CONTINUE
4.389,RPRA,3,1,3.462,0.362,99.88995983826324,PRESERVING,3.1,PASS,exact_terminal_equality,0,TERMINAL_REACHED
4.39,RPRA,1,3,4.39,0.453,64.10218083023004,PRESERVING,3.937,PASS,continuous_reference_residual_valid_optimizer_reported_success,0,CONTINUE
4.39,RPRA,2,2,3.937,0.475,99.91404164730385,PRESERVING,3.462,PASS,continuous_reference_residual_valid_optimizer_reported_success,0,CONTINUE
4.39,RPRA,3,1,3.462,0.362,99.88995983826324,PRESERVING,3.1,PASS,exact_terminal_equality,0,TERMINAL_REACHED
4.391,RPRA,1,3,4.391,0.454,64.27549488968609,PRESERVING,3.937,PASS,continuous_reference_residual_valid_optimizer_reported_success,0,CONTINUE
4.391,RPRA,2,2,3.937,0.475,99.91404164730385,PRESERVING,3.462,PASS,continuous_reference_residual_valid_optimizer_reported_success,0,CONTINUE
4.391,RPRA,3,1,3.462,0.362,99.88995983826324,PRESERVING,3.1,PASS,exact_terminal_equality,0,TERMINAL_REACHED
4.392,RPRA,1,3,4.392,0.455,64.44890816154124,PRESERVING,3.937,PASS,continuous_reference_residual_valid_optimizer_reported_success,0,CONTINUE
4.392,RPRA,2,2,3.937,0.475,99.91404164730385,PRESERVING,3.462,PASS,continuous_reference_residual_valid_optimizer_reported_success,0,CONTINUE
4.392,RPRA,3,1,3.462,0.362,99.88995983826324,PRESERVING,3.1,PASS,exact_terminal_equality,0,TERMINAL_REACHED
4.393,RPRA,1,3,4.393,0.456,64.62242050797275,PRESERVING,3.937,PASS,continuous_reference_residual_valid_optimizer_reported_success,0,CONTINUE
4.393,RPRA,2,2,3.937,0.475,99.91404164730385,PRESERVING,3.462,PASS,continuous_reference_residual_valid_optimizer_reported_success,0,CONTINUE
4.393,RPRA,3,1,3.462,0.362,99.88995983826324,PRESERVING,3.1,PASS,exact_terminal_equality,0,TERMINAL_REACHED
4.394,RPRA,1,3,4.394,0.457,64.79603179159405,PRESERVING,3.937,PASS,continuous_reference_residual_valid_optimizer_reported_success,0,CONTINUE
4.394,RPRA,2,2,3.937,0.475,99.91404164730385,PRESERVING,3.462,PASS,continuous_reference_residual_valid_optimizer_reported_success,0,CONTINUE
4.394,RPRA,3,1,3.462,0.362,99.88995983826324,PRESERVING,3.1,PASS,exact_terminal_equality,0,TERMINAL_REACHED
4.395,RPRA,1,3,4.395,0.458,64.96974187545112,PRESERVING,3.937,PASS,continuous_reference_residual_valid_optimizer_reported_success,0,CONTINUE
4.395,RPRA,2,2,3.937,0.475,99.91404164730385,PRESERVING,3.462,PASS,continuous_reference_residual_valid_optimizer_reported_success,0,CONTINUE
4.395,RPRA,3,1,3.462,0.362,99.88995983826324,PRESERVING,3.1,PASS,exact_terminal_equality,0,TERMINAL_REACHED
4.396,RPRA,1,3,4.396,0.459,65.14355062302187,PRESERVING,3.937,PASS,continuous_reference_residual_valid_optimizer_reported_success,0,CONTINUE
4.396,RPRA,2,2,3.937,0.475,99.91404164730385,PRESERVING,3.462,PASS,continuous_reference_residual_valid_optimizer_reported_success,0,CONTINUE
4.396,RPRA,3,1,3.462,0.362,99.88995983826324,PRESERVING,3.1,PASS,exact_terminal_equality,0,TERMINAL_REACHED
4.397,RPRA,1,3,4.397,0.46,65.31745789821242,PRESERVING,3.937,PASS,continuous_reference_residual_valid_optimizer_reported_success,0,CONTINUE
4.397,RPRA,2,2,3.937,0.475,99.91404164730385,PRESERVING,3.462,PASS,continuous_reference_residual_valid_optimizer_reported_success,0,CONTINUE
4.397,RPRA,3,1,3.462,0.362,99.88995983826324,PRESERVING,3.1,PASS,exact_terminal_equality,0,TERMINAL_REACHED
4.398,RPRA,1,3,4.398,0.461,65.49146356535569,PRESERVING,3.937,PASS,continuous_reference_residual_valid_optimizer_reported_success,0,CONTINUE
4.398,RPRA,2,2,3.937,0.475,99.91404164730385,PRESERVING,3.462,PASS,continuous_reference_residual_valid_optimizer_reported_success,0,CONTINUE
4.398,RPRA,3,1,3.462,0.362,99.88995983826324,PRESERVING,3.1,PASS,exact_terminal_equality,0,TERMINAL_REACHED
4.399,RPRA,1,3,4.399,0.462,65.6655674892083,PRESERVING,3.937,PASS,continuous_reference_residual_valid_optimizer_reported_success,0,CONTINUE
4.399,RPRA,2,2,3.937,0.475,99.91404164730385,PRESERVING,3.462,PASS,continuous_reference_residual_valid_optimizer_reported_success,0,CONTINUE
4.399,RPRA,3,1,3.462,0.362,99.88995983826324,PRESERVING,3.1,PASS,exact_terminal_equality,0,TERMINAL_REACHED
4.4,RPRA,1,3,4.4,0.463,65.83976953494917,PRESERVING,3.937,PASS,continuous_reference_residual_valid_optimizer_reported_success,0,CONTINUE
4.4,RPRA,2,2,3.937,0.475,99.91404164730385,PRESERVING,3.462,PASS,continuous_reference_residual_valid_optimizer_reported_success,0,CONTINUE
4.4,RPRA,3,1,3.462,0.362,99.88995983826324,PRESERVING,3.1,PASS,exact_terminal_equality,0,TERMINAL_REACHED
4.401,RPRA,1,3,4.401,0.464,66.01406956817586,PRESERVING,3.937,PASS,continuous_reference_residual_valid_optimizer_reported_success,0,CONTINUE
4.401,RPRA,2,2,3.937,0.475,99.91404164730385,PRESERVING,3.462,PASS,continuous_reference_residual_valid_optimizer_reported_success,0,CONTINUE
4.401,RPRA,3,1,3.462,0.362,99.88995983826324,PRESERVING,3.1,PASS,exact_terminal_equality,0,TERMINAL_REACHED
4.402,RPRA,1,3,4.402,0.465,66.18846745490411,PRESERVING,3.937,PASS,continuous_reference_residual_valid_optimizer_reported_success,0,CONTINUE
4.402,RPRA,2,2,3.937,0.475,99.91404164730385,PRESERVING,3.462,PASS,continuous_reference_residual_valid_optimizer_reported_success,0,CONTINUE
4.402,RPRA,3,1,3.462,0.362,99.88995983826324,PRESERVING,3.1,PASS,exact_terminal_equality,0,TERMINAL_REACHED
4.403,RPRA,1,3,4.403,0.466,66.36296306156447,PRESERVING,3.937,PASS,continuous_reference_residual_valid_optimizer_reported_success,0,CONTINUE
4.403,RPRA,2,2,3.937,0.475,99.91404164730385,PRESERVING,3.462,PASS,continuous_reference_residual_valid_optimizer_reported_success,0,CONTINUE
4.403,RPRA,3,1,3.462,0.362,99.88995983826324,PRESERVING,3.1,PASS,exact_terminal_equality,0,TERMINAL_REACHED
4.404,RPRA,1,3,4.404,0.467,66.53755625500033,PRESERVING,3.937,PASS,continuous_reference_residual_valid_optimizer_reported_success,0,CONTINUE
4.404,RPRA,2,2,3.937,0.475,99.91404164730385,PRESERVING,3.462,PASS,continuous_reference_residual_valid_optimizer_reported_success,0,CONTINUE
4.404,RPRA,3,1,3.462,0.362,99.88995983826324,PRESERVING,3.1,PASS,exact_terminal_equality,0,TERMINAL_REACHED
4.405,RPRA,1,3,4.405,0.468,66.71224690246572,PRESERVING,3.937,PASS,continuous_reference_residual_valid_optimizer_reported_success,0,CONTINUE
4.405,RPRA,2,2,3.937,0.475,99.91404164730385,PRESERVING,3.462,PASS,continuous_reference_residual_valid_optimizer_reported_success,0,CONTINUE
4.405,RPRA,3,1,3.462,0.362,99.88995983826324,PRESERVING,3.1,PASS,exact_terminal_equality,0,TERMINAL_REACHED
4.406,RPRA,1,3,4.406,0.469,66.8870348716235,PRESERVING,3.937,PASS,continuous_reference_residual_valid_optimizer_reported_success,0,CONTINUE
4.406,RPRA,2,2,3.937,0.475,99.91404164730385,PRESERVING,3.462,PASS,continuous_reference_residual_valid_optimizer_reported_success,0,CONTINUE
4.406,RPRA,3,1,3.462,0.362,99.88995983826324,PRESERVING,3.1,PASS,exact_terminal_equality,0,TERMINAL_REACHED
4.407,RPRA,1,3,4.407,0.47,67.06192003054181,PRESERVING,3.937,PASS,continuous_reference_residual_valid_optimizer_reported_success,0,CONTINUE
4.407,RPRA,2,2,3.937,0.475,99.91404164730385,PRESERVING,3.462,PASS,continuous_reference_residual_valid_optimizer_reported_success,0,CONTINUE
4.407,RPRA,3,1,3.462,0.362,99.88995983826324,PRESERVING,3.1,PASS,exact_terminal_equality,0,TERMINAL_REACHED
4.408,RPRA,1,3,4.408,0.471,67.2369022476942,PRESERVING,3.937,PASS,continuous_reference_residual_valid_optimizer_reported_success,0,CONTINUE
4.408,RPRA,2,2,3.937,0.475,99.91404164730385,PRESERVING,3.462,PASS,continuous_reference_residual_valid_optimizer_reported_success,0,CONTINUE
4.408,RPRA,3,1,3.462,0.362,99.88995983826324,PRESERVING,3.1,PASS,exact_terminal_equality,0,TERMINAL_REACHED
4.409,RPRA,1,3,4.409,0.472,67.41198139195559,PRESERVING,3.937,PASS,continuous_reference_residual_valid_optimizer_reported_success,0,CONTINUE
4.409,RPRA,2,2,3.937,0.475,99.91404164730385,PRESERVING,3.462,PASS,continuous_reference_residual_valid_optimizer_reported_success,0,CONTINUE
4.409,RPRA,3,1,3.462,0.362,99.88995983826324,PRESERVING,3.1,PASS,exact_terminal_equality,0,TERMINAL_REACHED
4.41,RPRA,1,3,4.41,0.473,67.58715733260098,PRESERVING,3.937,PASS,continuous_reference_residual_valid_optimizer_reported_success,0,CONTINUE
4.41,RPRA,2,2,3.937,0.475,99.91404164730385,PRESERVING,3.462,PASS,continuous_reference_residual_valid_optimizer_reported_success,0,CONTINUE
4.41,RPRA,3,1,3.462,0.362,99.88995983826324,PRESERVING,3.1,PASS,exact_terminal_equality,0,TERMINAL_REACHED
4.411,RPRA,1,3,4.411,0.474,67.76242993930329,PRESERVING,3.937,PASS,continuous_reference_residual_valid_optimizer_reported_success,0,CONTINUE
4.411,RPRA,2,2,3.937,0.475,99.91404164730385,PRESERVING,3.462,PASS,continuous_reference_residual_valid_optimizer_reported_success,0,CONTINUE
4.411,RPRA,3,1,3.462,0.362,99.88995983826324,PRESERVING,3.1,PASS,exact_terminal_equality,0,TERMINAL_REACHED
4.412,RPRA,1,3,4.412,0.475,67.93779908213101,PRESERVING,3.937,PASS,continuous_reference_residual_valid_optimizer_reported_success,0,CONTINUE
4.412,RPRA,2,2,3.937,0.475,99.91404164730385,PRESERVING,3.462,PASS,continuous_reference_residual_valid_optimizer_reported_success,0,CONTINUE
4.412,RPRA,3,1,3.462,0.362,99.88995983826324,PRESERVING,3.1,PASS,exact_terminal_equality,0,TERMINAL_REACHED
4.413,RPRA,1,3,4.413,0.476,68.11326463154663,PRESERVING,3.937,PASS,continuous_reference_residual_valid_optimizer_reported_success,0,CONTINUE
4.413,RPRA,2,2,3.937,0.475,99.91404164730385,PRESERVING,3.462,PASS,continuous_reference_residual_valid_optimizer_reported_success,0,CONTINUE
4.413,RPRA,3,1,3.462,0.362,99.88995983826324,PRESERVING,3.1,PASS,exact_terminal_equality,0,TERMINAL_REACHED
4.414,RPRA,1,3,4.414,0.477,68.28882645840352,PRESERVING,3.937,PASS,continuous_reference_residual_valid_optimizer_reported_success,0,CONTINUE
4.414,RPRA,2,2,3.937,0.475,99.91404164730385,PRESERVING,3.462,PASS,continuous_reference_residual_valid_optimizer_reported_success,0,CONTINUE
4.414,RPRA,3,1,3.462,0.362,99.88995983826324,PRESERVING,3.1,PASS,exact_terminal_equality,0,TERMINAL_REACHED
4.415,RPRA,1,3,4.415,0.478,68.46448443394532,PRESERVING,3.937,PASS,continuous_reference_residual_valid_optimizer_reported_success,0,CONTINUE
4.415,RPRA,2,2,3.937,0.475,99.91404164730385,PRESERVING,3.462,PASS,continuous_reference_residual_valid_optimizer_reported_success,0,CONTINUE
4.415,RPRA,3,1,3.462,0.362,99.88995983826324,PRESERVING,3.1,PASS,exact_terminal_equality,0,TERMINAL_REACHED
4.416,RPRA,1,3,4.416,0.479,68.64023842980316,PRESERVING,3.937,PASS,continuous_reference_residual_valid_optimizer_reported_success,0,CONTINUE
4.416,RPRA,2,2,3.937,0.475,99.91404164730385,PRESERVING,3.462,PASS,continuous_reference_residual_valid_optimizer_reported_success,0,CONTINUE
4.416,RPRA,3,1,3.462,0.362,99.88995983826324,PRESERVING,3.1,PASS,exact_terminal_equality,0,TERMINAL_REACHED
4.417,RPRA,1,3,4.417,0.48,68.81608831799328,PRESERVING,3.937,PASS,continuous_reference_residual_valid_optimizer_reported_success,0,CONTINUE
4.417,RPRA,2,2,3.937,0.475,99.91404164730385,PRESERVING,3.462,PASS,continuous_reference_residual_valid_optimizer_reported_success,0,CONTINUE
4.417,RPRA,3,1,3.462,0.362,99.88995983826324,PRESERVING,3.1,PASS,exact_terminal_equality,0,TERMINAL_REACHED
4.418,RPRA,1,3,4.418,0.481,68.99203397091617,PRESERVING,3.937,PASS,continuous_reference_residual_valid_optimizer_reported_success,0,CONTINUE
4.418,RPRA,2,2,3.937,0.475,99.91404164730385,PRESERVING,3.462,PASS,continuous_reference_residual_valid_optimizer_reported_success,0,CONTINUE
4.418,RPRA,3,1,3.462,0.362,99.88995983826324,PRESERVING,3.1,PASS,exact_terminal_equality,0,TERMINAL_REACHED
4.419,RPRA,1,3,4.419,0.482,69.16807526135294,PRESERVING,3.937,PASS,continuous_reference_residual_valid_optimizer_reported_success,0,CONTINUE
4.419,RPRA,2,2,3.937,0.475,99.91404164730385,PRESERVING,3.462,PASS,continuous_reference_residual_valid_optimizer_reported_success,0,CONTINUE
4.419,RPRA,3,1,3.462,0.362,99.88995983826324,PRESERVING,3.1,PASS,exact_terminal_equality,0,TERMINAL_REACHED
4.42,RPRA,1,3,4.42,0.483,69.34421206246495,PRESERVING,3.937,PASS,continuous_reference_residual_valid_optimizer_reported_success,0,CONTINUE
4.42,RPRA,2,2,3.937,0.475,99.91404164730385,PRESERVING,3.462,PASS,continuous_reference_residual_valid_optimizer_reported_success,0,CONTINUE
4.42,RPRA,3,1,3.462,0.362,99.88995983826324,PRESERVING,3.1,PASS,exact_terminal_equality,0,TERMINAL_REACHED
4.421,RPRA,1,3,4.421,0.484,69.52044424779127,PRESERVING,3.937,PASS,continuous_reference_residual_valid_optimizer_reported_success,0,CONTINUE
4.421,RPRA,2,2,3.937,0.475,99.91404164730385,PRESERVING,3.462,PASS,continuous_reference_residual_valid_optimizer_reported_success,0,CONTINUE
4.421,RPRA,3,1,3.462,0.362,99.88995983826324,PRESERVING,3.1,PASS,exact_terminal_equality,0,TERMINAL_REACHED
4.422,RPRA,1,3,4.422,0.485,69.69677169124638,PRESERVING,3.937,PASS,continuous_reference_residual_valid_optimizer_reported_success,0,CONTINUE
4.422,RPRA,2,2,3.937,0.475,99.91404164730385,PRESERVING,3.462,PASS,continuous_reference_residual_valid_optimizer_reported_success,0,CONTINUE
4.422,RPRA,3,1,3.462,0.362,99.88995983826324,PRESERVING,3.1,PASS,exact_terminal_equality,0,TERMINAL_REACHED
4.423,RPRA,1,3,4.423,0.486,69.87319426711854,PRESERVING,3.937,PASS,continuous_reference_residual_valid_optimizer_reported_success,0,CONTINUE
4.423,RPRA,2,2,3.937,0.475,99.91404164730385,PRESERVING,3.462,PASS,continuous_reference_residual_valid_optimizer_reported_success,0,CONTINUE
4.423,RPRA,3,1,3.462,0.362,99.88995983826324,PRESERVING,3.1,PASS,exact_terminal_equality,0,TERMINAL_REACHED
4.424,RPRA,1,3,4.424,0.487,70.04971185006823,PRESERVING,3.937,PASS,continuous_reference_residual_valid_optimizer_reported_success,0,CONTINUE
4.424,RPRA,2,2,3.937,0.475,99.91404164730385,PRESERVING,3.462,PASS,continuous_reference_residual_valid_optimizer_reported_success,0,CONTINUE
4.424,RPRA,3,1,3.462,0.362,99.88995983826324,PRESERVING,3.1,PASS,exact_terminal_equality,0,TERMINAL_REACHED
4.425,RPRA,1,3,4.425,0.488,70.22632431512572,PRESERVING,3.937,PASS,continuous_reference_residual_valid_optimizer_reported_success,0,CONTINUE
4.425,RPRA,2,2,3.937,0.475,99.91404164730385,PRESERVING,3.462,PASS,continuous_reference_residual_valid_optimizer_reported_success,0,CONTINUE
4.425,RPRA,3,1,3.462,0.362,99.88995983826324,PRESERVING,3.1,PASS,exact_terminal_equality,0,TERMINAL_REACHED
4.426,RPRA,1,3,4.426,0.489,70.40303153768883,PRESERVING,3.937,PASS,continuous_reference_residual_valid_optimizer_reported_success,0,CONTINUE
4.426,RPRA,2,2,3.937,0.475,99.91404164730385,PRESERVING,3.462,PASS,continuous_reference_residual_valid_optimizer_reported_success,0,CONTINUE
4.426,RPRA,3,1,3.462,0.362,99.88995983826324,PRESERVING,3.1,PASS,exact_terminal_equality,0,TERMINAL_REACHED
4.427,RPRA,1,3,4.427,0.49,70.57983339352239,PRESERVING,3.937,PASS,continuous_reference_residual_valid_optimizer_reported_success,0,CONTINUE
4.427,RPRA,2,2,3.937,0.475,99.91404164730385,PRESERVING,3.462,PASS,continuous_reference_residual_valid_optimizer_reported_success,0,CONTINUE
4.427,RPRA,3,1,3.462,0.362,99.88995983826324,PRESERVING,3.1,PASS,exact_terminal_equality,0,TERMINAL_REACHED
4.428,RPRA,1,3,4.428,0.491,70.75672975875528,PRESERVING,3.937,PASS,continuous_reference_residual_valid_optimizer_reported_success,0,CONTINUE
4.428,RPRA,2,2,3.937,0.475,99.91404164730385,PRESERVING,3.462,PASS,continuous_reference_residual_valid_optimizer_reported_success,0,CONTINUE
4.428,RPRA,3,1,3.462,0.362,99.88995983826324,PRESERVING,3.1,PASS,exact_terminal_equality,0,TERMINAL_REACHED
4.429,RPRA,1,3,4.429,0.492,70.93372050987885,PRESERVING,3.937,PASS,continuous_reference_residual_valid_optimizer_reported_success,0,CONTINUE
4.429,RPRA,2,2,3.937,0.475,99.91404164730385,PRESERVING,3.462,PASS,continuous_reference_residual_valid_optimizer_reported_success,0,CONTINUE
4.429,RPRA,3,1,3.462,0.362,99.88995983826324,PRESERVING,3.1,PASS,exact_terminal_equality,0,TERMINAL_REACHED
4.43,RPRA,1,3,4.43,0.493,71.11080552374565,PRESERVING,3.937,PASS,continuous_reference_residual_valid_optimizer_reported_success,0,CONTINUE
4.43,RPRA,2,2,3.937,0.475,99.91404164730385,PRESERVING,3.462,PASS,continuous_reference_residual_valid_optimizer_reported_success,0,CONTINUE
4.43,RPRA,3,1,3.462,0.362,99.88995983826324,PRESERVING,3.1,PASS,exact_terminal_equality,0,TERMINAL_REACHED
4.431,RPRA,1,3,4.431,0.494,71.28798467756593,PRESERVING,3.937,PASS,continuous_reference_residual_valid_optimizer_reported_success,0,CONTINUE
4.431,RPRA,2,2,3.937,0.475,99.91404164730385,PRESERVING,3.462,PASS,continuous_reference_residual_valid_optimizer_reported_success,0,CONTINUE
4.431,RPRA,3,1,3.462,0.362,99.88995983826324,PRESERVING,3.1,PASS,exact_terminal_equality,0,TERMINAL_REACHED
4.432,RPRA,1,3,4.432,0.495,71.46525784890817,PRESERVING,3.937,PASS,continuous_reference_residual_valid_optimizer_reported_success,0,CONTINUE
4.432,RPRA,2,2,3.937,0.475,99.91404164730385,PRESERVING,3.462,PASS,continuous_reference_residual_valid_optimizer_reported_success,0,CONTINUE
4.432,RPRA,3,1,3.462,0.362,99.88995983826324,PRESERVING,3.1,PASS,exact_terminal_equality,0,TERMINAL_REACHED
4.433,RPRA,1,3,4.433,0.496,71.64262491569566,PRESERVING,3.937,PASS,continuous_reference_residual_valid_optimizer_reported_success,0,CONTINUE
4.433,RPRA,2,2,3.937,0.475,99.91404164730385,PRESERVING,3.462,PASS,continuous_reference_residual_valid_optimizer_reported_success,0,CONTINUE
4.433,RPRA,3,1,3.462,0.362,99.88995983826324,PRESERVING,3.1,PASS,exact_terminal_equality,0,TERMINAL_REACHED
4.434,RPRA,1,3,4.434,0.497,71.82008575620523,PRESERVING,3.937,PASS,continuous_reference_residual_valid_optimizer_reported_success,0,CONTINUE
4.434,RPRA,2,2,3.937,0.475,99.91404164730385,PRESERVING,3.462,PASS,continuous_reference_residual_valid_optimizer_reported_success,0,CONTINUE
4.434,RPRA,3,1,3.462,0.362,99.88995983826324,PRESERVING,3.1,PASS,exact_terminal_equality,0,TERMINAL_REACHED
4.435,RPRA,1,3,4.435,0.498,71.9976402490655,PRESERVING,3.937,PASS,continuous_reference_residual_valid_optimizer_reported_success,0,CONTINUE
4.435,RPRA,2,2,3.937,0.475,99.91404164730385,PRESERVING,3.462,PASS,continuous_reference_residual_valid_optimizer_reported_success,0,CONTINUE
4.435,RPRA,3,1,3.462,0.362,99.88995983826324,PRESERVING,3.1,PASS,exact_terminal_equality,0,TERMINAL_REACHED
4.436,RPRA,1,3,4.436,0.499,72.17528827325498,PRESERVING,3.937,PASS,continuous_reference_residual_valid_optimizer_reported_success,0,CONTINUE
4.436,RPRA,2,2,3.937,0.475,99.91404164730385,PRESERVING,3.462,PASS,continuous_reference_residual_valid_optimizer_reported_success,0,CONTINUE
4.436,RPRA,3,1,3.462,0.362,99.88995983826324,PRESERVING,3.1,PASS,exact_terminal_equality,0,TERMINAL_REACHED
4.437,RPRA,1,3,4.437,0.5,72.35302970810072,PRESERVING,3.937,PASS,continuous_reference_residual_valid_optimizer_reported_success,0,CONTINUE
4.437,RPRA,2,2,3.937,0.475,99.91404164730385,PRESERVING,3.462,PASS,continuous_reference_residual_valid_optimizer_reported_success,0,CONTINUE
4.437,RPRA,3,1,3.462,0.362,99.88995983826324,PRESERVING,3.1,PASS,exact_terminal_equality,0,TERMINAL_REACHED
4.438,RPRA,1,3,4.438,0.501,72.53086443327551,PRESERVING,3.937,PASS,continuous_reference_residual_valid_optimizer_reported_success,0,CONTINUE
4.438,RPRA,2,2,3.937,0.475,99.91404164730385,PRESERVING,3.462,PASS,continuous_reference_residual_valid_optimizer_reported_success,0,CONTINUE
4.438,RPRA,3,1,3.462,0.362,99.88995983826324,PRESERVING,3.1,PASS,exact_terminal_equality,0,TERMINAL_REACHED
4.439,RPRA,1,3,4.439,0.502,72.70879232879778,PRESERVING,3.937,PASS,continuous_reference_residual_valid_optimizer_reported_success,0,CONTINUE
4.439,RPRA,2,2,3.937,0.475,99.91404164730385,PRESERVING,3.462,PASS,continuous_reference_residual_valid_optimizer_reported_success,0,CONTINUE
4.439,RPRA,3,1,3.462,0.362,99.88995983826324,PRESERVING,3.1,PASS,exact_terminal_equality,0,TERMINAL_REACHED
4.44,RPRA,1,3,4.44,0.503,72.88681327502869,PRESERVING,3.937,PASS,continuous_reference_residual_valid_optimizer_reported_success,0,CONTINUE
4.44,RPRA,2,2,3.937,0.475,99.91404164730385,PRESERVING,3.462,PASS,continuous_reference_residual_valid_optimizer_reported_success,0,CONTINUE
4.44,RPRA,3,1,3.462,0.362,99.88995983826324,PRESERVING,3.1,PASS,exact_terminal_equality,0,TERMINAL_REACHED
4.441,RPRA,1,3,4.441,0.504,73.06492715267073,PRESERVING,3.937,PASS,continuous_reference_residual_valid_optimizer_reported_success,0,CONTINUE
4.441,RPRA,2,2,3.937,0.475,99.91404164730385,PRESERVING,3.462,PASS,continuous_reference_residual_valid_optimizer_reported_success,0,CONTINUE
4.441,RPRA,3,1,3.462,0.362,99.88995983826324,PRESERVING,3.1,PASS,exact_terminal_equality,0,TERMINAL_REACHED
4.442,RPRA,1,3,4.442,0.505,73.24313384276653,PRESERVING,3.937,PASS,continuous_reference_residual_valid_optimizer_reported_success,0,CONTINUE
4.442,RPRA,2,2,3.937,0.475,99.91404164730385,PRESERVING,3.462,PASS,continuous_reference_residual_valid_optimizer_reported_success,0,CONTINUE
4.442,RPRA,3,1,3.462,0.362,99.88995983826324,PRESERVING,3.1,PASS,exact_terminal_equality,0,TERMINAL_REACHED
4.443,RPRA,1,3,4.443,0.506,73.42143322669587,PRESERVING,3.937,PASS,continuous_reference_residual_valid_optimizer_reported_success,0,CONTINUE
4.443,RPRA,2,2,3.937,0.475,99.91404164730385,PRESERVING,3.462,PASS,continuous_reference_residual_valid_optimizer_reported_success,0,CONTINUE
4.443,RPRA,3,1,3.462,0.362,99.88995983826324,PRESERVING,3.1,PASS,exact_terminal_equality,0,TERMINAL_REACHED
4.444,RPRA,1,3,4.444,0.507,73.59982518617569,PRESERVING,3.937,PASS,continuous_reference_residual_valid_optimizer_reported_success,0,CONTINUE
4.444,RPRA,2,2,3.937,0.475,99.91404164730385,PRESERVING,3.462,PASS,continuous_reference_residual_valid_optimizer_reported_success,0,CONTINUE
4.444,RPRA,3,1,3.462,0.362,99.88995983826324,PRESERVING,3.1,PASS,exact_terminal_equality,0,TERMINAL_REACHED
4.445,RPRA,1,3,4.445,0.508,73.77830960325744,PRESERVING,3.937,PASS,continuous_reference_residual_valid_optimizer_reported_success,0,CONTINUE
4.445,RPRA,2,2,3.937,0.475,99.91404164730385,PRESERVING,3.462,PASS,continuous_reference_residual_valid_optimizer_reported_success,0,CONTINUE
4.445,RPRA,3,1,3.462,0.362,99.88995983826324,PRESERVING,3.1,PASS,exact_terminal_equality,0,TERMINAL_REACHED
4.446,RPRA,1,3,4.446,0.509,73.95688636032565,PRESERVING,3.937,PASS,continuous_reference_residual_valid_optimizer_reported_success,0,CONTINUE
4.446,RPRA,2,2,3.937,0.475,99.91404164730385,PRESERVING,3.462,PASS,continuous_reference_residual_valid_optimizer_reported_success,0,CONTINUE
4.446,RPRA,3,1,3.462,0.362,99.88995983826324,PRESERVING,3.1,PASS,exact_terminal_equality,0,TERMINAL_REACHED
4.447,RPRA,1,3,4.447,0.51,74.13555534009637,PRESERVING,3.937,PASS,continuous_reference_residual_valid_optimizer_reported_success,0,CONTINUE
4.447,RPRA,2,2,3.937,0.475,99.91404164730385,PRESERVING,3.462,PASS,continuous_reference_residual_valid_optimizer_reported_success,0,CONTINUE
4.447,RPRA,3,1,3.462,0.362,99.88995983826324,PRESERVING,3.1,PASS,exact_terminal_equality,0,TERMINAL_REACHED
4.448,RPRA,1,3,4.448,0.511,74.31431642561535,PRESERVING,3.937,PASS,continuous_reference_residual_valid_optimizer_reported_success,0,CONTINUE
4.448,RPRA,2,2,3.937,0.475,99.91404164730385,PRESERVING,3.462,PASS,continuous_reference_residual_valid_optimizer_reported_success,0,CONTINUE
4.448,RPRA,3,1,3.462,0.362,99.88995983826324,PRESERVING,3.1,PASS,exact_terminal_equality,0,TERMINAL_REACHED
4.449,RPRA,1,3,4.449,0.512,74.49316950025707,PRESERVING,3.937,PASS,continuous_reference_residual_valid_optimizer_reported_success,0,CONTINUE
4.449,RPRA,2,2,3.937,0.475,99.91404164730385,PRESERVING,3.462,PASS,continuous_reference_residual_valid_optimizer_reported_success,0,CONTINUE
4.449,RPRA,3,1,3.462,0.362,99.88995983826324,PRESERVING,3.1,PASS,exact_terminal_equality,0,TERMINAL_REACHED
4.45,RPRA,1,3,4.45,0.513,74.67211444772173,PRESERVING,3.937,PASS,continuous_reference_residual_valid_optimizer_reported_success,0,CONTINUE
4.45,RPRA,2,2,3.937,0.475,99.91404164730385,PRESERVING,3.462,PASS,continuous_reference_residual_valid_optimizer_reported_success,0,CONTINUE
4.45,RPRA,3,1,3.462,0.362,99.88995983826324,PRESERVING,3.1,PASS,exact_terminal_equality,0,TERMINAL_REACHED
4.451,RPRA,1,3,4.451,0.514,74.85115115203553,PRESERVING,3.937,PASS,continuous_reference_residual_valid_optimizer_reported_success,0,CONTINUE
4.451,RPRA,2,2,3.937,0.475,99.91404164730385,PRESERVING,3.462,PASS,continuous_reference_residual_valid_optimizer_reported_success,0,CONTINUE
4.451,RPRA,3,1,3.462,0.362,99.88995983826324,PRESERVING,3.1,PASS,exact_terminal_equality,0,TERMINAL_REACHED
4.452,RPRA,1,3,4.452,0.515,75.03027949754768,PRESERVING,3.937,PASS,continuous_reference_residual_valid_optimizer_reported_success,0,CONTINUE
4.452,RPRA,2,2,3.937,0.475,99.91404164730385,PRESERVING,3.462,PASS,continuous_reference_residual_valid_optimizer_reported_success,0,CONTINUE
4.452,RPRA,3,1,3.462,0.362,99.88995983826324,PRESERVING,3.1,PASS,exact_terminal_equality,0,TERMINAL_REACHED
4.453,RPRA,1,3,4.453,0.516,75.20949936892963,PRESERVING,3.937,PASS,continuous_reference_residual_valid_optimizer_reported_success,0,CONTINUE
4.453,RPRA,2,2,3.937,0.475,99.91404164730385,PRESERVING,3.462,PASS,continuous_reference_residual_valid_optimizer_reported_success,0,CONTINUE
4.453,RPRA,3,1,3.462,0.362,99.88995983826324,PRESERVING,3.1,PASS,exact_terminal_equality,0,TERMINAL_REACHED
4.454,RPRA,1,3,4.454,0.517,75.38881065117336,PRESERVING,3.937,PASS,continuous_reference_residual_valid_optimizer_reported_success,0,CONTINUE
4.454,RPRA,2,2,3.937,0.475,99.91404164730385,PRESERVING,3.462,PASS,continuous_reference_residual_valid_optimizer_reported_success,0,CONTINUE
4.454,RPRA,3,1,3.462,0.362,99.88995983826324,PRESERVING,3.1,PASS,exact_terminal_equality,0,TERMINAL_REACHED
4.455,RPRA,1,3,4.455,0.518,75.56821322958875,PRESERVING,3.937,PASS,continuous_reference_residual_valid_optimizer_reported_success,0,CONTINUE
4.455,RPRA,2,2,3.937,0.475,99.91404164730385,PRESERVING,3.462,PASS,continuous_reference_residual_valid_optimizer_reported_success,0,CONTINUE
4.455,RPRA,3,1,3.462,0.362,99.88995983826324,PRESERVING,3.1,PASS,exact_terminal_equality,0,TERMINAL_REACHED
4.456,RPRA,1,3,4.456,0.519,75.74770698980423,PRESERVING,3.937,PASS,continuous_reference_residual_valid_optimizer_reported_success,0,CONTINUE
4.456,RPRA,2,2,3.937,0.475,99.91404164730385,PRESERVING,3.462,PASS,continuous_reference_residual_valid_optimizer_reported_success,0,CONTINUE
4.456,RPRA,3,1,3.462,0.362,99.88995983826324,PRESERVING,3.1,PASS,exact_terminal_equality,0,TERMINAL_REACHED
4.457,RPRA,1,3,4.457,0.52,75.92729181776332,PRESERVING,3.937,PASS,continuous_reference_residual_valid_optimizer_reported_success,0,CONTINUE
4.457,RPRA,2,2,3.937,0.475,99.91404164730385,PRESERVING,3.462,PASS,continuous_reference_residual_valid_optimizer_reported_success,0,CONTINUE
4.457,RPRA,3,1,3.462,0.362,99.88995983826324,PRESERVING,3.1,PASS,exact_terminal_equality,0,TERMINAL_REACHED
4.458,RPRA,1,3,4.458,0.521,76.10696759972423,PRESERVING,3.937,PASS,continuous_reference_residual_valid_optimizer_reported_success,0,CONTINUE
4.458,RPRA,2,2,3.937,0.475,99.91404164730385,PRESERVING,3.462,PASS,continuous_reference_residual_valid_optimizer_reported_success,0,CONTINUE
4.458,RPRA,3,1,3.462,0.362,99.88995983826324,PRESERVING,3.1,PASS,exact_terminal_equality,0,TERMINAL_REACHED
4.459,RPRA,1,3,4.459,0.522,76.28673422225766,PRESERVING,3.937,PASS,continuous_reference_residual_valid_optimizer_reported_success,0,CONTINUE
4.459,RPRA,2,2,3.937,0.475,99.91404164730385,PRESERVING,3.462,PASS,continuous_reference_residual_valid_optimizer_reported_success,0,CONTINUE
4.459,RPRA,3,1,3.462,0.362,99.88995983826324,PRESERVING,3.1,PASS,exact_terminal_equality,0,TERMINAL_REACHED
4.46,RPRA,1,3,4.46,0.523,76.4665915722459,PRESERVING,3.937,PASS,continuous_reference_residual_valid_optimizer_reported_success,0,CONTINUE
4.46,RPRA,2,2,3.937,0.475,99.91404164730385,PRESERVING,3.462,PASS,continuous_reference_residual_valid_optimizer_reported_success,0,CONTINUE
4.46,RPRA,3,1,3.462,0.362,99.88995983826324,PRESERVING,3.1,PASS,exact_terminal_equality,0,TERMINAL_REACHED
4.461,RPRA,1,3,4.461,0.524,76.64653953688114,PRESERVING,3.937,PASS,continuous_reference_residual_valid_optimizer_reported_success,0,CONTINUE
4.461,RPRA,2,2,3.937,0.475,99.91404164730385,PRESERVING,3.462,PASS,continuous_reference_residual_valid_optimizer_reported_success,0,CONTINUE
4.461,RPRA,3,1,3.462,0.362,99.88995983826324,PRESERVING,3.1,PASS,exact_terminal_equality,0,TERMINAL_REACHED
4.462,RPRA,1,3,4.462,0.525,76.8265780036633,PRESERVING,3.937,PASS,continuous_reference_residual_valid_optimizer_reported_success,0,CONTINUE
4.462,RPRA,2,2,3.937,0.475,99.91404164730385,PRESERVING,3.462,PASS,continuous_reference_residual_valid_optimizer_reported_success,0,CONTINUE
4.462,RPRA,3,1,3.462,0.362,99.88995983826324,PRESERVING,3.1,PASS,exact_terminal_equality,0,TERMINAL_REACHED
4.463,RPRA,1,3,4.463,0.526,77.0067068604,PRESERVING,3.937,PASS,continuous_reference_residual_valid_optimizer_reported_success,0,CONTINUE
4.463,RPRA,2,2,3.937,0.475,99.91404164730385,PRESERVING,3.462,PASS,continuous_reference_residual_valid_optimizer_reported_success,0,CONTINUE
4.463,RPRA,3,1,3.462,0.362,99.88995983826324,PRESERVING,3.1,PASS,exact_terminal_equality,0,TERMINAL_REACHED
4.464,RPRA,1,3,4.464,0.527,77.18692599520384,PRESERVING,3.937,PASS,continuous_reference_residual_valid_optimizer_reported_success,0,CONTINUE
4.464,RPRA,2,2,3.937,0.475,99.91404164730385,PRESERVING,3.462,PASS,continuous_reference_residual_valid_optimizer_reported_success,0,CONTINUE
4.464,RPRA,3,1,3.462,0.362,99.88995983826324,PRESERVING,3.1,PASS,exact_terminal_equality,0,TERMINAL_REACHED
4.465,RPRA,1,3,4.465,0.528,77.36723529649178,PRESERVING,3.937,PASS,continuous_reference_residual_valid_optimizer_reported_success,0,CONTINUE
4.465,RPRA,2,2,3.937,0.475,99.91404164730385,PRESERVING,3.462,PASS,continuous_reference_residual_valid_optimizer_reported_success,0,CONTINUE
4.465,RPRA,3,1,3.462,0.362,99.88995983826324,PRESERVING,3.1,PASS,exact_terminal_equality,0,TERMINAL_REACHED
4.466,RPRA,1,3,4.466,0.529,77.54763465298348,PRESERVING,3.937,PASS,continuous_reference_residual_valid_optimizer_reported_success,0,CONTINUE
4.466,RPRA,2,2,3.937,0.475,99.91404164730385,PRESERVING,3.462,PASS,continuous_reference_residual_valid_optimizer_reported_success,0,CONTINUE
4.466,RPRA,3,1,3.462,0.362,99.88995983826324,PRESERVING,3.1,PASS,exact_terminal_equality,0,TERMINAL_REACHED
4.467,RPRA,1,3,4.467,0.53,77.72812395369895,PRESERVING,3.937,PASS,continuous_reference_residual_valid_optimizer_reported_success,0,CONTINUE
4.467,RPRA,2,2,3.937,0.475,99.91404164730385,PRESERVING,3.462,PASS,continuous_reference_residual_valid_optimizer_reported_success,0,CONTINUE
4.467,RPRA,3,1,3.462,0.362,99.88995983826324,PRESERVING,3.1,PASS,exact_terminal_equality,0,TERMINAL_REACHED
4.468,RPRA,1,3,4.468,0.531,77.90870308795876,PRESERVING,3.937,PASS,continuous_reference_residual_valid_optimizer_reported_success,0,CONTINUE
4.468,RPRA,2,2,3.937,0.475,99.91404164730385,PRESERVING,3.462,PASS,continuous_reference_residual_valid_optimizer_reported_success,0,CONTINUE
4.468,RPRA,3,1,3.462,0.362,99.88995983826324,PRESERVING,3.1,PASS,exact_terminal_equality,0,TERMINAL_REACHED
4.469,RPRA,1,3,4.469,0.532,78.0893719453818,PRESERVING,3.937,PASS,continuous_reference_residual_valid_optimizer_reported_success,0,CONTINUE
4.469,RPRA,2,2,3.937,0.475,99.91404164730385,PRESERVING,3.462,PASS,continuous_reference_residual_valid_optimizer_reported_success,0,CONTINUE
4.469,RPRA,3,1,3.462,0.362,99.88995983826324,PRESERVING,3.1,PASS,exact_terminal_equality,0,TERMINAL_REACHED
4.47,RPRA,1,3,4.47,0.533,78.27013041588366,PRESERVING,3.937,PASS,continuous_reference_residual_valid_optimizer_reported_success,0,CONTINUE
4.47,RPRA,2,2,3.937,0.475,99.91404164730385,PRESERVING,3.462,PASS,continuous_reference_residual_valid_optimizer_reported_success,0,CONTINUE
4.47,RPRA,3,1,3.462,0.362,99.88995983826324,PRESERVING,3.1,PASS,exact_terminal_equality,0,TERMINAL_REACHED
4.471,RPRA,1,3,4.471,0.534,78.45097838967553,PRESERVING,3.937,PASS,continuous_reference_residual_valid_optimizer_reported_success,0,CONTINUE
4.471,RPRA,2,2,3.937,0.475,99.91404164730385,PRESERVING,3.462,PASS,continuous_reference_residual_valid_optimizer_reported_success,0,CONTINUE
4.471,RPRA,3,1,3.462,0.362,99.88995983826324,PRESERVING,3.1,PASS,exact_terminal_equality,0,TERMINAL_REACHED
4.472,RPRA,1,3,4.472,0.535,78.63191575726316,PRESERVING,3.937,PASS,continuous_reference_residual_valid_optimizer_reported_success,0,CONTINUE
4.472,RPRA,2,2,3.937,0.475,99.91404164730385,PRESERVING,3.462,PASS,continuous_reference_residual_valid_optimizer_reported_success,0,CONTINUE
4.472,RPRA,3,1,3.462,0.362,99.88995983826324,PRESERVING,3.1,PASS,exact_terminal_equality,0,TERMINAL_REACHED
4.473,RPRA,1,3,4.473,0.536,78.81294240944503,PRESERVING,3.937,PASS,continuous_reference_residual_valid_optimizer_reported_success,0,CONTINUE
4.473,RPRA,2,2,3.937,0.475,99.91404164730385,PRESERVING,3.462,PASS,continuous_reference_residual_valid_optimizer_reported_success,0,CONTINUE
4.473,RPRA,3,1,3.462,0.362,99.88995983826324,PRESERVING,3.1,PASS,exact_terminal_equality,0,TERMINAL_REACHED
4.474,RPRA,1,3,4.474,0.537,78.99405823731051,PRESERVING,3.937,PASS,continuous_reference_residual_valid_optimizer_reported_success,0,CONTINUE
4.474,RPRA,2,2,3.937,0.475,99.91404164730385,PRESERVING,3.462,PASS,continuous_reference_residual_valid_optimizer_reported_success,0,CONTINUE
4.474,RPRA,3,1,3.462,0.362,99.88995983826324,PRESERVING,3.1,PASS,exact_terminal_equality,0,TERMINAL_REACHED
4.475,RPRA,1,3,4.475,0.538,79.17526313223993,PRESERVING,3.937,PASS,continuous_reference_residual_valid_optimizer_reported_success,0,CONTINUE
4.475,RPRA,2,2,3.937,0.475,99.91404164730385,PRESERVING,3.462,PASS,continuous_reference_residual_valid_optimizer_reported_success,0,CONTINUE
4.475,RPRA,3,1,3.462,0.362,99.88995983826324,PRESERVING,3.1,PASS,exact_terminal_equality,0,TERMINAL_REACHED
4.476,RPRA,1,3,4.476,0.539,79.35655698590197,PRESERVING,3.937,PASS,continuous_reference_residual_valid_optimizer_reported_success,0,CONTINUE
4.476,RPRA,2,2,3.937,0.475,99.91404164730385,PRESERVING,3.462,PASS,continuous_reference_residual_valid_optimizer_reported_success,0,CONTINUE
4.476,RPRA,3,1,3.462,0.362,99.88995983826324,PRESERVING,3.1,PASS,exact_terminal_equality,0,TERMINAL_REACHED
4.477,RPRA,1,3,4.477,0.54,79.53793969025295,PRESERVING,3.937,PASS,continuous_reference_residual_valid_optimizer_reported_success,0,CONTINUE
4.477,RPRA,2,2,3.937,0.475,99.91404164730385,PRESERVING,3.462,PASS,continuous_reference_residual_valid_optimizer_reported_success,0,CONTINUE
4.477,RPRA,3,1,3.462,0.362,99.88995983826324,PRESERVING,3.1,PASS,exact_terminal_equality,0,TERMINAL_REACHED
4.478,RPRA,1,3,4.478,0.541,79.7194111375357,PRESERVING,3.937,PASS,continuous_reference_residual_valid_optimizer_reported_success,0,CONTINUE
4.478,RPRA,2,2,3.937,0.475,99.91404164730385,PRESERVING,3.462,PASS,continuous_reference_residual_valid_optimizer_reported_success,0,CONTINUE
4.478,RPRA,3,1,3.462,0.362,99.88995983826324,PRESERVING,3.1,PASS,exact_terminal_equality,0,TERMINAL_REACHED
4.479,RPRA,1,3,4.479,0.542,79.90097122027703,PRESERVING,3.937,PASS,continuous_reference_residual_valid_optimizer_reported_success,0,CONTINUE
4.479,RPRA,2,2,3.937,0.475,99.91404164730385,PRESERVING,3.462,PASS,continuous_reference_residual_valid_optimizer_reported_success,0,CONTINUE
4.479,RPRA,3,1,3.462,0.362,99.88995983826324,PRESERVING,3.1,PASS,exact_terminal_equality,0,TERMINAL_REACHED
4.48,RPRA,1,3,4.48,0.543,80.08261983128789,PRESERVING,3.937,PASS,continuous_reference_residual_valid_optimizer_reported_success,0,CONTINUE
4.48,RPRA,2,2,3.937,0.475,99.91404164730385,PRESERVING,3.462,PASS,continuous_reference_residual_valid_optimizer_reported_success,0,CONTINUE
4.48,RPRA,3,1,3.462,0.362,99.88995983826324,PRESERVING,3.1,PASS,exact_terminal_equality,0,TERMINAL_REACHED
4.481,RPRA,1,3,4.481,0.544,80.26435686366148,PRESERVING,3.937,PASS,continuous_reference_residual_valid_optimizer_reported_success,0,CONTINUE
4.481,RPRA,2,2,3.937,0.475,99.91404164730385,PRESERVING,3.462,PASS,continuous_reference_residual_valid_optimizer_reported_success,0,CONTINUE
4.481,RPRA,3,1,3.462,0.362,99.88995983826324,PRESERVING,3.1,PASS,exact_terminal_equality,0,TERMINAL_REACHED
4.482,RPRA,1,3,4.482,0.545,80.44618221077182,PRESERVING,3.937,PASS,continuous_reference_residual_valid_optimizer_reported_success,0,CONTINUE
4.482,RPRA,2,2,3.937,0.475,99.91404164730385,PRESERVING,3.462,PASS,continuous_reference_residual_valid_optimizer_reported_success,0,CONTINUE
4.482,RPRA,3,1,3.462,0.362,99.88995983826324,PRESERVING,3.1,PASS,exact_terminal_equality,0,TERMINAL_REACHED
4.483,RPRA,1,3,4.483,0.546,80.62809576627257,PRESERVING,3.937,PASS,continuous_reference_residual_valid_optimizer_reported_success,0,CONTINUE
4.483,RPRA,2,2,3.937,0.475,99.91404164730385,PRESERVING,3.462,PASS,continuous_reference_residual_valid_optimizer_reported_success,0,CONTINUE
4.483,RPRA,3,1,3.462,0.362,99.88995983826324,PRESERVING,3.1,PASS,exact_terminal_equality,0,TERMINAL_REACHED
4.484,RPRA,1,3,4.484,0.547,80.81009742409596,PRESERVING,3.937,PASS,continuous_reference_residual_valid_optimizer_reported_success,0,CONTINUE
4.484,RPRA,2,2,3.937,0.475,99.91404164730385,PRESERVING,3.462,PASS,continuous_reference_residual_valid_optimizer_reported_success,0,CONTINUE
4.484,RPRA,3,1,3.462,0.362,99.88995983826324,PRESERVING,3.1,PASS,exact_terminal_equality,0,TERMINAL_REACHED
4.485,RPRA,1,3,4.485,0.548,80.99218707845156,PRESERVING,3.937,PASS,continuous_reference_residual_valid_optimizer_reported_success,0,CONTINUE
4.485,RPRA,2,2,3.937,0.475,99.91404164730385,PRESERVING,3.462,PASS,continuous_reference_residual_valid_optimizer_reported_success,0,CONTINUE
4.485,RPRA,3,1,3.462,0.362,99.88995983826324,PRESERVING,3.1,PASS,exact_terminal_equality,0,TERMINAL_REACHED
4.486,RPRA,1,3,4.486,0.549,81.17436462382389,PRESERVING,3.937,PASS,continuous_reference_residual_valid_optimizer_reported_success,0,CONTINUE
4.486,RPRA,2,2,3.937,0.475,99.91404164730385,PRESERVING,3.462,PASS,continuous_reference_residual_valid_optimizer_reported_success,0,CONTINUE
4.486,RPRA,3,1,3.462,0.362,99.88995983826324,PRESERVING,3.1,PASS,exact_terminal_equality,0,TERMINAL_REACHED
4.487,RPRA,1,3,4.487,0.55,81.35662995497309,PRESERVING,3.937,PASS,continuous_reference_residual_valid_optimizer_reported_success,0,CONTINUE
4.487,RPRA,2,2,3.937,0.475,99.91404164730385,PRESERVING,3.462,PASS,continuous_reference_residual_valid_optimizer_reported_success,0,CONTINUE
4.487,RPRA,3,1,3.462,0.362,99.88995983826324,PRESERVING,3.1,PASS,exact_terminal_equality,0,TERMINAL_REACHED
4.488,RPRA,1,3,4.488,0.551,81.53898296693227,PRESERVING,3.937,PASS,continuous_reference_residual_valid_optimizer_reported_success,0,CONTINUE
4.488,RPRA,2,2,3.937,0.475,99.91404164730385,PRESERVING,3.462,PASS,continuous_reference_residual_valid_optimizer_reported_success,0,CONTINUE
4.488,RPRA,3,1,3.462,0.362,99.88995983826324,PRESERVING,3.1,PASS,exact_terminal_equality,0,TERMINAL_REACHED
4.489,RPRA,1,3,4.489,0.552,81.72142355500691,PRESERVING,3.937,PASS,continuous_reference_residual_valid_optimizer_reported_success,0,CONTINUE
4.489,RPRA,2,2,3.937,0.475,99.91404164730385,PRESERVING,3.462,PASS,continuous_reference_residual_valid_optimizer_reported_success,0,CONTINUE
4.489,RPRA,3,1,3.462,0.362,99.88995983826324,PRESERVING,3.1,PASS,exact_terminal_equality,0,TERMINAL_REACHED
4.49,RPRA,1,3,4.49,0.553,81.90395161477353,PRESERVING,3.937,PASS,continuous_reference_residual_valid_optimizer_reported_success,0,CONTINUE
4.49,RPRA,2,2,3.937,0.475,99.91404164730385,PRESERVING,3.462,PASS,continuous_reference_residual_valid_optimizer_reported_success,0,CONTINUE
4.49,RPRA,3,1,3.462,0.362,99.88995983826324,PRESERVING,3.1,PASS,exact_terminal_equality,0,TERMINAL_REACHED
4.491,RPRA,1,3,4.491,0.554,82.08656704207768,PRESERVING,3.937,PASS,continuous_reference_residual_valid_optimizer_reported_success,0,CONTINUE
4.491,RPRA,2,2,3.937,0.475,99.91404164730385,PRESERVING,3.462,PASS,continuous_reference_residual_valid_optimizer_reported_success,0,CONTINUE
4.491,RPRA,3,1,3.462,0.362,99.88995983826324,PRESERVING,3.1,PASS,exact_terminal_equality,0,TERMINAL_REACHED
4.492,RPRA,1,3,4.492,0.555,82.2692697330342,PRESERVING,3.937,PASS,continuous_reference_residual_valid_optimizer_reported_success,0,CONTINUE
4.492,RPRA,2,2,3.937,0.475,99.91404164730385,PRESERVING,3.462,PASS,continuous_reference_residual_valid_optimizer_reported_success,0,CONTINUE
4.492,RPRA,3,1,3.462,0.362,99.88995983826324,PRESERVING,3.1,PASS,exact_terminal_equality,0,TERMINAL_REACHED
4.493,RPRA,1,3,4.493,0.556,82.4520595840249,PRESERVING,3.937,PASS,continuous_reference_residual_valid_optimizer_reported_success,0,CONTINUE
4.493,RPRA,2,2,3.937,0.475,99.91404164730385,PRESERVING,3.462,PASS,continuous_reference_residual_valid_optimizer_reported_success,0,CONTINUE
4.493,RPRA,3,1,3.462,0.362,99.88995983826324,PRESERVING,3.1,PASS,exact_terminal_equality,0,TERMINAL_REACHED
4.494,RPRA,1,3,4.494,0.557,82.63493649169801,PRESERVING,3.937,PASS,continuous_reference_residual_valid_optimizer_reported_success,0,CONTINUE
4.494,RPRA,2,2,3.937,0.475,99.91404164730385,PRESERVING,3.462,PASS,continuous_reference_residual_valid_optimizer_reported_success,0,CONTINUE
4.494,RPRA,3,1,3.462,0.362,99.88995983826324,PRESERVING,3.1,PASS,exact_terminal_equality,0,TERMINAL_REACHED
4.495,RPRA,1,3,4.495,0.558,82.81790035296616,PRESERVING,3.937,PASS,continuous_reference_residual_valid_optimizer_reported_success,0,CONTINUE
4.495,RPRA,2,2,3.937,0.475,99.91404164730385,PRESERVING,3.462,PASS,continuous_reference_residual_valid_optimizer_reported_success,0,CONTINUE
4.495,RPRA,3,1,3.462,0.362,99.88995983826324,PRESERVING,3.1,PASS,exact_terminal_equality,0,TERMINAL_REACHED
4.496,RPRA,1,3,4.496,0.559,83.00095106500629,PRESERVING,3.937,PASS,continuous_reference_residual_valid_optimizer_reported_success,0,CONTINUE
4.496,RPRA,2,2,3.937,0.475,99.91404164730385,PRESERVING,3.462,PASS,continuous_reference_residual_valid_optimizer_reported_success,0,CONTINUE
4.496,RPRA,3,1,3.462,0.362,99.88995983826324,PRESERVING,3.1,PASS,exact_terminal_equality,0,TERMINAL_REACHED
4.497,RPRA,1,3,4.497,0.56,83.18408852525788,PRESERVING,3.937,PASS,continuous_reference_residual_valid_optimizer_reported_success,0,CONTINUE
4.497,RPRA,2,2,3.937,0.475,99.91404164730385,PRESERVING,3.462,PASS,continuous_reference_residual_valid_optimizer_reported_success,0,CONTINUE
4.497,RPRA,3,1,3.462,0.362,99.88995983826324,PRESERVING,3.1,PASS,exact_terminal_equality,0,TERMINAL_REACHED
4.498,RPRA,1,3,4.498,0.561,83.36731263142123,PRESERVING,3.937,PASS,continuous_reference_residual_valid_optimizer_reported_success,0,CONTINUE
4.498,RPRA,2,2,3.937,0.475,99.91404164730385,PRESERVING,3.462,PASS,continuous_reference_residual_valid_optimizer_reported_success,0,CONTINUE
4.498,RPRA,3,1,3.462,0.362,99.88995983826324,PRESERVING,3.1,PASS,exact_terminal_equality,0,TERMINAL_REACHED
4.499,RPRA,1,3,4.499,0.562,83.55062328145755,PRESERVING,3.937,PASS,continuous_reference_residual_valid_optimizer_reported_success,0,CONTINUE
4.499,RPRA,2,2,3.937,0.475,99.91404164730385,PRESERVING,3.462,PASS,continuous_reference_residual_valid_optimizer_reported_success,0,CONTINUE
4.499,RPRA,3,1,3.462,0.362,99.88995983826324,PRESERVING,3.1,PASS,exact_terminal_equality,0,TERMINAL_REACHED
4.5,RPRA,1,3,4.5,0.563,83.73402037358707,PRESERVING,3.937,PASS,continuous_reference_residual_valid_optimizer_reported_success,0,CONTINUE
4.5,RPRA,2,2,3.937,0.475,99.91404164730385,PRESERVING,3.462,PASS,continuous_reference_residual_valid_optimizer_reported_success,0,CONTINUE
4.5,RPRA,3,1,3.462,0.362,99.88995983826324,PRESERVING,3.1,PASS,exact_terminal_equality,0,TERMINAL_REACHED
4.501,RPRA,1,3,4.501,0.564,83.91750380628774,PRESERVING,3.937,PASS,continuous_reference_residual_valid_optimizer_reported_success,0,CONTINUE
4.501,RPRA,2,2,3.937,0.475,99.91404164730385,PRESERVING,3.462,PASS,continuous_reference_residual_valid_optimizer_reported_success,0,CONTINUE
4.501,RPRA,3,1,3.462,0.362,99.88995983826324,PRESERVING,3.1,PASS,exact_terminal_equality,0,TERMINAL_REACHED
4.502,RPRA,1,3,4.502,0.565,84.10107347829457,PRESERVING,3.937,PASS,continuous_reference_residual_valid_optimizer_reported_success,0,CONTINUE
4.502,RPRA,2,2,3.937,0.475,99.91404164730385,PRESERVING,3.462,PASS,continuous_reference_residual_valid_optimizer_reported_success,0,CONTINUE
4.502,RPRA,3,1,3.462,0.362,99.88995983826324,PRESERVING,3.1,PASS,exact_terminal_equality,0,TERMINAL_REACHED
4.503,RPRA,1,3,4.503,0.566,84.28472928859861,PRESERVING,3.937,PASS,continuous_reference_residual_valid_optimizer_reported_success,0,CONTINUE
4.503,RPRA,2,2,3.937,0.475,99.91404164730385,PRESERVING,3.462,PASS,continuous_reference_residual_valid_optimizer_reported_success,0,CONTINUE
4.503,RPRA,3,1,3.462,0.362,99.88995983826324,PRESERVING,3.1,PASS,exact_terminal_equality,0,TERMINAL_REACHED
4.504,RPRA,1,3,4.504,0.567,84.46847113644439,PRESERVING,3.937,PASS,continuous_reference_residual_valid_optimizer_reported_success,0,CONTINUE
4.504,RPRA,2,2,3.937,0.475,99.91404164730385,PRESERVING,3.462,PASS,continuous_reference_residual_valid_optimizer_reported_success,0,CONTINUE
4.504,RPRA,3,1,3.462,0.362,99.88995983826324,PRESERVING,3.1,PASS,exact_terminal_equality,0,TERMINAL_REACHED
4.505,RPRA,1,3,4.505,0.568,84.65229892133114,PRESERVING,3.937,PASS,continuous_reference_residual_valid_optimizer_reported_success,0,CONTINUE
4.505,RPRA,2,2,3.937,0.475,99.91404164730385,PRESERVING,3.462,PASS,continuous_reference_residual_valid_optimizer_reported_success,0,CONTINUE
4.505,RPRA,3,1,3.462,0.362,99.88995983826324,PRESERVING,3.1,PASS,exact_terminal_equality,0,TERMINAL_REACHED
4.506,RPRA,1,3,4.506,0.569,84.83621254300982,PRESERVING,3.937,PASS,continuous_reference_residual_valid_optimizer_reported_success,0,CONTINUE
4.506,RPRA,2,2,3.937,0.475,99.91404164730385,PRESERVING,3.462,PASS,continuous_reference_residual_valid_optimizer_reported_success,0,CONTINUE
4.506,RPRA,3,1,3.462,0.362,99.88995983826324,PRESERVING,3.1,PASS,exact_terminal_equality,0,TERMINAL_REACHED
4.507,RPRA,1,3,4.507,0.57,85.02021190148295,PRESERVING,3.937,PASS,continuous_reference_residual_valid_optimizer_reported_success,0,CONTINUE
4.507,RPRA,2,2,3.937,0.475,99.91404164730385,PRESERVING,3.462,PASS,continuous_reference_residual_valid_optimizer_reported_success,0,CONTINUE
4.507,RPRA,3,1,3.462,0.362,99.88995983826324,PRESERVING,3.1,PASS,exact_terminal_equality,0,TERMINAL_REACHED
4.508,RPRA,1,3,4.508,0.571,85.20429689700306,PRESERVING,3.937,PASS,continuous_reference_residual_valid_optimizer_reported_success,0,CONTINUE
4.508,RPRA,2,2,3.937,0.475,99.91404164730385,PRESERVING,3.462,PASS,continuous_reference_residual_valid_optimizer_reported_success,0,CONTINUE
4.508,RPRA,3,1,3.462,0.362,99.88995983826324,PRESERVING,3.1,PASS,exact_terminal_equality,0,TERMINAL_REACHED
4.509,RPRA,1,3,4.509,0.572,85.38846743007178,PRESERVING,3.937,PASS,continuous_reference_residual_valid_optimizer_reported_success,0,CONTINUE
4.509,RPRA,2,2,3.937,0.475,99.91404164730385,PRESERVING,3.462,PASS,continuous_reference_residual_valid_optimizer_reported_success,0,CONTINUE
4.509,RPRA,3,1,3.462,0.362,99.88995983826324,PRESERVING,3.1,PASS,exact_terminal_equality,0,TERMINAL_REACHED
4.51,RPRA,1,3,4.51,0.573,85.57272340143905,PRESERVING,3.937,PASS,continuous_reference_residual_valid_optimizer_reported_success,0,CONTINUE
4.51,RPRA,2,2,3.937,0.475,99.91404164730385,PRESERVING,3.462,PASS,continuous_reference_residual_valid_optimizer_reported_success,0,CONTINUE
4.51,RPRA,3,1,3.462,0.362,99.88995983826324,PRESERVING,3.1,PASS,exact_terminal_equality,0,TERMINAL_REACHED
4.511,RPRA,1,3,4.511,0.574,85.75706471210107,PRESERVING,3.937,PASS,continuous_reference_residual_valid_optimizer_reported_success,0,CONTINUE
4.511,RPRA,2,2,3.937,0.475,99.91404164730385,PRESERVING,3.462,PASS,continuous_reference_residual_valid_optimizer_reported_success,0,CONTINUE
4.511,RPRA,3,1,3.462,0.362,99.88995983826324,PRESERVING,3.1,PASS,exact_terminal_equality,0,TERMINAL_REACHED
4.512,RPRA,1,3,4.512,0.575,85.94149126330045,PRESERVING,3.937,PASS,continuous_reference_residual_valid_optimizer_reported_success,0,CONTINUE
4.512,RPRA,2,2,3.937,0.475,99.91404164730385,PRESERVING,3.462,PASS,continuous_reference_residual_valid_optimizer_reported_success,0,CONTINUE
4.512,RPRA,3,1,3.462,0.362,99.88995983826324,PRESERVING,3.1,PASS,exact_terminal_equality,0,TERMINAL_REACHED
4.513,RPRA,1,3,4.513,0.576,86.12600295652462,PRESERVING,3.937,PASS,continuous_reference_residual_valid_optimizer_reported_success,0,CONTINUE
4.513,RPRA,2,2,3.937,0.475,99.91404164730385,PRESERVING,3.462,PASS,continuous_reference_residual_valid_optimizer_reported_success,0,CONTINUE
4.513,RPRA,3,1,3.462,0.362,99.88995983826324,PRESERVING,3.1,PASS,exact_terminal_equality,0,TERMINAL_REACHED
4.514,RPRA,1,3,4.514,0.577,86.3105996935045,PRESERVING,3.937,PASS,continuous_reference_residual_valid_optimizer_reported_success,0,CONTINUE
4.514,RPRA,2,2,3.937,0.475,99.91404164730385,PRESERVING,3.462,PASS,continuous_reference_residual_valid_optimizer_reported_success,0,CONTINUE
4.514,RPRA,3,1,3.462,0.362,99.88995983826324,PRESERVING,3.1,PASS,exact_terminal_equality,0,TERMINAL_REACHED
4.515,RPRA,1,3,4.515,0.578,86.49528137621428,PRESERVING,3.937,PASS,continuous_reference_residual_valid_optimizer_reported_success,0,CONTINUE
4.515,RPRA,2,2,3.937,0.475,99.91404164730385,PRESERVING,3.462,PASS,continuous_reference_residual_valid_optimizer_reported_success,0,CONTINUE
4.515,RPRA,3,1,3.462,0.362,99.88995983826324,PRESERVING,3.1,PASS,exact_terminal_equality,0,TERMINAL_REACHED
4.516,RPRA,1,3,4.516,0.579,86.6800479068686,PRESERVING,3.937,PASS,continuous_reference_residual_valid_optimizer_reported_success,0,CONTINUE
4.516,RPRA,2,2,3.937,0.475,99.91404164730385,PRESERVING,3.462,PASS,continuous_reference_residual_valid_optimizer_reported_success,0,CONTINUE
4.516,RPRA,3,1,3.462,0.362,99.88995983826324,PRESERVING,3.1,PASS,exact_terminal_equality,0,TERMINAL_REACHED
4.517,RPRA,1,3,4.517,0.58,86.86489918792391,PRESERVING,3.937,PASS,continuous_reference_residual_valid_optimizer_reported_success,0,CONTINUE
4.517,RPRA,2,2,3.937,0.475,99.91404164730385,PRESERVING,3.462,PASS,continuous_reference_residual_valid_optimizer_reported_success,0,CONTINUE
4.517,RPRA,3,1,3.462,0.362,99.88995983826324,PRESERVING,3.1,PASS,exact_terminal_equality,0,TERMINAL_REACHED
4.518,RPRA,1,3,4.518,0.581,87.04983512207598,PRESERVING,3.937,PASS,continuous_reference_residual_valid_optimizer_reported_success,0,CONTINUE
4.518,RPRA,2,2,3.937,0.475,99.91404164730385,PRESERVING,3.462,PASS,continuous_reference_residual_valid_optimizer_reported_success,0,CONTINUE
4.518,RPRA,3,1,3.462,0.362,99.88995983826324,PRESERVING,3.1,PASS,exact_terminal_equality,0,TERMINAL_REACHED
4.519,RPRA,1,3,4.519,0.582,87.23485561225888,PRESERVING,3.937,PASS,continuous_reference_residual_valid_optimizer_reported_success,0,CONTINUE
4.519,RPRA,2,2,3.937,0.475,99.91404164730385,PRESERVING,3.462,PASS,continuous_reference_residual_valid_optimizer_reported_success,0,CONTINUE
4.519,RPRA,3,1,3.462,0.362,99.88995983826324,PRESERVING,3.1,PASS,exact_terminal_equality,0,TERMINAL_REACHED
4.52,RPRA,1,3,4.52,0.583,87.41996056164442,PRESERVING,3.937,PASS,continuous_reference_residual_valid_optimizer_reported_success,0,CONTINUE
4.52,RPRA,2,2,3.937,0.475,99.91404164730385,PRESERVING,3.462,PASS,continuous_reference_residual_valid_optimizer_reported_success,0,CONTINUE
4.52,RPRA,3,1,3.462,0.362,99.88995983826324,PRESERVING,3.1,PASS,exact_terminal_equality,0,TERMINAL_REACHED
4.521,RPRA,1,3,4.521,0.584,87.60514987364093,PRESERVING,3.937,PASS,continuous_reference_residual_valid_optimizer_reported_success,0,CONTINUE
4.521,RPRA,2,2,3.937,0.475,99.91404164730385,PRESERVING,3.462,PASS,continuous_reference_residual_valid_optimizer_reported_success,0,CONTINUE
4.521,RPRA,3,1,3.462,0.362,99.88995983826324,PRESERVING,3.1,PASS,exact_terminal_equality,0,TERMINAL_REACHED
4.522,RPRA,1,3,4.522,0.585,87.7904234518926,PRESERVING,3.937,PASS,continuous_reference_residual_valid_optimizer_reported_success,0,CONTINUE
4.522,RPRA,2,2,3.937,0.475,99.91404164730385,PRESERVING,3.462,PASS,continuous_reference_residual_valid_optimizer_reported_success,0,CONTINUE
4.522,RPRA,3,1,3.462,0.362,99.88995983826324,PRESERVING,3.1,PASS,exact_terminal_equality,0,TERMINAL_REACHED
4.523,RPRA,1,3,4.523,0.586,87.97578120027724,PRESERVING,3.937,PASS,continuous_reference_residual_valid_optimizer_reported_success,0,CONTINUE
4.523,RPRA,2,2,3.937,0.475,99.91404164730385,PRESERVING,3.462,PASS,continuous_reference_residual_valid_optimizer_reported_success,0,CONTINUE
4.523,RPRA,3,1,3.462,0.362,99.88995983826324,PRESERVING,3.1,PASS,exact_terminal_equality,0,TERMINAL_REACHED
4.524,RPRA,1,3,4.524,0.587,88.1612230229071,PRESERVING,3.937,PASS,continuous_reference_residual_valid_optimizer_reported_success,0,CONTINUE
4.524,RPRA,2,2,3.937,0.475,99.91404164730385,PRESERVING,3.462,PASS,continuous_reference_residual_valid_optimizer_reported_success,0,CONTINUE
4.524,RPRA,3,1,3.462,0.362,99.88995983826324,PRESERVING,3.1,PASS,exact_terminal_equality,0,TERMINAL_REACHED
4.525,RPRA,1,3,4.525,0.588,88.34674882412682,PRESERVING,3.937,PASS,continuous_reference_residual_valid_optimizer_reported_success,0,CONTINUE
4.525,RPRA,2,2,3.937,0.475,99.91404164730385,PRESERVING,3.462,PASS,continuous_reference_residual_valid_optimizer_reported_success,0,CONTINUE
4.525,RPRA,3,1,3.462,0.362,99.88995983826324,PRESERVING,3.1,PASS,exact_terminal_equality,0,TERMINAL_REACHED
4.526,RPRA,1,3,4.526,0.589,88.53235850851236,PRESERVING,3.937,PASS,continuous_reference_residual_valid_optimizer_reported_success,0,CONTINUE
4.526,RPRA,2,2,3.937,0.475,99.91404164730385,PRESERVING,3.462,PASS,continuous_reference_residual_valid_optimizer_reported_success,0,CONTINUE
4.526,RPRA,3,1,3.462,0.362,99.88995983826324,PRESERVING,3.1,PASS,exact_terminal_equality,0,TERMINAL_REACHED
4.527,RPRA,1,3,4.527,0.59,88.71805198087083,PRESERVING,3.937,PASS,continuous_reference_residual_valid_optimizer_reported_success,0,CONTINUE
4.527,RPRA,2,2,3.937,0.475,99.91404164730385,PRESERVING,3.462,PASS,continuous_reference_residual_valid_optimizer_reported_success,0,CONTINUE
4.527,RPRA,3,1,3.462,0.362,99.88995983826324,PRESERVING,3.1,PASS,exact_terminal_equality,0,TERMINAL_REACHED
4.528,RPRA,1,3,4.528,0.591,88.90382914623795,PRESERVING,3.937,PASS,continuous_reference_residual_valid_optimizer_reported_success,0,CONTINUE
4.528,RPRA,2,2,3.937,0.475,99.91404164730385,PRESERVING,3.462,PASS,continuous_reference_residual_valid_optimizer_reported_success,0,CONTINUE
4.528,RPRA,3,1,3.462,0.362,99.88995983826324,PRESERVING,3.1,PASS,exact_terminal_equality,0,TERMINAL_REACHED
4.529,RPRA,1,3,4.529,0.592,89.08968990987908,PRESERVING,3.937,PASS,continuous_reference_residual_valid_optimizer_reported_success,0,CONTINUE
4.529,RPRA,2,2,3.937,0.475,99.91404164730385,PRESERVING,3.462,PASS,continuous_reference_residual_valid_optimizer_reported_success,0,CONTINUE
4.529,RPRA,3,1,3.462,0.362,99.88995983826324,PRESERVING,3.1,PASS,exact_terminal_equality,0,TERMINAL_REACHED
4.53,RPRA,1,3,4.53,0.593,89.27563417728699,PRESERVING,3.937,PASS,continuous_reference_residual_valid_optimizer_reported_success,0,CONTINUE
4.53,RPRA,2,2,3.937,0.475,99.91404164730385,PRESERVING,3.462,PASS,continuous_reference_residual_valid_optimizer_reported_success,0,CONTINUE
4.53,RPRA,3,1,3.462,0.362,99.88995983826324,PRESERVING,3.1,PASS,exact_terminal_equality,0,TERMINAL_REACHED
4.531,RPRA,1,3,4.531,0.594,89.4616618541812,PRESERVING,3.937,PASS,continuous_reference_residual_valid_optimizer_reported_success,0,CONTINUE
4.531,RPRA,2,2,3.937,0.475,99.91404164730385,PRESERVING,3.462,PASS,continuous_reference_residual_valid_optimizer_reported_success,0,CONTINUE
4.531,RPRA,3,1,3.462,0.362,99.88995983826324,PRESERVING,3.1,PASS,exact_terminal_equality,0,TERMINAL_REACHED
4.532,RPRA,1,3,4.532,0.595,89.64777284650695,PRESERVING,3.937,PASS,continuous_reference_residual_valid_optimizer_reported_success,0,CONTINUE
4.532,RPRA,2,2,3.937,0.475,99.91404164730385,PRESERVING,3.462,PASS,continuous_reference_residual_valid_optimizer_reported_success,0,CONTINUE
4.532,RPRA,3,1,3.462,0.362,99.88995983826324,PRESERVING,3.1,PASS,exact_terminal_equality,0,TERMINAL_REACHED
4.533,RPRA,1,3,4.533,0.596,89.8339670604345,PRESERVING,3.937,PASS,continuous_reference_residual_valid_optimizer_reported_success,0,CONTINUE
4.533,RPRA,2,2,3.937,0.475,99.91404164730385,PRESERVING,3.462,PASS,continuous_reference_residual_valid_optimizer_reported_success,0,CONTINUE
4.533,RPRA,3,1,3.462,0.362,99.88995983826324,PRESERVING,3.1,PASS,exact_terminal_equality,0,TERMINAL_REACHED
4.534,RPRA,1,3,4.534,0.597,90.02024440235823,PRESERVING,3.937,PASS,continuous_reference_residual_valid_optimizer_reported_success,0,CONTINUE
4.534,RPRA,2,2,3.937,0.475,99.91404164730385,PRESERVING,3.462,PASS,continuous_reference_residual_valid_optimizer_reported_success,0,CONTINUE
4.534,RPRA,3,1,3.462,0.362,99.88995983826324,PRESERVING,3.1,PASS,exact_terminal_equality,0,TERMINAL_REACHED
4.535,RPRA,1,3,4.535,0.598,90.20660477889476,PRESERVING,3.937,PASS,continuous_reference_residual_valid_optimizer_reported_success,0,CONTINUE
4.535,RPRA,2,2,3.937,0.475,99.91404164730385,PRESERVING,3.462,PASS,continuous_reference_residual_valid_optimizer_reported_success,0,CONTINUE
4.535,RPRA,3,1,3.462,0.362,99.88995983826324,PRESERVING,3.1,PASS,exact_terminal_equality,0,TERMINAL_REACHED
4.536,RPRA,1,3,4.536,0.599,90.39304809688359,PRESERVING,3.937,PASS,continuous_reference_residual_valid_optimizer_reported_success,0,CONTINUE
4.536,RPRA,2,2,3.937,0.475,99.91404164730385,PRESERVING,3.462,PASS,continuous_reference_residual_valid_optimizer_reported_success,0,CONTINUE
4.536,RPRA,3,1,3.462,0.362,99.88995983826324,PRESERVING,3.1,PASS,exact_terminal_equality,0,TERMINAL_REACHED
4.537,RPRA,1,3,4.537,0.6,90.57957426338518,PRESERVING,3.937,PASS,continuous_reference_residual_valid_optimizer_reported_success,0,CONTINUE
4.537,RPRA,2,2,3.937,0.475,99.91404164730385,PRESERVING,3.462,PASS,continuous_reference_residual_valid_optimizer_reported_success,0,CONTINUE
4.537,RPRA,3,1,3.462,0.362,99.88995983826324,PRESERVING,3.1,PASS,exact_terminal_equality,0,TERMINAL_REACHED
4.538,RPRA,1,3,4.538,0.601,90.76618318568,PRESERVING,3.937,PASS,continuous_reference_residual_valid_optimizer_reported_success,0,CONTINUE
4.538,RPRA,2,2,3.937,0.475,99.91404164730385,PRESERVING,3.462,PASS,continuous_reference_residual_valid_optimizer_reported_success,0,CONTINUE
4.538,RPRA,3,1,3.462,0.362,99.88995983826324,PRESERVING,3.1,PASS,exact_terminal_equality,0,TERMINAL_REACHED
4.539,RPRA,1,3,4.539,0.602,90.95287477126844,PRESERVING,3.937,PASS,continuous_reference_residual_valid_optimizer_reported_success,0,CONTINUE
4.539,RPRA,2,2,3.937,0.475,99.91404164730385,PRESERVING,3.462,PASS,continuous_reference_residual_valid_optimizer_reported_success,0,CONTINUE
4.539,RPRA,3,1,3.462,0.362,99.88995983826324,PRESERVING,3.1,PASS,exact_terminal_equality,0,TERMINAL_REACHED
4.54,RPRA,1,3,4.54,0.603,91.13964892786835,PRESERVING,3.937,PASS,continuous_reference_residual_valid_optimizer_reported_success,0,CONTINUE
4.54,RPRA,2,2,3.937,0.475,99.91404164730385,PRESERVING,3.462,PASS,continuous_reference_residual_valid_optimizer_reported_success,0,CONTINUE
4.54,RPRA,3,1,3.462,0.362,99.88995983826324,PRESERVING,3.1,PASS,exact_terminal_equality,0,TERMINAL_REACHED
4.541,RPRA,1,3,4.541,0.604,91.32650556341596,PRESERVING,3.937,PASS,continuous_reference_residual_valid_optimizer_reported_success,0,CONTINUE
4.541,RPRA,2,2,3.937,0.475,99.91404164730385,PRESERVING,3.462,PASS,continuous_reference_residual_valid_optimizer_reported_success,0,CONTINUE
4.541,RPRA,3,1,3.462,0.362,99.88995983826324,PRESERVING,3.1,PASS,exact_terminal_equality,0,TERMINAL_REACHED
4.542,RPRA,1,3,4.542,0.605,91.51344458606376,PRESERVING,3.937,PASS,continuous_reference_residual_valid_optimizer_reported_success,0,CONTINUE
4.542,RPRA,2,2,3.937,0.475,99.91404164730385,PRESERVING,3.462,PASS,continuous_reference_residual_valid_optimizer_reported_success,0,CONTINUE
4.542,RPRA,3,1,3.462,0.362,99.88995983826324,PRESERVING,3.1,PASS,exact_terminal_equality,0,TERMINAL_REACHED
4.543,RPRA,1,3,4.543,0.606,91.70046590418022,PRESERVING,3.937,PASS,continuous_reference_residual_valid_optimizer_reported_success,0,CONTINUE
4.543,RPRA,2,2,3.937,0.475,99.91404164730385,PRESERVING,3.462,PASS,continuous_reference_residual_valid_optimizer_reported_success,0,CONTINUE
4.543,RPRA,3,1,3.462,0.362,99.88995983826324,PRESERVING,3.1,PASS,exact_terminal_equality,0,TERMINAL_REACHED
4.544,RPRA,1,3,4.544,0.607,91.88756942634846,PRESERVING,3.937,PASS,continuous_reference_residual_valid_optimizer_reported_success,0,CONTINUE
4.544,RPRA,2,2,3.937,0.475,99.91404164730385,PRESERVING,3.462,PASS,continuous_reference_residual_valid_optimizer_reported_success,0,CONTINUE
4.544,RPRA,3,1,3.462,0.362,99.88995983826324,PRESERVING,3.1,PASS,exact_terminal_equality,0,TERMINAL_REACHED
4.545,RPRA,1,3,4.545,0.608,92.07475506136575,PRESERVING,3.937,PASS,continuous_reference_residual_valid_optimizer_reported_success,0,CONTINUE
4.545,RPRA,2,2,3.937,0.475,99.91404164730385,PRESERVING,3.462,PASS,continuous_reference_residual_valid_optimizer_reported_success,0,CONTINUE
4.545,RPRA,3,1,3.462,0.362,99.88995983826324,PRESERVING,3.1,PASS,exact_terminal_equality,0,TERMINAL_REACHED
4.546,RPRA,1,3,4.546,0.609,92.26202271824266,PRESERVING,3.937,PASS,continuous_reference_residual_valid_optimizer_reported_success,0,CONTINUE
4.546,RPRA,2,2,3.937,0.475,99.91404164730385,PRESERVING,3.462,PASS,continuous_reference_residual_valid_optimizer_reported_success,0,CONTINUE
4.546,RPRA,3,1,3.462,0.362,99.88995983826324,PRESERVING,3.1,PASS,exact_terminal_equality,0,TERMINAL_REACHED
4.547,RPRA,1,3,4.547,0.61,92.4493723062013,PRESERVING,3.937,PASS,continuous_reference_residual_valid_optimizer_reported_success,0,CONTINUE
4.547,RPRA,2,2,3.937,0.475,99.91404164730385,PRESERVING,3.462,PASS,continuous_reference_residual_valid_optimizer_reported_success,0,CONTINUE
4.547,RPRA,3,1,3.462,0.362,99.88995983826324,PRESERVING,3.1,PASS,exact_terminal_equality,0,TERMINAL_REACHED
4.548,RPRA,1,3,4.548,0.611,92.63680373467587,PRESERVING,3.937,PASS,continuous_reference_residual_valid_optimizer_reported_success,0,CONTINUE
4.548,RPRA,2,2,3.937,0.475,99.91404164730385,PRESERVING,3.462,PASS,continuous_reference_residual_valid_optimizer_reported_success,0,CONTINUE
4.548,RPRA,3,1,3.462,0.362,99.88995983826324,PRESERVING,3.1,PASS,exact_terminal_equality,0,TERMINAL_REACHED
4.549,RPRA,1,3,4.549,0.612,92.82431691331095,PRESERVING,3.937,PASS,continuous_reference_residual_valid_optimizer_reported_success,0,CONTINUE
4.549,RPRA,2,2,3.937,0.475,99.91404164730385,PRESERVING,3.462,PASS,continuous_reference_residual_valid_optimizer_reported_success,0,CONTINUE
4.549,RPRA,3,1,3.462,0.362,99.88995983826324,PRESERVING,3.1,PASS,exact_terminal_equality,0,TERMINAL_REACHED
4.55,RPRA,1,3,4.55,0.613,93.01191175196062,PRESERVING,3.937,PASS,continuous_reference_residual_valid_optimizer_reported_success,0,CONTINUE
4.55,RPRA,2,2,3.937,0.475,99.91404164730385,PRESERVING,3.462,PASS,continuous_reference_residual_valid_optimizer_reported_success,0,CONTINUE
4.55,RPRA,3,1,3.462,0.362,99.88995983826324,PRESERVING,3.1,PASS,exact_terminal_equality,0,TERMINAL_REACHED
4.551,RPRA,1,3,4.551,0.614,93.19958816068814,PRESERVING,3.937,PASS,continuous_reference_residual_valid_optimizer_reported_success,0,CONTINUE
4.551,RPRA,2,2,3.937,0.475,99.91404164730385,PRESERVING,3.462,PASS,continuous_reference_residual_valid_optimizer_reported_success,0,CONTINUE
4.551,RPRA,3,1,3.462,0.362,99.88995983826324,PRESERVING,3.1,PASS,exact_terminal_equality,0,TERMINAL_REACHED
4.552,RPRA,1,3,4.552,0.615,93.38734604976409,PRESERVING,3.937,PASS,continuous_reference_residual_valid_optimizer_reported_success,0,CONTINUE
4.552,RPRA,2,2,3.937,0.475,99.91404164730385,PRESERVING,3.462,PASS,continuous_reference_residual_valid_optimizer_reported_success,0,CONTINUE
4.552,RPRA,3,1,3.462,0.362,99.88995983826324,PRESERVING,3.1,PASS,exact_terminal_equality,0,TERMINAL_REACHED
4.553,RPRA,1,3,4.553,0.616,93.5751853296669,PRESERVING,3.937,PASS,continuous_reference_residual_valid_optimizer_reported_success,0,CONTINUE
4.553,RPRA,2,2,3.937,0.475,99.91404164730385,PRESERVING,3.462,PASS,continuous_reference_residual_valid_optimizer_reported_success,0,CONTINUE
4.553,RPRA,3,1,3.462,0.362,99.88995983826324,PRESERVING,3.1,PASS,exact_terminal_equality,0,TERMINAL_REACHED
4.554,RPRA,1,3,4.554,0.617,93.76310591108093,PRESERVING,3.937,PASS,continuous_reference_residual_valid_optimizer_reported_success,0,CONTINUE
4.554,RPRA,2,2,3.937,0.475,99.91404164730385,PRESERVING,3.462,PASS,continuous_reference_residual_valid_optimizer_reported_success,0,CONTINUE
4.554,RPRA,3,1,3.462,0.362,99.88995983826324,PRESERVING,3.1,PASS,exact_terminal_equality,0,TERMINAL_REACHED
4.555,RPRA,1,3,4.555,0.618,93.95110770489622,PRESERVING,3.937,PASS,continuous_reference_residual_valid_optimizer_reported_success,0,CONTINUE
4.555,RPRA,2,2,3.937,0.475,99.91404164730385,PRESERVING,3.462,PASS,continuous_reference_residual_valid_optimizer_reported_success,0,CONTINUE
4.555,RPRA,3,1,3.462,0.362,99.88995983826324,PRESERVING,3.1,PASS,exact_terminal_equality,0,TERMINAL_REACHED
4.556,RPRA,1,3,4.556,0.619,94.1391906222073,PRESERVING,3.937,PASS,continuous_reference_residual_valid_optimizer_reported_success,0,CONTINUE
4.556,RPRA,2,2,3.937,0.475,99.91404164730385,PRESERVING,3.462,PASS,continuous_reference_residual_valid_optimizer_reported_success,0,CONTINUE
4.556,RPRA,3,1,3.462,0.362,99.88995983826324,PRESERVING,3.1,PASS,exact_terminal_equality,0,TERMINAL_REACHED
4.557,RPRA,1,3,4.557,0.62,94.32735457431262,PRESERVING,3.937,PASS,continuous_reference_residual_valid_optimizer_reported_success,0,CONTINUE
4.557,RPRA,2,2,3.937,0.475,99.91404164730385,PRESERVING,3.462,PASS,continuous_reference_residual_valid_optimizer_reported_success,0,CONTINUE
4.557,RPRA,3,1,3.462,0.362,99.88995983826324,PRESERVING,3.1,PASS,exact_terminal_equality,0,TERMINAL_REACHED
4.558,RPRA,1,3,4.558,0.621,94.51559947271397,PRESERVING,3.937,PASS,continuous_reference_residual_valid_optimizer_reported_success,0,CONTINUE
4.558,RPRA,2,2,3.937,0.475,99.91404164730385,PRESERVING,3.462,PASS,continuous_reference_residual_valid_optimizer_reported_success,0,CONTINUE
4.558,RPRA,3,1,3.462,0.362,99.88995983826324,PRESERVING,3.1,PASS,exact_terminal_equality,0,TERMINAL_REACHED
4.559,RPRA,1,3,4.559,0.622,94.70392522911456,PRESERVING,3.937,PASS,continuous_reference_residual_valid_optimizer_reported_success,0,CONTINUE
4.559,RPRA,2,2,3.937,0.475,99.91404164730385,PRESERVING,3.462,PASS,continuous_reference_residual_valid_optimizer_reported_success,0,CONTINUE
4.559,RPRA,3,1,3.462,0.362,99.88995983826324,PRESERVING,3.1,PASS,exact_terminal_equality,0,TERMINAL_REACHED
4.56,RPRA,1,3,4.56,0.623,94.8923317554196,PRESERVING,3.937,PASS,continuous_reference_residual_valid_optimizer_reported_success,0,CONTINUE
4.56,RPRA,2,2,3.937,0.475,99.91404164730385,PRESERVING,3.462,PASS,continuous_reference_residual_valid_optimizer_reported_success,0,CONTINUE
4.56,RPRA,3,1,3.462,0.362,99.88995983826324,PRESERVING,3.1,PASS,exact_terminal_equality,0,TERMINAL_REACHED
4.561,RPRA,1,3,4.561,0.624,95.08081896373487,PRESERVING,3.937,PASS,continuous_reference_residual_valid_optimizer_reported_success,0,CONTINUE
4.561,RPRA,2,2,3.937,0.475,99.91404164730385,PRESERVING,3.462,PASS,continuous_reference_residual_valid_optimizer_reported_success,0,CONTINUE
4.561,RPRA,3,1,3.462,0.362,99.88995983826324,PRESERVING,3.1,PASS,exact_terminal_equality,0,TERMINAL_REACHED
4.562,RPRA,1,3,4.562,0.625,95.26938676636584,PRESERVING,3.937,PASS,continuous_reference_residual_valid_optimizer_reported_success,0,CONTINUE
4.562,RPRA,2,2,3.937,0.475,99.91404164730385,PRESERVING,3.462,PASS,continuous_reference_residual_valid_optimizer_reported_success,0,CONTINUE
4.562,RPRA,3,1,3.462,0.362,99.88995983826324,PRESERVING,3.1,PASS,exact_terminal_equality,0,TERMINAL_REACHED
4.563,RPRA,1,3,4.563,0.626,95.45803507581736,PRESERVING,3.937,PASS,continuous_reference_residual_valid_optimizer_reported_success,0,CONTINUE
4.563,RPRA,2,2,3.937,0.475,99.91404164730385,PRESERVING,3.462,PASS,continuous_reference_residual_valid_optimizer_reported_success,0,CONTINUE
4.563,RPRA,3,1,3.462,0.362,99.88995983826324,PRESERVING,3.1,PASS,exact_terminal_equality,0,TERMINAL_REACHED
4.564,RPRA,1,3,4.564,0.627,95.6467638047916,PRESERVING,3.937,PASS,continuous_reference_residual_valid_optimizer_reported_success,0,CONTINUE
4.564,RPRA,2,2,3.937,0.475,99.91404164730385,PRESERVING,3.462,PASS,continuous_reference_residual_valid_optimizer_reported_success,0,CONTINUE
4.564,RPRA,3,1,3.462,0.362,99.88995983826324,PRESERVING,3.1,PASS,exact_terminal_equality,0,TERMINAL_REACHED
4.565,RPRA,1,3,4.565,0.628,95.83557286618908,PRESERVING,3.937,PASS,continuous_reference_residual_valid_optimizer_reported_success,0,CONTINUE
4.565,RPRA,2,2,3.937,0.475,99.91404164730385,PRESERVING,3.462,PASS,continuous_reference_residual_valid_optimizer_reported_success,0,CONTINUE
4.565,RPRA,3,1,3.462,0.362,99.88995983826324,PRESERVING,3.1,PASS,exact_terminal_equality,0,TERMINAL_REACHED
4.566,RPRA,1,3,4.566,0.629,96.02446217310656,PRESERVING,3.937,PASS,continuous_reference_residual_valid_optimizer_reported_success,0,CONTINUE
4.566,RPRA,2,2,3.937,0.475,99.91404164730385,PRESERVING,3.462,PASS,continuous_reference_residual_valid_optimizer_reported_success,0,CONTINUE
4.566,RPRA,3,1,3.462,0.362,99.88995983826324,PRESERVING,3.1,PASS,exact_terminal_equality,0,TERMINAL_REACHED
4.567,RPRA,1,3,4.567,0.63,96.21343163883682,PRESERVING,3.937,PASS,continuous_reference_residual_valid_optimizer_reported_success,0,CONTINUE
4.567,RPRA,2,2,3.937,0.475,99.91404164730385,PRESERVING,3.462,PASS,continuous_reference_residual_valid_optimizer_reported_success,0,CONTINUE
4.567,RPRA,3,1,3.462,0.362,99.88995983826324,PRESERVING,3.1,PASS,exact_terminal_equality,0,TERMINAL_REACHED
4.568,RPRA,1,3,4.568,0.631,96.4024811768677,PRESERVING,3.937,PASS,continuous_reference_residual_valid_optimizer_reported_success,0,CONTINUE
4.568,RPRA,2,2,3.937,0.475,99.91404164730385,PRESERVING,3.462,PASS,continuous_reference_residual_valid_optimizer_reported_success,0,CONTINUE
4.568,RPRA,3,1,3.462,0.362,99.88995983826324,PRESERVING,3.1,PASS,exact_terminal_equality,0,TERMINAL_REACHED
4.569,RPRA,1,3,4.569,0.632,96.59161070088145,PRESERVING,3.937,PASS,continuous_reference_residual_valid_optimizer_reported_success,0,CONTINUE
4.569,RPRA,2,2,3.937,0.475,99.91404164730385,PRESERVING,3.462,PASS,continuous_reference_residual_valid_optimizer_reported_success,0,CONTINUE
4.569,RPRA,3,1,3.462,0.362,99.88995983826324,PRESERVING,3.1,PASS,exact_terminal_equality,0,TERMINAL_REACHED
4.57,RPRA,1,3,4.57,0.633,96.780820124754,PRESERVING,3.937,PASS,continuous_reference_residual_valid_optimizer_reported_success,0,CONTINUE
4.57,RPRA,2,2,3.937,0.475,99.91404164730385,PRESERVING,3.462,PASS,continuous_reference_residual_valid_optimizer_reported_success,0,CONTINUE
4.57,RPRA,3,1,3.462,0.362,99.88995983826324,PRESERVING,3.1,PASS,exact_terminal_equality,0,TERMINAL_REACHED
4.571,RPRA,1,3,4.571,0.634,96.97010936255371,PRESERVING,3.937,PASS,continuous_reference_residual_valid_optimizer_reported_success,0,CONTINUE
4.571,RPRA,2,2,3.937,0.475,99.91404164730385,PRESERVING,3.462,PASS,continuous_reference_residual_valid_optimizer_reported_success,0,CONTINUE
4.571,RPRA,3,1,3.462,0.362,99.88995983826324,PRESERVING,3.1,PASS,exact_terminal_equality,0,TERMINAL_REACHED
4.572,RPRA,1,3,4.572,0.635,97.15947832854134,PRESERVING,3.937,PASS,continuous_reference_residual_valid_optimizer_reported_success,0,CONTINUE
4.572,RPRA,2,2,3.937,0.475,99.91404164730385,PRESERVING,3.462,PASS,continuous_reference_residual_valid_optimizer_reported_success,0,CONTINUE
4.572,RPRA,3,1,3.462,0.362,99.88995983826324,PRESERVING,3.1,PASS,exact_terminal_equality,0,TERMINAL_REACHED
4.573,RPRA,1,3,4.573,0.636,97.34892693716898,PRESERVING,3.937,PASS,continuous_reference_residual_valid_optimizer_reported_success,0,CONTINUE
4.573,RPRA,2,2,3.937,0.475,99.91404164730385,PRESERVING,3.462,PASS,continuous_reference_residual_valid_optimizer_reported_success,0,CONTINUE
4.573,RPRA,3,1,3.462,0.362,99.88995983826324,PRESERVING,3.1,PASS,exact_terminal_equality,0,TERMINAL_REACHED
4.574,RPRA,1,3,4.574,0.637,97.53845510307913,PRESERVING,3.937,PASS,continuous_reference_residual_valid_optimizer_reported_success,0,CONTINUE
4.574,RPRA,2,2,3.937,0.475,99.91404164730385,PRESERVING,3.462,PASS,continuous_reference_residual_valid_optimizer_reported_success,0,CONTINUE
4.574,RPRA,3,1,3.462,0.362,99.88995983826324,PRESERVING,3.1,PASS,exact_terminal_equality,0,TERMINAL_REACHED
4.575,RPRA,1,3,4.575,0.638,97.7280627411045,PRESERVING,3.937,PASS,continuous_reference_residual_valid_optimizer_reported_success,0,CONTINUE
4.575,RPRA,2,2,3.937,0.475,99.91404164730385,PRESERVING,3.462,PASS,continuous_reference_residual_valid_optimizer_reported_success,0,CONTINUE
4.575,RPRA,3,1,3.462,0.362,99.88995983826324,PRESERVING,3.1,PASS,exact_terminal_equality,0,TERMINAL_REACHED
4.576,RPRA,1,3,4.576,0.639,97.91774976626631,PRESERVING,3.937,PASS,continuous_reference_residual_valid_optimizer_reported_success,0,CONTINUE
4.576,RPRA,2,2,3.937,0.475,99.91404164730385,PRESERVING,3.462,PASS,continuous_reference_residual_valid_optimizer_reported_success,0,CONTINUE
4.576,RPRA,3,1,3.462,0.362,99.88995983826324,PRESERVING,3.1,PASS,exact_terminal_equality,0,TERMINAL_REACHED
4.577,RPRA,1,3,4.577,0.64,98.10751609377455,PRESERVING,3.937,PASS,continuous_reference_residual_valid_optimizer_reported_success,0,CONTINUE
4.577,RPRA,2,2,3.937,0.475,99.91404164730385,PRESERVING,3.462,PASS,continuous_reference_residual_valid_optimizer_reported_success,0,CONTINUE
4.577,RPRA,3,1,3.462,0.362,99.88995983826324,PRESERVING,3.1,PASS,exact_terminal_equality,0,TERMINAL_REACHED
4.578,RPRA,1,3,4.578,0.641,98.29736163902679,PRESERVING,3.937,PASS,continuous_reference_residual_valid_optimizer_reported_success,0,CONTINUE
4.578,RPRA,2,2,3.937,0.475,99.91404164730385,PRESERVING,3.462,PASS,continuous_reference_residual_valid_optimizer_reported_success,0,CONTINUE
4.578,RPRA,3,1,3.462,0.362,99.88995983826324,PRESERVING,3.1,PASS,exact_terminal_equality,0,TERMINAL_REACHED
4.579,RPRA,1,3,4.579,0.642,98.48728631760744,PRESERVING,3.937,PASS,continuous_reference_residual_valid_optimizer_reported_success,0,CONTINUE
4.579,RPRA,2,2,3.937,0.475,99.91404164730385,PRESERVING,3.462,PASS,continuous_reference_residual_valid_optimizer_reported_success,0,CONTINUE
4.579,RPRA,3,1,3.462,0.362,99.88995983826324,PRESERVING,3.1,PASS,exact_terminal_equality,0,TERMINAL_REACHED
4.58,RPRA,1,3,4.58,0.643,98.67729004528717,PRESERVING,3.937,PASS,continuous_reference_residual_valid_optimizer_reported_success,0,CONTINUE
4.58,RPRA,2,2,3.937,0.475,99.91404164730385,PRESERVING,3.462,PASS,continuous_reference_residual_valid_optimizer_reported_success,0,CONTINUE
4.58,RPRA,3,1,3.462,0.362,99.88995983826324,PRESERVING,3.1,PASS,exact_terminal_equality,0,TERMINAL_REACHED
4.581,RPRA,1,3,4.581,0.644,98.86737273802214,PRESERVING,3.937,PASS,continuous_reference_residual_valid_optimizer_reported_success,0,CONTINUE
4.581,RPRA,2,2,3.937,0.475,99.91404164730385,PRESERVING,3.462,PASS,continuous_reference_residual_valid_optimizer_reported_success,0,CONTINUE
4.581,RPRA,3,1,3.462,0.362,99.88995983826324,PRESERVING,3.1,PASS,exact_terminal_equality,0,TERMINAL_REACHED
4.582,RPRA,1,3,4.582,0.645,99.05753431195335,PRESERVING,3.937,PASS,continuous_reference_residual_valid_optimizer_reported_success,0,CONTINUE
4.582,RPRA,2,2,3.937,0.475,99.91404164730385,PRESERVING,3.462,PASS,continuous_reference_residual_valid_optimizer_reported_success,0,CONTINUE
4.582,RPRA,3,1,3.462,0.362,99.88995983826324,PRESERVING,3.1,PASS,exact_terminal_equality,0,TERMINAL_REACHED
4.583,RPRA,1,3,4.583,0.646,99.24777468340528,PRESERVING,3.937,PASS,continuous_reference_residual_valid_optimizer_reported_success,0,CONTINUE
4.583,RPRA,2,2,3.937,0.475,99.91404164730385,PRESERVING,3.462,PASS,continuous_reference_residual_valid_optimizer_reported_success,0,CONTINUE
4.583,RPRA,3,1,3.462,0.362,99.88995983826324,PRESERVING,3.1,PASS,exact_terminal_equality,0,TERMINAL_REACHED
4.584,RPRA,1,3,4.584,0.647,99.43809376888645,PRESERVING,3.937,PASS,continuous_reference_residual_valid_optimizer_reported_success,0,CONTINUE
4.584,RPRA,2,2,3.937,0.475,99.91404164730385,PRESERVING,3.462,PASS,continuous_reference_residual_valid_optimizer_reported_success,0,CONTINUE
4.584,RPRA,3,1,3.462,0.362,99.88995983826324,PRESERVING,3.1,PASS,exact_terminal_equality,0,TERMINAL_REACHED
4.585,RPRA,1,3,4.585,0.648,99.62849148508762,PRESERVING,3.937,PASS,continuous_reference_residual_valid_optimizer_reported_success,0,CONTINUE
4.585,RPRA,2,2,3.937,0.475,99.91404164730385,PRESERVING,3.462,PASS,continuous_reference_residual_valid_optimizer_reported_success,0,CONTINUE
4.585,RPRA,3,1,3.462,0.362,99.88995983826324,PRESERVING,3.1,PASS,exact_terminal_equality,0,TERMINAL_REACHED
4.586,RPRA,1,3,4.586,0.649,99.81896774888176,PRESERVING,3.937,PASS,continuous_reference_residual_valid_optimizer_reported_success,0,CONTINUE
4.586,RPRA,2,2,3.937,0.475,99.91404164730385,PRESERVING,3.462,PASS,continuous_reference_residual_valid_optimizer_reported_success,0,CONTINUE
4.586,RPRA,3,1,3.462,0.362,99.88995983826324,PRESERVING,3.1,PASS,exact_terminal_equality,0,TERMINAL_REACHED
4.18,ONLINE-REOPT,1,3,4.18,0.36,53.026787309836045,PRESERVING,3.82,PASS,continuous_reference_residual_valid_optimizer_reported_success,1,CONTINUE
4.18,ONLINE-REOPT,2,2,3.82,0.36,71.36037244201924,PRESERVING,3.46,PASS,continuous_reference_residual_valid_optimizer_reported_non_success,1,CONTINUE
4.18,ONLINE-REOPT,3,1,3.46,0.36,99.22025135628195,PRESERVING,3.1,PASS,exact_terminal_equality,0,TERMINAL_REACHED
4.181,ONLINE-REOPT,1,3,4.181,0.36,52.985165029703495,PRESERVING,3.821,PASS,continuous_reference_residual_valid_optimizer_reported_success,1,CONTINUE
4.181,ONLINE-REOPT,2,2,3.821,0.36,71.29853503433206,PRESERVING,3.461,PASS,continuous_reference_residual_valid_optimizer_reported_success,1,CONTINUE
4.181,ONLINE-REOPT,3,1,3.461,0.361,99.55498849452039,PRESERVING,3.1,PASS,exact_terminal_equality,0,TERMINAL_REACHED
4.182,ONLINE-REOPT,1,3,4.182,0.36,52.943586298906844,PRESERVING,3.822,PASS,continuous_reference_residual_valid_optimizer_reported_success,1,CONTINUE
4.182,ONLINE-REOPT,2,2,3.822,0.36,71.23676905304204,PRESERVING,3.462,PASS,continuous_reference_residual_valid_optimizer_reported_success,1,CONTINUE
4.182,ONLINE-REOPT,3,1,3.462,0.362,99.88995983826324,PRESERVING,3.1,PASS,exact_terminal_equality,0,TERMINAL_REACHED
4.183,ONLINE-REOPT,1,3,4.183,0.36,52.90205106050394,PRESERVING,3.823,PASS,continuous_reference_residual_valid_optimizer_reported_success,1,CONTINUE
4.183,ONLINE-REOPT,2,2,3.823,0.361,71.47709894421054,PRESERVING,3.462,PASS,continuous_reference_residual_valid_optimizer_reported_success,2,CONTINUE
4.183,ONLINE-REOPT,3,1,3.462,0.362,99.88995983826324,PRESERVING,3.1,PASS,exact_terminal_equality,0,TERMINAL_REACHED
4.184,ONLINE-REOPT,1,3,4.184,0.36,52.86055925764199,PRESERVING,3.824,PASS,continuous_reference_residual_valid_optimizer_reported_success,1,CONTINUE
4.184,ONLINE-REOPT,2,2,3.824,0.362,71.71759698697313,PRESERVING,3.462,PASS,continuous_reference_residual_valid_optimizer_reported_success,3,CONTINUE
4.184,ONLINE-REOPT,3,1,3.462,0.362,99.88995983826324,PRESERVING,3.1,PASS,exact_terminal_equality,0,TERMINAL_REACHED
4.185,ONLINE-REOPT,1,3,4.185,0.36,52.81911083355733,PRESERVING,3.825,PASS,continuous_reference_residual_valid_optimizer_reported_non_success,1,CONTINUE
4.185,ONLINE-REOPT,2,2,3.825,0.363,71.9582628990056,PRESERVING,3.462,PASS,continuous_reference_residual_valid_optimizer_reported_success,4,CONTINUE
4.185,ONLINE-REOPT,3,1,3.462,0.362,99.88995983826324,PRESERVING,3.1,PASS,exact_terminal_equality,0,TERMINAL_REACHED
4.186,ONLINE-REOPT,1,3,4.186,0.36,52.777705731575345,PRESERVING,3.826,PASS,continuous_reference_residual_valid_optimizer_reported_success,1,CONTINUE
4.186,ONLINE-REOPT,2,2,3.826,0.364,72.19909639911492,PRESERVING,3.462,PASS,continuous_reference_residual_valid_optimizer_reported_success,5,CONTINUE
4.186,ONLINE-REOPT,3,1,3.462,0.362,99.88995983826324,PRESERVING,3.1,PASS,exact_terminal_equality,0,TERMINAL_REACHED
4.187,ONLINE-REOPT,1,3,4.187,0.36,52.73634389511021,PRESERVING,3.827,PASS,continuous_reference_residual_valid_optimizer_reported_success,1,CONTINUE
4.187,ONLINE-REOPT,2,2,3.827,0.365,72.44009720723156,PRESERVING,3.462,PASS,continuous_reference_residual_valid_optimizer_reported_success,6,CONTINUE
4.187,ONLINE-REOPT,3,1,3.462,0.362,99.88995983826324,PRESERVING,3.1,PASS,exact_terminal_equality,0,TERMINAL_REACHED
4.188,ONLINE-REOPT,1,3,4.188,0.36,52.69502526766479,PRESERVING,3.828,PASS,continuous_reference_residual_valid_optimizer_reported_success,1,CONTINUE
4.188,ONLINE-REOPT,2,2,3.828,0.366,72.68126504440183,PRESERVING,3.462,PASS,continuous_reference_residual_valid_optimizer_reported_success,7,CONTINUE
4.188,ONLINE-REOPT,3,1,3.462,0.362,99.88995983826324,PRESERVING,3.1,PASS,exact_terminal_equality,0,TERMINAL_REACHED
4.189,ONLINE-REOPT,1,3,4.189,0.36,52.65374979283043,PRESERVING,3.829,PASS,continuous_reference_residual_valid_optimizer_reported_success,1,CONTINUE
4.189,ONLINE-REOPT,2,2,3.829,0.367,72.92259963278052,PRESERVING,3.462,PASS,continuous_reference_residual_valid_optimizer_reported_success,8,CONTINUE
4.189,ONLINE-REOPT,3,1,3.462,0.362,99.88995983826324,PRESERVING,3.1,PASS,exact_terminal_equality,0,TERMINAL_REACHED
4.19,ONLINE-REOPT,1,3,4.19,0.36,52.612517414286856,PRESERVING,3.83,PASS,continuous_reference_residual_valid_optimizer_reported_success,1,CONTINUE
4.19,ONLINE-REOPT,2,2,3.83,0.368,73.1641006956221,PRESERVING,3.462,PASS,continuous_reference_residual_valid_optimizer_reported_success,9,CONTINUE
4.19,ONLINE-REOPT,3,1,3.462,0.362,99.88995983826324,PRESERVING,3.1,PASS,exact_terminal_equality,0,TERMINAL_REACHED
4.191,ONLINE-REOPT,1,3,4.191,0.36,52.571328075801944,PRESERVING,3.831,PASS,continuous_reference_residual_valid_optimizer_reported_success,1,CONTINUE
4.191,ONLINE-REOPT,2,2,3.831,0.369,73.4057679572754,PRESERVING,3.462,PASS,continuous_reference_residual_valid_optimizer_reported_success,10,CONTINUE
4.191,ONLINE-REOPT,3,1,3.462,0.362,99.88995983826324,PRESERVING,3.1,PASS,exact_terminal_equality,0,TERMINAL_REACHED
4.192,ONLINE-REOPT,1,3,4.192,0.36,52.530181721231614,PRESERVING,3.832,PASS,continuous_reference_residual_valid_optimizer_reported_non_success,1,CONTINUE
4.192,ONLINE-REOPT,2,2,3.832,0.37,73.64760114317465,PRESERVING,3.462,PASS,continuous_reference_residual_valid_optimizer_reported_success,11,CONTINUE
4.192,ONLINE-REOPT,3,1,3.462,0.362,99.88995983826324,PRESERVING,3.1,PASS,exact_terminal_equality,0,TERMINAL_REACHED
4.193,ONLINE-REOPT,1,3,4.193,0.36,52.48907829451962,PRESERVING,3.833,PASS,continuous_reference_residual_valid_optimizer_reported_success,1,CONTINUE
4.193,ONLINE-REOPT,2,2,3.833,0.371,73.88959997983315,PRESERVING,3.462,PASS,continuous_reference_residual_valid_optimizer_reported_success,12,CONTINUE
4.193,ONLINE-REOPT,3,1,3.462,0.362,99.88995983826324,PRESERVING,3.1,PASS,exact_terminal_equality,0,TERMINAL_REACHED
4.194,ONLINE-REOPT,1,3,4.194,0.36,52.44801773969748,PRESERVING,3.834,PASS,continuous_reference_residual_valid_optimizer_reported_success,1,CONTINUE
4.194,ONLINE-REOPT,2,2,3.834,0.372,74.13176419483511,PRESERVING,3.462,PASS,continuous_reference_residual_valid_optimizer_reported_success,13,CONTINUE
4.194,ONLINE-REOPT,3,1,3.462,0.362,99.88995983826324,PRESERVING,3.1,PASS,exact_terminal_equality,0,TERMINAL_REACHED
4.195,ONLINE-REOPT,1,3,4.195,0.36,52.4070000008842,PRESERVING,3.835,PASS,continuous_reference_residual_valid_optimizer_reported_success,1,CONTINUE
4.195,ONLINE-REOPT,2,2,3.835,0.373,74.37409351682855,PRESERVING,3.462,PASS,continuous_reference_residual_valid_optimizer_reported_success,14,CONTINUE
4.195,ONLINE-REOPT,3,1,3.462,0.362,99.88995983826324,PRESERVING,3.1,PASS,exact_terminal_equality,0,TERMINAL_REACHED
4.196,ONLINE-REOPT,1,3,4.196,0.36,52.36602502228619,PRESERVING,3.836,PASS,continuous_reference_residual_valid_optimizer_reported_success,1,CONTINUE
4.196,ONLINE-REOPT,2,2,3.836,0.374,74.61658767551941,PRESERVING,3.462,PASS,continuous_reference_residual_valid_optimizer_reported_success,15,CONTINUE
4.196,ONLINE-REOPT,3,1,3.462,0.362,99.88995983826324,PRESERVING,3.1,PASS,exact_terminal_equality,0,TERMINAL_REACHED
4.197,ONLINE-REOPT,1,3,4.197,0.36,52.325092748197044,PRESERVING,3.837,PASS,continuous_reference_residual_valid_optimizer_reported_success,1,CONTINUE
4.197,ONLINE-REOPT,2,2,3.837,0.375,74.85924640166341,PRESERVING,3.462,PASS,continuous_reference_residual_valid_optimizer_reported_success,16,CONTINUE
4.197,ONLINE-REOPT,3,1,3.462,0.362,99.88995983826324,PRESERVING,3.1,PASS,exact_terminal_equality,0,TERMINAL_REACHED
4.198,ONLINE-REOPT,1,3,4.198,0.36,52.284203122997496,PRESERVING,3.838,PASS,continuous_reference_residual_valid_optimizer_reported_success,1,CONTINUE
4.198,ONLINE-REOPT,2,2,3.838,0.376,75.10206942705908,PRESERVING,3.462,PASS,continuous_reference_residual_valid_optimizer_reported_success,17,CONTINUE
4.198,ONLINE-REOPT,3,1,3.462,0.362,99.88995983826324,PRESERVING,3.1,PASS,exact_terminal_equality,0,TERMINAL_REACHED
4.199,ONLINE-REOPT,1,3,4.199,0.36,52.24335609115513,PRESERVING,3.839,PASS,continuous_reference_residual_valid_optimizer_reported_success,1,CONTINUE
4.199,ONLINE-REOPT,2,2,3.839,0.377,75.34505648454163,PRESERVING,3.462,PASS,continuous_reference_residual_valid_optimizer_reported_success,18,CONTINUE
4.199,ONLINE-REOPT,3,1,3.462,0.362,99.88995983826324,PRESERVING,3.1,PASS,exact_terminal_equality,0,TERMINAL_REACHED
4.2,ONLINE-REOPT,1,3,4.2,0.36,52.20255159722428,PRESERVING,3.84,PASS,continuous_reference_residual_valid_optimizer_reported_success,1,CONTINUE
4.2,ONLINE-REOPT,2,2,3.84,0.378,75.58820730797513,PRESERVING,3.462,PASS,continuous_reference_residual_valid_optimizer_reported_success,19,CONTINUE
4.2,ONLINE-REOPT,3,1,3.462,0.362,99.88995983826324,PRESERVING,3.1,PASS,exact_terminal_equality,0,TERMINAL_REACHED
4.201,ONLINE-REOPT,1,3,4.201,0.36,52.16178958584585,PRESERVING,3.841,PASS,continuous_reference_residual_valid_optimizer_reported_success,1,CONTINUE
4.201,ONLINE-REOPT,2,2,3.841,0.379,75.83152163224709,PRESERVING,3.462,PASS,continuous_reference_residual_valid_optimizer_reported_success,20,CONTINUE
4.201,ONLINE-REOPT,3,1,3.462,0.362,99.88995983826324,PRESERVING,3.1,PASS,exact_terminal_equality,0,TERMINAL_REACHED
4.202,ONLINE-REOPT,1,3,4.202,0.36,52.12107000174724,PRESERVING,3.842,PASS,continuous_reference_residual_valid_optimizer_reported_success,1,CONTINUE
4.202,ONLINE-REOPT,2,2,3.842,0.38,76.07499919325944,PRESERVING,3.462,PASS,continuous_reference_residual_valid_optimizer_reported_success,21,CONTINUE
4.202,ONLINE-REOPT,3,1,3.462,0.362,99.88995983826324,PRESERVING,3.1,PASS,exact_terminal_equality,0,TERMINAL_REACHED
4.203,ONLINE-REOPT,1,3,4.203,0.36,52.0803927897421,PRESERVING,3.843,PASS,continuous_reference_residual_valid_optimizer_reported_non_success,1,CONTINUE
4.203,ONLINE-REOPT,2,2,3.843,0.381,76.31863972792435,PRESERVING,3.462,PASS,continuous_reference_residual_valid_optimizer_reported_success,22,CONTINUE
4.203,ONLINE-REOPT,3,1,3.462,0.362,99.88995983826324,PRESERVING,3.1,PASS,exact_terminal_equality,0,TERMINAL_REACHED
4.204,ONLINE-REOPT,1,3,4.204,0.36,52.03975789473015,PRESERVING,3.844,PASS,continuous_reference_residual_valid_optimizer_reported_success,1,CONTINUE
4.204,ONLINE-REOPT,2,2,3.844,0.382,76.56244297415681,PRESERVING,3.462,PASS,continuous_reference_residual_valid_optimizer_reported_success,23,CONTINUE
4.204,ONLINE-REOPT,3,1,3.462,0.362,99.88995983826324,PRESERVING,3.1,PASS,exact_terminal_equality,0,TERMINAL_REACHED
4.205,ONLINE-REOPT,1,3,4.205,0.36,51.99916526169709,PRESERVING,3.845,PASS,continuous_reference_residual_valid_optimizer_reported_success,1,CONTINUE
4.205,ONLINE-REOPT,2,2,3.845,0.383,76.80640867086727,PRESERVING,3.462,PASS,continuous_reference_residual_valid_optimizer_reported_success,24,CONTINUE
4.205,ONLINE-REOPT,3,1,3.462,0.362,99.88995983826324,PRESERVING,3.1,PASS,exact_terminal_equality,0,TERMINAL_REACHED
4.206,ONLINE-REOPT,1,3,4.206,0.36,51.95861483571447,PRESERVING,3.846,PASS,continuous_reference_residual_valid_optimizer_reported_success,1,CONTINUE
4.206,ONLINE-REOPT,2,2,3.846,0.384,77.05053655795668,PRESERVING,3.462,PASS,continuous_reference_residual_valid_optimizer_reported_success,25,CONTINUE
4.206,ONLINE-REOPT,3,1,3.462,0.362,99.88995983826324,PRESERVING,3.1,PASS,exact_terminal_equality,0,TERMINAL_REACHED
4.207,ONLINE-REOPT,1,3,4.207,0.36,51.91810656193943,PRESERVING,3.847,PASS,continuous_reference_residual_valid_optimizer_reported_success,1,CONTINUE
4.207,ONLINE-REOPT,2,2,3.847,0.385,77.29482637630773,PRESERVING,3.462,PASS,continuous_reference_residual_valid_optimizer_reported_success,26,CONTINUE
4.207,ONLINE-REOPT,3,1,3.462,0.362,99.88995983826324,PRESERVING,3.1,PASS,exact_terminal_equality,0,TERMINAL_REACHED
4.208,ONLINE-REOPT,1,3,4.208,0.36,51.87764038561463,PRESERVING,3.848,PASS,continuous_reference_residual_valid_optimizer_reported_success,1,CONTINUE
4.208,ONLINE-REOPT,2,2,3.848,0.386,77.53927786778114,PRESERVING,3.462,PASS,continuous_reference_residual_valid_optimizer_reported_success,27,CONTINUE
4.208,ONLINE-REOPT,3,1,3.462,0.362,99.88995983826324,PRESERVING,3.1,PASS,exact_terminal_equality,0,TERMINAL_REACHED
4.209,ONLINE-REOPT,1,3,4.209,0.36,51.83721625206807,PRESERVING,3.849,PASS,continuous_reference_residual_valid_optimizer_reported_success,1,CONTINUE
4.209,ONLINE-REOPT,2,2,3.849,0.387,77.78389077520825,PRESERVING,3.462,PASS,continuous_reference_residual_valid_optimizer_reported_success,28,CONTINUE
4.209,ONLINE-REOPT,3,1,3.462,0.362,99.88995983826324,PRESERVING,3.1,PASS,exact_terminal_equality,0,TERMINAL_REACHED
4.21,ONLINE-REOPT,1,3,4.21,0.36,51.79683410671292,PRESERVING,3.85,PASS,continuous_reference_residual_valid_optimizer_reported_success,1,CONTINUE
4.21,ONLINE-REOPT,2,2,3.85,0.388,78.02866484238417,PRESERVING,3.462,PASS,continuous_reference_residual_valid_optimizer_reported_success,29,CONTINUE
4.21,ONLINE-REOPT,3,1,3.462,0.362,99.88995983826324,PRESERVING,3.1,PASS,exact_terminal_equality,0,TERMINAL_REACHED
4.211,ONLINE-REOPT,1,3,4.211,0.36,51.756493895047356,PRESERVING,3.851,PASS,continuous_reference_residual_valid_optimizer_reported_success,1,CONTINUE
4.211,ONLINE-REOPT,2,2,3.851,0.389,78.27359981406256,PRESERVING,3.462,PASS,continuous_reference_residual_valid_optimizer_reported_success,30,CONTINUE
4.211,ONLINE-REOPT,3,1,3.462,0.362,99.88995983826324,PRESERVING,3.1,PASS,exact_terminal_equality,0,TERMINAL_REACHED
4.212,ONLINE-REOPT,1,3,4.212,0.36,51.71619556265447,PRESERVING,3.852,PASS,continuous_reference_residual_valid_optimizer_reported_non_success,1,CONTINUE
4.212,ONLINE-REOPT,2,2,3.852,0.39,78.51869543594911,PRESERVING,3.462,PASS,continuous_reference_residual_valid_optimizer_reported_success,31,CONTINUE
4.212,ONLINE-REOPT,3,1,3.462,0.362,99.88995983826324,PRESERVING,3.1,PASS,exact_terminal_equality,0,TERMINAL_REACHED
4.213,ONLINE-REOPT,1,3,4.213,0.36,51.675939055202036,PRESERVING,3.853,PASS,continuous_reference_residual_valid_optimizer_reported_success,1,CONTINUE
4.213,ONLINE-REOPT,2,2,3.853,0.391,78.76395145469552,PRESERVING,3.462,PASS,continuous_reference_residual_valid_optimizer_reported_success,32,CONTINUE
4.213,ONLINE-REOPT,3,1,3.462,0.362,99.88995983826324,PRESERVING,3.1,PASS,exact_terminal_equality,0,TERMINAL_REACHED
4.214,ONLINE-REOPT,1,3,4.214,0.36,51.63572431844241,PRESERVING,3.854,PASS,continuous_reference_residual_valid_optimizer_reported_success,1,CONTINUE
4.214,ONLINE-REOPT,2,2,3.854,0.392,79.00936761789256,PRESERVING,3.462,PASS,continuous_reference_residual_valid_optimizer_reported_success,33,CONTINUE
4.214,ONLINE-REOPT,3,1,3.462,0.362,99.88995983826324,PRESERVING,3.1,PASS,exact_terminal_equality,0,TERMINAL_REACHED
4.215,ONLINE-REOPT,1,3,4.215,0.36,51.59555129821238,PRESERVING,3.855,PASS,continuous_reference_residual_valid_optimizer_reported_success,1,CONTINUE
4.215,ONLINE-REOPT,2,2,3.855,0.393,79.25494367406611,PRESERVING,3.462,PASS,continuous_reference_residual_valid_optimizer_reported_success,34,CONTINUE
4.215,ONLINE-REOPT,3,1,3.462,0.362,99.88995983826324,PRESERVING,3.1,PASS,exact_terminal_equality,0,TERMINAL_REACHED
4.216,ONLINE-REOPT,1,3,4.216,0.36,51.55541994043291,PRESERVING,3.856,PASS,continuous_reference_residual_valid_optimizer_reported_success,1,CONTINUE
4.216,ONLINE-REOPT,2,2,3.856,0.394,79.5006793726696,PRESERVING,3.462,PASS,continuous_reference_residual_valid_optimizer_reported_success,35,CONTINUE
4.216,ONLINE-REOPT,3,1,3.462,0.362,99.88995983826324,PRESERVING,3.1,PASS,exact_terminal_equality,0,TERMINAL_REACHED
4.217,ONLINE-REOPT,1,3,4.217,0.36,51.515330191109136,PRESERVING,3.857,PASS,continuous_reference_residual_valid_optimizer_reported_success,1,CONTINUE
4.217,ONLINE-REOPT,2,2,3.857,0.395,79.74657446407866,PRESERVING,3.462,PASS,continuous_reference_residual_valid_optimizer_reported_success,36,CONTINUE
4.217,ONLINE-REOPT,3,1,3.462,0.362,99.88995983826324,PRESERVING,3.1,PASS,exact_terminal_equality,0,TERMINAL_REACHED
4.218,ONLINE-REOPT,1,3,4.218,0.36,51.475281996330175,PRESERVING,3.858,PASS,continuous_reference_residual_valid_optimizer_reported_non_success,1,CONTINUE
4.218,ONLINE-REOPT,2,2,3.858,0.396,79.99262869958605,PRESERVING,3.462,PASS,continuous_reference_residual_valid_optimizer_reported_success,37,CONTINUE
4.218,ONLINE-REOPT,3,1,3.462,0.362,99.88995983826324,PRESERVING,3.1,PASS,exact_terminal_equality,0,TERMINAL_REACHED
4.219,ONLINE-REOPT,1,3,4.219,0.36,51.43527530226886,PRESERVING,3.859,PASS,continuous_reference_residual_valid_optimizer_reported_success,1,CONTINUE
4.219,ONLINE-REOPT,2,2,3.859,0.397,80.23884183139366,PRESERVING,3.462,PASS,continuous_reference_residual_valid_optimizer_reported_success,38,CONTINUE
4.219,ONLINE-REOPT,3,1,3.462,0.362,99.88995983826324,PRESERVING,3.1,PASS,exact_terminal_equality,0,TERMINAL_REACHED
4.22,ONLINE-REOPT,1,3,4.22,0.36,51.39531005518171,PRESERVING,3.86,PASS,continuous_reference_residual_valid_optimizer_reported_success,1,CONTINUE
4.22,ONLINE-REOPT,2,2,3.86,0.398,80.48521361260941,PRESERVING,3.462,PASS,continuous_reference_residual_valid_optimizer_reported_success,39,CONTINUE
4.22,ONLINE-REOPT,3,1,3.462,0.362,99.88995983826324,PRESERVING,3.1,PASS,exact_terminal_equality,0,TERMINAL_REACHED
4.221,ONLINE-REOPT,1,3,4.221,0.36,51.35538620140876,PRESERVING,3.861,PASS,continuous_reference_residual_valid_optimizer_reported_success,1,CONTINUE
4.221,ONLINE-REOPT,2,2,3.861,0.399,80.73174379724045,PRESERVING,3.462,PASS,continuous_reference_residual_valid_optimizer_reported_success,40,CONTINUE
4.221,ONLINE-REOPT,3,1,3.462,0.362,99.88995983826324,PRESERVING,3.1,PASS,exact_terminal_equality,0,TERMINAL_REACHED
4.222,ONLINE-REOPT,1,3,4.222,0.36,51.315503687373365,PRESERVING,3.862,PASS,continuous_reference_residual_valid_optimizer_reported_success,1,CONTINUE
4.222,ONLINE-REOPT,2,2,3.862,0.4,80.9784321401875,PRESERVING,3.462,PASS,continuous_reference_residual_valid_optimizer_reported_success,41,CONTINUE
4.222,ONLINE-REOPT,3,1,3.462,0.362,99.88995983826324,PRESERVING,3.1,PASS,exact_terminal_equality,0,TERMINAL_REACHED
4.223,ONLINE-REOPT,1,3,4.223,0.36,51.275662459582094,PRESERVING,3.863,PASS,continuous_reference_residual_valid_optimizer_reported_success,1,CONTINUE
4.223,ONLINE-REOPT,2,2,3.863,0.401,81.22527839723925,PRESERVING,3.462,PASS,continuous_reference_residual_valid_optimizer_reported_success,42,CONTINUE
4.223,ONLINE-REOPT,3,1,3.462,0.362,99.88995983826324,PRESERVING,3.1,PASS,exact_terminal_equality,0,TERMINAL_REACHED
4.224,ONLINE-REOPT,1,3,4.224,0.36,51.2358624646245,PRESERVING,3.864,PASS,continuous_reference_residual_valid_optimizer_reported_success,1,CONTINUE
4.224,ONLINE-REOPT,2,2,3.864,0.402,81.47228232506728,PRESERVING,3.462,PASS,continuous_reference_residual_valid_optimizer_reported_success,43,CONTINUE
4.224,ONLINE-REOPT,3,1,3.462,0.362,99.88995983826324,PRESERVING,3.1,PASS,exact_terminal_equality,0,TERMINAL_REACHED
4.225,ONLINE-REOPT,1,3,4.225,0.36,51.196103649173104,PRESERVING,3.865,PASS,continuous_reference_residual_valid_optimizer_reported_success,1,CONTINUE
4.225,ONLINE-REOPT,2,2,3.865,0.403,81.71944368122044,PRESERVING,3.462,PASS,continuous_reference_residual_valid_optimizer_reported_success,44,CONTINUE
4.225,ONLINE-REOPT,3,1,3.462,0.362,99.88995983826324,PRESERVING,3.1,PASS,exact_terminal_equality,0,TERMINAL_REACHED
4.226,ONLINE-REOPT,1,3,4.226,0.36,51.15638595998316,PRESERVING,3.866,PASS,continuous_reference_residual_valid_optimizer_reported_non_success,1,CONTINUE
4.226,ONLINE-REOPT,2,2,3.866,0.404,81.96676222411824,PRESERVING,3.462,PASS,continuous_reference_residual_valid_optimizer_reported_success,45,CONTINUE
4.226,ONLINE-REOPT,3,1,3.462,0.362,99.88995983826324,PRESERVING,3.1,PASS,exact_terminal_equality,0,TERMINAL_REACHED
4.227,ONLINE-REOPT,1,3,4.227,0.36,51.11670934389245,PRESERVING,3.867,PASS,continuous_reference_residual_valid_optimizer_reported_success,1,CONTINUE
4.227,ONLINE-REOPT,2,2,3.867,0.405,82.21423771304786,PRESERVING,3.462,PASS,continuous_reference_residual_valid_optimizer_reported_success,46,CONTINUE
4.227,ONLINE-REOPT,3,1,3.462,0.362,99.88995983826324,PRESERVING,3.1,PASS,exact_terminal_equality,0,TERMINAL_REACHED
4.228,ONLINE-REOPT,1,3,4.228,0.36,51.077073747821274,PRESERVING,3.868,PASS,continuous_reference_residual_valid_optimizer_reported_success,1,CONTINUE
4.228,ONLINE-REOPT,2,2,3.868,0.406,82.46186990815706,PRESERVING,3.462,PASS,continuous_reference_residual_valid_optimizer_reported_success,47,CONTINUE
4.228,ONLINE-REOPT,3,1,3.462,0.362,99.88995983826324,PRESERVING,3.1,PASS,exact_terminal_equality,0,TERMINAL_REACHED
4.229,ONLINE-REOPT,1,3,4.229,0.36,51.03747911877214,PRESERVING,3.869,PASS,continuous_reference_residual_valid_optimizer_reported_success,1,CONTINUE
4.229,ONLINE-REOPT,2,2,3.869,0.407,82.7096585704493,PRESERVING,3.462,PASS,continuous_reference_residual_valid_optimizer_reported_success,48,CONTINUE
4.229,ONLINE-REOPT,3,1,3.462,0.362,99.88995983826324,PRESERVING,3.1,PASS,exact_terminal_equality,0,TERMINAL_REACHED
4.23,ONLINE-REOPT,1,3,4.23,0.36,50.99792540382983,PRESERVING,3.87,PASS,continuous_reference_residual_valid_optimizer_reported_success,1,CONTINUE
4.23,ONLINE-REOPT,2,2,3.87,0.408,82.95760346177879,PRESERVING,3.462,PASS,continuous_reference_residual_valid_optimizer_reported_success,49,CONTINUE
4.23,ONLINE-REOPT,3,1,3.462,0.362,99.88995983826324,PRESERVING,3.1,PASS,exact_terminal_equality,0,TERMINAL_REACHED
4.231,ONLINE-REOPT,1,3,4.231,0.36,50.958412550161015,PRESERVING,3.871,PASS,continuous_reference_residual_valid_optimizer_reported_non_success,1,CONTINUE
4.231,ONLINE-REOPT,2,2,3.871,0.409,83.2057043448454,PRESERVING,3.462,PASS,continuous_reference_residual_valid_optimizer_reported_success,50,CONTINUE
4.231,ONLINE-REOPT,3,1,3.462,0.362,99.88995983826324,PRESERVING,3.1,PASS,exact_terminal_equality,0,TERMINAL_REACHED
4.232,ONLINE-REOPT,1,3,4.232,0.36,50.918940505014255,PRESERVING,3.872,PASS,continuous_reference_residual_valid_optimizer_reported_success,1,CONTINUE
4.232,ONLINE-REOPT,2,2,3.872,0.41,83.45396098318801,PRESERVING,3.462,PASS,continuous_reference_residual_valid_optimizer_reported_success,51,CONTINUE
4.232,ONLINE-REOPT,3,1,3.462,0.362,99.88995983826324,PRESERVING,3.1,PASS,exact_terminal_equality,0,TERMINAL_REACHED
4.233,ONLINE-REOPT,1,3,4.233,0.36,50.87950921571976,PRESERVING,3.873,PASS,continuous_reference_residual_valid_optimizer_reported_non_success,1,CONTINUE
4.233,ONLINE-REOPT,2,2,3.873,0.411,83.70237314118188,PRESERVING,3.462,PASS,continuous_reference_residual_valid_optimizer_reported_success,52,CONTINUE
4.233,ONLINE-REOPT,3,1,3.462,0.362,99.88995983826324,PRESERVING,3.1,PASS,exact_terminal_equality,0,TERMINAL_REACHED
4.234,ONLINE-REOPT,1,3,4.234,0.36,50.84011862968941,PRESERVING,3.874,PASS,continuous_reference_residual_valid_optimizer_reported_success,1,CONTINUE
4.234,ONLINE-REOPT,2,2,3.874,0.412,83.95094058403198,PRESERVING,3.462,PASS,continuous_reference_residual_valid_optimizer_reported_success,53,CONTINUE
4.234,ONLINE-REOPT,3,1,3.462,0.362,99.88995983826324,PRESERVING,3.1,PASS,exact_terminal_equality,0,TERMINAL_REACHED
4.235,ONLINE-REOPT,1,3,4.235,0.36,50.80076869441637,PRESERVING,3.875,PASS,continuous_reference_residual_valid_optimizer_reported_non_success,1,CONTINUE
4.235,ONLINE-REOPT,2,2,3.875,0.413,84.19966307776825,PRESERVING,3.462,PASS,continuous_reference_residual_valid_optimizer_reported_success,54,CONTINUE
4.235,ONLINE-REOPT,3,1,3.462,0.362,99.88995983826324,PRESERVING,3.1,PASS,exact_terminal_equality,0,TERMINAL_REACHED
4.236,ONLINE-REOPT,1,3,4.236,0.36,50.761459357475125,PRESERVING,3.876,PASS,continuous_reference_residual_valid_optimizer_reported_non_success,1,CONTINUE
4.236,ONLINE-REOPT,2,2,3.876,0.414,84.44854038924105,PRESERVING,3.462,PASS,continuous_reference_residual_valid_optimizer_reported_success,55,CONTINUE
4.236,ONLINE-REOPT,3,1,3.462,0.362,99.88995983826324,PRESERVING,3.1,PASS,exact_terminal_equality,0,TERMINAL_REACHED
4.237,ONLINE-REOPT,1,3,4.237,0.36,50.72219056652126,PRESERVING,3.877,PASS,continuous_reference_residual_valid_optimizer_reported_success,1,CONTINUE
4.237,ONLINE-REOPT,2,2,3.877,0.415,84.69757228611572,PRESERVING,3.462,PASS,continuous_reference_residual_valid_optimizer_reported_success,56,CONTINUE
4.237,ONLINE-REOPT,3,1,3.462,0.362,99.88995983826324,PRESERVING,3.1,PASS,exact_terminal_equality,0,TERMINAL_REACHED
4.238,ONLINE-REOPT,1,3,4.238,0.36,50.68296226929129,PRESERVING,3.878,PASS,continuous_reference_residual_valid_optimizer_reported_success,1,CONTINUE
4.238,ONLINE-REOPT,2,2,3.878,0.416,84.94675853686743,PRESERVING,3.462,PASS,continuous_reference_residual_valid_optimizer_reported_success,57,CONTINUE
4.238,ONLINE-REOPT,3,1,3.462,0.362,99.88995983826324,PRESERVING,3.1,PASS,exact_terminal_equality,0,TERMINAL_REACHED
4.239,ONLINE-REOPT,1,3,4.239,0.36,50.64377441360266,PRESERVING,3.879,PASS,continuous_reference_residual_valid_optimizer_reported_non_success,1,CONTINUE
4.239,ONLINE-REOPT,2,2,3.879,0.417,85.19609891077744,PRESERVING,3.462,PASS,continuous_reference_residual_valid_optimizer_reported_success,58,CONTINUE
4.239,ONLINE-REOPT,3,1,3.462,0.362,99.88995983826324,PRESERVING,3.1,PASS,exact_terminal_equality,0,TERMINAL_REACHED
4.24,ONLINE-REOPT,1,3,4.24,0.36,50.604626947353346,PRESERVING,3.88,PASS,continuous_reference_residual_valid_optimizer_reported_non_success,1,CONTINUE
4.24,ONLINE-REOPT,2,2,3.88,0.418,85.4455931779275,PRESERVING,3.462,PASS,continuous_reference_residual_valid_optimizer_reported_success,59,CONTINUE
4.24,ONLINE-REOPT,3,1,3.462,0.362,99.88995983826324,PRESERVING,3.1,PASS,exact_terminal_equality,0,TERMINAL_REACHED
4.241,ONLINE-REOPT,1,3,4.241,0.36,50.56551981852196,PRESERVING,3.881,PASS,continuous_reference_residual_valid_optimizer_reported_success,1,CONTINUE
4.241,ONLINE-REOPT,2,2,3.881,0.419,85.69524110919524,PRESERVING,3.462,PASS,continuous_reference_residual_valid_optimizer_reported_success,60,CONTINUE
4.241,ONLINE-REOPT,3,1,3.462,0.362,99.88995983826324,PRESERVING,3.1,PASS,exact_terminal_equality,0,TERMINAL_REACHED
4.242,ONLINE-REOPT,1,3,4.242,0.36,50.526452975167395,PRESERVING,3.882,PASS,continuous_reference_residual_valid_optimizer_reported_non_success,1,CONTINUE
4.242,ONLINE-REOPT,2,2,3.882,0.42,85.94504247624963,PRESERVING,3.462,PASS,continuous_reference_residual_valid_optimizer_reported_success,61,CONTINUE
4.242,ONLINE-REOPT,3,1,3.462,0.362,99.88995983826324,PRESERVING,3.1,PASS,exact_terminal_equality,0,TERMINAL_REACHED
4.243,ONLINE-REOPT,1,3,4.243,0.36,50.487426365428945,PRESERVING,3.883,PASS,continuous_reference_residual_valid_optimizer_reported_non_success,1,CONTINUE
4.243,ONLINE-REOPT,2,2,3.883,0.421,86.19499705154597,PRESERVING,3.462,PASS,continuous_reference_residual_valid_optimizer_reported_success,62,CONTINUE
4.243,ONLINE-REOPT,3,1,3.462,0.362,99.88995983826324,PRESERVING,3.1,PASS,exact_terminal_equality,0,TERMINAL_REACHED
4.244,ONLINE-REOPT,1,3,4.244,0.36,50.44843993752582,PRESERVING,3.884,PASS,continuous_reference_residual_valid_optimizer_reported_success,1,CONTINUE
4.244,ONLINE-REOPT,2,2,3.884,0.422,86.44510460832083,PRESERVING,3.462,PASS,continuous_reference_residual_valid_optimizer_reported_success,63,CONTINUE
4.244,ONLINE-REOPT,3,1,3.462,0.362,99.88995983826324,PRESERVING,3.1,PASS,exact_terminal_equality,0,TERMINAL_REACHED
4.245,ONLINE-REOPT,1,3,4.245,0.36,50.40949363975729,PRESERVING,3.885,PASS,continuous_reference_residual_valid_optimizer_reported_success,1,CONTINUE
4.245,ONLINE-REOPT,2,2,3.885,0.423,86.69536492058897,PRESERVING,3.462,PASS,continuous_reference_residual_valid_optimizer_reported_success,64,CONTINUE
4.245,ONLINE-REOPT,3,1,3.462,0.362,99.88995983826324,PRESERVING,3.1,PASS,exact_terminal_equality,0,TERMINAL_REACHED
4.246,ONLINE-REOPT,1,3,4.246,0.36,50.37058742050237,PRESERVING,3.886,PASS,continuous_reference_residual_valid_optimizer_reported_success,1,CONTINUE
4.246,ONLINE-REOPT,2,2,3.886,0.424,86.94577776313722,PRESERVING,3.462,PASS,continuous_reference_residual_valid_optimizer_reported_success,65,CONTINUE
4.246,ONLINE-REOPT,3,1,3.462,0.362,99.88995983826324,PRESERVING,3.1,PASS,exact_terminal_equality,0,TERMINAL_REACHED
4.247,ONLINE-REOPT,1,3,4.247,0.36,50.3317212282198,PRESERVING,3.887,PASS,continuous_reference_residual_valid_optimizer_reported_success,1,CONTINUE
4.247,ONLINE-REOPT,2,2,3.887,0.425,87.19634291152094,PRESERVING,3.462,PASS,continuous_reference_residual_valid_optimizer_reported_success,66,CONTINUE
4.247,ONLINE-REOPT,3,1,3.462,0.362,99.88995983826324,PRESERVING,3.1,PASS,exact_terminal_equality,0,TERMINAL_REACHED
4.248,ONLINE-REOPT,1,3,4.248,0.36,50.29289501144779,PRESERVING,3.888,PASS,continuous_reference_residual_valid_optimizer_reported_success,1,CONTINUE
4.248,ONLINE-REOPT,2,2,3.888,0.426,87.4470601420588,PRESERVING,3.462,PASS,continuous_reference_residual_valid_optimizer_reported_success,67,CONTINUE
4.248,ONLINE-REOPT,3,1,3.462,0.362,99.88995983826324,PRESERVING,3.1,PASS,exact_terminal_equality,0,TERMINAL_REACHED
4.249,ONLINE-REOPT,1,3,4.249,0.36,50.25410871880395,PRESERVING,3.889,PASS,continuous_reference_residual_valid_optimizer_reported_success,1,CONTINUE
4.249,ONLINE-REOPT,2,2,3.889,0.427,87.69792923182924,PRESERVING,3.462,PASS,continuous_reference_residual_valid_optimizer_reported_success,68,CONTINUE
4.249,ONLINE-REOPT,3,1,3.462,0.362,99.88995983826324,PRESERVING,3.1,PASS,exact_terminal_equality,0,TERMINAL_REACHED
4.25,ONLINE-REOPT,1,3,4.25,0.36,50.215362298985056,PRESERVING,3.89,PASS,continuous_reference_residual_valid_optimizer_reported_success,1,CONTINUE
4.25,ONLINE-REOPT,2,2,3.89,0.428,87.94894995866426,PRESERVING,3.462,PASS,continuous_reference_residual_valid_optimizer_reported_success,69,CONTINUE
4.25,ONLINE-REOPT,3,1,3.462,0.362,99.88995983826324,PRESERVING,3.1,PASS,exact_terminal_equality,0,TERMINAL_REACHED
4.251,ONLINE-REOPT,1,3,4.251,0.36,50.17665570076711,PRESERVING,3.891,PASS,continuous_reference_residual_valid_optimizer_reported_non_success,1,CONTINUE
4.251,ONLINE-REOPT,2,2,3.891,0.429,88.2001221011473,PRESERVING,3.462,PASS,continuous_reference_residual_valid_optimizer_reported_success,70,CONTINUE
4.251,ONLINE-REOPT,3,1,3.462,0.362,99.88995983826324,PRESERVING,3.1,PASS,exact_terminal_equality,0,TERMINAL_REACHED
4.252,ONLINE-REOPT,1,3,4.252,0.36,50.13798887300495,PRESERVING,3.892,PASS,continuous_reference_residual_valid_optimizer_reported_success,1,CONTINUE
4.252,ONLINE-REOPT,2,2,3.892,0.43,88.45144543860756,PRESERVING,3.462,PASS,continuous_reference_residual_valid_optimizer_reported_success,71,CONTINUE
4.252,ONLINE-REOPT,3,1,3.462,0.362,99.88995983826324,PRESERVING,3.1,PASS,exact_terminal_equality,0,TERMINAL_REACHED
4.253,ONLINE-REOPT,1,3,4.253,0.36,50.09936176463223,PRESERVING,3.893,PASS,continuous_reference_residual_valid_optimizer_reported_non_success,1,CONTINUE
4.253,ONLINE-REOPT,2,2,3.893,0.431,88.70291975111599,PRESERVING,3.462,PASS,continuous_reference_residual_valid_optimizer_reported_success,72,CONTINUE
4.253,ONLINE-REOPT,3,1,3.462,0.362,99.88995983826324,PRESERVING,3.1,PASS,exact_terminal_equality,0,TERMINAL_REACHED
4.254,ONLINE-REOPT,1,3,4.254,0.36,50.06077432466129,PRESERVING,3.894,PASS,continuous_reference_residual_valid_optimizer_reported_success,1,CONTINUE
4.254,ONLINE-REOPT,2,2,3.894,0.432,88.95454481948096,PRESERVING,3.462,PASS,continuous_reference_residual_valid_optimizer_reported_success,73,CONTINUE
4.254,ONLINE-REOPT,3,1,3.462,0.362,99.88995983826324,PRESERVING,3.1,PASS,exact_terminal_equality,0,TERMINAL_REACHED
4.255,ONLINE-REOPT,1,3,4.255,0.36,50.02222650218303,PRESERVING,3.895,PASS,continuous_reference_residual_valid_optimizer_reported_success,1,CONTINUE
4.255,ONLINE-REOPT,2,2,3.895,0.433,89.20632042524421,PRESERVING,3.462,PASS,continuous_reference_residual_valid_optimizer_reported_success,74,CONTINUE
4.255,ONLINE-REOPT,3,1,3.462,0.362,99.88995983826324,PRESERVING,3.1,PASS,exact_terminal_equality,0,TERMINAL_REACHED
4.256,ONLINE-REOPT,1,3,4.256,0.36,49.983718246366685,PRESERVING,3.896,PASS,continuous_reference_residual_valid_optimizer_reported_success,1,CONTINUE
4.256,ONLINE-REOPT,2,2,3.896,0.434,89.45824635067578,PRESERVING,3.462,PASS,continuous_reference_residual_valid_optimizer_reported_success,75,CONTINUE
4.256,ONLINE-REOPT,3,1,3.462,0.362,99.88995983826324,PRESERVING,3.1,PASS,exact_terminal_equality,0,TERMINAL_REACHED
4.257,ONLINE-REOPT,1,3,4.257,0.36,49.94524950645972,PRESERVING,3.897,PASS,continuous_reference_residual_valid_optimizer_reported_success,1,CONTINUE
4.257,ONLINE-REOPT,2,2,3.897,0.435,89.71032237877122,PRESERVING,3.462,PASS,continuous_reference_residual_valid_optimizer_reported_success,76,CONTINUE
4.257,ONLINE-REOPT,3,1,3.462,0.362,99.88995983826324,PRESERVING,3.1,PASS,exact_terminal_equality,0,TERMINAL_REACHED
4.258,ONLINE-REOPT,1,3,4.258,0.36,49.906820231787734,PRESERVING,3.898,PASS,continuous_reference_residual_valid_optimizer_reported_success,1,CONTINUE
4.258,ONLINE-REOPT,2,2,3.898,0.436,89.96254829324664,PRESERVING,3.462,PASS,continuous_reference_residual_valid_optimizer_reported_success,77,CONTINUE
4.258,ONLINE-REOPT,3,1,3.462,0.362,99.88995983826324,PRESERVING,3.1,PASS,exact_terminal_equality,0,TERMINAL_REACHED
4.259,ONLINE-REOPT,1,3,4.259,0.36,49.86843037175427,PRESERVING,3.899,PASS,continuous_reference_residual_valid_optimizer_reported_success,1,CONTINUE
4.259,ONLINE-REOPT,2,2,3.899,0.437,90.21492387853463,PRESERVING,3.462,PASS,continuous_reference_residual_valid_optimizer_reported_success,78,CONTINUE
4.259,ONLINE-REOPT,3,1,3.462,0.362,99.88995983826324,PRESERVING,3.1,PASS,exact_terminal_equality,0,TERMINAL_REACHED
4.26,ONLINE-REOPT,1,3,4.26,0.36,49.83007987584073,PRESERVING,3.9,PASS,continuous_reference_residual_valid_optimizer_reported_non_success,1,CONTINUE
4.26,ONLINE-REOPT,2,2,3.9,0.438,90.46744891978027,PRESERVING,3.462,PASS,continuous_reference_residual_valid_optimizer_reported_success,79,CONTINUE
4.26,ONLINE-REOPT,3,1,3.462,0.362,99.88995983826324,PRESERVING,3.1,PASS,exact_terminal_equality,0,TERMINAL_REACHED
4.261,ONLINE-REOPT,1,3,4.261,0.36,49.79176869360613,PRESERVING,3.901,PASS,continuous_reference_residual_valid_optimizer_reported_success,1,CONTINUE
4.261,ONLINE-REOPT,2,2,3.901,0.439,90.72012320283744,PRESERVING,3.462,PASS,continuous_reference_residual_valid_optimizer_reported_success,80,CONTINUE
4.261,ONLINE-REOPT,3,1,3.462,0.362,99.88995983826324,PRESERVING,3.1,PASS,exact_terminal_equality,0,TERMINAL_REACHED
4.262,ONLINE-REOPT,1,3,4.262,0.36,49.75349677468705,PRESERVING,3.902,PASS,continuous_reference_residual_valid_optimizer_reported_success,1,CONTINUE
4.262,ONLINE-REOPT,2,2,3.902,0.44,90.97294651426347,PRESERVING,3.462,PASS,continuous_reference_residual_valid_optimizer_reported_success,81,CONTINUE
4.262,ONLINE-REOPT,3,1,3.462,0.362,99.88995983826324,PRESERVING,3.1,PASS,exact_terminal_equality,0,TERMINAL_REACHED
4.263,ONLINE-REOPT,1,3,4.263,0.36,49.71526406879751,PRESERVING,3.903,PASS,continuous_reference_residual_valid_optimizer_reported_non_success,1,CONTINUE
4.263,ONLINE-REOPT,2,2,3.903,0.441,91.22591864131715,PRESERVING,3.462,PASS,continuous_reference_residual_valid_optimizer_reported_success,82,CONTINUE
4.263,ONLINE-REOPT,3,1,3.462,0.362,99.88995983826324,PRESERVING,3.1,PASS,exact_terminal_equality,0,TERMINAL_REACHED
4.264,ONLINE-REOPT,1,3,4.264,0.36,49.67707052572877,PRESERVING,3.904,PASS,continuous_reference_residual_valid_optimizer_reported_success,1,CONTINUE
4.264,ONLINE-REOPT,2,2,3.904,0.442,91.47903937195336,PRESERVING,3.462,PASS,continuous_reference_residual_valid_optimizer_reported_success,83,CONTINUE
4.264,ONLINE-REOPT,3,1,3.462,0.362,99.88995983826324,PRESERVING,3.1,PASS,exact_terminal_equality,0,TERMINAL_REACHED
4.265,ONLINE-REOPT,1,3,4.265,0.36,49.638916095349224,PRESERVING,3.905,PASS,continuous_reference_residual_valid_optimizer_reported_success,1,CONTINUE
4.265,ONLINE-REOPT,2,2,3.905,0.443,91.73230849481963,PRESERVING,3.462,PASS,continuous_reference_residual_valid_optimizer_reported_success,84,CONTINUE
4.265,ONLINE-REOPT,3,1,3.462,0.362,99.88995983826324,PRESERVING,3.1,PASS,exact_terminal_equality,0,TERMINAL_REACHED
4.266,ONLINE-REOPT,1,3,4.266,0.36,49.60080072760419,PRESERVING,3.906,PASS,continuous_reference_residual_valid_optimizer_reported_non_success,1,CONTINUE
4.266,ONLINE-REOPT,2,2,3.906,0.444,91.98572579925235,PRESERVING,3.462,PASS,continuous_reference_residual_valid_optimizer_reported_success,85,CONTINUE
4.266,ONLINE-REOPT,3,1,3.462,0.362,99.88995983826324,PRESERVING,3.1,PASS,exact_terminal_equality,0,TERMINAL_REACHED
4.267,ONLINE-REOPT,1,3,4.267,0.36,49.56272437251595,PRESERVING,3.907,PASS,continuous_reference_residual_valid_optimizer_reported_non_success,1,CONTINUE
4.267,ONLINE-REOPT,2,2,3.907,0.445,92.23929107527286,PRESERVING,3.462,PASS,continuous_reference_residual_valid_optimizer_reported_success,86,CONTINUE
4.267,ONLINE-REOPT,3,1,3.462,0.362,99.88995983826324,PRESERVING,3.1,PASS,exact_terminal_equality,0,TERMINAL_REACHED
4.268,ONLINE-REOPT,1,3,4.268,0.36,49.52468698018341,PRESERVING,3.908,PASS,continuous_reference_residual_valid_optimizer_reported_success,1,CONTINUE
4.268,ONLINE-REOPT,2,2,3.908,0.446,92.49300411358249,PRESERVING,3.462,PASS,continuous_reference_residual_valid_optimizer_reported_success,87,CONTINUE
4.268,ONLINE-REOPT,3,1,3.462,0.362,99.88995983826324,PRESERVING,3.1,PASS,exact_terminal_equality,0,TERMINAL_REACHED
4.269,ONLINE-REOPT,1,3,4.269,0.36,49.48668850078208,PRESERVING,3.909,PASS,continuous_reference_residual_valid_optimizer_reported_success,1,CONTINUE
4.269,ONLINE-REOPT,2,2,3.909,0.447,92.7468647055612,PRESERVING,3.462,PASS,continuous_reference_residual_valid_optimizer_reported_success,88,CONTINUE
4.269,ONLINE-REOPT,3,1,3.462,0.362,99.88995983826324,PRESERVING,3.1,PASS,exact_terminal_equality,0,TERMINAL_REACHED
4.27,ONLINE-REOPT,1,3,4.27,0.36,49.4487288845639,PRESERVING,3.91,PASS,continuous_reference_residual_valid_optimizer_reported_non_success,1,CONTINUE
4.27,ONLINE-REOPT,2,2,3.91,0.448,93.00087264326154,PRESERVING,3.462,PASS,continuous_reference_residual_valid_optimizer_reported_success,89,CONTINUE
4.27,ONLINE-REOPT,3,1,3.462,0.362,99.88995983826324,PRESERVING,3.1,PASS,exact_terminal_equality,0,TERMINAL_REACHED
4.271,ONLINE-REOPT,1,3,4.271,0.36,49.41080808185711,PRESERVING,3.911,PASS,continuous_reference_residual_valid_optimizer_reported_success,1,CONTINUE
4.271,ONLINE-REOPT,2,2,3.911,0.449,93.2550277194063,PRESERVING,3.462,PASS,continuous_reference_residual_valid_optimizer_reported_success,90,CONTINUE
4.271,ONLINE-REOPT,3,1,3.462,0.362,99.88995983826324,PRESERVING,3.1,PASS,exact_terminal_equality,0,TERMINAL_REACHED
4.272,ONLINE-REOPT,1,3,4.272,0.36,49.37292604306616,PRESERVING,3.912,PASS,continuous_reference_residual_valid_optimizer_reported_non_success,1,CONTINUE
4.272,ONLINE-REOPT,2,2,3.912,0.45,93.509329727384,PRESERVING,3.462,PASS,continuous_reference_residual_valid_optimizer_reported_success,91,CONTINUE
4.272,ONLINE-REOPT,3,1,3.462,0.362,99.88995983826324,PRESERVING,3.1,PASS,exact_terminal_equality,0,TERMINAL_REACHED
4.273,ONLINE-REOPT,1,3,4.273,0.36,49.335082718671444,PRESERVING,3.913,PASS,continuous_reference_residual_valid_optimizer_reported_success,1,CONTINUE
4.273,ONLINE-REOPT,2,2,3.913,0.451,93.76377846124589,PRESERVING,3.462,PASS,continuous_reference_residual_valid_optimizer_reported_success,92,CONTINUE
4.273,ONLINE-REOPT,3,1,3.462,0.362,99.88995983826324,PRESERVING,3.1,PASS,exact_terminal_equality,0,TERMINAL_REACHED
4.274,ONLINE-REOPT,1,3,4.274,0.36,49.29727805922929,PRESERVING,3.914,PASS,continuous_reference_residual_valid_optimizer_reported_non_success,1,CONTINUE
4.274,ONLINE-REOPT,2,2,3.914,0.452,94.01837371570092,PRESERVING,3.462,PASS,continuous_reference_residual_valid_optimizer_reported_success,93,CONTINUE
4.274,ONLINE-REOPT,3,1,3.462,0.362,99.88995983826324,PRESERVING,3.1,PASS,exact_terminal_equality,0,TERMINAL_REACHED
4.275,ONLINE-REOPT,1,3,4.275,0.36,49.25951201537183,PRESERVING,3.915,PASS,continuous_reference_residual_valid_optimizer_reported_success,1,CONTINUE
4.275,ONLINE-REOPT,2,2,3.915,0.453,94.27311528611429,PRESERVING,3.462,PASS,continuous_reference_residual_valid_optimizer_reported_success,94,CONTINUE
4.275,ONLINE-REOPT,3,1,3.462,0.362,99.88995983826324,PRESERVING,3.1,PASS,exact_terminal_equality,0,TERMINAL_REACHED
4.276,ONLINE-REOPT,1,3,4.276,0.36,49.221784537806734,PRESERVING,3.916,PASS,continuous_reference_residual_valid_optimizer_reported_success,1,CONTINUE
4.276,ONLINE-REOPT,2,2,3.916,0.454,94.52800296850185,PRESERVING,3.462,PASS,continuous_reference_residual_valid_optimizer_reported_success,95,CONTINUE
4.276,ONLINE-REOPT,3,1,3.462,0.362,99.88995983826324,PRESERVING,3.1,PASS,exact_terminal_equality,0,TERMINAL_REACHED
4.277,ONLINE-REOPT,1,3,4.277,0.36,49.18409557731721,PRESERVING,3.917,PASS,continuous_reference_residual_valid_optimizer_reported_success,1,CONTINUE
4.277,ONLINE-REOPT,2,2,3.917,0.455,94.78303655952801,PRESERVING,3.462,PASS,continuous_reference_residual_valid_optimizer_reported_success,96,CONTINUE
4.277,ONLINE-REOPT,3,1,3.462,0.362,99.88995983826324,PRESERVING,3.1,PASS,exact_terminal_equality,0,TERMINAL_REACHED
4.278,ONLINE-REOPT,1,3,4.278,0.36,49.14644508476175,PRESERVING,3.918,PASS,continuous_reference_residual_valid_optimizer_reported_non_success,1,CONTINUE
4.278,ONLINE-REOPT,2,2,3.918,0.456,95.03821585650113,PRESERVING,3.462,PASS,continuous_reference_residual_valid_optimizer_reported_success,97,CONTINUE
4.278,ONLINE-REOPT,3,1,3.462,0.362,99.88995983826324,PRESERVING,3.1,PASS,exact_terminal_equality,0,TERMINAL_REACHED
4.279,ONLINE-REOPT,1,3,4.279,0.36,49.108833011074196,PRESERVING,3.919,PASS,continuous_reference_residual_valid_optimizer_reported_success,1,CONTINUE
4.279,ONLINE-REOPT,2,2,3.919,0.457,95.29354065737094,PRESERVING,3.462,PASS,continuous_reference_residual_valid_optimizer_reported_success,98,CONTINUE
4.279,ONLINE-REOPT,3,1,3.462,0.362,99.88995983826324,PRESERVING,3.1,PASS,exact_terminal_equality,0,TERMINAL_REACHED
4.28,ONLINE-REOPT,1,3,4.28,0.36,49.071259307263354,PRESERVING,3.92,PASS,continuous_reference_residual_valid_optimizer_reported_success,1,CONTINUE
4.28,ONLINE-REOPT,2,2,3.92,0.458,95.54901076072348,PRESERVING,3.462,PASS,continuous_reference_residual_valid_optimizer_reported_success,99,CONTINUE
4.28,ONLINE-REOPT,3,1,3.462,0.362,99.88995983826324,PRESERVING,3.1,PASS,exact_terminal_equality,0,TERMINAL_REACHED
4.281,ONLINE-REOPT,1,3,4.281,0.36,49.03372392441303,PRESERVING,3.921,PASS,continuous_reference_residual_valid_optimizer_reported_success,1,CONTINUE
4.281,ONLINE-REOPT,2,2,3.921,0.459,95.80462596577969,PRESERVING,3.462,PASS,continuous_reference_residual_valid_optimizer_reported_success,100,CONTINUE
4.281,ONLINE-REOPT,3,1,3.462,0.362,99.88995983826324,PRESERVING,3.1,PASS,exact_terminal_equality,0,TERMINAL_REACHED
4.282,ONLINE-REOPT,1,3,4.282,0.36,48.99622681368178,PRESERVING,3.922,PASS,continuous_reference_residual_valid_optimizer_reported_success,1,CONTINUE
4.282,ONLINE-REOPT,2,2,3.922,0.46,96.06038607239064,PRESERVING,3.462,PASS,continuous_reference_residual_valid_optimizer_reported_success,101,CONTINUE
4.282,ONLINE-REOPT,3,1,3.462,0.362,99.88995983826324,PRESERVING,3.1,PASS,exact_terminal_equality,0,TERMINAL_REACHED
4.283,ONLINE-REOPT,1,3,4.283,0.36,48.958767926302954,PRESERVING,3.923,PASS,continuous_reference_residual_valid_optimizer_reported_success,1,CONTINUE
4.283,ONLINE-REOPT,2,2,3.923,0.461,96.31629088103482,PRESERVING,3.462,PASS,continuous_reference_residual_valid_optimizer_reported_success,102,CONTINUE
4.283,ONLINE-REOPT,3,1,3.462,0.362,99.88995983826324,PRESERVING,3.1,PASS,exact_terminal_equality,0,TERMINAL_REACHED
4.284,ONLINE-REOPT,1,3,4.284,0.36,48.92134721358435,PRESERVING,3.924,PASS,continuous_reference_residual_valid_optimizer_reported_success,1,CONTINUE
4.284,ONLINE-REOPT,2,2,3.924,0.462,96.57234019281397,PRESERVING,3.462,PASS,continuous_reference_residual_valid_optimizer_reported_success,103,CONTINUE
4.284,ONLINE-REOPT,3,1,3.462,0.362,99.88995983826324,PRESERVING,3.1,PASS,exact_terminal_equality,0,TERMINAL_REACHED
4.285,ONLINE-REOPT,1,3,4.285,0.36,48.88396462690824,PRESERVING,3.925,PASS,continuous_reference_residual_valid_optimizer_reported_success,1,CONTINUE
4.285,ONLINE-REOPT,2,2,3.925,0.463,96.82853380945079,PRESERVING,3.462,PASS,continuous_reference_residual_valid_optimizer_reported_success,104,CONTINUE
4.285,ONLINE-REOPT,3,1,3.462,0.362,99.88995983826324,PRESERVING,3.1,PASS,exact_terminal_equality,0,TERMINAL_REACHED
4.286,ONLINE-REOPT,1,3,4.286,0.36,48.84662011773112,PRESERVING,3.926,PASS,continuous_reference_residual_valid_optimizer_reported_success,1,CONTINUE
4.286,ONLINE-REOPT,2,2,3.926,0.464,97.08487153328383,PRESERVING,3.462,PASS,continuous_reference_residual_valid_optimizer_reported_success,105,CONTINUE
4.286,ONLINE-REOPT,3,1,3.462,0.362,99.88995983826324,PRESERVING,3.1,PASS,exact_terminal_equality,0,TERMINAL_REACHED
4.287,ONLINE-REOPT,1,3,4.287,0.36,48.80931363758369,PRESERVING,3.927,PASS,continuous_reference_residual_valid_optimizer_reported_success,1,CONTINUE
4.287,ONLINE-REOPT,2,2,3.927,0.465,97.34135316726643,PRESERVING,3.462,PASS,continuous_reference_residual_valid_optimizer_reported_success,106,CONTINUE
4.287,ONLINE-REOPT,3,1,3.462,0.362,99.88995983826324,PRESERVING,3.1,PASS,exact_terminal_equality,0,TERMINAL_REACHED
4.288,ONLINE-REOPT,1,3,4.288,0.36,48.77204513807068,PRESERVING,3.928,PASS,continuous_reference_residual_valid_optimizer_reported_success,1,CONTINUE
4.288,ONLINE-REOPT,2,2,3.928,0.466,97.59797851496218,PRESERVING,3.462,PASS,continuous_reference_residual_valid_optimizer_reported_success,107,CONTINUE
4.288,ONLINE-REOPT,3,1,3.462,0.362,99.88995983826324,PRESERVING,3.1,PASS,exact_terminal_equality,0,TERMINAL_REACHED
4.289,ONLINE-REOPT,1,3,4.289,0.36,48.73481457087064,PRESERVING,3.929,PASS,continuous_reference_residual_valid_optimizer_reported_success,1,CONTINUE
4.289,ONLINE-REOPT,2,2,3.929,0.467,97.85474738054164,PRESERVING,3.462,PASS,continuous_reference_residual_valid_optimizer_reported_success,108,CONTINUE
4.289,ONLINE-REOPT,3,1,3.462,0.362,99.88995983826324,PRESERVING,3.1,PASS,exact_terminal_equality,0,TERMINAL_REACHED
4.29,ONLINE-REOPT,1,3,4.29,0.36,48.69762188773589,PRESERVING,3.93,PASS,continuous_reference_residual_valid_optimizer_reported_non_success,1,CONTINUE
4.29,ONLINE-REOPT,2,2,3.93,0.468,98.11165956877946,PRESERVING,3.462,PASS,continuous_reference_residual_valid_optimizer_reported_success,109,CONTINUE
4.29,ONLINE-REOPT,3,1,3.462,0.362,99.88995983826324,PRESERVING,3.1,PASS,exact_terminal_equality,0,TERMINAL_REACHED
4.291,ONLINE-REOPT,1,3,4.291,0.36,48.660467040492456,PRESERVING,3.931,PASS,continuous_reference_residual_valid_optimizer_reported_success,1,CONTINUE
4.291,ONLINE-REOPT,2,2,3.931,0.469,98.36871488505142,PRESERVING,3.462,PASS,continuous_reference_residual_valid_optimizer_reported_success,110,CONTINUE
4.291,ONLINE-REOPT,3,1,3.462,0.362,99.88995983826324,PRESERVING,3.1,PASS,exact_terminal_equality,0,TERMINAL_REACHED
4.292,ONLINE-REOPT,1,3,4.292,0.36,48.62334998103975,PRESERVING,3.932,PASS,continuous_reference_residual_valid_optimizer_reported_success,1,CONTINUE
4.292,ONLINE-REOPT,2,2,3.932,0.47,98.62591313532941,PRESERVING,3.462,PASS,continuous_reference_residual_valid_optimizer_reported_success,111,CONTINUE
4.292,ONLINE-REOPT,3,1,3.462,0.362,99.88995983826324,PRESERVING,3.1,PASS,exact_terminal_equality,0,TERMINAL_REACHED
4.293,ONLINE-REOPT,1,3,4.293,0.36,48.586270661350575,PRESERVING,3.933,PASS,continuous_reference_residual_valid_optimizer_reported_success,1,CONTINUE
4.293,ONLINE-REOPT,2,2,3.933,0.471,98.88325412618143,PRESERVING,3.462,PASS,continuous_reference_residual_valid_optimizer_reported_success,112,CONTINUE
4.293,ONLINE-REOPT,3,1,3.462,0.362,99.88995983826324,PRESERVING,3.1,PASS,exact_terminal_equality,0,TERMINAL_REACHED
4.294,ONLINE-REOPT,1,3,4.294,0.36,48.549229033471015,PRESERVING,3.934,PASS,continuous_reference_residual_valid_optimizer_reported_success,1,CONTINUE
4.294,ONLINE-REOPT,2,2,3.934,0.472,99.1407376647659,PRESERVING,3.462,PASS,continuous_reference_residual_valid_optimizer_reported_success,113,CONTINUE
4.294,ONLINE-REOPT,3,1,3.462,0.362,99.88995983826324,PRESERVING,3.1,PASS,exact_terminal_equality,0,TERMINAL_REACHED
4.295,ONLINE-REOPT,1,3,4.295,0.36,48.51222504952019,PRESERVING,3.935,PASS,continuous_reference_residual_valid_optimizer_reported_success,1,CONTINUE
4.295,ONLINE-REOPT,2,2,3.935,0.473,99.3983635588295,PRESERVING,3.462,PASS,continuous_reference_residual_valid_optimizer_reported_success,114,CONTINUE
4.295,ONLINE-REOPT,3,1,3.462,0.362,99.88995983826324,PRESERVING,3.1,PASS,exact_terminal_equality,0,TERMINAL_REACHED
4.296,ONLINE-REOPT,1,3,4.296,0.36,48.47525866169025,PRESERVING,3.936,PASS,continuous_reference_residual_valid_optimizer_reported_success,1,CONTINUE
4.296,ONLINE-REOPT,2,2,3.936,0.474,99.65613161670426,PRESERVING,3.462,PASS,continuous_reference_residual_valid_optimizer_reported_success,115,CONTINUE
4.296,ONLINE-REOPT,3,1,3.462,0.362,99.88995983826324,PRESERVING,3.1,PASS,exact_terminal_equality,0,TERMINAL_REACHED
4.297,ONLINE-REOPT,1,3,4.297,0.36,48.43832982224611,PRESERVING,3.937,PASS,continuous_reference_residual_valid_optimizer_reported_success,1,CONTINUE
4.297,ONLINE-REOPT,2,2,3.937,0.475,99.91404164730385,PRESERVING,3.462,PASS,continuous_reference_residual_valid_optimizer_reported_success,116,CONTINUE
4.297,ONLINE-REOPT,3,1,3.462,0.362,99.88995983826324,PRESERVING,3.1,PASS,exact_terminal_equality,0,TERMINAL_REACHED
4.298,ONLINE-REOPT,1,3,4.298,0.361,48.60174512994904,PRESERVING,3.937,PASS,continuous_reference_residual_valid_optimizer_reported_success,2,CONTINUE
4.298,ONLINE-REOPT,2,2,3.937,0.475,99.91404164730385,PRESERVING,3.462,PASS,continuous_reference_residual_valid_optimizer_reported_success,116,CONTINUE
4.298,ONLINE-REOPT,3,1,3.462,0.362,99.88995983826324,PRESERVING,3.1,PASS,exact_terminal_equality,0,TERMINAL_REACHED
4.299,ONLINE-REOPT,1,3,4.299,0.362,48.76527477442611,PRESERVING,3.937,PASS,continuous_reference_residual_valid_optimizer_reported_success,3,CONTINUE
4.299,ONLINE-REOPT,2,2,3.937,0.475,99.91404164730385,PRESERVING,3.462,PASS,continuous_reference_residual_valid_optimizer_reported_success,116,CONTINUE
4.299,ONLINE-REOPT,3,1,3.462,0.362,99.88995983826324,PRESERVING,3.1,PASS,exact_terminal_equality,0,TERMINAL_REACHED
4.3,ONLINE-REOPT,1,3,4.3,0.363,48.92891856370746,PRESERVING,3.937,PASS,continuous_reference_residual_valid_optimizer_reported_success,4,CONTINUE
4.3,ONLINE-REOPT,2,2,3.937,0.475,99.91404164730385,PRESERVING,3.462,PASS,continuous_reference_residual_valid_optimizer_reported_success,116,CONTINUE
4.3,ONLINE-REOPT,3,1,3.462,0.362,99.88995983826324,PRESERVING,3.1,PASS,exact_terminal_equality,0,TERMINAL_REACHED
4.301,ONLINE-REOPT,1,3,4.301,0.364,49.09267630659239,PRESERVING,3.937,PASS,continuous_reference_residual_valid_optimizer_reported_success,5,CONTINUE
4.301,ONLINE-REOPT,2,2,3.937,0.475,99.91404164730385,PRESERVING,3.462,PASS,continuous_reference_residual_valid_optimizer_reported_success,116,CONTINUE
4.301,ONLINE-REOPT,3,1,3.462,0.362,99.88995983826324,PRESERVING,3.1,PASS,exact_terminal_equality,0,TERMINAL_REACHED
4.302,ONLINE-REOPT,1,3,4.302,0.365,49.256547812644115,PRESERVING,3.937,PASS,continuous_reference_residual_valid_optimizer_reported_success,6,CONTINUE
4.302,ONLINE-REOPT,2,2,3.937,0.475,99.91404164730385,PRESERVING,3.462,PASS,continuous_reference_residual_valid_optimizer_reported_success,116,CONTINUE
4.302,ONLINE-REOPT,3,1,3.462,0.362,99.88995983826324,PRESERVING,3.1,PASS,exact_terminal_equality,0,TERMINAL_REACHED
4.303,ONLINE-REOPT,1,3,4.303,0.366,49.42053289218462,PRESERVING,3.937,PASS,continuous_reference_residual_valid_optimizer_reported_success,7,CONTINUE
4.303,ONLINE-REOPT,2,2,3.937,0.475,99.91404164730385,PRESERVING,3.462,PASS,continuous_reference_residual_valid_optimizer_reported_success,116,CONTINUE
4.303,ONLINE-REOPT,3,1,3.462,0.362,99.88995983826324,PRESERVING,3.1,PASS,exact_terminal_equality,0,TERMINAL_REACHED
4.304,ONLINE-REOPT,1,3,4.304,0.367,49.584631356289556,PRESERVING,3.937,PASS,continuous_reference_residual_valid_optimizer_reported_success,8,CONTINUE
4.304,ONLINE-REOPT,2,2,3.937,0.475,99.91404164730385,PRESERVING,3.462,PASS,continuous_reference_residual_valid_optimizer_reported_success,116,CONTINUE
4.304,ONLINE-REOPT,3,1,3.462,0.362,99.88995983826324,PRESERVING,3.1,PASS,exact_terminal_equality,0,TERMINAL_REACHED
4.305,ONLINE-REOPT,1,3,4.305,0.368,49.74884301678238,PRESERVING,3.937,PASS,continuous_reference_residual_valid_optimizer_reported_success,9,CONTINUE
4.305,ONLINE-REOPT,2,2,3.937,0.475,99.91404164730385,PRESERVING,3.462,PASS,continuous_reference_residual_valid_optimizer_reported_success,116,CONTINUE
4.305,ONLINE-REOPT,3,1,3.462,0.362,99.88995983826324,PRESERVING,3.1,PASS,exact_terminal_equality,0,TERMINAL_REACHED
4.306,ONLINE-REOPT,1,3,4.306,0.369,49.913167686230615,PRESERVING,3.937,PASS,continuous_reference_residual_valid_optimizer_reported_success,10,CONTINUE
4.306,ONLINE-REOPT,2,2,3.937,0.475,99.91404164730385,PRESERVING,3.462,PASS,continuous_reference_residual_valid_optimizer_reported_success,116,CONTINUE
4.306,ONLINE-REOPT,3,1,3.462,0.362,99.88995983826324,PRESERVING,3.1,PASS,exact_terminal_equality,0,TERMINAL_REACHED
4.307,ONLINE-REOPT,1,3,4.307,0.37,50.07760517793986,PRESERVING,3.937,PASS,continuous_reference_residual_valid_optimizer_reported_success,11,CONTINUE
4.307,ONLINE-REOPT,2,2,3.937,0.475,99.91404164730385,PRESERVING,3.462,PASS,continuous_reference_residual_valid_optimizer_reported_success,116,CONTINUE
4.307,ONLINE-REOPT,3,1,3.462,0.362,99.88995983826324,PRESERVING,3.1,PASS,exact_terminal_equality,0,TERMINAL_REACHED
4.308,ONLINE-REOPT,1,3,4.308,0.371,50.2421553059494,PRESERVING,3.937,PASS,continuous_reference_residual_valid_optimizer_reported_success,12,CONTINUE
4.308,ONLINE-REOPT,2,2,3.937,0.475,99.91404164730385,PRESERVING,3.462,PASS,continuous_reference_residual_valid_optimizer_reported_success,116,CONTINUE
4.308,ONLINE-REOPT,3,1,3.462,0.362,99.88995983826324,PRESERVING,3.1,PASS,exact_terminal_equality,0,TERMINAL_REACHED
4.309,ONLINE-REOPT,1,3,4.309,0.372,50.40681788502673,PRESERVING,3.937,PASS,continuous_reference_residual_valid_optimizer_reported_success,13,CONTINUE
4.309,ONLINE-REOPT,2,2,3.937,0.475,99.91404164730385,PRESERVING,3.462,PASS,continuous_reference_residual_valid_optimizer_reported_success,116,CONTINUE
4.309,ONLINE-REOPT,3,1,3.462,0.362,99.88995983826324,PRESERVING,3.1,PASS,exact_terminal_equality,0,TERMINAL_REACHED
4.31,ONLINE-REOPT,1,3,4.31,0.373,50.571592730662694,PRESERVING,3.937,PASS,continuous_reference_residual_valid_optimizer_reported_success,14,CONTINUE
4.31,ONLINE-REOPT,2,2,3.937,0.475,99.91404164730385,PRESERVING,3.462,PASS,continuous_reference_residual_valid_optimizer_reported_success,116,CONTINUE
4.31,ONLINE-REOPT,3,1,3.462,0.362,99.88995983826324,PRESERVING,3.1,PASS,exact_terminal_equality,0,TERMINAL_REACHED
4.311,ONLINE-REOPT,1,3,4.311,0.374,50.73647965906746,PRESERVING,3.937,PASS,continuous_reference_residual_valid_optimizer_reported_success,15,CONTINUE
4.311,ONLINE-REOPT,2,2,3.937,0.475,99.91404164730385,PRESERVING,3.462,PASS,continuous_reference_residual_valid_optimizer_reported_success,116,CONTINUE
4.311,ONLINE-REOPT,3,1,3.462,0.362,99.88995983826324,PRESERVING,3.1,PASS,exact_terminal_equality,0,TERMINAL_REACHED
4.312,ONLINE-REOPT,1,3,4.312,0.375,50.90147848716503,PRESERVING,3.937,PASS,continuous_reference_residual_valid_optimizer_reported_success,16,CONTINUE
4.312,ONLINE-REOPT,2,2,3.937,0.475,99.91404164730385,PRESERVING,3.462,PASS,continuous_reference_residual_valid_optimizer_reported_success,116,CONTINUE
4.312,ONLINE-REOPT,3,1,3.462,0.362,99.88995983826324,PRESERVING,3.1,PASS,exact_terminal_equality,0,TERMINAL_REACHED
4.313,ONLINE-REOPT,1,3,4.313,0.376,51.066589032588475,PRESERVING,3.937,PASS,continuous_reference_residual_valid_optimizer_reported_success,17,CONTINUE
4.313,ONLINE-REOPT,2,2,3.937,0.475,99.91404164730385,PRESERVING,3.462,PASS,continuous_reference_residual_valid_optimizer_reported_success,116,CONTINUE
4.313,ONLINE-REOPT,3,1,3.462,0.362,99.88995983826324,PRESERVING,3.1,PASS,exact_terminal_equality,0,TERMINAL_REACHED
4.314,ONLINE-REOPT,1,3,4.314,0.377,51.23181111367573,PRESERVING,3.937,PASS,continuous_reference_residual_valid_optimizer_reported_success,18,CONTINUE
4.314,ONLINE-REOPT,2,2,3.937,0.475,99.91404164730385,PRESERVING,3.462,PASS,continuous_reference_residual_valid_optimizer_reported_success,116,CONTINUE
4.314,ONLINE-REOPT,3,1,3.462,0.362,99.88995983826324,PRESERVING,3.1,PASS,exact_terminal_equality,0,TERMINAL_REACHED
4.315,ONLINE-REOPT,1,3,4.315,0.378,51.39714454946439,PRESERVING,3.937,PASS,continuous_reference_residual_valid_optimizer_reported_success,19,CONTINUE
4.315,ONLINE-REOPT,2,2,3.937,0.475,99.91404164730385,PRESERVING,3.462,PASS,continuous_reference_residual_valid_optimizer_reported_success,116,CONTINUE
4.315,ONLINE-REOPT,3,1,3.462,0.362,99.88995983826324,PRESERVING,3.1,PASS,exact_terminal_equality,0,TERMINAL_REACHED
4.316,ONLINE-REOPT,1,3,4.316,0.379,51.56258915968789,PRESERVING,3.937,PASS,continuous_reference_residual_valid_optimizer_reported_success,20,CONTINUE
4.316,ONLINE-REOPT,2,2,3.937,0.475,99.91404164730385,PRESERVING,3.462,PASS,continuous_reference_residual_valid_optimizer_reported_success,116,CONTINUE
4.316,ONLINE-REOPT,3,1,3.462,0.362,99.88995983826324,PRESERVING,3.1,PASS,exact_terminal_equality,0,TERMINAL_REACHED
4.317,ONLINE-REOPT,1,3,4.317,0.38,51.72814476476946,PRESERVING,3.937,PASS,continuous_reference_residual_valid_optimizer_reported_success,21,CONTINUE
4.317,ONLINE-REOPT,2,2,3.937,0.475,99.91404164730385,PRESERVING,3.462,PASS,continuous_reference_residual_valid_optimizer_reported_success,116,CONTINUE
4.317,ONLINE-REOPT,3,1,3.462,0.362,99.88995983826324,PRESERVING,3.1,PASS,exact_terminal_equality,0,TERMINAL_REACHED
4.318,ONLINE-REOPT,1,3,4.318,0.381,51.893811185819246,PRESERVING,3.937,PASS,continuous_reference_residual_valid_optimizer_reported_success,22,CONTINUE
4.318,ONLINE-REOPT,2,2,3.937,0.475,99.91404164730385,PRESERVING,3.462,PASS,continuous_reference_residual_valid_optimizer_reported_success,116,CONTINUE
4.318,ONLINE-REOPT,3,1,3.462,0.362,99.88995983826324,PRESERVING,3.1,PASS,exact_terminal_equality,0,TERMINAL_REACHED
4.319,ONLINE-REOPT,1,3,4.319,0.382,52.05958824462927,PRESERVING,3.937,PASS,continuous_reference_residual_valid_optimizer_reported_success,23,CONTINUE
4.319,ONLINE-REOPT,2,2,3.937,0.475,99.91404164730385,PRESERVING,3.462,PASS,continuous_reference_residual_valid_optimizer_reported_success,116,CONTINUE
4.319,ONLINE-REOPT,3,1,3.462,0.362,99.88995983826324,PRESERVING,3.1,PASS,exact_terminal_equality,0,TERMINAL_REACHED
4.32,ONLINE-REOPT,1,3,4.32,0.383,52.225475763668435,PRESERVING,3.937,PASS,continuous_reference_residual_valid_optimizer_reported_success,24,CONTINUE
4.32,ONLINE-REOPT,2,2,3.937,0.475,99.91404164730385,PRESERVING,3.462,PASS,continuous_reference_residual_valid_optimizer_reported_success,116,CONTINUE
4.32,ONLINE-REOPT,3,1,3.462,0.362,99.88995983826324,PRESERVING,3.1,PASS,exact_terminal_equality,0,TERMINAL_REACHED
4.321,ONLINE-REOPT,1,3,4.321,0.384,52.391473566079156,PRESERVING,3.937,PASS,continuous_reference_residual_valid_optimizer_reported_success,25,CONTINUE
4.321,ONLINE-REOPT,2,2,3.937,0.475,99.91404164730385,PRESERVING,3.462,PASS,continuous_reference_residual_valid_optimizer_reported_success,116,CONTINUE
4.321,ONLINE-REOPT,3,1,3.462,0.362,99.88995983826324,PRESERVING,3.1,PASS,exact_terminal_equality,0,TERMINAL_REACHED
4.322,ONLINE-REOPT,1,3,4.322,0.385,52.55758147567137,PRESERVING,3.937,PASS,continuous_reference_residual_valid_optimizer_reported_success,26,CONTINUE
4.322,ONLINE-REOPT,2,2,3.937,0.475,99.91404164730385,PRESERVING,3.462,PASS,continuous_reference_residual_valid_optimizer_reported_success,116,CONTINUE
4.322,ONLINE-REOPT,3,1,3.462,0.362,99.88995983826324,PRESERVING,3.1,PASS,exact_terminal_equality,0,TERMINAL_REACHED
4.323,ONLINE-REOPT,1,3,4.323,0.386,52.72379931692007,PRESERVING,3.937,PASS,continuous_reference_residual_valid_optimizer_reported_success,27,CONTINUE
4.323,ONLINE-REOPT,2,2,3.937,0.475,99.91404164730385,PRESERVING,3.462,PASS,continuous_reference_residual_valid_optimizer_reported_success,116,CONTINUE
4.323,ONLINE-REOPT,3,1,3.462,0.362,99.88995983826324,PRESERVING,3.1,PASS,exact_terminal_equality,0,TERMINAL_REACHED
4.324,ONLINE-REOPT,1,3,4.324,0.387,52.89012691496022,PRESERVING,3.937,PASS,continuous_reference_residual_valid_optimizer_reported_success,28,CONTINUE
4.324,ONLINE-REOPT,2,2,3.937,0.475,99.91404164730385,PRESERVING,3.462,PASS,continuous_reference_residual_valid_optimizer_reported_success,116,CONTINUE
4.324,ONLINE-REOPT,3,1,3.462,0.362,99.88995983826324,PRESERVING,3.1,PASS,exact_terminal_equality,0,TERMINAL_REACHED
4.325,ONLINE-REOPT,1,3,4.325,0.388,53.0565640955821,PRESERVING,3.937,PASS,continuous_reference_residual_valid_optimizer_reported_success,29,CONTINUE
4.325,ONLINE-REOPT,2,2,3.937,0.475,99.91404164730385,PRESERVING,3.462,PASS,continuous_reference_residual_valid_optimizer_reported_success,116,CONTINUE
4.325,ONLINE-REOPT,3,1,3.462,0.362,99.88995983826324,PRESERVING,3.1,PASS,exact_terminal_equality,0,TERMINAL_REACHED
4.326,ONLINE-REOPT,1,3,4.326,0.389,53.22311068522777,PRESERVING,3.937,PASS,continuous_reference_residual_valid_optimizer_reported_success,30,CONTINUE
4.326,ONLINE-REOPT,2,2,3.937,0.475,99.91404164730385,PRESERVING,3.462,PASS,continuous_reference_residual_valid_optimizer_reported_success,116,CONTINUE
4.326,ONLINE-REOPT,3,1,3.462,0.362,99.88995983826324,PRESERVING,3.1,PASS,exact_terminal_equality,0,TERMINAL_REACHED
4.327,ONLINE-REOPT,1,3,4.327,0.39,53.38976651098664,PRESERVING,3.937,PASS,continuous_reference_residual_valid_optimizer_reported_success,31,CONTINUE
4.327,ONLINE-REOPT,2,2,3.937,0.475,99.91404164730385,PRESERVING,3.462,PASS,continuous_reference_residual_valid_optimizer_reported_success,116,CONTINUE
4.327,ONLINE-REOPT,3,1,3.462,0.362,99.88995983826324,PRESERVING,3.1,PASS,exact_terminal_equality,0,TERMINAL_REACHED
4.328,ONLINE-REOPT,1,3,4.328,0.391,53.55653140059138,PRESERVING,3.937,PASS,continuous_reference_residual_valid_optimizer_reported_success,32,CONTINUE
4.328,ONLINE-REOPT,2,2,3.937,0.475,99.91404164730385,PRESERVING,3.462,PASS,continuous_reference_residual_valid_optimizer_reported_success,116,CONTINUE
4.328,ONLINE-REOPT,3,1,3.462,0.362,99.88995983826324,PRESERVING,3.1,PASS,exact_terminal_equality,0,TERMINAL_REACHED
4.329,ONLINE-REOPT,1,3,4.329,0.392,53.72340518241322,PRESERVING,3.937,PASS,continuous_reference_residual_valid_optimizer_reported_success,33,CONTINUE
4.329,ONLINE-REOPT,2,2,3.937,0.475,99.91404164730385,PRESERVING,3.462,PASS,continuous_reference_residual_valid_optimizer_reported_success,116,CONTINUE
4.329,ONLINE-REOPT,3,1,3.462,0.362,99.88995983826324,PRESERVING,3.1,PASS,exact_terminal_equality,0,TERMINAL_REACHED
4.33,ONLINE-REOPT,1,3,4.33,0.393,53.89038768545913,PRESERVING,3.937,PASS,continuous_reference_residual_valid_optimizer_reported_success,34,CONTINUE
4.33,ONLINE-REOPT,2,2,3.937,0.475,99.91404164730385,PRESERVING,3.462,PASS,continuous_reference_residual_valid_optimizer_reported_success,116,CONTINUE
4.33,ONLINE-REOPT,3,1,3.462,0.362,99.88995983826324,PRESERVING,3.1,PASS,exact_terminal_equality,0,TERMINAL_REACHED
4.331,ONLINE-REOPT,1,3,4.331,0.394,54.057478739366886,PRESERVING,3.937,PASS,continuous_reference_residual_valid_optimizer_reported_success,35,CONTINUE
4.331,ONLINE-REOPT,2,2,3.937,0.475,99.91404164730385,PRESERVING,3.462,PASS,continuous_reference_residual_valid_optimizer_reported_success,116,CONTINUE
4.331,ONLINE-REOPT,3,1,3.462,0.362,99.88995983826324,PRESERVING,3.1,PASS,exact_terminal_equality,0,TERMINAL_REACHED
4.332,ONLINE-REOPT,1,3,4.332,0.395,54.22467817440127,PRESERVING,3.937,PASS,continuous_reference_residual_valid_optimizer_reported_success,36,CONTINUE
4.332,ONLINE-REOPT,2,2,3.937,0.475,99.91404164730385,PRESERVING,3.462,PASS,continuous_reference_residual_valid_optimizer_reported_success,116,CONTINUE
4.332,ONLINE-REOPT,3,1,3.462,0.362,99.88995983826324,PRESERVING,3.1,PASS,exact_terminal_equality,0,TERMINAL_REACHED
4.333,ONLINE-REOPT,1,3,4.333,0.396,54.39198582145069,PRESERVING,3.937,PASS,continuous_reference_residual_valid_optimizer_reported_success,37,CONTINUE
4.333,ONLINE-REOPT,2,2,3.937,0.475,99.91404164730385,PRESERVING,3.462,PASS,continuous_reference_residual_valid_optimizer_reported_success,116,CONTINUE
4.333,ONLINE-REOPT,3,1,3.462,0.362,99.88995983826324,PRESERVING,3.1,PASS,exact_terminal_equality,0,TERMINAL_REACHED
4.334,ONLINE-REOPT,1,3,4.334,0.397,54.55940151202173,PRESERVING,3.937,PASS,continuous_reference_residual_valid_optimizer_reported_success,38,CONTINUE
4.334,ONLINE-REOPT,2,2,3.937,0.475,99.91404164730385,PRESERVING,3.462,PASS,continuous_reference_residual_valid_optimizer_reported_success,116,CONTINUE
4.334,ONLINE-REOPT,3,1,3.462,0.362,99.88995983826324,PRESERVING,3.1,PASS,exact_terminal_equality,0,TERMINAL_REACHED
4.335,ONLINE-REOPT,1,3,4.335,0.398,54.72692507823705,PRESERVING,3.937,PASS,continuous_reference_residual_valid_optimizer_reported_success,39,CONTINUE
4.335,ONLINE-REOPT,2,2,3.937,0.475,99.91404164730385,PRESERVING,3.462,PASS,continuous_reference_residual_valid_optimizer_reported_success,116,CONTINUE
4.335,ONLINE-REOPT,3,1,3.462,0.362,99.88995983826324,PRESERVING,3.1,PASS,exact_terminal_equality,0,TERMINAL_REACHED
4.336,ONLINE-REOPT,1,3,4.336,0.399,54.89455635283073,PRESERVING,3.937,PASS,continuous_reference_residual_valid_optimizer_reported_success,40,CONTINUE
4.336,ONLINE-REOPT,2,2,3.937,0.475,99.91404164730385,PRESERVING,3.462,PASS,continuous_reference_residual_valid_optimizer_reported_success,116,CONTINUE
4.336,ONLINE-REOPT,3,1,3.462,0.362,99.88995983826324,PRESERVING,3.1,PASS,exact_terminal_equality,0,TERMINAL_REACHED
4.337,ONLINE-REOPT,1,3,4.337,0.4,55.06229516914448,PRESERVING,3.937,PASS,continuous_reference_residual_valid_optimizer_reported_success,41,CONTINUE
4.337,ONLINE-REOPT,2,2,3.937,0.475,99.91404164730385,PRESERVING,3.462,PASS,continuous_reference_residual_valid_optimizer_reported_success,116,CONTINUE
4.337,ONLINE-REOPT,3,1,3.462,0.362,99.88995983826324,PRESERVING,3.1,PASS,exact_terminal_equality,0,TERMINAL_REACHED
4.338,ONLINE-REOPT,1,3,4.338,0.401,55.23014136112375,PRESERVING,3.937,PASS,continuous_reference_residual_valid_optimizer_reported_success,42,CONTINUE
4.338,ONLINE-REOPT,2,2,3.937,0.475,99.91404164730385,PRESERVING,3.462,PASS,continuous_reference_residual_valid_optimizer_reported_success,116,CONTINUE
4.338,ONLINE-REOPT,3,1,3.462,0.362,99.88995983826324,PRESERVING,3.1,PASS,exact_terminal_equality,0,TERMINAL_REACHED
4.339,ONLINE-REOPT,1,3,4.339,0.402,55.39809476331435,PRESERVING,3.937,PASS,continuous_reference_residual_valid_optimizer_reported_success,43,CONTINUE
4.339,ONLINE-REOPT,2,2,3.937,0.475,99.91404164730385,PRESERVING,3.462,PASS,continuous_reference_residual_valid_optimizer_reported_success,116,CONTINUE
4.339,ONLINE-REOPT,3,1,3.462,0.362,99.88995983826324,PRESERVING,3.1,PASS,exact_terminal_equality,0,TERMINAL_REACHED
4.34,ONLINE-REOPT,1,3,4.34,0.403,55.5661552108586,PRESERVING,3.937,PASS,continuous_reference_residual_valid_optimizer_reported_success,44,CONTINUE
4.34,ONLINE-REOPT,2,2,3.937,0.475,99.91404164730385,PRESERVING,3.462,PASS,continuous_reference_residual_valid_optimizer_reported_success,116,CONTINUE
4.34,ONLINE-REOPT,3,1,3.462,0.362,99.88995983826324,PRESERVING,3.1,PASS,exact_terminal_equality,0,TERMINAL_REACHED
4.341,ONLINE-REOPT,1,3,4.341,0.404,55.734322539490826,PRESERVING,3.937,PASS,continuous_reference_residual_valid_optimizer_reported_success,45,CONTINUE
4.341,ONLINE-REOPT,2,2,3.937,0.475,99.91404164730385,PRESERVING,3.462,PASS,continuous_reference_residual_valid_optimizer_reported_success,116,CONTINUE
4.341,ONLINE-REOPT,3,1,3.462,0.362,99.88995983826324,PRESERVING,3.1,PASS,exact_terminal_equality,0,TERMINAL_REACHED
4.342,ONLINE-REOPT,1,3,4.342,0.405,55.902596585535335,PRESERVING,3.937,PASS,continuous_reference_residual_valid_optimizer_reported_success,46,CONTINUE
4.342,ONLINE-REOPT,2,2,3.937,0.475,99.91404164730385,PRESERVING,3.462,PASS,continuous_reference_residual_valid_optimizer_reported_success,116,CONTINUE
4.342,ONLINE-REOPT,3,1,3.462,0.362,99.88995983826324,PRESERVING,3.1,PASS,exact_terminal_equality,0,TERMINAL_REACHED
4.343,ONLINE-REOPT,1,3,4.343,0.406,56.070977185901626,PRESERVING,3.937,PASS,continuous_reference_residual_valid_optimizer_reported_success,47,CONTINUE
4.343,ONLINE-REOPT,2,2,3.937,0.475,99.91404164730385,PRESERVING,3.462,PASS,continuous_reference_residual_valid_optimizer_reported_success,116,CONTINUE
4.343,ONLINE-REOPT,3,1,3.462,0.362,99.88995983826324,PRESERVING,3.1,PASS,exact_terminal_equality,0,TERMINAL_REACHED
4.344,ONLINE-REOPT,1,3,4.344,0.407,56.23946417808103,PRESERVING,3.937,PASS,continuous_reference_residual_valid_optimizer_reported_success,48,CONTINUE
4.344,ONLINE-REOPT,2,2,3.937,0.475,99.91404164730385,PRESERVING,3.462,PASS,continuous_reference_residual_valid_optimizer_reported_success,116,CONTINUE
4.344,ONLINE-REOPT,3,1,3.462,0.362,99.88995983826324,PRESERVING,3.1,PASS,exact_terminal_equality,0,TERMINAL_REACHED
4.345,ONLINE-REOPT,1,3,4.345,0.408,56.408057400143306,PRESERVING,3.937,PASS,continuous_reference_residual_valid_optimizer_reported_success,49,CONTINUE
4.345,ONLINE-REOPT,2,2,3.937,0.475,99.91404164730385,PRESERVING,3.462,PASS,continuous_reference_residual_valid_optimizer_reported_success,116,CONTINUE
4.345,ONLINE-REOPT,3,1,3.462,0.362,99.88995983826324,PRESERVING,3.1,PASS,exact_terminal_equality,0,TERMINAL_REACHED
4.346,ONLINE-REOPT,1,3,4.346,0.409,56.576756690733305,PRESERVING,3.937,PASS,continuous_reference_residual_valid_optimizer_reported_success,50,CONTINUE
4.346,ONLINE-REOPT,2,2,3.937,0.475,99.91404164730385,PRESERVING,3.462,PASS,continuous_reference_residual_valid_optimizer_reported_success,116,CONTINUE
4.346,ONLINE-REOPT,3,1,3.462,0.362,99.88995983826324,PRESERVING,3.1,PASS,exact_terminal_equality,0,TERMINAL_REACHED
4.347,ONLINE-REOPT,1,3,4.347,0.41,56.7455618890663,PRESERVING,3.937,PASS,continuous_reference_residual_valid_optimizer_reported_success,51,CONTINUE
4.347,ONLINE-REOPT,2,2,3.937,0.475,99.91404164730385,PRESERVING,3.462,PASS,continuous_reference_residual_valid_optimizer_reported_success,116,CONTINUE
4.347,ONLINE-REOPT,3,1,3.462,0.362,99.88995983826324,PRESERVING,3.1,PASS,exact_terminal_equality,0,TERMINAL_REACHED
4.348,ONLINE-REOPT,1,3,4.348,0.411,56.91447283492635,PRESERVING,3.937,PASS,continuous_reference_residual_valid_optimizer_reported_success,52,CONTINUE
4.348,ONLINE-REOPT,2,2,3.937,0.475,99.91404164730385,PRESERVING,3.462,PASS,continuous_reference_residual_valid_optimizer_reported_success,116,CONTINUE
4.348,ONLINE-REOPT,3,1,3.462,0.362,99.88995983826324,PRESERVING,3.1,PASS,exact_terminal_equality,0,TERMINAL_REACHED
4.349,ONLINE-REOPT,1,3,4.349,0.412,57.08348936866161,PRESERVING,3.937,PASS,continuous_reference_residual_valid_optimizer_reported_success,53,CONTINUE
4.349,ONLINE-REOPT,2,2,3.937,0.475,99.91404164730385,PRESERVING,3.462,PASS,continuous_reference_residual_valid_optimizer_reported_success,116,CONTINUE
4.349,ONLINE-REOPT,3,1,3.462,0.362,99.88995983826324,PRESERVING,3.1,PASS,exact_terminal_equality,0,TERMINAL_REACHED
4.35,ONLINE-REOPT,1,3,4.35,0.413,57.25261133118125,PRESERVING,3.937,PASS,continuous_reference_residual_valid_optimizer_reported_success,54,CONTINUE
4.35,ONLINE-REOPT,2,2,3.937,0.475,99.91404164730385,PRESERVING,3.462,PASS,continuous_reference_residual_valid_optimizer_reported_success,116,CONTINUE
4.35,ONLINE-REOPT,3,1,3.462,0.362,99.88995983826324,PRESERVING,3.1,PASS,exact_terminal_equality,0,TERMINAL_REACHED
4.351,ONLINE-REOPT,1,3,4.351,0.414,57.42183856395226,PRESERVING,3.937,PASS,continuous_reference_residual_valid_optimizer_reported_success,55,CONTINUE
4.351,ONLINE-REOPT,2,2,3.937,0.475,99.91404164730385,PRESERVING,3.462,PASS,continuous_reference_residual_valid_optimizer_reported_success,116,CONTINUE
4.351,ONLINE-REOPT,3,1,3.462,0.362,99.88995983826324,PRESERVING,3.1,PASS,exact_terminal_equality,0,TERMINAL_REACHED
4.352,ONLINE-REOPT,1,3,4.352,0.415,57.59117090899578,PRESERVING,3.937,PASS,continuous_reference_residual_valid_optimizer_reported_success,56,CONTINUE
4.352,ONLINE-REOPT,2,2,3.937,0.475,99.91404164730385,PRESERVING,3.462,PASS,continuous_reference_residual_valid_optimizer_reported_success,116,CONTINUE
4.352,ONLINE-REOPT,3,1,3.462,0.362,99.88995983826324,PRESERVING,3.1,PASS,exact_terminal_equality,0,TERMINAL_REACHED
4.353,ONLINE-REOPT,1,3,4.353,0.416,57.7606082088836,PRESERVING,3.937,PASS,continuous_reference_residual_valid_optimizer_reported_success,57,CONTINUE
4.353,ONLINE-REOPT,2,2,3.937,0.475,99.91404164730385,PRESERVING,3.462,PASS,continuous_reference_residual_valid_optimizer_reported_success,116,CONTINUE
4.353,ONLINE-REOPT,3,1,3.462,0.362,99.88995983826324,PRESERVING,3.1,PASS,exact_terminal_equality,0,TERMINAL_REACHED
4.354,ONLINE-REOPT,1,3,4.354,0.417,57.93015030673566,PRESERVING,3.937,PASS,continuous_reference_residual_valid_optimizer_reported_success,58,CONTINUE
4.354,ONLINE-REOPT,2,2,3.937,0.475,99.91404164730385,PRESERVING,3.462,PASS,continuous_reference_residual_valid_optimizer_reported_success,116,CONTINUE
4.354,ONLINE-REOPT,3,1,3.462,0.362,99.88995983826324,PRESERVING,3.1,PASS,exact_terminal_equality,0,TERMINAL_REACHED
4.355,ONLINE-REOPT,1,3,4.355,0.418,58.099797046216175,PRESERVING,3.937,PASS,continuous_reference_residual_valid_optimizer_reported_success,59,CONTINUE
4.355,ONLINE-REOPT,2,2,3.937,0.475,99.91404164730385,PRESERVING,3.462,PASS,continuous_reference_residual_valid_optimizer_reported_success,116,CONTINUE
4.355,ONLINE-REOPT,3,1,3.462,0.362,99.88995983826324,PRESERVING,3.1,PASS,exact_terminal_equality,0,TERMINAL_REACHED
4.356,ONLINE-REOPT,1,3,4.356,0.419,58.2695482715305,PRESERVING,3.937,PASS,continuous_reference_residual_valid_optimizer_reported_success,60,CONTINUE
4.356,ONLINE-REOPT,2,2,3.937,0.475,99.91404164730385,PRESERVING,3.462,PASS,continuous_reference_residual_valid_optimizer_reported_success,116,CONTINUE
4.356,ONLINE-REOPT,3,1,3.462,0.362,99.88995983826324,PRESERVING,3.1,PASS,exact_terminal_equality,0,TERMINAL_REACHED
4.357,ONLINE-REOPT,1,3,4.357,0.42,58.43940382742213,PRESERVING,3.937,PASS,continuous_reference_residual_valid_optimizer_reported_success,61,CONTINUE
4.357,ONLINE-REOPT,2,2,3.937,0.475,99.91404164730385,PRESERVING,3.462,PASS,continuous_reference_residual_valid_optimizer_reported_success,116,CONTINUE
4.357,ONLINE-REOPT,3,1,3.462,0.362,99.88995983826324,PRESERVING,3.1,PASS,exact_terminal_equality,0,TERMINAL_REACHED
4.358,ONLINE-REOPT,1,3,4.358,0.421,58.60936355916921,PRESERVING,3.937,PASS,continuous_reference_residual_valid_optimizer_reported_success,62,CONTINUE
4.358,ONLINE-REOPT,2,2,3.937,0.475,99.91404164730385,PRESERVING,3.462,PASS,continuous_reference_residual_valid_optimizer_reported_success,116,CONTINUE
4.358,ONLINE-REOPT,3,1,3.462,0.362,99.88995983826324,PRESERVING,3.1,PASS,exact_terminal_equality,0,TERMINAL_REACHED
4.359,ONLINE-REOPT,1,3,4.359,0.422,58.779427312581106,PRESERVING,3.937,PASS,continuous_reference_residual_valid_optimizer_reported_success,63,CONTINUE
4.359,ONLINE-REOPT,2,2,3.937,0.475,99.91404164730385,PRESERVING,3.462,PASS,continuous_reference_residual_valid_optimizer_reported_success,116,CONTINUE
4.359,ONLINE-REOPT,3,1,3.462,0.362,99.88995983826324,PRESERVING,3.1,PASS,exact_terminal_equality,0,TERMINAL_REACHED
4.36,ONLINE-REOPT,1,3,4.36,0.423,58.94959493399635,PRESERVING,3.937,PASS,continuous_reference_residual_valid_optimizer_reported_success,64,CONTINUE
4.36,ONLINE-REOPT,2,2,3.937,0.475,99.91404164730385,PRESERVING,3.462,PASS,continuous_reference_residual_valid_optimizer_reported_success,116,CONTINUE
4.36,ONLINE-REOPT,3,1,3.462,0.362,99.88995983826324,PRESERVING,3.1,PASS,exact_terminal_equality,0,TERMINAL_REACHED
4.361,ONLINE-REOPT,1,3,4.361,0.424,59.11986627027841,PRESERVING,3.937,PASS,continuous_reference_residual_valid_optimizer_reported_success,65,CONTINUE
4.361,ONLINE-REOPT,2,2,3.937,0.475,99.91404164730385,PRESERVING,3.462,PASS,continuous_reference_residual_valid_optimizer_reported_success,116,CONTINUE
4.361,ONLINE-REOPT,3,1,3.462,0.362,99.88995983826324,PRESERVING,3.1,PASS,exact_terminal_equality,0,TERMINAL_REACHED
4.362,ONLINE-REOPT,1,3,4.362,0.425,59.29024116881337,PRESERVING,3.937,PASS,continuous_reference_residual_valid_optimizer_reported_success,66,CONTINUE
4.362,ONLINE-REOPT,2,2,3.937,0.475,99.91404164730385,PRESERVING,3.462,PASS,continuous_reference_residual_valid_optimizer_reported_success,116,CONTINUE
4.362,ONLINE-REOPT,3,1,3.462,0.362,99.88995983826324,PRESERVING,3.1,PASS,exact_terminal_equality,0,TERMINAL_REACHED
4.363,ONLINE-REOPT,1,3,4.363,0.426,59.46071947750633,PRESERVING,3.937,PASS,continuous_reference_residual_valid_optimizer_reported_success,67,CONTINUE
4.363,ONLINE-REOPT,2,2,3.937,0.475,99.91404164730385,PRESERVING,3.462,PASS,continuous_reference_residual_valid_optimizer_reported_success,116,CONTINUE
4.363,ONLINE-REOPT,3,1,3.462,0.362,99.88995983826324,PRESERVING,3.1,PASS,exact_terminal_equality,0,TERMINAL_REACHED
4.364,ONLINE-REOPT,1,3,4.364,0.427,59.631301044778965,PRESERVING,3.937,PASS,continuous_reference_residual_valid_optimizer_reported_success,68,CONTINUE
4.364,ONLINE-REOPT,2,2,3.937,0.475,99.91404164730385,PRESERVING,3.462,PASS,continuous_reference_residual_valid_optimizer_reported_success,116,CONTINUE
4.364,ONLINE-REOPT,3,1,3.462,0.362,99.88995983826324,PRESERVING,3.1,PASS,exact_terminal_equality,0,TERMINAL_REACHED
4.365,ONLINE-REOPT,1,3,4.365,0.428,59.801985719565394,PRESERVING,3.937,PASS,continuous_reference_residual_valid_optimizer_reported_success,69,CONTINUE
4.365,ONLINE-REOPT,2,2,3.937,0.475,99.91404164730385,PRESERVING,3.462,PASS,continuous_reference_residual_valid_optimizer_reported_success,116,CONTINUE
4.365,ONLINE-REOPT,3,1,3.462,0.362,99.88995983826324,PRESERVING,3.1,PASS,exact_terminal_equality,0,TERMINAL_REACHED
4.366,ONLINE-REOPT,1,3,4.366,0.429,59.97277335131068,PRESERVING,3.937,PASS,continuous_reference_residual_valid_optimizer_reported_success,70,CONTINUE
4.366,ONLINE-REOPT,2,2,3.937,0.475,99.91404164730385,PRESERVING,3.462,PASS,continuous_reference_residual_valid_optimizer_reported_success,116,CONTINUE
4.366,ONLINE-REOPT,3,1,3.462,0.362,99.88995983826324,PRESERVING,3.1,PASS,exact_terminal_equality,0,TERMINAL_REACHED
4.367,ONLINE-REOPT,1,3,4.367,0.43,60.143663789966915,PRESERVING,3.937,PASS,continuous_reference_residual_valid_optimizer_reported_success,71,CONTINUE
4.367,ONLINE-REOPT,2,2,3.937,0.475,99.91404164730385,PRESERVING,3.462,PASS,continuous_reference_residual_valid_optimizer_reported_success,116,CONTINUE
4.367,ONLINE-REOPT,3,1,3.462,0.362,99.88995983826324,PRESERVING,3.1,PASS,exact_terminal_equality,0,TERMINAL_REACHED
4.368,ONLINE-REOPT,1,3,4.368,0.431,60.314656885990615,PRESERVING,3.937,PASS,continuous_reference_residual_valid_optimizer_reported_success,72,CONTINUE
4.368,ONLINE-REOPT,2,2,3.937,0.475,99.91404164730385,PRESERVING,3.462,PASS,continuous_reference_residual_valid_optimizer_reported_success,116,CONTINUE
4.368,ONLINE-REOPT,3,1,3.462,0.362,99.88995983826324,PRESERVING,3.1,PASS,exact_terminal_equality,0,TERMINAL_REACHED
4.369,ONLINE-REOPT,1,3,4.369,0.432,60.48575249033971,PRESERVING,3.937,PASS,continuous_reference_residual_valid_optimizer_reported_success,73,CONTINUE
4.369,ONLINE-REOPT,2,2,3.937,0.475,99.91404164730385,PRESERVING,3.462,PASS,continuous_reference_residual_valid_optimizer_reported_success,116,CONTINUE
4.369,ONLINE-REOPT,3,1,3.462,0.362,99.88995983826324,PRESERVING,3.1,PASS,exact_terminal_equality,0,TERMINAL_REACHED
4.37,ONLINE-REOPT,1,3,4.37,0.433,60.6569504544708,PRESERVING,3.937,PASS,continuous_reference_residual_valid_optimizer_reported_success,74,CONTINUE
4.37,ONLINE-REOPT,2,2,3.937,0.475,99.91404164730385,PRESERVING,3.462,PASS,continuous_reference_residual_valid_optimizer_reported_success,116,CONTINUE
4.37,ONLINE-REOPT,3,1,3.462,0.362,99.88995983826324,PRESERVING,3.1,PASS,exact_terminal_equality,0,TERMINAL_REACHED
4.371,ONLINE-REOPT,1,3,4.371,0.434,60.82825063033564,PRESERVING,3.937,PASS,continuous_reference_residual_valid_optimizer_reported_success,75,CONTINUE
4.371,ONLINE-REOPT,2,2,3.937,0.475,99.91404164730385,PRESERVING,3.462,PASS,continuous_reference_residual_valid_optimizer_reported_success,116,CONTINUE
4.371,ONLINE-REOPT,3,1,3.462,0.362,99.88995983826324,PRESERVING,3.1,PASS,exact_terminal_equality,0,TERMINAL_REACHED
4.372,ONLINE-REOPT,1,3,4.372,0.435,60.99965287037934,PRESERVING,3.937,PASS,continuous_reference_residual_valid_optimizer_reported_success,76,CONTINUE
4.372,ONLINE-REOPT,2,2,3.937,0.475,99.91404164730385,PRESERVING,3.462,PASS,continuous_reference_residual_valid_optimizer_reported_success,116,CONTINUE
4.372,ONLINE-REOPT,3,1,3.462,0.362,99.88995983826324,PRESERVING,3.1,PASS,exact_terminal_equality,0,TERMINAL_REACHED
4.373,ONLINE-REOPT,1,3,4.373,0.436,61.171157027537035,PRESERVING,3.937,PASS,continuous_reference_residual_valid_optimizer_reported_success,77,CONTINUE
4.373,ONLINE-REOPT,2,2,3.937,0.475,99.91404164730385,PRESERVING,3.462,PASS,continuous_reference_residual_valid_optimizer_reported_success,116,CONTINUE
4.373,ONLINE-REOPT,3,1,3.462,0.362,99.88995983826324,PRESERVING,3.1,PASS,exact_terminal_equality,0,TERMINAL_REACHED
4.374,ONLINE-REOPT,1,3,4.374,0.437,61.34276295523092,PRESERVING,3.937,PASS,continuous_reference_residual_valid_optimizer_reported_success,78,CONTINUE
4.374,ONLINE-REOPT,2,2,3.937,0.475,99.91404164730385,PRESERVING,3.462,PASS,continuous_reference_residual_valid_optimizer_reported_success,116,CONTINUE
4.374,ONLINE-REOPT,3,1,3.462,0.362,99.88995983826324,PRESERVING,3.1,PASS,exact_terminal_equality,0,TERMINAL_REACHED
4.375,ONLINE-REOPT,1,3,4.375,0.438,61.51447050736772,PRESERVING,3.937,PASS,continuous_reference_residual_valid_optimizer_reported_success,79,CONTINUE
4.375,ONLINE-REOPT,2,2,3.937,0.475,99.91404164730385,PRESERVING,3.462,PASS,continuous_reference_residual_valid_optimizer_reported_success,116,CONTINUE
4.375,ONLINE-REOPT,3,1,3.462,0.362,99.88995983826324,PRESERVING,3.1,PASS,exact_terminal_equality,0,TERMINAL_REACHED
4.376,ONLINE-REOPT,1,3,4.376,0.439,61.68627953833612,PRESERVING,3.937,PASS,continuous_reference_residual_valid_optimizer_reported_success,80,CONTINUE
4.376,ONLINE-REOPT,2,2,3.937,0.475,99.91404164730385,PRESERVING,3.462,PASS,continuous_reference_residual_valid_optimizer_reported_success,116,CONTINUE
4.376,ONLINE-REOPT,3,1,3.462,0.362,99.88995983826324,PRESERVING,3.1,PASS,exact_terminal_equality,0,TERMINAL_REACHED
4.377,ONLINE-REOPT,1,3,4.377,0.44,61.8581899030031,PRESERVING,3.937,PASS,continuous_reference_residual_valid_optimizer_reported_success,81,CONTINUE
4.377,ONLINE-REOPT,2,2,3.937,0.475,99.91404164730385,PRESERVING,3.462,PASS,continuous_reference_residual_valid_optimizer_reported_success,116,CONTINUE
4.377,ONLINE-REOPT,3,1,3.462,0.362,99.88995983826324,PRESERVING,3.1,PASS,exact_terminal_equality,0,TERMINAL_REACHED
4.378,ONLINE-REOPT,1,3,4.378,0.441,62.030201456712646,PRESERVING,3.937,PASS,continuous_reference_residual_valid_optimizer_reported_success,82,CONTINUE
4.378,ONLINE-REOPT,2,2,3.937,0.475,99.91404164730385,PRESERVING,3.462,PASS,continuous_reference_residual_valid_optimizer_reported_success,116,CONTINUE
4.378,ONLINE-REOPT,3,1,3.462,0.362,99.88995983826324,PRESERVING,3.1,PASS,exact_terminal_equality,0,TERMINAL_REACHED
4.379,ONLINE-REOPT,1,3,4.379,0.442,62.20231405528202,PRESERVING,3.937,PASS,continuous_reference_residual_valid_optimizer_reported_success,83,CONTINUE
4.379,ONLINE-REOPT,2,2,3.937,0.475,99.91404164730385,PRESERVING,3.462,PASS,continuous_reference_residual_valid_optimizer_reported_success,116,CONTINUE
4.379,ONLINE-REOPT,3,1,3.462,0.362,99.88995983826324,PRESERVING,3.1,PASS,exact_terminal_equality,0,TERMINAL_REACHED
4.38,ONLINE-REOPT,1,3,4.38,0.443,62.374527554999446,PRESERVING,3.937,PASS,continuous_reference_residual_valid_optimizer_reported_success,84,CONTINUE
4.38,ONLINE-REOPT,2,2,3.937,0.475,99.91404164730385,PRESERVING,3.462,PASS,continuous_reference_residual_valid_optimizer_reported_success,116,CONTINUE
4.38,ONLINE-REOPT,3,1,3.462,0.362,99.88995983826324,PRESERVING,3.1,PASS,exact_terminal_equality,0,TERMINAL_REACHED
4.381,ONLINE-REOPT,1,3,4.381,0.444,62.54684181262163,PRESERVING,3.937,PASS,continuous_reference_residual_valid_optimizer_reported_success,85,CONTINUE
4.381,ONLINE-REOPT,2,2,3.937,0.475,99.91404164730385,PRESERVING,3.462,PASS,continuous_reference_residual_valid_optimizer_reported_success,116,CONTINUE
4.381,ONLINE-REOPT,3,1,3.462,0.362,99.88995983826324,PRESERVING,3.1,PASS,exact_terminal_equality,0,TERMINAL_REACHED
4.382,ONLINE-REOPT,1,3,4.382,0.445,62.7192566853709,PRESERVING,3.937,PASS,continuous_reference_residual_valid_optimizer_reported_success,86,CONTINUE
4.382,ONLINE-REOPT,2,2,3.937,0.475,99.91404164730385,PRESERVING,3.462,PASS,continuous_reference_residual_valid_optimizer_reported_success,116,CONTINUE
4.382,ONLINE-REOPT,3,1,3.462,0.362,99.88995983826324,PRESERVING,3.1,PASS,exact_terminal_equality,0,TERMINAL_REACHED
4.383,ONLINE-REOPT,1,3,4.383,0.446,62.89177203093203,PRESERVING,3.937,PASS,continuous_reference_residual_valid_optimizer_reported_success,87,CONTINUE
4.383,ONLINE-REOPT,2,2,3.937,0.475,99.91404164730385,PRESERVING,3.462,PASS,continuous_reference_residual_valid_optimizer_reported_success,116,CONTINUE
4.383,ONLINE-REOPT,3,1,3.462,0.362,99.88995983826324,PRESERVING,3.1,PASS,exact_terminal_equality,0,TERMINAL_REACHED
4.384,ONLINE-REOPT,1,3,4.384,0.447,63.06438770745129,PRESERVING,3.937,PASS,continuous_reference_residual_valid_optimizer_reported_success,88,CONTINUE
4.384,ONLINE-REOPT,2,2,3.937,0.475,99.91404164730385,PRESERVING,3.462,PASS,continuous_reference_residual_valid_optimizer_reported_success,116,CONTINUE
4.384,ONLINE-REOPT,3,1,3.462,0.362,99.88995983826324,PRESERVING,3.1,PASS,exact_terminal_equality,0,TERMINAL_REACHED
4.385,ONLINE-REOPT,1,3,4.385,0.448,63.23710357353214,PRESERVING,3.937,PASS,continuous_reference_residual_valid_optimizer_reported_success,89,CONTINUE
4.385,ONLINE-REOPT,2,2,3.937,0.475,99.91404164730385,PRESERVING,3.462,PASS,continuous_reference_residual_valid_optimizer_reported_success,116,CONTINUE
4.385,ONLINE-REOPT,3,1,3.462,0.362,99.88995983826324,PRESERVING,3.1,PASS,exact_terminal_equality,0,TERMINAL_REACHED
4.386,ONLINE-REOPT,1,3,4.386,0.449,63.409919488233896,PRESERVING,3.937,PASS,continuous_reference_residual_valid_optimizer_reported_success,90,CONTINUE
4.386,ONLINE-REOPT,2,2,3.937,0.475,99.91404164730385,PRESERVING,3.462,PASS,continuous_reference_residual_valid_optimizer_reported_success,116,CONTINUE
4.386,ONLINE-REOPT,3,1,3.462,0.362,99.88995983826324,PRESERVING,3.1,PASS,exact_terminal_equality,0,TERMINAL_REACHED
4.387,ONLINE-REOPT,1,3,4.387,0.45,63.582835311068465,PRESERVING,3.937,PASS,continuous_reference_residual_valid_optimizer_reported_success,91,CONTINUE
4.387,ONLINE-REOPT,2,2,3.937,0.475,99.91404164730385,PRESERVING,3.462,PASS,continuous_reference_residual_valid_optimizer_reported_success,116,CONTINUE
4.387,ONLINE-REOPT,3,1,3.462,0.362,99.88995983826324,PRESERVING,3.1,PASS,exact_terminal_equality,0,TERMINAL_REACHED
4.388,ONLINE-REOPT,1,3,4.388,0.451,63.75585090199845,PRESERVING,3.937,PASS,continuous_reference_residual_valid_optimizer_reported_success,92,CONTINUE
4.388,ONLINE-REOPT,2,2,3.937,0.475,99.91404164730385,PRESERVING,3.462,PASS,continuous_reference_residual_valid_optimizer_reported_success,116,CONTINUE
4.388,ONLINE-REOPT,3,1,3.462,0.362,99.88995983826324,PRESERVING,3.1,PASS,exact_terminal_equality,0,TERMINAL_REACHED
4.389,ONLINE-REOPT,1,3,4.389,0.452,63.92896612143363,PRESERVING,3.937,PASS,continuous_reference_residual_valid_optimizer_reported_success,93,CONTINUE
4.389,ONLINE-REOPT,2,2,3.937,0.475,99.91404164730385,PRESERVING,3.462,PASS,continuous_reference_residual_valid_optimizer_reported_success,116,CONTINUE
4.389,ONLINE-REOPT,3,1,3.462,0.362,99.88995983826324,PRESERVING,3.1,PASS,exact_terminal_equality,0,TERMINAL_REACHED
4.39,ONLINE-REOPT,1,3,4.39,0.453,64.10218083023004,PRESERVING,3.937,PASS,continuous_reference_residual_valid_optimizer_reported_success,94,CONTINUE
4.39,ONLINE-REOPT,2,2,3.937,0.475,99.91404164730385,PRESERVING,3.462,PASS,continuous_reference_residual_valid_optimizer_reported_success,116,CONTINUE
4.39,ONLINE-REOPT,3,1,3.462,0.362,99.88995983826324,PRESERVING,3.1,PASS,exact_terminal_equality,0,TERMINAL_REACHED
4.391,ONLINE-REOPT,1,3,4.391,0.454,64.27549488968609,PRESERVING,3.937,PASS,continuous_reference_residual_valid_optimizer_reported_success,95,CONTINUE
4.391,ONLINE-REOPT,2,2,3.937,0.475,99.91404164730385,PRESERVING,3.462,PASS,continuous_reference_residual_valid_optimizer_reported_success,116,CONTINUE
4.391,ONLINE-REOPT,3,1,3.462,0.362,99.88995983826324,PRESERVING,3.1,PASS,exact_terminal_equality,0,TERMINAL_REACHED
4.392,ONLINE-REOPT,1,3,4.392,0.455,64.44890816154124,PRESERVING,3.937,PASS,continuous_reference_residual_valid_optimizer_reported_success,96,CONTINUE
4.392,ONLINE-REOPT,2,2,3.937,0.475,99.91404164730385,PRESERVING,3.462,PASS,continuous_reference_residual_valid_optimizer_reported_success,116,CONTINUE
4.392,ONLINE-REOPT,3,1,3.462,0.362,99.88995983826324,PRESERVING,3.1,PASS,exact_terminal_equality,0,TERMINAL_REACHED
4.393,ONLINE-REOPT,1,3,4.393,0.456,64.62242050797275,PRESERVING,3.937,PASS,continuous_reference_residual_valid_optimizer_reported_success,97,CONTINUE
4.393,ONLINE-REOPT,2,2,3.937,0.475,99.91404164730385,PRESERVING,3.462,PASS,continuous_reference_residual_valid_optimizer_reported_success,116,CONTINUE
4.393,ONLINE-REOPT,3,1,3.462,0.362,99.88995983826324,PRESERVING,3.1,PASS,exact_terminal_equality,0,TERMINAL_REACHED
4.394,ONLINE-REOPT,1,3,4.394,0.457,64.79603179159405,PRESERVING,3.937,PASS,continuous_reference_residual_valid_optimizer_reported_success,98,CONTINUE
4.394,ONLINE-REOPT,2,2,3.937,0.475,99.91404164730385,PRESERVING,3.462,PASS,continuous_reference_residual_valid_optimizer_reported_success,116,CONTINUE
4.394,ONLINE-REOPT,3,1,3.462,0.362,99.88995983826324,PRESERVING,3.1,PASS,exact_terminal_equality,0,TERMINAL_REACHED
4.395,ONLINE-REOPT,1,3,4.395,0.458,64.96974187545112,PRESERVING,3.937,PASS,continuous_reference_residual_valid_optimizer_reported_success,99,CONTINUE
4.395,ONLINE-REOPT,2,2,3.937,0.475,99.91404164730385,PRESERVING,3.462,PASS,continuous_reference_residual_valid_optimizer_reported_success,116,CONTINUE
4.395,ONLINE-REOPT,3,1,3.462,0.362,99.88995983826324,PRESERVING,3.1,PASS,exact_terminal_equality,0,TERMINAL_REACHED
4.396,ONLINE-REOPT,1,3,4.396,0.459,65.14355062302187,PRESERVING,3.937,PASS,continuous_reference_residual_valid_optimizer_reported_success,100,CONTINUE
4.396,ONLINE-REOPT,2,2,3.937,0.475,99.91404164730385,PRESERVING,3.462,PASS,continuous_reference_residual_valid_optimizer_reported_success,116,CONTINUE
4.396,ONLINE-REOPT,3,1,3.462,0.362,99.88995983826324,PRESERVING,3.1,PASS,exact_terminal_equality,0,TERMINAL_REACHED
4.397,ONLINE-REOPT,1,3,4.397,0.46,65.31745789821242,PRESERVING,3.937,PASS,continuous_reference_residual_valid_optimizer_reported_success,101,CONTINUE
4.397,ONLINE-REOPT,2,2,3.937,0.475,99.91404164730385,PRESERVING,3.462,PASS,continuous_reference_residual_valid_optimizer_reported_success,116,CONTINUE
4.397,ONLINE-REOPT,3,1,3.462,0.362,99.88995983826324,PRESERVING,3.1,PASS,exact_terminal_equality,0,TERMINAL_REACHED
4.398,ONLINE-REOPT,1,3,4.398,0.461,65.49146356535569,PRESERVING,3.937,PASS,continuous_reference_residual_valid_optimizer_reported_success,102,CONTINUE
4.398,ONLINE-REOPT,2,2,3.937,0.475,99.91404164730385,PRESERVING,3.462,PASS,continuous_reference_residual_valid_optimizer_reported_success,116,CONTINUE
4.398,ONLINE-REOPT,3,1,3.462,0.362,99.88995983826324,PRESERVING,3.1,PASS,exact_terminal_equality,0,TERMINAL_REACHED
4.399,ONLINE-REOPT,1,3,4.399,0.462,65.6655674892083,PRESERVING,3.937,PASS,continuous_reference_residual_valid_optimizer_reported_success,103,CONTINUE
4.399,ONLINE-REOPT,2,2,3.937,0.475,99.91404164730385,PRESERVING,3.462,PASS,continuous_reference_residual_valid_optimizer_reported_success,116,CONTINUE
4.399,ONLINE-REOPT,3,1,3.462,0.362,99.88995983826324,PRESERVING,3.1,PASS,exact_terminal_equality,0,TERMINAL_REACHED
4.4,ONLINE-REOPT,1,3,4.4,0.463,65.83976953494917,PRESERVING,3.937,PASS,continuous_reference_residual_valid_optimizer_reported_success,104,CONTINUE
4.4,ONLINE-REOPT,2,2,3.937,0.475,99.91404164730385,PRESERVING,3.462,PASS,continuous_reference_residual_valid_optimizer_reported_success,116,CONTINUE
4.4,ONLINE-REOPT,3,1,3.462,0.362,99.88995983826324,PRESERVING,3.1,PASS,exact_terminal_equality,0,TERMINAL_REACHED
4.401,ONLINE-REOPT,1,3,4.401,0.464,66.01406956817586,PRESERVING,3.937,PASS,continuous_reference_residual_valid_optimizer_reported_success,105,CONTINUE
4.401,ONLINE-REOPT,2,2,3.937,0.475,99.91404164730385,PRESERVING,3.462,PASS,continuous_reference_residual_valid_optimizer_reported_success,116,CONTINUE
4.401,ONLINE-REOPT,3,1,3.462,0.362,99.88995983826324,PRESERVING,3.1,PASS,exact_terminal_equality,0,TERMINAL_REACHED
4.402,ONLINE-REOPT,1,3,4.402,0.465,66.18846745490411,PRESERVING,3.937,PASS,continuous_reference_residual_valid_optimizer_reported_success,106,CONTINUE
4.402,ONLINE-REOPT,2,2,3.937,0.475,99.91404164730385,PRESERVING,3.462,PASS,continuous_reference_residual_valid_optimizer_reported_success,116,CONTINUE
4.402,ONLINE-REOPT,3,1,3.462,0.362,99.88995983826324,PRESERVING,3.1,PASS,exact_terminal_equality,0,TERMINAL_REACHED
4.403,ONLINE-REOPT,1,3,4.403,0.466,66.36296306156447,PRESERVING,3.937,PASS,continuous_reference_residual_valid_optimizer_reported_success,107,CONTINUE
4.403,ONLINE-REOPT,2,2,3.937,0.475,99.91404164730385,PRESERVING,3.462,PASS,continuous_reference_residual_valid_optimizer_reported_success,116,CONTINUE
4.403,ONLINE-REOPT,3,1,3.462,0.362,99.88995983826324,PRESERVING,3.1,PASS,exact_terminal_equality,0,TERMINAL_REACHED
4.404,ONLINE-REOPT,1,3,4.404,0.467,66.53755625500033,PRESERVING,3.937,PASS,continuous_reference_residual_valid_optimizer_reported_success,108,CONTINUE
4.404,ONLINE-REOPT,2,2,3.937,0.475,99.91404164730385,PRESERVING,3.462,PASS,continuous_reference_residual_valid_optimizer_reported_success,116,CONTINUE
4.404,ONLINE-REOPT,3,1,3.462,0.362,99.88995983826324,PRESERVING,3.1,PASS,exact_terminal_equality,0,TERMINAL_REACHED
4.405,ONLINE-REOPT,1,3,4.405,0.468,66.71224690246572,PRESERVING,3.937,PASS,continuous_reference_residual_valid_optimizer_reported_success,109,CONTINUE
4.405,ONLINE-REOPT,2,2,3.937,0.475,99.91404164730385,PRESERVING,3.462,PASS,continuous_reference_residual_valid_optimizer_reported_success,116,CONTINUE
4.405,ONLINE-REOPT,3,1,3.462,0.362,99.88995983826324,PRESERVING,3.1,PASS,exact_terminal_equality,0,TERMINAL_REACHED
4.406,ONLINE-REOPT,1,3,4.406,0.469,66.8870348716235,PRESERVING,3.937,PASS,continuous_reference_residual_valid_optimizer_reported_success,110,CONTINUE
4.406,ONLINE-REOPT,2,2,3.937,0.475,99.91404164730385,PRESERVING,3.462,PASS,continuous_reference_residual_valid_optimizer_reported_success,116,CONTINUE
4.406,ONLINE-REOPT,3,1,3.462,0.362,99.88995983826324,PRESERVING,3.1,PASS,exact_terminal_equality,0,TERMINAL_REACHED
4.407,ONLINE-REOPT,1,3,4.407,0.47,67.06192003054181,PRESERVING,3.937,PASS,continuous_reference_residual_valid_optimizer_reported_success,111,CONTINUE
4.407,ONLINE-REOPT,2,2,3.937,0.475,99.91404164730385,PRESERVING,3.462,PASS,continuous_reference_residual_valid_optimizer_reported_success,116,CONTINUE
4.407,ONLINE-REOPT,3,1,3.462,0.362,99.88995983826324,PRESERVING,3.1,PASS,exact_terminal_equality,0,TERMINAL_REACHED
4.408,ONLINE-REOPT,1,3,4.408,0.471,67.2369022476942,PRESERVING,3.937,PASS,continuous_reference_residual_valid_optimizer_reported_success,112,CONTINUE
4.408,ONLINE-REOPT,2,2,3.937,0.475,99.91404164730385,PRESERVING,3.462,PASS,continuous_reference_residual_valid_optimizer_reported_success,116,CONTINUE
4.408,ONLINE-REOPT,3,1,3.462,0.362,99.88995983826324,PRESERVING,3.1,PASS,exact_terminal_equality,0,TERMINAL_REACHED
4.409,ONLINE-REOPT,1,3,4.409,0.472,67.41198139195559,PRESERVING,3.937,PASS,continuous_reference_residual_valid_optimizer_reported_success,113,CONTINUE
4.409,ONLINE-REOPT,2,2,3.937,0.475,99.91404164730385,PRESERVING,3.462,PASS,continuous_reference_residual_valid_optimizer_reported_success,116,CONTINUE
4.409,ONLINE-REOPT,3,1,3.462,0.362,99.88995983826324,PRESERVING,3.1,PASS,exact_terminal_equality,0,TERMINAL_REACHED
4.41,ONLINE-REOPT,1,3,4.41,0.473,67.58715733260098,PRESERVING,3.937,PASS,continuous_reference_residual_valid_optimizer_reported_success,114,CONTINUE
4.41,ONLINE-REOPT,2,2,3.937,0.475,99.91404164730385,PRESERVING,3.462,PASS,continuous_reference_residual_valid_optimizer_reported_success,116,CONTINUE
4.41,ONLINE-REOPT,3,1,3.462,0.362,99.88995983826324,PRESERVING,3.1,PASS,exact_terminal_equality,0,TERMINAL_REACHED
4.411,ONLINE-REOPT,1,3,4.411,0.474,67.76242993930329,PRESERVING,3.937,PASS,continuous_reference_residual_valid_optimizer_reported_success,115,CONTINUE
4.411,ONLINE-REOPT,2,2,3.937,0.475,99.91404164730385,PRESERVING,3.462,PASS,continuous_reference_residual_valid_optimizer_reported_success,116,CONTINUE
4.411,ONLINE-REOPT,3,1,3.462,0.362,99.88995983826324,PRESERVING,3.1,PASS,exact_terminal_equality,0,TERMINAL_REACHED
4.412,ONLINE-REOPT,1,3,4.412,0.475,67.93779908213101,PRESERVING,3.937,PASS,continuous_reference_residual_valid_optimizer_reported_success,116,CONTINUE
4.412,ONLINE-REOPT,2,2,3.937,0.475,99.91404164730385,PRESERVING,3.462,PASS,continuous_reference_residual_valid_optimizer_reported_success,116,CONTINUE
4.412,ONLINE-REOPT,3,1,3.462,0.362,99.88995983826324,PRESERVING,3.1,PASS,exact_terminal_equality,0,TERMINAL_REACHED
4.413,ONLINE-REOPT,1,3,4.413,0.476,68.11326463154663,PRESERVING,3.937,PASS,continuous_reference_residual_valid_optimizer_reported_success,117,CONTINUE
4.413,ONLINE-REOPT,2,2,3.937,0.475,99.91404164730385,PRESERVING,3.462,PASS,continuous_reference_residual_valid_optimizer_reported_success,116,CONTINUE
4.413,ONLINE-REOPT,3,1,3.462,0.362,99.88995983826324,PRESERVING,3.1,PASS,exact_terminal_equality,0,TERMINAL_REACHED
4.414,ONLINE-REOPT,1,3,4.414,0.477,68.28882645840352,PRESERVING,3.937,PASS,continuous_reference_residual_valid_optimizer_reported_success,118,CONTINUE
4.414,ONLINE-REOPT,2,2,3.937,0.475,99.91404164730385,PRESERVING,3.462,PASS,continuous_reference_residual_valid_optimizer_reported_success,116,CONTINUE
4.414,ONLINE-REOPT,3,1,3.462,0.362,99.88995983826324,PRESERVING,3.1,PASS,exact_terminal_equality,0,TERMINAL_REACHED
4.415,ONLINE-REOPT,1,3,4.415,0.478,68.46448443394532,PRESERVING,3.937,PASS,continuous_reference_residual_valid_optimizer_reported_success,119,CONTINUE
4.415,ONLINE-REOPT,2,2,3.937,0.475,99.91404164730385,PRESERVING,3.462,PASS,continuous_reference_residual_valid_optimizer_reported_success,116,CONTINUE
4.415,ONLINE-REOPT,3,1,3.462,0.362,99.88995983826324,PRESERVING,3.1,PASS,exact_terminal_equality,0,TERMINAL_REACHED
4.416,ONLINE-REOPT,1,3,4.416,0.479,68.64023842980316,PRESERVING,3.937,PASS,continuous_reference_residual_valid_optimizer_reported_success,120,CONTINUE
4.416,ONLINE-REOPT,2,2,3.937,0.475,99.91404164730385,PRESERVING,3.462,PASS,continuous_reference_residual_valid_optimizer_reported_success,116,CONTINUE
4.416,ONLINE-REOPT,3,1,3.462,0.362,99.88995983826324,PRESERVING,3.1,PASS,exact_terminal_equality,0,TERMINAL_REACHED
4.417,ONLINE-REOPT,1,3,4.417,0.48,68.81608831799328,PRESERVING,3.937,PASS,continuous_reference_residual_valid_optimizer_reported_success,121,CONTINUE
4.417,ONLINE-REOPT,2,2,3.937,0.475,99.91404164730385,PRESERVING,3.462,PASS,continuous_reference_residual_valid_optimizer_reported_success,116,CONTINUE
4.417,ONLINE-REOPT,3,1,3.462,0.362,99.88995983826324,PRESERVING,3.1,PASS,exact_terminal_equality,0,TERMINAL_REACHED
4.418,ONLINE-REOPT,1,3,4.418,0.481,68.99203397091617,PRESERVING,3.937,PASS,continuous_reference_residual_valid_optimizer_reported_success,122,CONTINUE
4.418,ONLINE-REOPT,2,2,3.937,0.475,99.91404164730385,PRESERVING,3.462,PASS,continuous_reference_residual_valid_optimizer_reported_success,116,CONTINUE
4.418,ONLINE-REOPT,3,1,3.462,0.362,99.88995983826324,PRESERVING,3.1,PASS,exact_terminal_equality,0,TERMINAL_REACHED
4.419,ONLINE-REOPT,1,3,4.419,0.482,69.16807526135294,PRESERVING,3.937,PASS,continuous_reference_residual_valid_optimizer_reported_success,123,CONTINUE
4.419,ONLINE-REOPT,2,2,3.937,0.475,99.91404164730385,PRESERVING,3.462,PASS,continuous_reference_residual_valid_optimizer_reported_success,116,CONTINUE
4.419,ONLINE-REOPT,3,1,3.462,0.362,99.88995983826324,PRESERVING,3.1,PASS,exact_terminal_equality,0,TERMINAL_REACHED
4.42,ONLINE-REOPT,1,3,4.42,0.483,69.34421206246495,PRESERVING,3.937,PASS,continuous_reference_residual_valid_optimizer_reported_success,124,CONTINUE
4.42,ONLINE-REOPT,2,2,3.937,0.475,99.91404164730385,PRESERVING,3.462,PASS,continuous_reference_residual_valid_optimizer_reported_success,116,CONTINUE
4.42,ONLINE-REOPT,3,1,3.462,0.362,99.88995983826324,PRESERVING,3.1,PASS,exact_terminal_equality,0,TERMINAL_REACHED
4.421,ONLINE-REOPT,1,3,4.421,0.484,69.52044424779127,PRESERVING,3.937,PASS,continuous_reference_residual_valid_optimizer_reported_success,125,CONTINUE
4.421,ONLINE-REOPT,2,2,3.937,0.475,99.91404164730385,PRESERVING,3.462,PASS,continuous_reference_residual_valid_optimizer_reported_success,116,CONTINUE
4.421,ONLINE-REOPT,3,1,3.462,0.362,99.88995983826324,PRESERVING,3.1,PASS,exact_terminal_equality,0,TERMINAL_REACHED
4.422,ONLINE-REOPT,1,3,4.422,0.485,69.69677169124638,PRESERVING,3.937,PASS,continuous_reference_residual_valid_optimizer_reported_success,126,CONTINUE
4.422,ONLINE-REOPT,2,2,3.937,0.475,99.91404164730385,PRESERVING,3.462,PASS,continuous_reference_residual_valid_optimizer_reported_success,116,CONTINUE
4.422,ONLINE-REOPT,3,1,3.462,0.362,99.88995983826324,PRESERVING,3.1,PASS,exact_terminal_equality,0,TERMINAL_REACHED
4.423,ONLINE-REOPT,1,3,4.423,0.486,69.87319426711854,PRESERVING,3.937,PASS,continuous_reference_residual_valid_optimizer_reported_success,127,CONTINUE
4.423,ONLINE-REOPT,2,2,3.937,0.475,99.91404164730385,PRESERVING,3.462,PASS,continuous_reference_residual_valid_optimizer_reported_success,116,CONTINUE
4.423,ONLINE-REOPT,3,1,3.462,0.362,99.88995983826324,PRESERVING,3.1,PASS,exact_terminal_equality,0,TERMINAL_REACHED
4.424,ONLINE-REOPT,1,3,4.424,0.487,70.04971185006823,PRESERVING,3.937,PASS,continuous_reference_residual_valid_optimizer_reported_success,128,CONTINUE
4.424,ONLINE-REOPT,2,2,3.937,0.475,99.91404164730385,PRESERVING,3.462,PASS,continuous_reference_residual_valid_optimizer_reported_success,116,CONTINUE
4.424,ONLINE-REOPT,3,1,3.462,0.362,99.88995983826324,PRESERVING,3.1,PASS,exact_terminal_equality,0,TERMINAL_REACHED
4.425,ONLINE-REOPT,1,3,4.425,0.488,70.22632431512572,PRESERVING,3.937,PASS,continuous_reference_residual_valid_optimizer_reported_success,129,CONTINUE
4.425,ONLINE-REOPT,2,2,3.937,0.475,99.91404164730385,PRESERVING,3.462,PASS,continuous_reference_residual_valid_optimizer_reported_success,116,CONTINUE
4.425,ONLINE-REOPT,3,1,3.462,0.362,99.88995983826324,PRESERVING,3.1,PASS,exact_terminal_equality,0,TERMINAL_REACHED
4.426,ONLINE-REOPT,1,3,4.426,0.489,70.40303153768883,PRESERVING,3.937,PASS,continuous_reference_residual_valid_optimizer_reported_success,130,CONTINUE
4.426,ONLINE-REOPT,2,2,3.937,0.475,99.91404164730385,PRESERVING,3.462,PASS,continuous_reference_residual_valid_optimizer_reported_success,116,CONTINUE
4.426,ONLINE-REOPT,3,1,3.462,0.362,99.88995983826324,PRESERVING,3.1,PASS,exact_terminal_equality,0,TERMINAL_REACHED
4.427,ONLINE-REOPT,1,3,4.427,0.49,70.57983339352239,PRESERVING,3.937,PASS,continuous_reference_residual_valid_optimizer_reported_success,131,CONTINUE
4.427,ONLINE-REOPT,2,2,3.937,0.475,99.91404164730385,PRESERVING,3.462,PASS,continuous_reference_residual_valid_optimizer_reported_success,116,CONTINUE
4.427,ONLINE-REOPT,3,1,3.462,0.362,99.88995983826324,PRESERVING,3.1,PASS,exact_terminal_equality,0,TERMINAL_REACHED
4.428,ONLINE-REOPT,1,3,4.428,0.491,70.75672975875528,PRESERVING,3.937,PASS,continuous_reference_residual_valid_optimizer_reported_success,132,CONTINUE
4.428,ONLINE-REOPT,2,2,3.937,0.475,99.91404164730385,PRESERVING,3.462,PASS,continuous_reference_residual_valid_optimizer_reported_success,116,CONTINUE
4.428,ONLINE-REOPT,3,1,3.462,0.362,99.88995983826324,PRESERVING,3.1,PASS,exact_terminal_equality,0,TERMINAL_REACHED
4.429,ONLINE-REOPT,1,3,4.429,0.492,70.93372050987885,PRESERVING,3.937,PASS,continuous_reference_residual_valid_optimizer_reported_success,133,CONTINUE
4.429,ONLINE-REOPT,2,2,3.937,0.475,99.91404164730385,PRESERVING,3.462,PASS,continuous_reference_residual_valid_optimizer_reported_success,116,CONTINUE
4.429,ONLINE-REOPT,3,1,3.462,0.362,99.88995983826324,PRESERVING,3.1,PASS,exact_terminal_equality,0,TERMINAL_REACHED
4.43,ONLINE-REOPT,1,3,4.43,0.493,71.11080552374565,PRESERVING,3.937,PASS,continuous_reference_residual_valid_optimizer_reported_success,134,CONTINUE
4.43,ONLINE-REOPT,2,2,3.937,0.475,99.91404164730385,PRESERVING,3.462,PASS,continuous_reference_residual_valid_optimizer_reported_success,116,CONTINUE
4.43,ONLINE-REOPT,3,1,3.462,0.362,99.88995983826324,PRESERVING,3.1,PASS,exact_terminal_equality,0,TERMINAL_REACHED
4.431,ONLINE-REOPT,1,3,4.431,0.494,71.28798467756593,PRESERVING,3.937,PASS,continuous_reference_residual_valid_optimizer_reported_success,135,CONTINUE
4.431,ONLINE-REOPT,2,2,3.937,0.475,99.91404164730385,PRESERVING,3.462,PASS,continuous_reference_residual_valid_optimizer_reported_success,116,CONTINUE
4.431,ONLINE-REOPT,3,1,3.462,0.362,99.88995983826324,PRESERVING,3.1,PASS,exact_terminal_equality,0,TERMINAL_REACHED
4.432,ONLINE-REOPT,1,3,4.432,0.495,71.46525784890817,PRESERVING,3.937,PASS,continuous_reference_residual_valid_optimizer_reported_success,136,CONTINUE
4.432,ONLINE-REOPT,2,2,3.937,0.475,99.91404164730385,PRESERVING,3.462,PASS,continuous_reference_residual_valid_optimizer_reported_success,116,CONTINUE
4.432,ONLINE-REOPT,3,1,3.462,0.362,99.88995983826324,PRESERVING,3.1,PASS,exact_terminal_equality,0,TERMINAL_REACHED
4.433,ONLINE-REOPT,1,3,4.433,0.496,71.64262491569566,PRESERVING,3.937,PASS,continuous_reference_residual_valid_optimizer_reported_success,137,CONTINUE
4.433,ONLINE-REOPT,2,2,3.937,0.475,99.91404164730385,PRESERVING,3.462,PASS,continuous_reference_residual_valid_optimizer_reported_success,116,CONTINUE
4.433,ONLINE-REOPT,3,1,3.462,0.362,99.88995983826324,PRESERVING,3.1,PASS,exact_terminal_equality,0,TERMINAL_REACHED
4.434,ONLINE-REOPT,1,3,4.434,0.497,71.82008575620523,PRESERVING,3.937,PASS,continuous_reference_residual_valid_optimizer_reported_success,138,CONTINUE
4.434,ONLINE-REOPT,2,2,3.937,0.475,99.91404164730385,PRESERVING,3.462,PASS,continuous_reference_residual_valid_optimizer_reported_success,116,CONTINUE
4.434,ONLINE-REOPT,3,1,3.462,0.362,99.88995983826324,PRESERVING,3.1,PASS,exact_terminal_equality,0,TERMINAL_REACHED
4.435,ONLINE-REOPT,1,3,4.435,0.498,71.9976402490655,PRESERVING,3.937,PASS,continuous_reference_residual_valid_optimizer_reported_success,139,CONTINUE
4.435,ONLINE-REOPT,2,2,3.937,0.475,99.91404164730385,PRESERVING,3.462,PASS,continuous_reference_residual_valid_optimizer_reported_success,116,CONTINUE
4.435,ONLINE-REOPT,3,1,3.462,0.362,99.88995983826324,PRESERVING,3.1,PASS,exact_terminal_equality,0,TERMINAL_REACHED
4.436,ONLINE-REOPT,1,3,4.436,0.499,72.17528827325498,PRESERVING,3.937,PASS,continuous_reference_residual_valid_optimizer_reported_success,140,CONTINUE
4.436,ONLINE-REOPT,2,2,3.937,0.475,99.91404164730385,PRESERVING,3.462,PASS,continuous_reference_residual_valid_optimizer_reported_success,116,CONTINUE
4.436,ONLINE-REOPT,3,1,3.462,0.362,99.88995983826324,PRESERVING,3.1,PASS,exact_terminal_equality,0,TERMINAL_REACHED
4.437,ONLINE-REOPT,1,3,4.437,0.5,72.35302970810072,PRESERVING,3.937,PASS,continuous_reference_residual_valid_optimizer_reported_success,141,CONTINUE
4.437,ONLINE-REOPT,2,2,3.937,0.475,99.91404164730385,PRESERVING,3.462,PASS,continuous_reference_residual_valid_optimizer_reported_success,116,CONTINUE
4.437,ONLINE-REOPT,3,1,3.462,0.362,99.88995983826324,PRESERVING,3.1,PASS,exact_terminal_equality,0,TERMINAL_REACHED
4.438,ONLINE-REOPT,1,3,4.438,0.501,72.53086443327551,PRESERVING,3.937,PASS,continuous_reference_residual_valid_optimizer_reported_success,142,CONTINUE
4.438,ONLINE-REOPT,2,2,3.937,0.475,99.91404164730385,PRESERVING,3.462,PASS,continuous_reference_residual_valid_optimizer_reported_success,116,CONTINUE
4.438,ONLINE-REOPT,3,1,3.462,0.362,99.88995983826324,PRESERVING,3.1,PASS,exact_terminal_equality,0,TERMINAL_REACHED
4.439,ONLINE-REOPT,1,3,4.439,0.502,72.70879232879778,PRESERVING,3.937,PASS,continuous_reference_residual_valid_optimizer_reported_success,143,CONTINUE
4.439,ONLINE-REOPT,2,2,3.937,0.475,99.91404164730385,PRESERVING,3.462,PASS,continuous_reference_residual_valid_optimizer_reported_success,116,CONTINUE
4.439,ONLINE-REOPT,3,1,3.462,0.362,99.88995983826324,PRESERVING,3.1,PASS,exact_terminal_equality,0,TERMINAL_REACHED
4.44,ONLINE-REOPT,1,3,4.44,0.503,72.88681327502869,PRESERVING,3.937,PASS,continuous_reference_residual_valid_optimizer_reported_success,144,CONTINUE
4.44,ONLINE-REOPT,2,2,3.937,0.475,99.91404164730385,PRESERVING,3.462,PASS,continuous_reference_residual_valid_optimizer_reported_success,116,CONTINUE
4.44,ONLINE-REOPT,3,1,3.462,0.362,99.88995983826324,PRESERVING,3.1,PASS,exact_terminal_equality,0,TERMINAL_REACHED
4.441,ONLINE-REOPT,1,3,4.441,0.504,73.06492715267073,PRESERVING,3.937,PASS,continuous_reference_residual_valid_optimizer_reported_success,145,CONTINUE
4.441,ONLINE-REOPT,2,2,3.937,0.475,99.91404164730385,PRESERVING,3.462,PASS,continuous_reference_residual_valid_optimizer_reported_success,116,CONTINUE
4.441,ONLINE-REOPT,3,1,3.462,0.362,99.88995983826324,PRESERVING,3.1,PASS,exact_terminal_equality,0,TERMINAL_REACHED
4.442,ONLINE-REOPT,1,3,4.442,0.505,73.24313384276653,PRESERVING,3.937,PASS,continuous_reference_residual_valid_optimizer_reported_success,146,CONTINUE
4.442,ONLINE-REOPT,2,2,3.937,0.475,99.91404164730385,PRESERVING,3.462,PASS,continuous_reference_residual_valid_optimizer_reported_success,116,CONTINUE
4.442,ONLINE-REOPT,3,1,3.462,0.362,99.88995983826324,PRESERVING,3.1,PASS,exact_terminal_equality,0,TERMINAL_REACHED
4.443,ONLINE-REOPT,1,3,4.443,0.506,73.42143322669587,PRESERVING,3.937,PASS,continuous_reference_residual_valid_optimizer_reported_success,147,CONTINUE
4.443,ONLINE-REOPT,2,2,3.937,0.475,99.91404164730385,PRESERVING,3.462,PASS,continuous_reference_residual_valid_optimizer_reported_success,116,CONTINUE
4.443,ONLINE-REOPT,3,1,3.462,0.362,99.88995983826324,PRESERVING,3.1,PASS,exact_terminal_equality,0,TERMINAL_REACHED
4.444,ONLINE-REOPT,1,3,4.444,0.507,73.59982518617569,PRESERVING,3.937,PASS,continuous_reference_residual_valid_optimizer_reported_success,148,CONTINUE
4.444,ONLINE-REOPT,2,2,3.937,0.475,99.91404164730385,PRESERVING,3.462,PASS,continuous_reference_residual_valid_optimizer_reported_success,116,CONTINUE
4.444,ONLINE-REOPT,3,1,3.462,0.362,99.88995983826324,PRESERVING,3.1,PASS,exact_terminal_equality,0,TERMINAL_REACHED
4.445,ONLINE-REOPT,1,3,4.445,0.508,73.77830960325744,PRESERVING,3.937,PASS,continuous_reference_residual_valid_optimizer_reported_success,149,CONTINUE
4.445,ONLINE-REOPT,2,2,3.937,0.475,99.91404164730385,PRESERVING,3.462,PASS,continuous_reference_residual_valid_optimizer_reported_success,116,CONTINUE
4.445,ONLINE-REOPT,3,1,3.462,0.362,99.88995983826324,PRESERVING,3.1,PASS,exact_terminal_equality,0,TERMINAL_REACHED
4.446,ONLINE-REOPT,1,3,4.446,0.509,73.95688636032565,PRESERVING,3.937,PASS,continuous_reference_residual_valid_optimizer_reported_success,150,CONTINUE
4.446,ONLINE-REOPT,2,2,3.937,0.475,99.91404164730385,PRESERVING,3.462,PASS,continuous_reference_residual_valid_optimizer_reported_success,116,CONTINUE
4.446,ONLINE-REOPT,3,1,3.462,0.362,99.88995983826324,PRESERVING,3.1,PASS,exact_terminal_equality,0,TERMINAL_REACHED
4.447,ONLINE-REOPT,1,3,4.447,0.51,74.13555534009637,PRESERVING,3.937,PASS,continuous_reference_residual_valid_optimizer_reported_success,151,CONTINUE
4.447,ONLINE-REOPT,2,2,3.937,0.475,99.91404164730385,PRESERVING,3.462,PASS,continuous_reference_residual_valid_optimizer_reported_success,116,CONTINUE
4.447,ONLINE-REOPT,3,1,3.462,0.362,99.88995983826324,PRESERVING,3.1,PASS,exact_terminal_equality,0,TERMINAL_REACHED
4.448,ONLINE-REOPT,1,3,4.448,0.511,74.31431642561535,PRESERVING,3.937,PASS,continuous_reference_residual_valid_optimizer_reported_success,152,CONTINUE
4.448,ONLINE-REOPT,2,2,3.937,0.475,99.91404164730385,PRESERVING,3.462,PASS,continuous_reference_residual_valid_optimizer_reported_success,116,CONTINUE
4.448,ONLINE-REOPT,3,1,3.462,0.362,99.88995983826324,PRESERVING,3.1,PASS,exact_terminal_equality,0,TERMINAL_REACHED
4.449,ONLINE-REOPT,1,3,4.449,0.512,74.49316950025707,PRESERVING,3.937,PASS,continuous_reference_residual_valid_optimizer_reported_success,153,CONTINUE
4.449,ONLINE-REOPT,2,2,3.937,0.475,99.91404164730385,PRESERVING,3.462,PASS,continuous_reference_residual_valid_optimizer_reported_success,116,CONTINUE
4.449,ONLINE-REOPT,3,1,3.462,0.362,99.88995983826324,PRESERVING,3.1,PASS,exact_terminal_equality,0,TERMINAL_REACHED
4.45,ONLINE-REOPT,1,3,4.45,0.513,74.67211444772173,PRESERVING,3.937,PASS,continuous_reference_residual_valid_optimizer_reported_success,154,CONTINUE
4.45,ONLINE-REOPT,2,2,3.937,0.475,99.91404164730385,PRESERVING,3.462,PASS,continuous_reference_residual_valid_optimizer_reported_success,116,CONTINUE
4.45,ONLINE-REOPT,3,1,3.462,0.362,99.88995983826324,PRESERVING,3.1,PASS,exact_terminal_equality,0,TERMINAL_REACHED
4.451,ONLINE-REOPT,1,3,4.451,0.514,74.85115115203553,PRESERVING,3.937,PASS,continuous_reference_residual_valid_optimizer_reported_success,155,CONTINUE
4.451,ONLINE-REOPT,2,2,3.937,0.475,99.91404164730385,PRESERVING,3.462,PASS,continuous_reference_residual_valid_optimizer_reported_success,116,CONTINUE
4.451,ONLINE-REOPT,3,1,3.462,0.362,99.88995983826324,PRESERVING,3.1,PASS,exact_terminal_equality,0,TERMINAL_REACHED
4.452,ONLINE-REOPT,1,3,4.452,0.515,75.03027949754768,PRESERVING,3.937,PASS,continuous_reference_residual_valid_optimizer_reported_success,156,CONTINUE
4.452,ONLINE-REOPT,2,2,3.937,0.475,99.91404164730385,PRESERVING,3.462,PASS,continuous_reference_residual_valid_optimizer_reported_success,116,CONTINUE
4.452,ONLINE-REOPT,3,1,3.462,0.362,99.88995983826324,PRESERVING,3.1,PASS,exact_terminal_equality,0,TERMINAL_REACHED
4.453,ONLINE-REOPT,1,3,4.453,0.516,75.20949936892963,PRESERVING,3.937,PASS,continuous_reference_residual_valid_optimizer_reported_success,157,CONTINUE
4.453,ONLINE-REOPT,2,2,3.937,0.475,99.91404164730385,PRESERVING,3.462,PASS,continuous_reference_residual_valid_optimizer_reported_success,116,CONTINUE
4.453,ONLINE-REOPT,3,1,3.462,0.362,99.88995983826324,PRESERVING,3.1,PASS,exact_terminal_equality,0,TERMINAL_REACHED
4.454,ONLINE-REOPT,1,3,4.454,0.517,75.38881065117336,PRESERVING,3.937,PASS,continuous_reference_residual_valid_optimizer_reported_success,158,CONTINUE
4.454,ONLINE-REOPT,2,2,3.937,0.475,99.91404164730385,PRESERVING,3.462,PASS,continuous_reference_residual_valid_optimizer_reported_success,116,CONTINUE
4.454,ONLINE-REOPT,3,1,3.462,0.362,99.88995983826324,PRESERVING,3.1,PASS,exact_terminal_equality,0,TERMINAL_REACHED
4.455,ONLINE-REOPT,1,3,4.455,0.518,75.56821322958875,PRESERVING,3.937,PASS,continuous_reference_residual_valid_optimizer_reported_success,159,CONTINUE
4.455,ONLINE-REOPT,2,2,3.937,0.475,99.91404164730385,PRESERVING,3.462,PASS,continuous_reference_residual_valid_optimizer_reported_success,116,CONTINUE
4.455,ONLINE-REOPT,3,1,3.462,0.362,99.88995983826324,PRESERVING,3.1,PASS,exact_terminal_equality,0,TERMINAL_REACHED
4.456,ONLINE-REOPT,1,3,4.456,0.519,75.74770698980423,PRESERVING,3.937,PASS,continuous_reference_residual_valid_optimizer_reported_success,160,CONTINUE
4.456,ONLINE-REOPT,2,2,3.937,0.475,99.91404164730385,PRESERVING,3.462,PASS,continuous_reference_residual_valid_optimizer_reported_success,116,CONTINUE
4.456,ONLINE-REOPT,3,1,3.462,0.362,99.88995983826324,PRESERVING,3.1,PASS,exact_terminal_equality,0,TERMINAL_REACHED
4.457,ONLINE-REOPT,1,3,4.457,0.52,75.92729181776332,PRESERVING,3.937,PASS,continuous_reference_residual_valid_optimizer_reported_success,161,CONTINUE
4.457,ONLINE-REOPT,2,2,3.937,0.475,99.91404164730385,PRESERVING,3.462,PASS,continuous_reference_residual_valid_optimizer_reported_success,116,CONTINUE
4.457,ONLINE-REOPT,3,1,3.462,0.362,99.88995983826324,PRESERVING,3.1,PASS,exact_terminal_equality,0,TERMINAL_REACHED
4.458,ONLINE-REOPT,1,3,4.458,0.521,76.10696759972423,PRESERVING,3.937,PASS,continuous_reference_residual_valid_optimizer_reported_success,162,CONTINUE
4.458,ONLINE-REOPT,2,2,3.937,0.475,99.91404164730385,PRESERVING,3.462,PASS,continuous_reference_residual_valid_optimizer_reported_success,116,CONTINUE
4.458,ONLINE-REOPT,3,1,3.462,0.362,99.88995983826324,PRESERVING,3.1,PASS,exact_terminal_equality,0,TERMINAL_REACHED
4.459,ONLINE-REOPT,1,3,4.459,0.522,76.28673422225766,PRESERVING,3.937,PASS,continuous_reference_residual_valid_optimizer_reported_success,163,CONTINUE
4.459,ONLINE-REOPT,2,2,3.937,0.475,99.91404164730385,PRESERVING,3.462,PASS,continuous_reference_residual_valid_optimizer_reported_success,116,CONTINUE
4.459,ONLINE-REOPT,3,1,3.462,0.362,99.88995983826324,PRESERVING,3.1,PASS,exact_terminal_equality,0,TERMINAL_REACHED
4.46,ONLINE-REOPT,1,3,4.46,0.523,76.4665915722459,PRESERVING,3.937,PASS,continuous_reference_residual_valid_optimizer_reported_success,164,CONTINUE
4.46,ONLINE-REOPT,2,2,3.937,0.475,99.91404164730385,PRESERVING,3.462,PASS,continuous_reference_residual_valid_optimizer_reported_success,116,CONTINUE
4.46,ONLINE-REOPT,3,1,3.462,0.362,99.88995983826324,PRESERVING,3.1,PASS,exact_terminal_equality,0,TERMINAL_REACHED
4.461,ONLINE-REOPT,1,3,4.461,0.524,76.64653953688114,PRESERVING,3.937,PASS,continuous_reference_residual_valid_optimizer_reported_success,165,CONTINUE
4.461,ONLINE-REOPT,2,2,3.937,0.475,99.91404164730385,PRESERVING,3.462,PASS,continuous_reference_residual_valid_optimizer_reported_success,116,CONTINUE
4.461,ONLINE-REOPT,3,1,3.462,0.362,99.88995983826324,PRESERVING,3.1,PASS,exact_terminal_equality,0,TERMINAL_REACHED
4.462,ONLINE-REOPT,1,3,4.462,0.525,76.8265780036633,PRESERVING,3.937,PASS,continuous_reference_residual_valid_optimizer_reported_success,166,CONTINUE
4.462,ONLINE-REOPT,2,2,3.937,0.475,99.91404164730385,PRESERVING,3.462,PASS,continuous_reference_residual_valid_optimizer_reported_success,116,CONTINUE
4.462,ONLINE-REOPT,3,1,3.462,0.362,99.88995983826324,PRESERVING,3.1,PASS,exact_terminal_equality,0,TERMINAL_REACHED
4.463,ONLINE-REOPT,1,3,4.463,0.526,77.0067068604,PRESERVING,3.937,PASS,continuous_reference_residual_valid_optimizer_reported_success,167,CONTINUE
4.463,ONLINE-REOPT,2,2,3.937,0.475,99.91404164730385,PRESERVING,3.462,PASS,continuous_reference_residual_valid_optimizer_reported_success,116,CONTINUE
4.463,ONLINE-REOPT,3,1,3.462,0.362,99.88995983826324,PRESERVING,3.1,PASS,exact_terminal_equality,0,TERMINAL_REACHED
4.464,ONLINE-REOPT,1,3,4.464,0.527,77.18692599520384,PRESERVING,3.937,PASS,continuous_reference_residual_valid_optimizer_reported_success,168,CONTINUE
4.464,ONLINE-REOPT,2,2,3.937,0.475,99.91404164730385,PRESERVING,3.462,PASS,continuous_reference_residual_valid_optimizer_reported_success,116,CONTINUE
4.464,ONLINE-REOPT,3,1,3.462,0.362,99.88995983826324,PRESERVING,3.1,PASS,exact_terminal_equality,0,TERMINAL_REACHED
4.465,ONLINE-REOPT,1,3,4.465,0.528,77.36723529649178,PRESERVING,3.937,PASS,continuous_reference_residual_valid_optimizer_reported_success,169,CONTINUE
4.465,ONLINE-REOPT,2,2,3.937,0.475,99.91404164730385,PRESERVING,3.462,PASS,continuous_reference_residual_valid_optimizer_reported_success,116,CONTINUE
4.465,ONLINE-REOPT,3,1,3.462,0.362,99.88995983826324,PRESERVING,3.1,PASS,exact_terminal_equality,0,TERMINAL_REACHED
4.466,ONLINE-REOPT,1,3,4.466,0.529,77.54763465298348,PRESERVING,3.937,PASS,continuous_reference_residual_valid_optimizer_reported_success,170,CONTINUE
4.466,ONLINE-REOPT,2,2,3.937,0.475,99.91404164730385,PRESERVING,3.462,PASS,continuous_reference_residual_valid_optimizer_reported_success,116,CONTINUE
4.466,ONLINE-REOPT,3,1,3.462,0.362,99.88995983826324,PRESERVING,3.1,PASS,exact_terminal_equality,0,TERMINAL_REACHED
4.467,ONLINE-REOPT,1,3,4.467,0.53,77.72812395369895,PRESERVING,3.937,PASS,continuous_reference_residual_valid_optimizer_reported_success,171,CONTINUE
4.467,ONLINE-REOPT,2,2,3.937,0.475,99.91404164730385,PRESERVING,3.462,PASS,continuous_reference_residual_valid_optimizer_reported_success,116,CONTINUE
4.467,ONLINE-REOPT,3,1,3.462,0.362,99.88995983826324,PRESERVING,3.1,PASS,exact_terminal_equality,0,TERMINAL_REACHED
4.468,ONLINE-REOPT,1,3,4.468,0.531,77.90870308795876,PRESERVING,3.937,PASS,continuous_reference_residual_valid_optimizer_reported_success,172,CONTINUE
4.468,ONLINE-REOPT,2,2,3.937,0.475,99.91404164730385,PRESERVING,3.462,PASS,continuous_reference_residual_valid_optimizer_reported_success,116,CONTINUE
4.468,ONLINE-REOPT,3,1,3.462,0.362,99.88995983826324,PRESERVING,3.1,PASS,exact_terminal_equality,0,TERMINAL_REACHED
4.469,ONLINE-REOPT,1,3,4.469,0.532,78.0893719453818,PRESERVING,3.937,PASS,continuous_reference_residual_valid_optimizer_reported_success,173,CONTINUE
4.469,ONLINE-REOPT,2,2,3.937,0.475,99.91404164730385,PRESERVING,3.462,PASS,continuous_reference_residual_valid_optimizer_reported_success,116,CONTINUE
4.469,ONLINE-REOPT,3,1,3.462,0.362,99.88995983826324,PRESERVING,3.1,PASS,exact_terminal_equality,0,TERMINAL_REACHED
4.47,ONLINE-REOPT,1,3,4.47,0.533,78.27013041588366,PRESERVING,3.937,PASS,continuous_reference_residual_valid_optimizer_reported_success,174,CONTINUE
4.47,ONLINE-REOPT,2,2,3.937,0.475,99.91404164730385,PRESERVING,3.462,PASS,continuous_reference_residual_valid_optimizer_reported_success,116,CONTINUE
4.47,ONLINE-REOPT,3,1,3.462,0.362,99.88995983826324,PRESERVING,3.1,PASS,exact_terminal_equality,0,TERMINAL_REACHED
4.471,ONLINE-REOPT,1,3,4.471,0.534,78.45097838967553,PRESERVING,3.937,PASS,continuous_reference_residual_valid_optimizer_reported_success,175,CONTINUE
4.471,ONLINE-REOPT,2,2,3.937,0.475,99.91404164730385,PRESERVING,3.462,PASS,continuous_reference_residual_valid_optimizer_reported_success,116,CONTINUE
4.471,ONLINE-REOPT,3,1,3.462,0.362,99.88995983826324,PRESERVING,3.1,PASS,exact_terminal_equality,0,TERMINAL_REACHED
4.472,ONLINE-REOPT,1,3,4.472,0.535,78.63191575726316,PRESERVING,3.937,PASS,continuous_reference_residual_valid_optimizer_reported_success,176,CONTINUE
4.472,ONLINE-REOPT,2,2,3.937,0.475,99.91404164730385,PRESERVING,3.462,PASS,continuous_reference_residual_valid_optimizer_reported_success,116,CONTINUE
4.472,ONLINE-REOPT,3,1,3.462,0.362,99.88995983826324,PRESERVING,3.1,PASS,exact_terminal_equality,0,TERMINAL_REACHED
4.473,ONLINE-REOPT,1,3,4.473,0.536,78.81294240944503,PRESERVING,3.937,PASS,continuous_reference_residual_valid_optimizer_reported_success,177,CONTINUE
4.473,ONLINE-REOPT,2,2,3.937,0.475,99.91404164730385,PRESERVING,3.462,PASS,continuous_reference_residual_valid_optimizer_reported_success,116,CONTINUE
4.473,ONLINE-REOPT,3,1,3.462,0.362,99.88995983826324,PRESERVING,3.1,PASS,exact_terminal_equality,0,TERMINAL_REACHED
4.474,ONLINE-REOPT,1,3,4.474,0.537,78.99405823731051,PRESERVING,3.937,PASS,continuous_reference_residual_valid_optimizer_reported_success,178,CONTINUE
4.474,ONLINE-REOPT,2,2,3.937,0.475,99.91404164730385,PRESERVING,3.462,PASS,continuous_reference_residual_valid_optimizer_reported_success,116,CONTINUE
4.474,ONLINE-REOPT,3,1,3.462,0.362,99.88995983826324,PRESERVING,3.1,PASS,exact_terminal_equality,0,TERMINAL_REACHED
4.475,ONLINE-REOPT,1,3,4.475,0.538,79.17526313223993,PRESERVING,3.937,PASS,continuous_reference_residual_valid_optimizer_reported_success,179,CONTINUE
4.475,ONLINE-REOPT,2,2,3.937,0.475,99.91404164730385,PRESERVING,3.462,PASS,continuous_reference_residual_valid_optimizer_reported_success,116,CONTINUE
4.475,ONLINE-REOPT,3,1,3.462,0.362,99.88995983826324,PRESERVING,3.1,PASS,exact_terminal_equality,0,TERMINAL_REACHED
4.476,ONLINE-REOPT,1,3,4.476,0.539,79.35655698590197,PRESERVING,3.937,PASS,continuous_reference_residual_valid_optimizer_reported_success,180,CONTINUE
4.476,ONLINE-REOPT,2,2,3.937,0.475,99.91404164730385,PRESERVING,3.462,PASS,continuous_reference_residual_valid_optimizer_reported_success,116,CONTINUE
4.476,ONLINE-REOPT,3,1,3.462,0.362,99.88995983826324,PRESERVING,3.1,PASS,exact_terminal_equality,0,TERMINAL_REACHED
4.477,ONLINE-REOPT,1,3,4.477,0.54,79.53793969025295,PRESERVING,3.937,PASS,continuous_reference_residual_valid_optimizer_reported_success,181,CONTINUE
4.477,ONLINE-REOPT,2,2,3.937,0.475,99.91404164730385,PRESERVING,3.462,PASS,continuous_reference_residual_valid_optimizer_reported_success,116,CONTINUE
4.477,ONLINE-REOPT,3,1,3.462,0.362,99.88995983826324,PRESERVING,3.1,PASS,exact_terminal_equality,0,TERMINAL_REACHED
4.478,ONLINE-REOPT,1,3,4.478,0.541,79.7194111375357,PRESERVING,3.937,PASS,continuous_reference_residual_valid_optimizer_reported_success,182,CONTINUE
4.478,ONLINE-REOPT,2,2,3.937,0.475,99.91404164730385,PRESERVING,3.462,PASS,continuous_reference_residual_valid_optimizer_reported_success,116,CONTINUE
4.478,ONLINE-REOPT,3,1,3.462,0.362,99.88995983826324,PRESERVING,3.1,PASS,exact_terminal_equality,0,TERMINAL_REACHED
4.479,ONLINE-REOPT,1,3,4.479,0.542,79.90097122027703,PRESERVING,3.937,PASS,continuous_reference_residual_valid_optimizer_reported_success,183,CONTINUE
4.479,ONLINE-REOPT,2,2,3.937,0.475,99.91404164730385,PRESERVING,3.462,PASS,continuous_reference_residual_valid_optimizer_reported_success,116,CONTINUE
4.479,ONLINE-REOPT,3,1,3.462,0.362,99.88995983826324,PRESERVING,3.1,PASS,exact_terminal_equality,0,TERMINAL_REACHED
4.48,ONLINE-REOPT,1,3,4.48,0.543,80.08261983128789,PRESERVING,3.937,PASS,continuous_reference_residual_valid_optimizer_reported_success,184,CONTINUE
4.48,ONLINE-REOPT,2,2,3.937,0.475,99.91404164730385,PRESERVING,3.462,PASS,continuous_reference_residual_valid_optimizer_reported_success,116,CONTINUE
4.48,ONLINE-REOPT,3,1,3.462,0.362,99.88995983826324,PRESERVING,3.1,PASS,exact_terminal_equality,0,TERMINAL_REACHED
4.481,ONLINE-REOPT,1,3,4.481,0.544,80.26435686366148,PRESERVING,3.937,PASS,continuous_reference_residual_valid_optimizer_reported_success,185,CONTINUE
4.481,ONLINE-REOPT,2,2,3.937,0.475,99.91404164730385,PRESERVING,3.462,PASS,continuous_reference_residual_valid_optimizer_reported_success,116,CONTINUE
4.481,ONLINE-REOPT,3,1,3.462,0.362,99.88995983826324,PRESERVING,3.1,PASS,exact_terminal_equality,0,TERMINAL_REACHED
4.482,ONLINE-REOPT,1,3,4.482,0.545,80.44618221077182,PRESERVING,3.937,PASS,continuous_reference_residual_valid_optimizer_reported_success,186,CONTINUE
4.482,ONLINE-REOPT,2,2,3.937,0.475,99.91404164730385,PRESERVING,3.462,PASS,continuous_reference_residual_valid_optimizer_reported_success,116,CONTINUE
4.482,ONLINE-REOPT,3,1,3.462,0.362,99.88995983826324,PRESERVING,3.1,PASS,exact_terminal_equality,0,TERMINAL_REACHED
4.483,ONLINE-REOPT,1,3,4.483,0.546,80.62809576627257,PRESERVING,3.937,PASS,continuous_reference_residual_valid_optimizer_reported_success,187,CONTINUE
4.483,ONLINE-REOPT,2,2,3.937,0.475,99.91404164730385,PRESERVING,3.462,PASS,continuous_reference_residual_valid_optimizer_reported_success,116,CONTINUE
4.483,ONLINE-REOPT,3,1,3.462,0.362,99.88995983826324,PRESERVING,3.1,PASS,exact_terminal_equality,0,TERMINAL_REACHED
4.484,ONLINE-REOPT,1,3,4.484,0.547,80.81009742409596,PRESERVING,3.937,PASS,continuous_reference_residual_valid_optimizer_reported_success,188,CONTINUE
4.484,ONLINE-REOPT,2,2,3.937,0.475,99.91404164730385,PRESERVING,3.462,PASS,continuous_reference_residual_valid_optimizer_reported_success,116,CONTINUE
4.484,ONLINE-REOPT,3,1,3.462,0.362,99.88995983826324,PRESERVING,3.1,PASS,exact_terminal_equality,0,TERMINAL_REACHED
4.485,ONLINE-REOPT,1,3,4.485,0.548,80.99218707845156,PRESERVING,3.937,PASS,continuous_reference_residual_valid_optimizer_reported_success,189,CONTINUE
4.485,ONLINE-REOPT,2,2,3.937,0.475,99.91404164730385,PRESERVING,3.462,PASS,continuous_reference_residual_valid_optimizer_reported_success,116,CONTINUE
4.485,ONLINE-REOPT,3,1,3.462,0.362,99.88995983826324,PRESERVING,3.1,PASS,exact_terminal_equality,0,TERMINAL_REACHED
4.486,ONLINE-REOPT,1,3,4.486,0.549,81.17436462382389,PRESERVING,3.937,PASS,continuous_reference_residual_valid_optimizer_reported_success,190,CONTINUE
4.486,ONLINE-REOPT,2,2,3.937,0.475,99.91404164730385,PRESERVING,3.462,PASS,continuous_reference_residual_valid_optimizer_reported_success,116,CONTINUE
4.486,ONLINE-REOPT,3,1,3.462,0.362,99.88995983826324,PRESERVING,3.1,PASS,exact_terminal_equality,0,TERMINAL_REACHED
4.487,ONLINE-REOPT,1,3,4.487,0.55,81.35662995497309,PRESERVING,3.937,PASS,continuous_reference_residual_valid_optimizer_reported_success,191,CONTINUE
4.487,ONLINE-REOPT,2,2,3.937,0.475,99.91404164730385,PRESERVING,3.462,PASS,continuous_reference_residual_valid_optimizer_reported_success,116,CONTINUE
4.487,ONLINE-REOPT,3,1,3.462,0.362,99.88995983826324,PRESERVING,3.1,PASS,exact_terminal_equality,0,TERMINAL_REACHED
4.488,ONLINE-REOPT,1,3,4.488,0.551,81.53898296693227,PRESERVING,3.937,PASS,continuous_reference_residual_valid_optimizer_reported_success,192,CONTINUE
4.488,ONLINE-REOPT,2,2,3.937,0.475,99.91404164730385,PRESERVING,3.462,PASS,continuous_reference_residual_valid_optimizer_reported_success,116,CONTINUE
4.488,ONLINE-REOPT,3,1,3.462,0.362,99.88995983826324,PRESERVING,3.1,PASS,exact_terminal_equality,0,TERMINAL_REACHED
4.489,ONLINE-REOPT,1,3,4.489,0.552,81.72142355500691,PRESERVING,3.937,PASS,continuous_reference_residual_valid_optimizer_reported_success,193,CONTINUE
4.489,ONLINE-REOPT,2,2,3.937,0.475,99.91404164730385,PRESERVING,3.462,PASS,continuous_reference_residual_valid_optimizer_reported_success,116,CONTINUE
4.489,ONLINE-REOPT,3,1,3.462,0.362,99.88995983826324,PRESERVING,3.1,PASS,exact_terminal_equality,0,TERMINAL_REACHED
4.49,ONLINE-REOPT,1,3,4.49,0.553,81.90395161477353,PRESERVING,3.937,PASS,continuous_reference_residual_valid_optimizer_reported_success,194,CONTINUE
4.49,ONLINE-REOPT,2,2,3.937,0.475,99.91404164730385,PRESERVING,3.462,PASS,continuous_reference_residual_valid_optimizer_reported_success,116,CONTINUE
4.49,ONLINE-REOPT,3,1,3.462,0.362,99.88995983826324,PRESERVING,3.1,PASS,exact_terminal_equality,0,TERMINAL_REACHED
4.491,ONLINE-REOPT,1,3,4.491,0.554,82.08656704207768,PRESERVING,3.937,PASS,continuous_reference_residual_valid_optimizer_reported_success,195,CONTINUE
4.491,ONLINE-REOPT,2,2,3.937,0.475,99.91404164730385,PRESERVING,3.462,PASS,continuous_reference_residual_valid_optimizer_reported_success,116,CONTINUE
4.491,ONLINE-REOPT,3,1,3.462,0.362,99.88995983826324,PRESERVING,3.1,PASS,exact_terminal_equality,0,TERMINAL_REACHED
4.492,ONLINE-REOPT,1,3,4.492,0.555,82.2692697330342,PRESERVING,3.937,PASS,continuous_reference_residual_valid_optimizer_reported_success,196,CONTINUE
4.492,ONLINE-REOPT,2,2,3.937,0.475,99.91404164730385,PRESERVING,3.462,PASS,continuous_reference_residual_valid_optimizer_reported_success,116,CONTINUE
4.492,ONLINE-REOPT,3,1,3.462,0.362,99.88995983826324,PRESERVING,3.1,PASS,exact_terminal_equality,0,TERMINAL_REACHED
4.493,ONLINE-REOPT,1,3,4.493,0.556,82.4520595840249,PRESERVING,3.937,PASS,continuous_reference_residual_valid_optimizer_reported_success,197,CONTINUE
4.493,ONLINE-REOPT,2,2,3.937,0.475,99.91404164730385,PRESERVING,3.462,PASS,continuous_reference_residual_valid_optimizer_reported_success,116,CONTINUE
4.493,ONLINE-REOPT,3,1,3.462,0.362,99.88995983826324,PRESERVING,3.1,PASS,exact_terminal_equality,0,TERMINAL_REACHED
4.494,ONLINE-REOPT,1,3,4.494,0.557,82.63493649169801,PRESERVING,3.937,PASS,continuous_reference_residual_valid_optimizer_reported_success,198,CONTINUE
4.494,ONLINE-REOPT,2,2,3.937,0.475,99.91404164730385,PRESERVING,3.462,PASS,continuous_reference_residual_valid_optimizer_reported_success,116,CONTINUE
4.494,ONLINE-REOPT,3,1,3.462,0.362,99.88995983826324,PRESERVING,3.1,PASS,exact_terminal_equality,0,TERMINAL_REACHED
4.495,ONLINE-REOPT,1,3,4.495,0.558,82.81790035296616,PRESERVING,3.937,PASS,continuous_reference_residual_valid_optimizer_reported_success,199,CONTINUE
4.495,ONLINE-REOPT,2,2,3.937,0.475,99.91404164730385,PRESERVING,3.462,PASS,continuous_reference_residual_valid_optimizer_reported_success,116,CONTINUE
4.495,ONLINE-REOPT,3,1,3.462,0.362,99.88995983826324,PRESERVING,3.1,PASS,exact_terminal_equality,0,TERMINAL_REACHED
4.496,ONLINE-REOPT,1,3,4.496,0.559,83.00095106500629,PRESERVING,3.937,PASS,continuous_reference_residual_valid_optimizer_reported_success,200,CONTINUE
4.496,ONLINE-REOPT,2,2,3.937,0.475,99.91404164730385,PRESERVING,3.462,PASS,continuous_reference_residual_valid_optimizer_reported_success,116,CONTINUE
4.496,ONLINE-REOPT,3,1,3.462,0.362,99.88995983826324,PRESERVING,3.1,PASS,exact_terminal_equality,0,TERMINAL_REACHED
4.497,ONLINE-REOPT,1,3,4.497,0.56,83.18408852525788,PRESERVING,3.937,PASS,continuous_reference_residual_valid_optimizer_reported_success,201,CONTINUE
4.497,ONLINE-REOPT,2,2,3.937,0.475,99.91404164730385,PRESERVING,3.462,PASS,continuous_reference_residual_valid_optimizer_reported_success,116,CONTINUE
4.497,ONLINE-REOPT,3,1,3.462,0.362,99.88995983826324,PRESERVING,3.1,PASS,exact_terminal_equality,0,TERMINAL_REACHED
4.498,ONLINE-REOPT,1,3,4.498,0.561,83.36731263142123,PRESERVING,3.937,PASS,continuous_reference_residual_valid_optimizer_reported_success,202,CONTINUE
4.498,ONLINE-REOPT,2,2,3.937,0.475,99.91404164730385,PRESERVING,3.462,PASS,continuous_reference_residual_valid_optimizer_reported_success,116,CONTINUE
4.498,ONLINE-REOPT,3,1,3.462,0.362,99.88995983826324,PRESERVING,3.1,PASS,exact_terminal_equality,0,TERMINAL_REACHED
4.499,ONLINE-REOPT,1,3,4.499,0.562,83.55062328145755,PRESERVING,3.937,PASS,continuous_reference_residual_valid_optimizer_reported_success,203,CONTINUE
4.499,ONLINE-REOPT,2,2,3.937,0.475,99.91404164730385,PRESERVING,3.462,PASS,continuous_reference_residual_valid_optimizer_reported_success,116,CONTINUE
4.499,ONLINE-REOPT,3,1,3.462,0.362,99.88995983826324,PRESERVING,3.1,PASS,exact_terminal_equality,0,TERMINAL_REACHED
4.5,ONLINE-REOPT,1,3,4.5,0.563,83.73402037358707,PRESERVING,3.937,PASS,continuous_reference_residual_valid_optimizer_reported_success,204,CONTINUE
4.5,ONLINE-REOPT,2,2,3.937,0.475,99.91404164730385,PRESERVING,3.462,PASS,continuous_reference_residual_valid_optimizer_reported_success,116,CONTINUE
4.5,ONLINE-REOPT,3,1,3.462,0.362,99.88995983826324,PRESERVING,3.1,PASS,exact_terminal_equality,0,TERMINAL_REACHED
4.501,ONLINE-REOPT,1,3,4.501,0.564,83.91750380628774,PRESERVING,3.937,PASS,continuous_reference_residual_valid_optimizer_reported_success,205,CONTINUE
4.501,ONLINE-REOPT,2,2,3.937,0.475,99.91404164730385,PRESERVING,3.462,PASS,continuous_reference_residual_valid_optimizer_reported_success,116,CONTINUE
4.501,ONLINE-REOPT,3,1,3.462,0.362,99.88995983826324,PRESERVING,3.1,PASS,exact_terminal_equality,0,TERMINAL_REACHED
4.502,ONLINE-REOPT,1,3,4.502,0.565,84.10107347829457,PRESERVING,3.937,PASS,continuous_reference_residual_valid_optimizer_reported_success,206,CONTINUE
4.502,ONLINE-REOPT,2,2,3.937,0.475,99.91404164730385,PRESERVING,3.462,PASS,continuous_reference_residual_valid_optimizer_reported_success,116,CONTINUE
4.502,ONLINE-REOPT,3,1,3.462,0.362,99.88995983826324,PRESERVING,3.1,PASS,exact_terminal_equality,0,TERMINAL_REACHED
4.503,ONLINE-REOPT,1,3,4.503,0.566,84.28472928859861,PRESERVING,3.937,PASS,continuous_reference_residual_valid_optimizer_reported_success,207,CONTINUE
4.503,ONLINE-REOPT,2,2,3.937,0.475,99.91404164730385,PRESERVING,3.462,PASS,continuous_reference_residual_valid_optimizer_reported_success,116,CONTINUE
4.503,ONLINE-REOPT,3,1,3.462,0.362,99.88995983826324,PRESERVING,3.1,PASS,exact_terminal_equality,0,TERMINAL_REACHED
4.504,ONLINE-REOPT,1,3,4.504,0.567,84.46847113644439,PRESERVING,3.937,PASS,continuous_reference_residual_valid_optimizer_reported_success,208,CONTINUE
4.504,ONLINE-REOPT,2,2,3.937,0.475,99.91404164730385,PRESERVING,3.462,PASS,continuous_reference_residual_valid_optimizer_reported_success,116,CONTINUE
4.504,ONLINE-REOPT,3,1,3.462,0.362,99.88995983826324,PRESERVING,3.1,PASS,exact_terminal_equality,0,TERMINAL_REACHED
4.505,ONLINE-REOPT,1,3,4.505,0.568,84.65229892133114,PRESERVING,3.937,PASS,continuous_reference_residual_valid_optimizer_reported_success,209,CONTINUE
4.505,ONLINE-REOPT,2,2,3.937,0.475,99.91404164730385,PRESERVING,3.462,PASS,continuous_reference_residual_valid_optimizer_reported_success,116,CONTINUE
4.505,ONLINE-REOPT,3,1,3.462,0.362,99.88995983826324,PRESERVING,3.1,PASS,exact_terminal_equality,0,TERMINAL_REACHED
4.506,ONLINE-REOPT,1,3,4.506,0.569,84.83621254300982,PRESERVING,3.937,PASS,continuous_reference_residual_valid_optimizer_reported_success,210,CONTINUE
4.506,ONLINE-REOPT,2,2,3.937,0.475,99.91404164730385,PRESERVING,3.462,PASS,continuous_reference_residual_valid_optimizer_reported_success,116,CONTINUE
4.506,ONLINE-REOPT,3,1,3.462,0.362,99.88995983826324,PRESERVING,3.1,PASS,exact_terminal_equality,0,TERMINAL_REACHED
4.507,ONLINE-REOPT,1,3,4.507,0.57,85.02021190148295,PRESERVING,3.937,PASS,continuous_reference_residual_valid_optimizer_reported_success,211,CONTINUE
4.507,ONLINE-REOPT,2,2,3.937,0.475,99.91404164730385,PRESERVING,3.462,PASS,continuous_reference_residual_valid_optimizer_reported_success,116,CONTINUE
4.507,ONLINE-REOPT,3,1,3.462,0.362,99.88995983826324,PRESERVING,3.1,PASS,exact_terminal_equality,0,TERMINAL_REACHED
4.508,ONLINE-REOPT,1,3,4.508,0.571,85.20429689700306,PRESERVING,3.937,PASS,continuous_reference_residual_valid_optimizer_reported_success,212,CONTINUE
4.508,ONLINE-REOPT,2,2,3.937,0.475,99.91404164730385,PRESERVING,3.462,PASS,continuous_reference_residual_valid_optimizer_reported_success,116,CONTINUE
4.508,ONLINE-REOPT,3,1,3.462,0.362,99.88995983826324,PRESERVING,3.1,PASS,exact_terminal_equality,0,TERMINAL_REACHED
4.509,ONLINE-REOPT,1,3,4.509,0.572,85.38846743007178,PRESERVING,3.937,PASS,continuous_reference_residual_valid_optimizer_reported_success,213,CONTINUE
4.509,ONLINE-REOPT,2,2,3.937,0.475,99.91404164730385,PRESERVING,3.462,PASS,continuous_reference_residual_valid_optimizer_reported_success,116,CONTINUE
4.509,ONLINE-REOPT,3,1,3.462,0.362,99.88995983826324,PRESERVING,3.1,PASS,exact_terminal_equality,0,TERMINAL_REACHED
4.51,ONLINE-REOPT,1,3,4.51,0.573,85.57272340143905,PRESERVING,3.937,PASS,continuous_reference_residual_valid_optimizer_reported_success,214,CONTINUE
4.51,ONLINE-REOPT,2,2,3.937,0.475,99.91404164730385,PRESERVING,3.462,PASS,continuous_reference_residual_valid_optimizer_reported_success,116,CONTINUE
4.51,ONLINE-REOPT,3,1,3.462,0.362,99.88995983826324,PRESERVING,3.1,PASS,exact_terminal_equality,0,TERMINAL_REACHED
4.511,ONLINE-REOPT,1,3,4.511,0.574,85.75706471210107,PRESERVING,3.937,PASS,continuous_reference_residual_valid_optimizer_reported_success,215,CONTINUE
4.511,ONLINE-REOPT,2,2,3.937,0.475,99.91404164730385,PRESERVING,3.462,PASS,continuous_reference_residual_valid_optimizer_reported_success,116,CONTINUE
4.511,ONLINE-REOPT,3,1,3.462,0.362,99.88995983826324,PRESERVING,3.1,PASS,exact_terminal_equality,0,TERMINAL_REACHED
4.512,ONLINE-REOPT,1,3,4.512,0.575,85.94149126330045,PRESERVING,3.937,PASS,continuous_reference_residual_valid_optimizer_reported_success,216,CONTINUE
4.512,ONLINE-REOPT,2,2,3.937,0.475,99.91404164730385,PRESERVING,3.462,PASS,continuous_reference_residual_valid_optimizer_reported_success,116,CONTINUE
4.512,ONLINE-REOPT,3,1,3.462,0.362,99.88995983826324,PRESERVING,3.1,PASS,exact_terminal_equality,0,TERMINAL_REACHED
4.513,ONLINE-REOPT,1,3,4.513,0.576,86.12600295652462,PRESERVING,3.937,PASS,continuous_reference_residual_valid_optimizer_reported_success,217,CONTINUE
4.513,ONLINE-REOPT,2,2,3.937,0.475,99.91404164730385,PRESERVING,3.462,PASS,continuous_reference_residual_valid_optimizer_reported_success,116,CONTINUE
4.513,ONLINE-REOPT,3,1,3.462,0.362,99.88995983826324,PRESERVING,3.1,PASS,exact_terminal_equality,0,TERMINAL_REACHED
4.514,ONLINE-REOPT,1,3,4.514,0.577,86.3105996935045,PRESERVING,3.937,PASS,continuous_reference_residual_valid_optimizer_reported_success,218,CONTINUE
4.514,ONLINE-REOPT,2,2,3.937,0.475,99.91404164730385,PRESERVING,3.462,PASS,continuous_reference_residual_valid_optimizer_reported_success,116,CONTINUE
4.514,ONLINE-REOPT,3,1,3.462,0.362,99.88995983826324,PRESERVING,3.1,PASS,exact_terminal_equality,0,TERMINAL_REACHED
4.515,ONLINE-REOPT,1,3,4.515,0.578,86.49528137621428,PRESERVING,3.937,PASS,continuous_reference_residual_valid_optimizer_reported_success,219,CONTINUE
4.515,ONLINE-REOPT,2,2,3.937,0.475,99.91404164730385,PRESERVING,3.462,PASS,continuous_reference_residual_valid_optimizer_reported_success,116,CONTINUE
4.515,ONLINE-REOPT,3,1,3.462,0.362,99.88995983826324,PRESERVING,3.1,PASS,exact_terminal_equality,0,TERMINAL_REACHED
4.516,ONLINE-REOPT,1,3,4.516,0.579,86.6800479068686,PRESERVING,3.937,PASS,continuous_reference_residual_valid_optimizer_reported_success,220,CONTINUE
4.516,ONLINE-REOPT,2,2,3.937,0.475,99.91404164730385,PRESERVING,3.462,PASS,continuous_reference_residual_valid_optimizer_reported_success,116,CONTINUE
4.516,ONLINE-REOPT,3,1,3.462,0.362,99.88995983826324,PRESERVING,3.1,PASS,exact_terminal_equality,0,TERMINAL_REACHED
4.517,ONLINE-REOPT,1,3,4.517,0.58,86.86489918792391,PRESERVING,3.937,PASS,continuous_reference_residual_valid_optimizer_reported_success,221,CONTINUE
4.517,ONLINE-REOPT,2,2,3.937,0.475,99.91404164730385,PRESERVING,3.462,PASS,continuous_reference_residual_valid_optimizer_reported_success,116,CONTINUE
4.517,ONLINE-REOPT,3,1,3.462,0.362,99.88995983826324,PRESERVING,3.1,PASS,exact_terminal_equality,0,TERMINAL_REACHED
4.518,ONLINE-REOPT,1,3,4.518,0.581,87.04983512207598,PRESERVING,3.937,PASS,continuous_reference_residual_valid_optimizer_reported_success,222,CONTINUE
4.518,ONLINE-REOPT,2,2,3.937,0.475,99.91404164730385,PRESERVING,3.462,PASS,continuous_reference_residual_valid_optimizer_reported_success,116,CONTINUE
4.518,ONLINE-REOPT,3,1,3.462,0.362,99.88995983826324,PRESERVING,3.1,PASS,exact_terminal_equality,0,TERMINAL_REACHED
4.519,ONLINE-REOPT,1,3,4.519,0.582,87.23485561225888,PRESERVING,3.937,PASS,continuous_reference_residual_valid_optimizer_reported_success,223,CONTINUE
4.519,ONLINE-REOPT,2,2,3.937,0.475,99.91404164730385,PRESERVING,3.462,PASS,continuous_reference_residual_valid_optimizer_reported_success,116,CONTINUE
4.519,ONLINE-REOPT,3,1,3.462,0.362,99.88995983826324,PRESERVING,3.1,PASS,exact_terminal_equality,0,TERMINAL_REACHED
4.52,ONLINE-REOPT,1,3,4.52,0.583,87.41996056164442,PRESERVING,3.937,PASS,continuous_reference_residual_valid_optimizer_reported_success,224,CONTINUE
4.52,ONLINE-REOPT,2,2,3.937,0.475,99.91404164730385,PRESERVING,3.462,PASS,continuous_reference_residual_valid_optimizer_reported_success,116,CONTINUE
4.52,ONLINE-REOPT,3,1,3.462,0.362,99.88995983826324,PRESERVING,3.1,PASS,exact_terminal_equality,0,TERMINAL_REACHED
4.521,ONLINE-REOPT,1,3,4.521,0.584,87.60514987364093,PRESERVING,3.937,PASS,continuous_reference_residual_valid_optimizer_reported_success,225,CONTINUE
4.521,ONLINE-REOPT,2,2,3.937,0.475,99.91404164730385,PRESERVING,3.462,PASS,continuous_reference_residual_valid_optimizer_reported_success,116,CONTINUE
4.521,ONLINE-REOPT,3,1,3.462,0.362,99.88995983826324,PRESERVING,3.1,PASS,exact_terminal_equality,0,TERMINAL_REACHED
4.522,ONLINE-REOPT,1,3,4.522,0.585,87.7904234518926,PRESERVING,3.937,PASS,continuous_reference_residual_valid_optimizer_reported_success,226,CONTINUE
4.522,ONLINE-REOPT,2,2,3.937,0.475,99.91404164730385,PRESERVING,3.462,PASS,continuous_reference_residual_valid_optimizer_reported_success,116,CONTINUE
4.522,ONLINE-REOPT,3,1,3.462,0.362,99.88995983826324,PRESERVING,3.1,PASS,exact_terminal_equality,0,TERMINAL_REACHED
4.523,ONLINE-REOPT,1,3,4.523,0.586,87.97578120027724,PRESERVING,3.937,PASS,continuous_reference_residual_valid_optimizer_reported_success,227,CONTINUE
4.523,ONLINE-REOPT,2,2,3.937,0.475,99.91404164730385,PRESERVING,3.462,PASS,continuous_reference_residual_valid_optimizer_reported_success,116,CONTINUE
4.523,ONLINE-REOPT,3,1,3.462,0.362,99.88995983826324,PRESERVING,3.1,PASS,exact_terminal_equality,0,TERMINAL_REACHED
4.524,ONLINE-REOPT,1,3,4.524,0.587,88.1612230229071,PRESERVING,3.937,PASS,continuous_reference_residual_valid_optimizer_reported_success,228,CONTINUE
4.524,ONLINE-REOPT,2,2,3.937,0.475,99.91404164730385,PRESERVING,3.462,PASS,continuous_reference_residual_valid_optimizer_reported_success,116,CONTINUE
4.524,ONLINE-REOPT,3,1,3.462,0.362,99.88995983826324,PRESERVING,3.1,PASS,exact_terminal_equality,0,TERMINAL_REACHED
4.525,ONLINE-REOPT,1,3,4.525,0.588,88.34674882412682,PRESERVING,3.937,PASS,continuous_reference_residual_valid_optimizer_reported_success,229,CONTINUE
4.525,ONLINE-REOPT,2,2,3.937,0.475,99.91404164730385,PRESERVING,3.462,PASS,continuous_reference_residual_valid_optimizer_reported_success,116,CONTINUE
4.525,ONLINE-REOPT,3,1,3.462,0.362,99.88995983826324,PRESERVING,3.1,PASS,exact_terminal_equality,0,TERMINAL_REACHED
4.526,ONLINE-REOPT,1,3,4.526,0.589,88.53235850851236,PRESERVING,3.937,PASS,continuous_reference_residual_valid_optimizer_reported_success,230,CONTINUE
4.526,ONLINE-REOPT,2,2,3.937,0.475,99.91404164730385,PRESERVING,3.462,PASS,continuous_reference_residual_valid_optimizer_reported_success,116,CONTINUE
4.526,ONLINE-REOPT,3,1,3.462,0.362,99.88995983826324,PRESERVING,3.1,PASS,exact_terminal_equality,0,TERMINAL_REACHED
4.527,ONLINE-REOPT,1,3,4.527,0.59,88.71805198087083,PRESERVING,3.937,PASS,continuous_reference_residual_valid_optimizer_reported_success,231,CONTINUE
4.527,ONLINE-REOPT,2,2,3.937,0.475,99.91404164730385,PRESERVING,3.462,PASS,continuous_reference_residual_valid_optimizer_reported_success,116,CONTINUE
4.527,ONLINE-REOPT,3,1,3.462,0.362,99.88995983826324,PRESERVING,3.1,PASS,exact_terminal_equality,0,TERMINAL_REACHED
4.528,ONLINE-REOPT,1,3,4.528,0.591,88.90382914623795,PRESERVING,3.937,PASS,continuous_reference_residual_valid_optimizer_reported_success,232,CONTINUE
4.528,ONLINE-REOPT,2,2,3.937,0.475,99.91404164730385,PRESERVING,3.462,PASS,continuous_reference_residual_valid_optimizer_reported_success,116,CONTINUE
4.528,ONLINE-REOPT,3,1,3.462,0.362,99.88995983826324,PRESERVING,3.1,PASS,exact_terminal_equality,0,TERMINAL_REACHED
4.529,ONLINE-REOPT,1,3,4.529,0.592,89.08968990987908,PRESERVING,3.937,PASS,continuous_reference_residual_valid_optimizer_reported_success,233,CONTINUE
4.529,ONLINE-REOPT,2,2,3.937,0.475,99.91404164730385,PRESERVING,3.462,PASS,continuous_reference_residual_valid_optimizer_reported_success,116,CONTINUE
4.529,ONLINE-REOPT,3,1,3.462,0.362,99.88995983826324,PRESERVING,3.1,PASS,exact_terminal_equality,0,TERMINAL_REACHED
4.53,ONLINE-REOPT,1,3,4.53,0.593,89.27563417728699,PRESERVING,3.937,PASS,continuous_reference_residual_valid_optimizer_reported_success,234,CONTINUE
4.53,ONLINE-REOPT,2,2,3.937,0.475,99.91404164730385,PRESERVING,3.462,PASS,continuous_reference_residual_valid_optimizer_reported_success,116,CONTINUE
4.53,ONLINE-REOPT,3,1,3.462,0.362,99.88995983826324,PRESERVING,3.1,PASS,exact_terminal_equality,0,TERMINAL_REACHED
4.531,ONLINE-REOPT,1,3,4.531,0.594,89.4616618541812,PRESERVING,3.937,PASS,continuous_reference_residual_valid_optimizer_reported_success,235,CONTINUE
4.531,ONLINE-REOPT,2,2,3.937,0.475,99.91404164730385,PRESERVING,3.462,PASS,continuous_reference_residual_valid_optimizer_reported_success,116,CONTINUE
4.531,ONLINE-REOPT,3,1,3.462,0.362,99.88995983826324,PRESERVING,3.1,PASS,exact_terminal_equality,0,TERMINAL_REACHED
4.532,ONLINE-REOPT,1,3,4.532,0.595,89.64777284650695,PRESERVING,3.937,PASS,continuous_reference_residual_valid_optimizer_reported_success,236,CONTINUE
4.532,ONLINE-REOPT,2,2,3.937,0.475,99.91404164730385,PRESERVING,3.462,PASS,continuous_reference_residual_valid_optimizer_reported_success,116,CONTINUE
4.532,ONLINE-REOPT,3,1,3.462,0.362,99.88995983826324,PRESERVING,3.1,PASS,exact_terminal_equality,0,TERMINAL_REACHED
4.533,ONLINE-REOPT,1,3,4.533,0.596,89.8339670604345,PRESERVING,3.937,PASS,continuous_reference_residual_valid_optimizer_reported_success,237,CONTINUE
4.533,ONLINE-REOPT,2,2,3.937,0.475,99.91404164730385,PRESERVING,3.462,PASS,continuous_reference_residual_valid_optimizer_reported_success,116,CONTINUE
4.533,ONLINE-REOPT,3,1,3.462,0.362,99.88995983826324,PRESERVING,3.1,PASS,exact_terminal_equality,0,TERMINAL_REACHED
4.534,ONLINE-REOPT,1,3,4.534,0.597,90.02024440235823,PRESERVING,3.937,PASS,continuous_reference_residual_valid_optimizer_reported_success,238,CONTINUE
4.534,ONLINE-REOPT,2,2,3.937,0.475,99.91404164730385,PRESERVING,3.462,PASS,continuous_reference_residual_valid_optimizer_reported_success,116,CONTINUE
4.534,ONLINE-REOPT,3,1,3.462,0.362,99.88995983826324,PRESERVING,3.1,PASS,exact_terminal_equality,0,TERMINAL_REACHED
4.535,ONLINE-REOPT,1,3,4.535,0.598,90.20660477889476,PRESERVING,3.937,PASS,continuous_reference_residual_valid_optimizer_reported_success,239,CONTINUE
4.535,ONLINE-REOPT,2,2,3.937,0.475,99.91404164730385,PRESERVING,3.462,PASS,continuous_reference_residual_valid_optimizer_reported_success,116,CONTINUE
4.535,ONLINE-REOPT,3,1,3.462,0.362,99.88995983826324,PRESERVING,3.1,PASS,exact_terminal_equality,0,TERMINAL_REACHED
4.536,ONLINE-REOPT,1,3,4.536,0.599,90.39304809688359,PRESERVING,3.937,PASS,continuous_reference_residual_valid_optimizer_reported_success,240,CONTINUE
4.536,ONLINE-REOPT,2,2,3.937,0.475,99.91404164730385,PRESERVING,3.462,PASS,continuous_reference_residual_valid_optimizer_reported_success,116,CONTINUE
4.536,ONLINE-REOPT,3,1,3.462,0.362,99.88995983826324,PRESERVING,3.1,PASS,exact_terminal_equality,0,TERMINAL_REACHED
4.537,ONLINE-REOPT,1,3,4.537,0.6,90.57957426338518,PRESERVING,3.937,PASS,continuous_reference_residual_valid_optimizer_reported_success,241,CONTINUE
4.537,ONLINE-REOPT,2,2,3.937,0.475,99.91404164730385,PRESERVING,3.462,PASS,continuous_reference_residual_valid_optimizer_reported_success,116,CONTINUE
4.537,ONLINE-REOPT,3,1,3.462,0.362,99.88995983826324,PRESERVING,3.1,PASS,exact_terminal_equality,0,TERMINAL_REACHED
4.538,ONLINE-REOPT,1,3,4.538,0.601,90.76618318568,PRESERVING,3.937,PASS,continuous_reference_residual_valid_optimizer_reported_success,242,CONTINUE
4.538,ONLINE-REOPT,2,2,3.937,0.475,99.91404164730385,PRESERVING,3.462,PASS,continuous_reference_residual_valid_optimizer_reported_success,116,CONTINUE
4.538,ONLINE-REOPT,3,1,3.462,0.362,99.88995983826324,PRESERVING,3.1,PASS,exact_terminal_equality,0,TERMINAL_REACHED
4.539,ONLINE-REOPT,1,3,4.539,0.602,90.95287477126844,PRESERVING,3.937,PASS,continuous_reference_residual_valid_optimizer_reported_success,243,CONTINUE
4.539,ONLINE-REOPT,2,2,3.937,0.475,99.91404164730385,PRESERVING,3.462,PASS,continuous_reference_residual_valid_optimizer_reported_success,116,CONTINUE
4.539,ONLINE-REOPT,3,1,3.462,0.362,99.88995983826324,PRESERVING,3.1,PASS,exact_terminal_equality,0,TERMINAL_REACHED
4.54,ONLINE-REOPT,1,3,4.54,0.603,91.13964892786835,PRESERVING,3.937,PASS,continuous_reference_residual_valid_optimizer_reported_success,244,CONTINUE
4.54,ONLINE-REOPT,2,2,3.937,0.475,99.91404164730385,PRESERVING,3.462,PASS,continuous_reference_residual_valid_optimizer_reported_success,116,CONTINUE
4.54,ONLINE-REOPT,3,1,3.462,0.362,99.88995983826324,PRESERVING,3.1,PASS,exact_terminal_equality,0,TERMINAL_REACHED
4.541,ONLINE-REOPT,1,3,4.541,0.604,91.32650556341596,PRESERVING,3.937,PASS,continuous_reference_residual_valid_optimizer_reported_success,245,CONTINUE
4.541,ONLINE-REOPT,2,2,3.937,0.475,99.91404164730385,PRESERVING,3.462,PASS,continuous_reference_residual_valid_optimizer_reported_success,116,CONTINUE
4.541,ONLINE-REOPT,3,1,3.462,0.362,99.88995983826324,PRESERVING,3.1,PASS,exact_terminal_equality,0,TERMINAL_REACHED
4.542,ONLINE-REOPT,1,3,4.542,0.605,91.51344458606376,PRESERVING,3.937,PASS,continuous_reference_residual_valid_optimizer_reported_success,246,CONTINUE
4.542,ONLINE-REOPT,2,2,3.937,0.475,99.91404164730385,PRESERVING,3.462,PASS,continuous_reference_residual_valid_optimizer_reported_success,116,CONTINUE
4.542,ONLINE-REOPT,3,1,3.462,0.362,99.88995983826324,PRESERVING,3.1,PASS,exact_terminal_equality,0,TERMINAL_REACHED
4.543,ONLINE-REOPT,1,3,4.543,0.606,91.70046590418022,PRESERVING,3.937,PASS,continuous_reference_residual_valid_optimizer_reported_success,247,CONTINUE
4.543,ONLINE-REOPT,2,2,3.937,0.475,99.91404164730385,PRESERVING,3.462,PASS,continuous_reference_residual_valid_optimizer_reported_success,116,CONTINUE
4.543,ONLINE-REOPT,3,1,3.462,0.362,99.88995983826324,PRESERVING,3.1,PASS,exact_terminal_equality,0,TERMINAL_REACHED
4.544,ONLINE-REOPT,1,3,4.544,0.607,91.88756942634846,PRESERVING,3.937,PASS,continuous_reference_residual_valid_optimizer_reported_success,248,CONTINUE
4.544,ONLINE-REOPT,2,2,3.937,0.475,99.91404164730385,PRESERVING,3.462,PASS,continuous_reference_residual_valid_optimizer_reported_success,116,CONTINUE
4.544,ONLINE-REOPT,3,1,3.462,0.362,99.88995983826324,PRESERVING,3.1,PASS,exact_terminal_equality,0,TERMINAL_REACHED
4.545,ONLINE-REOPT,1,3,4.545,0.608,92.07475506136575,PRESERVING,3.937,PASS,continuous_reference_residual_valid_optimizer_reported_success,249,CONTINUE
4.545,ONLINE-REOPT,2,2,3.937,0.475,99.91404164730385,PRESERVING,3.462,PASS,continuous_reference_residual_valid_optimizer_reported_success,116,CONTINUE
4.545,ONLINE-REOPT,3,1,3.462,0.362,99.88995983826324,PRESERVING,3.1,PASS,exact_terminal_equality,0,TERMINAL_REACHED
4.546,ONLINE-REOPT,1,3,4.546,0.609,92.26202271824266,PRESERVING,3.937,PASS,continuous_reference_residual_valid_optimizer_reported_success,250,CONTINUE
4.546,ONLINE-REOPT,2,2,3.937,0.475,99.91404164730385,PRESERVING,3.462,PASS,continuous_reference_residual_valid_optimizer_reported_success,116,CONTINUE
4.546,ONLINE-REOPT,3,1,3.462,0.362,99.88995983826324,PRESERVING,3.1,PASS,exact_terminal_equality,0,TERMINAL_REACHED
4.547,ONLINE-REOPT,1,3,4.547,0.61,92.4493723062013,PRESERVING,3.937,PASS,continuous_reference_residual_valid_optimizer_reported_success,251,CONTINUE
4.547,ONLINE-REOPT,2,2,3.937,0.475,99.91404164730385,PRESERVING,3.462,PASS,continuous_reference_residual_valid_optimizer_reported_success,116,CONTINUE
4.547,ONLINE-REOPT,3,1,3.462,0.362,99.88995983826324,PRESERVING,3.1,PASS,exact_terminal_equality,0,TERMINAL_REACHED
4.548,ONLINE-REOPT,1,3,4.548,0.611,92.63680373467587,PRESERVING,3.937,PASS,continuous_reference_residual_valid_optimizer_reported_success,252,CONTINUE
4.548,ONLINE-REOPT,2,2,3.937,0.475,99.91404164730385,PRESERVING,3.462,PASS,continuous_reference_residual_valid_optimizer_reported_success,116,CONTINUE
4.548,ONLINE-REOPT,3,1,3.462,0.362,99.88995983826324,PRESERVING,3.1,PASS,exact_terminal_equality,0,TERMINAL_REACHED
4.549,ONLINE-REOPT,1,3,4.549,0.612,92.82431691331095,PRESERVING,3.937,PASS,continuous_reference_residual_valid_optimizer_reported_success,253,CONTINUE
4.549,ONLINE-REOPT,2,2,3.937,0.475,99.91404164730385,PRESERVING,3.462,PASS,continuous_reference_residual_valid_optimizer_reported_success,116,CONTINUE
4.549,ONLINE-REOPT,3,1,3.462,0.362,99.88995983826324,PRESERVING,3.1,PASS,exact_terminal_equality,0,TERMINAL_REACHED
4.55,ONLINE-REOPT,1,3,4.55,0.613,93.01191175196062,PRESERVING,3.937,PASS,continuous_reference_residual_valid_optimizer_reported_success,254,CONTINUE
4.55,ONLINE-REOPT,2,2,3.937,0.475,99.91404164730385,PRESERVING,3.462,PASS,continuous_reference_residual_valid_optimizer_reported_success,116,CONTINUE
4.55,ONLINE-REOPT,3,1,3.462,0.362,99.88995983826324,PRESERVING,3.1,PASS,exact_terminal_equality,0,TERMINAL_REACHED
4.551,ONLINE-REOPT,1,3,4.551,0.614,93.19958816068814,PRESERVING,3.937,PASS,continuous_reference_residual_valid_optimizer_reported_success,255,CONTINUE
4.551,ONLINE-REOPT,2,2,3.937,0.475,99.91404164730385,PRESERVING,3.462,PASS,continuous_reference_residual_valid_optimizer_reported_success,116,CONTINUE
4.551,ONLINE-REOPT,3,1,3.462,0.362,99.88995983826324,PRESERVING,3.1,PASS,exact_terminal_equality,0,TERMINAL_REACHED
4.552,ONLINE-REOPT,1,3,4.552,0.615,93.38734604976409,PRESERVING,3.937,PASS,continuous_reference_residual_valid_optimizer_reported_success,256,CONTINUE
4.552,ONLINE-REOPT,2,2,3.937,0.475,99.91404164730385,PRESERVING,3.462,PASS,continuous_reference_residual_valid_optimizer_reported_success,116,CONTINUE
4.552,ONLINE-REOPT,3,1,3.462,0.362,99.88995983826324,PRESERVING,3.1,PASS,exact_terminal_equality,0,TERMINAL_REACHED
4.553,ONLINE-REOPT,1,3,4.553,0.616,93.5751853296669,PRESERVING,3.937,PASS,continuous_reference_residual_valid_optimizer_reported_success,257,CONTINUE
4.553,ONLINE-REOPT,2,2,3.937,0.475,99.91404164730385,PRESERVING,3.462,PASS,continuous_reference_residual_valid_optimizer_reported_success,116,CONTINUE
4.553,ONLINE-REOPT,3,1,3.462,0.362,99.88995983826324,PRESERVING,3.1,PASS,exact_terminal_equality,0,TERMINAL_REACHED
4.554,ONLINE-REOPT,1,3,4.554,0.617,93.76310591108093,PRESERVING,3.937,PASS,continuous_reference_residual_valid_optimizer_reported_success,258,CONTINUE
4.554,ONLINE-REOPT,2,2,3.937,0.475,99.91404164730385,PRESERVING,3.462,PASS,continuous_reference_residual_valid_optimizer_reported_success,116,CONTINUE
4.554,ONLINE-REOPT,3,1,3.462,0.362,99.88995983826324,PRESERVING,3.1,PASS,exact_terminal_equality,0,TERMINAL_REACHED
4.555,ONLINE-REOPT,1,3,4.555,0.618,93.95110770489622,PRESERVING,3.937,PASS,continuous_reference_residual_valid_optimizer_reported_success,259,CONTINUE
4.555,ONLINE-REOPT,2,2,3.937,0.475,99.91404164730385,PRESERVING,3.462,PASS,continuous_reference_residual_valid_optimizer_reported_success,116,CONTINUE
4.555,ONLINE-REOPT,3,1,3.462,0.362,99.88995983826324,PRESERVING,3.1,PASS,exact_terminal_equality,0,TERMINAL_REACHED
4.556,ONLINE-REOPT,1,3,4.556,0.619,94.1391906222073,PRESERVING,3.937,PASS,continuous_reference_residual_valid_optimizer_reported_success,260,CONTINUE
4.556,ONLINE-REOPT,2,2,3.937,0.475,99.91404164730385,PRESERVING,3.462,PASS,continuous_reference_residual_valid_optimizer_reported_success,116,CONTINUE
4.556,ONLINE-REOPT,3,1,3.462,0.362,99.88995983826324,PRESERVING,3.1,PASS,exact_terminal_equality,0,TERMINAL_REACHED
4.557,ONLINE-REOPT,1,3,4.557,0.62,94.32735457431262,PRESERVING,3.937,PASS,continuous_reference_residual_valid_optimizer_reported_success,261,CONTINUE
4.557,ONLINE-REOPT,2,2,3.937,0.475,99.91404164730385,PRESERVING,3.462,PASS,continuous_reference_residual_valid_optimizer_reported_success,116,CONTINUE
4.557,ONLINE-REOPT,3,1,3.462,0.362,99.88995983826324,PRESERVING,3.1,PASS,exact_terminal_equality,0,TERMINAL_REACHED
4.558,ONLINE-REOPT,1,3,4.558,0.621,94.51559947271397,PRESERVING,3.937,PASS,continuous_reference_residual_valid_optimizer_reported_success,262,CONTINUE
4.558,ONLINE-REOPT,2,2,3.937,0.475,99.91404164730385,PRESERVING,3.462,PASS,continuous_reference_residual_valid_optimizer_reported_success,116,CONTINUE
4.558,ONLINE-REOPT,3,1,3.462,0.362,99.88995983826324,PRESERVING,3.1,PASS,exact_terminal_equality,0,TERMINAL_REACHED
4.559,ONLINE-REOPT,1,3,4.559,0.622,94.70392522911456,PRESERVING,3.937,PASS,continuous_reference_residual_valid_optimizer_reported_success,263,CONTINUE
4.559,ONLINE-REOPT,2,2,3.937,0.475,99.91404164730385,PRESERVING,3.462,PASS,continuous_reference_residual_valid_optimizer_reported_success,116,CONTINUE
4.559,ONLINE-REOPT,3,1,3.462,0.362,99.88995983826324,PRESERVING,3.1,PASS,exact_terminal_equality,0,TERMINAL_REACHED
4.56,ONLINE-REOPT,1,3,4.56,0.623,94.8923317554196,PRESERVING,3.937,PASS,continuous_reference_residual_valid_optimizer_reported_success,264,CONTINUE
4.56,ONLINE-REOPT,2,2,3.937,0.475,99.91404164730385,PRESERVING,3.462,PASS,continuous_reference_residual_valid_optimizer_reported_success,116,CONTINUE
4.56,ONLINE-REOPT,3,1,3.462,0.362,99.88995983826324,PRESERVING,3.1,PASS,exact_terminal_equality,0,TERMINAL_REACHED
4.561,ONLINE-REOPT,1,3,4.561,0.624,95.08081896373487,PRESERVING,3.937,PASS,continuous_reference_residual_valid_optimizer_reported_success,265,CONTINUE
4.561,ONLINE-REOPT,2,2,3.937,0.475,99.91404164730385,PRESERVING,3.462,PASS,continuous_reference_residual_valid_optimizer_reported_success,116,CONTINUE
4.561,ONLINE-REOPT,3,1,3.462,0.362,99.88995983826324,PRESERVING,3.1,PASS,exact_terminal_equality,0,TERMINAL_REACHED
4.562,ONLINE-REOPT,1,3,4.562,0.625,95.26938676636584,PRESERVING,3.937,PASS,continuous_reference_residual_valid_optimizer_reported_success,266,CONTINUE
4.562,ONLINE-REOPT,2,2,3.937,0.475,99.91404164730385,PRESERVING,3.462,PASS,continuous_reference_residual_valid_optimizer_reported_success,116,CONTINUE
4.562,ONLINE-REOPT,3,1,3.462,0.362,99.88995983826324,PRESERVING,3.1,PASS,exact_terminal_equality,0,TERMINAL_REACHED
4.563,ONLINE-REOPT,1,3,4.563,0.626,95.45803507581736,PRESERVING,3.937,PASS,continuous_reference_residual_valid_optimizer_reported_success,267,CONTINUE
4.563,ONLINE-REOPT,2,2,3.937,0.475,99.91404164730385,PRESERVING,3.462,PASS,continuous_reference_residual_valid_optimizer_reported_success,116,CONTINUE
4.563,ONLINE-REOPT,3,1,3.462,0.362,99.88995983826324,PRESERVING,3.1,PASS,exact_terminal_equality,0,TERMINAL_REACHED
4.564,ONLINE-REOPT,1,3,4.564,0.627,95.6467638047916,PRESERVING,3.937,PASS,continuous_reference_residual_valid_optimizer_reported_success,268,CONTINUE
4.564,ONLINE-REOPT,2,2,3.937,0.475,99.91404164730385,PRESERVING,3.462,PASS,continuous_reference_residual_valid_optimizer_reported_success,116,CONTINUE
4.564,ONLINE-REOPT,3,1,3.462,0.362,99.88995983826324,PRESERVING,3.1,PASS,exact_terminal_equality,0,TERMINAL_REACHED
4.565,ONLINE-REOPT,1,3,4.565,0.628,95.83557286618908,PRESERVING,3.937,PASS,continuous_reference_residual_valid_optimizer_reported_success,269,CONTINUE
4.565,ONLINE-REOPT,2,2,3.937,0.475,99.91404164730385,PRESERVING,3.462,PASS,continuous_reference_residual_valid_optimizer_reported_success,116,CONTINUE
4.565,ONLINE-REOPT,3,1,3.462,0.362,99.88995983826324,PRESERVING,3.1,PASS,exact_terminal_equality,0,TERMINAL_REACHED
4.566,ONLINE-REOPT,1,3,4.566,0.629,96.02446217310656,PRESERVING,3.937,PASS,continuous_reference_residual_valid_optimizer_reported_success,270,CONTINUE
4.566,ONLINE-REOPT,2,2,3.937,0.475,99.91404164730385,PRESERVING,3.462,PASS,continuous_reference_residual_valid_optimizer_reported_success,116,CONTINUE
4.566,ONLINE-REOPT,3,1,3.462,0.362,99.88995983826324,PRESERVING,3.1,PASS,exact_terminal_equality,0,TERMINAL_REACHED
4.567,ONLINE-REOPT,1,3,4.567,0.63,96.21343163883682,PRESERVING,3.937,PASS,continuous_reference_residual_valid_optimizer_reported_success,271,CONTINUE
4.567,ONLINE-REOPT,2,2,3.937,0.475,99.91404164730385,PRESERVING,3.462,PASS,continuous_reference_residual_valid_optimizer_reported_success,116,CONTINUE
4.567,ONLINE-REOPT,3,1,3.462,0.362,99.88995983826324,PRESERVING,3.1,PASS,exact_terminal_equality,0,TERMINAL_REACHED
4.568,ONLINE-REOPT,1,3,4.568,0.631,96.4024811768677,PRESERVING,3.937,PASS,continuous_reference_residual_valid_optimizer_reported_success,272,CONTINUE
4.568,ONLINE-REOPT,2,2,3.937,0.475,99.91404164730385,PRESERVING,3.462,PASS,continuous_reference_residual_valid_optimizer_reported_success,116,CONTINUE
4.568,ONLINE-REOPT,3,1,3.462,0.362,99.88995983826324,PRESERVING,3.1,PASS,exact_terminal_equality,0,TERMINAL_REACHED
4.569,ONLINE-REOPT,1,3,4.569,0.632,96.59161070088145,PRESERVING,3.937,PASS,continuous_reference_residual_valid_optimizer_reported_success,273,CONTINUE
4.569,ONLINE-REOPT,2,2,3.937,0.475,99.91404164730385,PRESERVING,3.462,PASS,continuous_reference_residual_valid_optimizer_reported_success,116,CONTINUE
4.569,ONLINE-REOPT,3,1,3.462,0.362,99.88995983826324,PRESERVING,3.1,PASS,exact_terminal_equality,0,TERMINAL_REACHED
4.57,ONLINE-REOPT,1,3,4.57,0.633,96.780820124754,PRESERVING,3.937,PASS,continuous_reference_residual_valid_optimizer_reported_success,274,CONTINUE
4.57,ONLINE-REOPT,2,2,3.937,0.475,99.91404164730385,PRESERVING,3.462,PASS,continuous_reference_residual_valid_optimizer_reported_success,116,CONTINUE
4.57,ONLINE-REOPT,3,1,3.462,0.362,99.88995983826324,PRESERVING,3.1,PASS,exact_terminal_equality,0,TERMINAL_REACHED
4.571,ONLINE-REOPT,1,3,4.571,0.634,96.97010936255371,PRESERVING,3.937,PASS,continuous_reference_residual_valid_optimizer_reported_success,275,CONTINUE
4.571,ONLINE-REOPT,2,2,3.937,0.475,99.91404164730385,PRESERVING,3.462,PASS,continuous_reference_residual_valid_optimizer_reported_success,116,CONTINUE
4.571,ONLINE-REOPT,3,1,3.462,0.362,99.88995983826324,PRESERVING,3.1,PASS,exact_terminal_equality,0,TERMINAL_REACHED
4.572,ONLINE-REOPT,1,3,4.572,0.635,97.15947832854134,PRESERVING,3.937,PASS,continuous_reference_residual_valid_optimizer_reported_success,276,CONTINUE
4.572,ONLINE-REOPT,2,2,3.937,0.475,99.91404164730385,PRESERVING,3.462,PASS,continuous_reference_residual_valid_optimizer_reported_success,116,CONTINUE
4.572,ONLINE-REOPT,3,1,3.462,0.362,99.88995983826324,PRESERVING,3.1,PASS,exact_terminal_equality,0,TERMINAL_REACHED
4.573,ONLINE-REOPT,1,3,4.573,0.636,97.34892693716898,PRESERVING,3.937,PASS,continuous_reference_residual_valid_optimizer_reported_success,277,CONTINUE
4.573,ONLINE-REOPT,2,2,3.937,0.475,99.91404164730385,PRESERVING,3.462,PASS,continuous_reference_residual_valid_optimizer_reported_success,116,CONTINUE
4.573,ONLINE-REOPT,3,1,3.462,0.362,99.88995983826324,PRESERVING,3.1,PASS,exact_terminal_equality,0,TERMINAL_REACHED
4.574,ONLINE-REOPT,1,3,4.574,0.637,97.53845510307913,PRESERVING,3.937,PASS,continuous_reference_residual_valid_optimizer_reported_success,278,CONTINUE
4.574,ONLINE-REOPT,2,2,3.937,0.475,99.91404164730385,PRESERVING,3.462,PASS,continuous_reference_residual_valid_optimizer_reported_success,116,CONTINUE
4.574,ONLINE-REOPT,3,1,3.462,0.362,99.88995983826324,PRESERVING,3.1,PASS,exact_terminal_equality,0,TERMINAL_REACHED
4.575,ONLINE-REOPT,1,3,4.575,0.638,97.7280627411045,PRESERVING,3.937,PASS,continuous_reference_residual_valid_optimizer_reported_success,279,CONTINUE
4.575,ONLINE-REOPT,2,2,3.937,0.475,99.91404164730385,PRESERVING,3.462,PASS,continuous_reference_residual_valid_optimizer_reported_success,116,CONTINUE
4.575,ONLINE-REOPT,3,1,3.462,0.362,99.88995983826324,PRESERVING,3.1,PASS,exact_terminal_equality,0,TERMINAL_REACHED
4.576,ONLINE-REOPT,1,3,4.576,0.639,97.91774976626631,PRESERVING,3.937,PASS,continuous_reference_residual_valid_optimizer_reported_success,280,CONTINUE
4.576,ONLINE-REOPT,2,2,3.937,0.475,99.91404164730385,PRESERVING,3.462,PASS,continuous_reference_residual_valid_optimizer_reported_success,116,CONTINUE
4.576,ONLINE-REOPT,3,1,3.462,0.362,99.88995983826324,PRESERVING,3.1,PASS,exact_terminal_equality,0,TERMINAL_REACHED
4.577,ONLINE-REOPT,1,3,4.577,0.64,98.10751609377455,PRESERVING,3.937,PASS,continuous_reference_residual_valid_optimizer_reported_success,281,CONTINUE
4.577,ONLINE-REOPT,2,2,3.937,0.475,99.91404164730385,PRESERVING,3.462,PASS,continuous_reference_residual_valid_optimizer_reported_success,116,CONTINUE
4.577,ONLINE-REOPT,3,1,3.462,0.362,99.88995983826324,PRESERVING,3.1,PASS,exact_terminal_equality,0,TERMINAL_REACHED
4.578,ONLINE-REOPT,1,3,4.578,0.641,98.29736163902679,PRESERVING,3.937,PASS,continuous_reference_residual_valid_optimizer_reported_success,282,CONTINUE
4.578,ONLINE-REOPT,2,2,3.937,0.475,99.91404164730385,PRESERVING,3.462,PASS,continuous_reference_residual_valid_optimizer_reported_success,116,CONTINUE
4.578,ONLINE-REOPT,3,1,3.462,0.362,99.88995983826324,PRESERVING,3.1,PASS,exact_terminal_equality,0,TERMINAL_REACHED
4.579,ONLINE-REOPT,1,3,4.579,0.642,98.48728631760744,PRESERVING,3.937,PASS,continuous_reference_residual_valid_optimizer_reported_success,283,CONTINUE
4.579,ONLINE-REOPT,2,2,3.937,0.475,99.91404164730385,PRESERVING,3.462,PASS,continuous_reference_residual_valid_optimizer_reported_success,116,CONTINUE
4.579,ONLINE-REOPT,3,1,3.462,0.362,99.88995983826324,PRESERVING,3.1,PASS,exact_terminal_equality,0,TERMINAL_REACHED
4.58,ONLINE-REOPT,1,3,4.58,0.643,98.67729004528717,PRESERVING,3.937,PASS,continuous_reference_residual_valid_optimizer_reported_success,284,CONTINUE
4.58,ONLINE-REOPT,2,2,3.937,0.475,99.91404164730385,PRESERVING,3.462,PASS,continuous_reference_residual_valid_optimizer_reported_success,116,CONTINUE
4.58,ONLINE-REOPT,3,1,3.462,0.362,99.88995983826324,PRESERVING,3.1,PASS,exact_terminal_equality,0,TERMINAL_REACHED
4.581,ONLINE-REOPT,1,3,4.581,0.644,98.86737273802214,PRESERVING,3.937,PASS,continuous_reference_residual_valid_optimizer_reported_success,285,CONTINUE
4.581,ONLINE-REOPT,2,2,3.937,0.475,99.91404164730385,PRESERVING,3.462,PASS,continuous_reference_residual_valid_optimizer_reported_success,116,CONTINUE
4.581,ONLINE-REOPT,3,1,3.462,0.362,99.88995983826324,PRESERVING,3.1,PASS,exact_terminal_equality,0,TERMINAL_REACHED
4.582,ONLINE-REOPT,1,3,4.582,0.645,99.05753431195335,PRESERVING,3.937,PASS,continuous_reference_residual_valid_optimizer_reported_success,286,CONTINUE
4.582,ONLINE-REOPT,2,2,3.937,0.475,99.91404164730385,PRESERVING,3.462,PASS,continuous_reference_residual_valid_optimizer_reported_success,116,CONTINUE
4.582,ONLINE-REOPT,3,1,3.462,0.362,99.88995983826324,PRESERVING,3.1,PASS,exact_terminal_equality,0,TERMINAL_REACHED
4.583,ONLINE-REOPT,1,3,4.583,0.646,99.24777468340528,PRESERVING,3.937,PASS,continuous_reference_residual_valid_optimizer_reported_success,287,CONTINUE
4.583,ONLINE-REOPT,2,2,3.937,0.475,99.91404164730385,PRESERVING,3.462,PASS,continuous_reference_residual_valid_optimizer_reported_success,116,CONTINUE
4.583,ONLINE-REOPT,3,1,3.462,0.362,99.88995983826324,PRESERVING,3.1,PASS,exact_terminal_equality,0,TERMINAL_REACHED
4.584,ONLINE-REOPT,1,3,4.584,0.647,99.43809376888645,PRESERVING,3.937,PASS,continuous_reference_residual_valid_optimizer_reported_success,288,CONTINUE
4.584,ONLINE-REOPT,2,2,3.937,0.475,99.91404164730385,PRESERVING,3.462,PASS,continuous_reference_residual_valid_optimizer_reported_success,116,CONTINUE
4.584,ONLINE-REOPT,3,1,3.462,0.362,99.88995983826324,PRESERVING,3.1,PASS,exact_terminal_equality,0,TERMINAL_REACHED
4.585,ONLINE-REOPT,1,3,4.585,0.648,99.62849148508762,PRESERVING,3.937,PASS,continuous_reference_residual_valid_optimizer_reported_success,289,CONTINUE
4.585,ONLINE-REOPT,2,2,3.937,0.475,99.91404164730385,PRESERVING,3.462,PASS,continuous_reference_residual_valid_optimizer_reported_success,116,CONTINUE
4.585,ONLINE-REOPT,3,1,3.462,0.362,99.88995983826324,PRESERVING,3.1,PASS,exact_terminal_equality,0,TERMINAL_REACHED
4.586,ONLINE-REOPT,1,3,4.586,0.649,99.81896774888176,PRESERVING,3.937,PASS,continuous_reference_residual_valid_optimizer_reported_success,290,CONTINUE
4.586,ONLINE-REOPT,2,2,3.937,0.475,99.91404164730385,PRESERVING,3.462,PASS,continuous_reference_residual_valid_optimizer_reported_success,116,CONTINUE
4.586,ONLINE-REOPT,3,1,3.462,0.362,99.88995983826324,PRESERVING,3.1,PASS,exact_terminal_equality,0,TERMINAL_REACHED
