terminal_case,epsilon_um,start_state_mm,policy,step,remaining_passes_before,state_before_mm,selected_action_mm,immediate_deflection_um,selected_action_class,successor_mm,remaining_passes_after,step_status,failure_detail
T0,0,4.18,MYOPIC,1,3,4.18,0.36,53.026787309836045,PRESERVING,3.82,2,CONTINUE,
T0,0,4.18,MYOPIC,2,2,3.82,0.36,71.36037244201924,PRESERVING,3.46,1,CONTINUE,
T0,0,4.18,MYOPIC,3,1,3.46,0.36,99.22025135628195,PRESERVING,3.1,0,TERMINAL_REACHED,
T0,0,4.181,MYOPIC,1,3,4.181,0.36,52.985165029703495,PRESERVING,3.821,2,CONTINUE,
T0,0,4.181,MYOPIC,2,2,3.821,0.36,71.29853503433206,PRESERVING,3.461,1,CONTINUE,
T0,0,4.181,MYOPIC,3,1,3.461,0.361,99.55498849452039,PRESERVING,3.1,0,TERMINAL_REACHED,
T0,0,4.182,MYOPIC,1,3,4.182,0.36,52.943586298906844,PRESERVING,3.822,2,CONTINUE,
T0,0,4.182,MYOPIC,2,2,3.822,0.36,71.23676905304204,PRESERVING,3.462,1,CONTINUE,
T0,0,4.182,MYOPIC,3,1,3.462,0.362,99.88995983826324,PRESERVING,3.1,0,TERMINAL_REACHED,
T0,0,4.183,MYOPIC,1,3,4.183,0.36,52.90205106050394,PRESERVING,3.823,2,CONTINUE,
T0,0,4.183,MYOPIC,2,2,3.823,0.36,71.17507439505117,DESTROYING,3.463,1,CONTINUE,
T0,0,4.183,MYOPIC,3,1,3.463,,,,,1,NO_LOCALLY_FEASIBLE_ACTION,
T0,0,4.184,MYOPIC,1,3,4.184,0.36,52.86055925764199,PRESERVING,3.824,2,CONTINUE,
T0,0,4.184,MYOPIC,2,2,3.824,0.36,71.11345095743972,DESTROYING,3.464,1,CONTINUE,
T0,0,4.184,MYOPIC,3,1,3.464,,,,,1,NO_LOCALLY_FEASIBLE_ACTION,
T0,0,4.185,MYOPIC,1,3,4.185,0.36,52.81911083355733,PRESERVING,3.825,2,CONTINUE,
T0,0,4.185,MYOPIC,2,2,3.825,0.36,71.05189863746628,DESTROYING,3.465,1,CONTINUE,
T0,0,4.185,MYOPIC,3,1,3.465,,,,,1,NO_LOCALLY_FEASIBLE_ACTION,
T0,0,4.186,MYOPIC,1,3,4.186,0.36,52.777705731575345,PRESERVING,3.826,2,CONTINUE,
T0,0,4.186,MYOPIC,2,2,3.826,0.36,70.99041733256718,DESTROYING,3.466,1,CONTINUE,
T0,0,4.186,MYOPIC,3,1,3.466,,,,,1,NO_LOCALLY_FEASIBLE_ACTION,
T0,0,4.187,MYOPIC,1,3,4.187,0.36,52.73634389511021,PRESERVING,3.827,2,CONTINUE,
T0,0,4.187,MYOPIC,2,2,3.827,0.36,70.92900694035627,DESTROYING,3.467,1,CONTINUE,
T0,0,4.187,MYOPIC,3,1,3.467,,,,,1,NO_LOCALLY_FEASIBLE_ACTION,
T0,0,4.188,MYOPIC,1,3,4.188,0.36,52.69502526766479,PRESERVING,3.828,2,CONTINUE,
T0,0,4.188,MYOPIC,2,2,3.828,0.36,70.86766735862443,DESTROYING,3.468,1,CONTINUE,
T0,0,4.188,MYOPIC,3,1,3.468,,,,,1,NO_LOCALLY_FEASIBLE_ACTION,
T0,0,4.189,MYOPIC,1,3,4.189,0.36,52.65374979283043,PRESERVING,3.829,2,CONTINUE,
T0,0,4.189,MYOPIC,2,2,3.829,0.36,70.80639848533926,DESTROYING,3.469,1,CONTINUE,
T0,0,4.189,MYOPIC,3,1,3.469,,,,,1,NO_LOCALLY_FEASIBLE_ACTION,
T0,0,4.19,MYOPIC,1,3,4.19,0.36,52.612517414286856,PRESERVING,3.83,2,CONTINUE,
T0,0,4.19,MYOPIC,2,2,3.83,0.36,70.7452002186447,DESTROYING,3.47,1,CONTINUE,
T0,0,4.19,MYOPIC,3,1,3.47,,,,,1,NO_LOCALLY_FEASIBLE_ACTION,
T0,0,4.191,MYOPIC,1,3,4.191,0.36,52.571328075801944,PRESERVING,3.831,2,CONTINUE,
T0,0,4.191,MYOPIC,2,2,3.831,0.36,70.68407245686083,DESTROYING,3.471,1,CONTINUE,
T0,0,4.191,MYOPIC,3,1,3.471,,,,,1,NO_LOCALLY_FEASIBLE_ACTION,
T0,0,4.192,MYOPIC,1,3,4.192,0.36,52.530181721231614,PRESERVING,3.832,2,CONTINUE,
T0,0,4.192,MYOPIC,2,2,3.832,0.36,70.62301509848332,DESTROYING,3.472,1,CONTINUE,
T0,0,4.192,MYOPIC,3,1,3.472,,,,,1,NO_LOCALLY_FEASIBLE_ACTION,
T0,0,4.193,MYOPIC,1,3,4.193,0.36,52.48907829451962,PRESERVING,3.833,2,CONTINUE,
T0,0,4.193,MYOPIC,2,2,3.833,0.36,70.56202804218312,DESTROYING,3.473,1,CONTINUE,
T0,0,4.193,MYOPIC,3,1,3.473,,,,,1,NO_LOCALLY_FEASIBLE_ACTION,
T0,0,4.194,MYOPIC,1,3,4.194,0.36,52.44801773969748,PRESERVING,3.834,2,CONTINUE,
T0,0,4.194,MYOPIC,2,2,3.834,0.36,70.50111118680618,DESTROYING,3.474,1,CONTINUE,
T0,0,4.194,MYOPIC,3,1,3.474,,,,,1,NO_LOCALLY_FEASIBLE_ACTION,
T0,0,4.195,MYOPIC,1,3,4.195,0.36,52.4070000008842,PRESERVING,3.835,2,CONTINUE,
T0,0,4.195,MYOPIC,2,2,3.835,0.36,70.44026443137308,DESTROYING,3.475,1,CONTINUE,
T0,0,4.195,MYOPIC,3,1,3.475,,,,,1,NO_LOCALLY_FEASIBLE_ACTION,
T0,0,4.196,MYOPIC,1,3,4.196,0.36,52.36602502228619,PRESERVING,3.836,2,CONTINUE,
T0,0,4.196,MYOPIC,2,2,3.836,0.36,70.3794876750786,DESTROYING,3.476,1,CONTINUE,
T0,0,4.196,MYOPIC,3,1,3.476,,,,,1,NO_LOCALLY_FEASIBLE_ACTION,
T0,0,4.197,MYOPIC,1,3,4.197,0.36,52.325092748197044,PRESERVING,3.837,2,CONTINUE,
T0,0,4.197,MYOPIC,2,2,3.837,0.36,70.31878081729141,DESTROYING,3.477,1,CONTINUE,
T0,0,4.197,MYOPIC,3,1,3.477,,,,,1,NO_LOCALLY_FEASIBLE_ACTION,
T0,0,4.198,MYOPIC,1,3,4.198,0.36,52.284203122997496,PRESERVING,3.838,2,CONTINUE,
T0,0,4.198,MYOPIC,2,2,3.838,0.36,70.25814375755374,DESTROYING,3.478,1,CONTINUE,
T0,0,4.198,MYOPIC,3,1,3.478,,,,,1,NO_LOCALLY_FEASIBLE_ACTION,
T0,0,4.199,MYOPIC,1,3,4.199,0.36,52.24335609115513,PRESERVING,3.839,2,CONTINUE,
T0,0,4.199,MYOPIC,2,2,3.839,0.36,70.19757639558114,DESTROYING,3.479,1,CONTINUE,
T0,0,4.199,MYOPIC,3,1,3.479,,,,,1,NO_LOCALLY_FEASIBLE_ACTION,
T0,0,4.2,MYOPIC,1,3,4.2,0.36,52.20255159722428,PRESERVING,3.84,2,CONTINUE,
T0,0,4.2,MYOPIC,2,2,3.84,0.36,70.13707863126186,DESTROYING,3.48,1,CONTINUE,
T0,0,4.2,MYOPIC,3,1,3.48,,,,,1,NO_LOCALLY_FEASIBLE_ACTION,
T0,0,4.201,MYOPIC,1,3,4.201,0.36,52.16178958584585,PRESERVING,3.841,2,CONTINUE,
T0,0,4.201,MYOPIC,2,2,3.841,0.36,70.07665036465669,DESTROYING,3.481,1,CONTINUE,
T0,0,4.201,MYOPIC,3,1,3.481,,,,,1,NO_LOCALLY_FEASIBLE_ACTION,
T0,0,4.202,MYOPIC,1,3,4.202,0.36,52.12107000174724,PRESERVING,3.842,2,CONTINUE,
T0,0,4.202,MYOPIC,2,2,3.842,0.36,70.01629149599863,DESTROYING,3.482,1,CONTINUE,
T0,0,4.202,MYOPIC,3,1,3.482,,,,,1,NO_LOCALLY_FEASIBLE_ACTION,
T0,0,4.203,MYOPIC,1,3,4.203,0.36,52.0803927897421,PRESERVING,3.843,2,CONTINUE,
T0,0,4.203,MYOPIC,2,2,3.843,0.36,69.9560019256925,DESTROYING,3.483,1,CONTINUE,
T0,0,4.203,MYOPIC,3,1,3.483,,,,,1,NO_LOCALLY_FEASIBLE_ACTION,
T0,0,4.204,MYOPIC,1,3,4.204,0.36,52.03975789473015,PRESERVING,3.844,2,CONTINUE,
T0,0,4.204,MYOPIC,2,2,3.844,0.36,69.89578155431455,DESTROYING,3.484,1,CONTINUE,
T0,0,4.204,MYOPIC,3,1,3.484,,,,,1,NO_LOCALLY_FEASIBLE_ACTION,
T0,0,4.205,MYOPIC,1,3,4.205,0.36,51.99916526169709,PRESERVING,3.845,2,CONTINUE,
T0,0,4.205,MYOPIC,2,2,3.845,0.36,69.83563028261214,DESTROYING,3.485,1,CONTINUE,
T0,0,4.205,MYOPIC,3,1,3.485,,,,,1,NO_LOCALLY_FEASIBLE_ACTION,
T0,0,4.206,MYOPIC,1,3,4.206,0.36,51.95861483571447,PRESERVING,3.846,2,CONTINUE,
T0,0,4.206,MYOPIC,2,2,3.846,0.36,69.77554801150343,DESTROYING,3.486,1,CONTINUE,
T0,0,4.206,MYOPIC,3,1,3.486,,,,,1,NO_LOCALLY_FEASIBLE_ACTION,
T0,0,4.207,MYOPIC,1,3,4.207,0.36,51.91810656193943,PRESERVING,3.847,2,CONTINUE,
T0,0,4.207,MYOPIC,2,2,3.847,0.36,69.71553464207709,DESTROYING,3.487,1,CONTINUE,
T0,0,4.207,MYOPIC,3,1,3.487,,,,,1,NO_LOCALLY_FEASIBLE_ACTION,
T0,0,4.208,MYOPIC,1,3,4.208,0.36,51.87764038561463,PRESERVING,3.848,2,CONTINUE,
T0,0,4.208,MYOPIC,2,2,3.848,0.36,69.65559007559177,DESTROYING,3.488,1,CONTINUE,
T0,0,4.208,MYOPIC,3,1,3.488,,,,,1,NO_LOCALLY_FEASIBLE_ACTION,
T0,0,4.209,MYOPIC,1,3,4.209,0.36,51.83721625206807,PRESERVING,3.849,2,CONTINUE,
T0,0,4.209,MYOPIC,2,2,3.849,0.36,69.59571421347596,DESTROYING,3.489,1,CONTINUE,
T0,0,4.209,MYOPIC,3,1,3.489,,,,,1,NO_LOCALLY_FEASIBLE_ACTION,
T0,0,4.21,MYOPIC,1,3,4.21,0.36,51.79683410671292,PRESERVING,3.85,2,CONTINUE,
T0,0,4.21,MYOPIC,2,2,3.85,0.36,69.53590695732746,DESTROYING,3.49,1,CONTINUE,
T0,0,4.21,MYOPIC,3,1,3.49,,,,,1,NO_LOCALLY_FEASIBLE_ACTION,
T0,0,4.211,MYOPIC,1,3,4.211,0.36,51.756493895047356,PRESERVING,3.851,2,CONTINUE,
T0,0,4.211,MYOPIC,2,2,3.851,0.36,69.47616820891334,DESTROYING,3.491,1,CONTINUE,
T0,0,4.211,MYOPIC,3,1,3.491,,,,,1,NO_LOCALLY_FEASIBLE_ACTION,
T0,0,4.212,MYOPIC,1,3,4.212,0.36,51.71619556265447,PRESERVING,3.852,2,CONTINUE,
T0,0,4.212,MYOPIC,2,2,3.852,0.36,69.41649787016921,DESTROYING,3.492,1,CONTINUE,
T0,0,4.212,MYOPIC,3,1,3.492,,,,,1,NO_LOCALLY_FEASIBLE_ACTION,
T0,0,4.213,MYOPIC,1,3,4.213,0.36,51.675939055202036,PRESERVING,3.853,2,CONTINUE,
T0,0,4.213,MYOPIC,2,2,3.853,0.36,69.35689584319914,DESTROYING,3.493,1,CONTINUE,
T0,0,4.213,MYOPIC,3,1,3.493,,,,,1,NO_LOCALLY_FEASIBLE_ACTION,
T0,0,4.214,MYOPIC,1,3,4.214,0.36,51.63572431844241,PRESERVING,3.854,2,CONTINUE,
T0,0,4.214,MYOPIC,2,2,3.854,0.36,69.2973620302753,DESTROYING,3.494,1,CONTINUE,
T0,0,4.214,MYOPIC,3,1,3.494,,,,,1,NO_LOCALLY_FEASIBLE_ACTION,
T0,0,4.215,MYOPIC,1,3,4.215,0.36,51.59555129821238,PRESERVING,3.855,2,CONTINUE,
T0,0,4.215,MYOPIC,2,2,3.855,0.36,69.23789633383763,DESTROYING,3.495,1,CONTINUE,
T0,0,4.215,MYOPIC,3,1,3.495,,,,,1,NO_LOCALLY_FEASIBLE_ACTION,
T0,0,4.216,MYOPIC,1,3,4.216,0.36,51.55541994043291,PRESERVING,3.856,2,CONTINUE,
T0,0,4.216,MYOPIC,2,2,3.856,0.36,69.17849865649329,DESTROYING,3.496,1,CONTINUE,
T0,0,4.216,MYOPIC,3,1,3.496,,,,,1,NO_LOCALLY_FEASIBLE_ACTION,
T0,0,4.217,MYOPIC,1,3,4.217,0.36,51.515330191109136,PRESERVING,3.857,2,CONTINUE,
T0,0,4.217,MYOPIC,2,2,3.857,0.36,69.11916890101668,DESTROYING,3.497,1,CONTINUE,
T0,0,4.217,MYOPIC,3,1,3.497,,,,,1,NO_LOCALLY_FEASIBLE_ACTION,
T0,0,4.218,MYOPIC,1,3,4.218,0.36,51.475281996330175,PRESERVING,3.858,2,CONTINUE,
T0,0,4.218,MYOPIC,2,2,3.858,0.36,69.05990697034875,DESTROYING,3.498,1,CONTINUE,
T0,0,4.218,MYOPIC,3,1,3.498,,,,,1,NO_LOCALLY_FEASIBLE_ACTION,
T0,0,4.219,MYOPIC,1,3,4.219,0.36,51.43527530226886,PRESERVING,3.859,2,CONTINUE,
T0,0,4.219,MYOPIC,2,2,3.859,0.36,69.00071276759702,DESTROYING,3.499,1,CONTINUE,
T0,0,4.219,MYOPIC,3,1,3.499,,,,,1,NO_LOCALLY_FEASIBLE_ACTION,
T0,0,4.22,MYOPIC,1,3,4.22,0.36,51.39531005518171,PRESERVING,3.86,2,CONTINUE,
T0,0,4.22,MYOPIC,2,2,3.86,0.36,68.94158619603488,DESTROYING,3.5,1,CONTINUE,
T0,0,4.22,MYOPIC,3,1,3.5,,,,,1,NO_LOCALLY_FEASIBLE_ACTION,
T0,0,4.221,MYOPIC,1,3,4.221,0.36,51.35538620140876,PRESERVING,3.861,2,CONTINUE,
T0,0,4.221,MYOPIC,2,2,3.861,0.36,68.88252715910161,DESTROYING,3.501,1,CONTINUE,
T0,0,4.221,MYOPIC,3,1,3.501,,,,,1,NO_LOCALLY_FEASIBLE_ACTION,
T0,0,4.222,MYOPIC,1,3,4.222,0.36,51.315503687373365,PRESERVING,3.862,2,CONTINUE,
T0,0,4.222,MYOPIC,2,2,3.862,0.36,68.82353556040178,DESTROYING,3.502,1,CONTINUE,
T0,0,4.222,MYOPIC,3,1,3.502,,,,,1,NO_LOCALLY_FEASIBLE_ACTION,
T0,0,4.223,MYOPIC,1,3,4.223,0.36,51.275662459582094,PRESERVING,3.863,2,CONTINUE,
T0,0,4.223,MYOPIC,2,2,3.863,0.36,68.76461130370494,DESTROYING,3.503,1,CONTINUE,
T0,0,4.223,MYOPIC,3,1,3.503,,,,,1,NO_LOCALLY_FEASIBLE_ACTION,
T0,0,4.224,MYOPIC,1,3,4.224,0.36,51.2358624646245,PRESERVING,3.864,2,CONTINUE,
T0,0,4.224,MYOPIC,2,2,3.864,0.36,68.70575429294561,DESTROYING,3.504,1,CONTINUE,
T0,0,4.224,MYOPIC,3,1,3.504,,,,,1,NO_LOCALLY_FEASIBLE_ACTION,
T0,0,4.225,MYOPIC,1,3,4.225,0.36,51.196103649173104,PRESERVING,3.865,2,CONTINUE,
T0,0,4.225,MYOPIC,2,2,3.865,0.36,68.64696443222255,DESTROYING,3.505,1,CONTINUE,
T0,0,4.225,MYOPIC,3,1,3.505,,,,,1,NO_LOCALLY_FEASIBLE_ACTION,
T0,0,4.226,MYOPIC,1,3,4.226,0.36,51.15638595998316,PRESERVING,3.866,2,CONTINUE,
T0,0,4.226,MYOPIC,2,2,3.866,0.36,68.58824162579856,DESTROYING,3.506,1,CONTINUE,
T0,0,4.226,MYOPIC,3,1,3.506,,,,,1,NO_LOCALLY_FEASIBLE_ACTION,
T0,0,4.227,MYOPIC,1,3,4.227,0.36,51.11670934389245,PRESERVING,3.867,2,CONTINUE,
T0,0,4.227,MYOPIC,2,2,3.867,0.36,68.52958577810027,DESTROYING,3.507,1,CONTINUE,
T0,0,4.227,MYOPIC,3,1,3.507,,,,,1,NO_LOCALLY_FEASIBLE_ACTION,
T0,0,4.228,MYOPIC,1,3,4.228,0.36,51.077073747821274,PRESERVING,3.868,2,CONTINUE,
T0,0,4.228,MYOPIC,2,2,3.868,0.36,68.4709967937177,DESTROYING,3.508,1,CONTINUE,
T0,0,4.228,MYOPIC,3,1,3.508,,,,,1,NO_LOCALLY_FEASIBLE_ACTION,
T0,0,4.229,MYOPIC,1,3,4.229,0.36,51.03747911877214,PRESERVING,3.869,2,CONTINUE,
T0,0,4.229,MYOPIC,2,2,3.869,0.36,68.41247457740404,DESTROYING,3.509,1,CONTINUE,
T0,0,4.229,MYOPIC,3,1,3.509,,,,,1,NO_LOCALLY_FEASIBLE_ACTION,
T0,0,4.23,MYOPIC,1,3,4.23,0.36,50.99792540382983,PRESERVING,3.87,2,CONTINUE,
T0,0,4.23,MYOPIC,2,2,3.87,0.36,68.3540190340751,DESTROYING,3.51,1,CONTINUE,
T0,0,4.23,MYOPIC,3,1,3.51,,,,,1,NO_LOCALLY_FEASIBLE_ACTION,
T0,0,4.231,MYOPIC,1,3,4.231,0.36,50.958412550161015,PRESERVING,3.871,2,CONTINUE,
T0,0,4.231,MYOPIC,2,2,3.871,0.36,68.29563006880919,DESTROYING,3.511,1,CONTINUE,
T0,0,4.231,MYOPIC,3,1,3.511,,,,,1,NO_LOCALLY_FEASIBLE_ACTION,
T0,0,4.232,MYOPIC,1,3,4.232,0.36,50.918940505014255,PRESERVING,3.872,2,CONTINUE,
T0,0,4.232,MYOPIC,2,2,3.872,0.36,68.23730758684684,DESTROYING,3.512,1,CONTINUE,
T0,0,4.232,MYOPIC,3,1,3.512,,,,,1,NO_LOCALLY_FEASIBLE_ACTION,
T0,0,4.233,MYOPIC,1,3,4.233,0.36,50.87950921571976,PRESERVING,3.873,2,CONTINUE,
T0,0,4.233,MYOPIC,2,2,3.873,0.36,68.17905149359025,DESTROYING,3.513,1,CONTINUE,
T0,0,4.233,MYOPIC,3,1,3.513,,,,,1,NO_LOCALLY_FEASIBLE_ACTION,
T0,0,4.234,MYOPIC,1,3,4.234,0.36,50.84011862968941,PRESERVING,3.874,2,CONTINUE,
T0,0,4.234,MYOPIC,2,2,3.874,0.36,68.12086169460318,DESTROYING,3.514,1,CONTINUE,
T0,0,4.234,MYOPIC,3,1,3.514,,,,,1,NO_LOCALLY_FEASIBLE_ACTION,
T0,0,4.235,MYOPIC,1,3,4.235,0.36,50.80076869441637,PRESERVING,3.875,2,CONTINUE,
T0,0,4.235,MYOPIC,2,2,3.875,0.36,68.06273809561046,DESTROYING,3.515,1,CONTINUE,
T0,0,4.235,MYOPIC,3,1,3.515,,,,,1,NO_LOCALLY_FEASIBLE_ACTION,
T0,0,4.236,MYOPIC,1,3,4.236,0.36,50.761459357475125,PRESERVING,3.876,2,CONTINUE,
T0,0,4.236,MYOPIC,2,2,3.876,0.36,68.00468060249787,DESTROYING,3.516,1,CONTINUE,
T0,0,4.236,MYOPIC,3,1,3.516,,,,,1,NO_LOCALLY_FEASIBLE_ACTION,
T0,0,4.237,MYOPIC,1,3,4.237,0.36,50.72219056652126,PRESERVING,3.877,2,CONTINUE,
T0,0,4.237,MYOPIC,2,2,3.877,0.36,67.9466891213116,DESTROYING,3.517,1,CONTINUE,
T0,0,4.237,MYOPIC,3,1,3.517,,,,,1,NO_LOCALLY_FEASIBLE_ACTION,
T0,0,4.238,MYOPIC,1,3,4.238,0.36,50.68296226929129,PRESERVING,3.878,2,CONTINUE,
T0,0,4.238,MYOPIC,2,2,3.878,0.36,67.88876355825805,DESTROYING,3.518,1,CONTINUE,
T0,0,4.238,MYOPIC,3,1,3.518,,,,,1,NO_LOCALLY_FEASIBLE_ACTION,
T0,0,4.239,MYOPIC,1,3,4.239,0.36,50.64377441360266,PRESERVING,3.879,2,CONTINUE,
T0,0,4.239,MYOPIC,2,2,3.879,0.36,67.83090381970355,DESTROYING,3.519,1,CONTINUE,
T0,0,4.239,MYOPIC,3,1,3.519,,,,,1,NO_LOCALLY_FEASIBLE_ACTION,
T0,0,4.24,MYOPIC,1,3,4.24,0.36,50.604626947353346,PRESERVING,3.88,2,CONTINUE,
T0,0,4.24,MYOPIC,2,2,3.88,0.36,67.77310981217397,DESTROYING,3.52,1,CONTINUE,
T0,0,4.24,MYOPIC,3,1,3.52,,,,,1,NO_LOCALLY_FEASIBLE_ACTION,
T0,0,4.241,MYOPIC,1,3,4.241,0.36,50.56551981852196,PRESERVING,3.881,2,CONTINUE,
T0,0,4.241,MYOPIC,2,2,3.881,0.36,67.71538144235436,DESTROYING,3.521,1,CONTINUE,
T0,0,4.241,MYOPIC,3,1,3.521,,,,,1,NO_LOCALLY_FEASIBLE_ACTION,
T0,0,4.242,MYOPIC,1,3,4.242,0.36,50.526452975167395,PRESERVING,3.882,2,CONTINUE,
T0,0,4.242,MYOPIC,2,2,3.882,0.36,67.65771861708876,DESTROYING,3.522,1,CONTINUE,
T0,0,4.242,MYOPIC,3,1,3.522,,,,,1,NO_LOCALLY_FEASIBLE_ACTION,
T0,0,4.243,MYOPIC,1,3,4.243,0.36,50.487426365428945,PRESERVING,3.883,2,CONTINUE,
T0,0,4.243,MYOPIC,2,2,3.883,0.36,67.60012124337977,DESTROYING,3.523,1,CONTINUE,
T0,0,4.243,MYOPIC,3,1,3.523,,,,,1,NO_LOCALLY_FEASIBLE_ACTION,
T0,0,4.244,MYOPIC,1,3,4.244,0.36,50.44843993752582,PRESERVING,3.884,2,CONTINUE,
T0,0,4.244,MYOPIC,2,2,3.884,0.36,67.54258922838837,DESTROYING,3.524,1,CONTINUE,
T0,0,4.244,MYOPIC,3,1,3.524,,,,,1,NO_LOCALLY_FEASIBLE_ACTION,
T0,0,4.245,MYOPIC,1,3,4.245,0.36,50.40949363975729,PRESERVING,3.885,2,CONTINUE,
T0,0,4.245,MYOPIC,2,2,3.885,0.36,67.48512247943339,DESTROYING,3.525,1,CONTINUE,
T0,0,4.245,MYOPIC,3,1,3.525,,,,,1,NO_LOCALLY_FEASIBLE_ACTION,
T0,0,4.246,MYOPIC,1,3,4.246,0.36,50.37058742050237,PRESERVING,3.886,2,CONTINUE,
T0,0,4.246,MYOPIC,2,2,3.886,0.36,67.42772090399144,DESTROYING,3.526,1,CONTINUE,
T0,0,4.246,MYOPIC,3,1,3.526,,,,,1,NO_LOCALLY_FEASIBLE_ACTION,
T0,0,4.247,MYOPIC,1,3,4.247,0.36,50.3317212282198,PRESERVING,3.887,2,CONTINUE,
T0,0,4.247,MYOPIC,2,2,3.887,0.36,67.37038440969644,DESTROYING,3.527,1,CONTINUE,
T0,0,4.247,MYOPIC,3,1,3.527,,,,,1,NO_LOCALLY_FEASIBLE_ACTION,
T0,0,4.248,MYOPIC,1,3,4.248,0.36,50.29289501144779,PRESERVING,3.888,2,CONTINUE,
T0,0,4.248,MYOPIC,2,2,3.888,0.36,67.3131129043393,DESTROYING,3.528,1,CONTINUE,
T0,0,4.248,MYOPIC,3,1,3.528,,,,,1,NO_LOCALLY_FEASIBLE_ACTION,
T0,0,4.249,MYOPIC,1,3,4.249,0.36,50.25410871880395,PRESERVING,3.889,2,CONTINUE,
T0,0,4.249,MYOPIC,2,2,3.889,0.36,67.25590629586777,DESTROYING,3.529,1,CONTINUE,
T0,0,4.249,MYOPIC,3,1,3.529,,,,,1,NO_LOCALLY_FEASIBLE_ACTION,
T0,0,4.25,MYOPIC,1,3,4.25,0.36,50.215362298985056,PRESERVING,3.89,2,CONTINUE,
T0,0,4.25,MYOPIC,2,2,3.89,0.36,67.19876449238593,DESTROYING,3.53,1,CONTINUE,
T0,0,4.25,MYOPIC,3,1,3.53,,,,,1,NO_LOCALLY_FEASIBLE_ACTION,
T0,0,4.251,MYOPIC,1,3,4.251,0.36,50.17665570076711,PRESERVING,3.891,2,CONTINUE,
T0,0,4.251,MYOPIC,2,2,3.891,0.36,67.14168740215395,DESTROYING,3.531,1,CONTINUE,
T0,0,4.251,MYOPIC,3,1,3.531,,,,,1,NO_LOCALLY_FEASIBLE_ACTION,
T0,0,4.252,MYOPIC,1,3,4.252,0.36,50.13798887300495,PRESERVING,3.892,2,CONTINUE,
T0,0,4.252,MYOPIC,2,2,3.892,0.36,67.08467493358792,DESTROYING,3.532,1,CONTINUE,
T0,0,4.252,MYOPIC,3,1,3.532,,,,,1,NO_LOCALLY_FEASIBLE_ACTION,
T0,0,4.253,MYOPIC,1,3,4.253,0.36,50.09936176463223,PRESERVING,3.893,2,CONTINUE,
T0,0,4.253,MYOPIC,2,2,3.893,0.36,67.02772699525933,DESTROYING,3.533,1,CONTINUE,
T0,0,4.253,MYOPIC,3,1,3.533,,,,,1,NO_LOCALLY_FEASIBLE_ACTION,
T0,0,4.254,MYOPIC,1,3,4.254,0.36,50.06077432466129,PRESERVING,3.894,2,CONTINUE,
T0,0,4.254,MYOPIC,2,2,3.894,0.36,66.97084349589481,DESTROYING,3.534,1,CONTINUE,
T0,0,4.254,MYOPIC,3,1,3.534,,,,,1,NO_LOCALLY_FEASIBLE_ACTION,
T0,0,4.255,MYOPIC,1,3,4.255,0.36,50.02222650218303,PRESERVING,3.895,2,CONTINUE,
T0,0,4.255,MYOPIC,2,2,3.895,0.36,66.91402434437595,DESTROYING,3.535,1,CONTINUE,
T0,0,4.255,MYOPIC,3,1,3.535,,,,,1,NO_LOCALLY_FEASIBLE_ACTION,
T0,0,4.256,MYOPIC,1,3,4.256,0.36,49.983718246366685,PRESERVING,3.896,2,CONTINUE,
T0,0,4.256,MYOPIC,2,2,3.896,0.36,66.85726944973891,DESTROYING,3.536,1,CONTINUE,
T0,0,4.256,MYOPIC,3,1,3.536,,,,,1,NO_LOCALLY_FEASIBLE_ACTION,
T0,0,4.257,MYOPIC,1,3,4.257,0.36,49.94524950645972,PRESERVING,3.897,2,CONTINUE,
T0,0,4.257,MYOPIC,2,2,3.897,0.36,66.80057872117408,DESTROYING,3.537,1,CONTINUE,
T0,0,4.257,MYOPIC,3,1,3.537,,,,,1,NO_LOCALLY_FEASIBLE_ACTION,
T0,0,4.258,MYOPIC,1,3,4.258,0.36,49.906820231787734,PRESERVING,3.898,2,CONTINUE,
T0,0,4.258,MYOPIC,2,2,3.898,0.36,66.74395206802579,DESTROYING,3.538,1,CONTINUE,
T0,0,4.258,MYOPIC,3,1,3.538,,,,,1,NO_LOCALLY_FEASIBLE_ACTION,
T0,0,4.259,MYOPIC,1,3,4.259,0.36,49.86843037175427,PRESERVING,3.899,2,CONTINUE,
T0,0,4.259,MYOPIC,2,2,3.899,0.36,66.68738939979204,DESTROYING,3.539,1,CONTINUE,
T0,0,4.259,MYOPIC,3,1,3.539,,,,,1,NO_LOCALLY_FEASIBLE_ACTION,
T0,0,4.26,MYOPIC,1,3,4.26,0.36,49.83007987584073,PRESERVING,3.9,2,CONTINUE,
T0,0,4.26,MYOPIC,2,2,3.9,0.36,66.63089062612418,DESTROYING,3.54,1,CONTINUE,
T0,0,4.26,MYOPIC,3,1,3.54,,,,,1,NO_LOCALLY_FEASIBLE_ACTION,
T0,0,4.261,MYOPIC,1,3,4.261,0.36,49.79176869360613,PRESERVING,3.901,2,CONTINUE,
T0,0,4.261,MYOPIC,2,2,3.901,0.36,66.57445565682667,DESTROYING,3.541,1,CONTINUE,
T0,0,4.261,MYOPIC,3,1,3.541,,,,,1,NO_LOCALLY_FEASIBLE_ACTION,
T0,0,4.262,MYOPIC,1,3,4.262,0.36,49.75349677468705,PRESERVING,3.902,2,CONTINUE,
T0,0,4.262,MYOPIC,2,2,3.902,0.36,66.51808440185664,DESTROYING,3.542,1,CONTINUE,
T0,0,4.262,MYOPIC,3,1,3.542,,,,,1,NO_LOCALLY_FEASIBLE_ACTION,
T0,0,4.263,MYOPIC,1,3,4.263,0.36,49.71526406879751,PRESERVING,3.903,2,CONTINUE,
T0,0,4.263,MYOPIC,2,2,3.903,0.36,66.4617767713236,DESTROYING,3.543,1,CONTINUE,
T0,0,4.263,MYOPIC,3,1,3.543,,,,,1,NO_LOCALLY_FEASIBLE_ACTION,
T0,0,4.264,MYOPIC,1,3,4.264,0.36,49.67707052572877,PRESERVING,3.904,2,CONTINUE,
T0,0,4.264,MYOPIC,2,2,3.904,0.36,66.40553267548937,DESTROYING,3.544,1,CONTINUE,
T0,0,4.264,MYOPIC,3,1,3.544,,,,,1,NO_LOCALLY_FEASIBLE_ACTION,
T0,0,4.265,MYOPIC,1,3,4.265,0.36,49.638916095349224,PRESERVING,3.905,2,CONTINUE,
T0,0,4.265,MYOPIC,2,2,3.905,0.36,66.34935202476751,DESTROYING,3.545,1,CONTINUE,
T0,0,4.265,MYOPIC,3,1,3.545,,,,,1,NO_LOCALLY_FEASIBLE_ACTION,
T0,0,4.266,MYOPIC,1,3,4.266,0.36,49.60080072760419,PRESERVING,3.906,2,CONTINUE,
T0,0,4.266,MYOPIC,2,2,3.906,0.36,66.29323472972312,DESTROYING,3.546,1,CONTINUE,
T0,0,4.266,MYOPIC,3,1,3.546,,,,,1,NO_LOCALLY_FEASIBLE_ACTION,
T0,0,4.267,MYOPIC,1,3,4.267,0.36,49.56272437251595,PRESERVING,3.907,2,CONTINUE,
T0,0,4.267,MYOPIC,2,2,3.907,0.36,66.23718070107255,DESTROYING,3.547,1,CONTINUE,
T0,0,4.267,MYOPIC,3,1,3.547,,,,,1,NO_LOCALLY_FEASIBLE_ACTION,
T0,0,4.268,MYOPIC,1,3,4.268,0.36,49.52468698018341,PRESERVING,3.908,2,CONTINUE,
T0,0,4.268,MYOPIC,2,2,3.908,0.36,66.18118984968311,DESTROYING,3.548,1,CONTINUE,
T0,0,4.268,MYOPIC,3,1,3.548,,,,,1,NO_LOCALLY_FEASIBLE_ACTION,
T0,0,4.269,MYOPIC,1,3,4.269,0.36,49.48668850078208,PRESERVING,3.909,2,CONTINUE,
T0,0,4.269,MYOPIC,2,2,3.909,0.36,66.12526208657277,DESTROYING,3.549,1,CONTINUE,
T0,0,4.269,MYOPIC,3,1,3.549,,,,,1,NO_LOCALLY_FEASIBLE_ACTION,
T0,0,4.27,MYOPIC,1,3,4.27,0.36,49.4487288845639,PRESERVING,3.91,2,CONTINUE,
T0,0,4.27,MYOPIC,2,2,3.91,0.36,66.06939732290982,DESTROYING,3.55,1,CONTINUE,
T0,0,4.27,MYOPIC,3,1,3.55,,,,,1,NO_LOCALLY_FEASIBLE_ACTION,
T0,0,4.271,MYOPIC,1,3,4.271,0.36,49.41080808185711,PRESERVING,3.911,2,CONTINUE,
T0,0,4.271,MYOPIC,2,2,3.911,0.36,66.01359547001255,DESTROYING,3.551,1,CONTINUE,
T0,0,4.271,MYOPIC,3,1,3.551,,,,,1,NO_LOCALLY_FEASIBLE_ACTION,
T0,0,4.272,MYOPIC,1,3,4.272,0.36,49.37292604306616,PRESERVING,3.912,2,CONTINUE,
T0,0,4.272,MYOPIC,2,2,3.912,0.36,65.95785643934917,DESTROYING,3.552,1,CONTINUE,
T0,0,4.272,MYOPIC,3,1,3.552,,,,,1,NO_LOCALLY_FEASIBLE_ACTION,
T0,0,4.273,MYOPIC,1,3,4.273,0.36,49.335082718671444,PRESERVING,3.913,2,CONTINUE,
T0,0,4.273,MYOPIC,2,2,3.913,0.36,65.9021801425372,DESTROYING,3.553,1,CONTINUE,
T0,0,4.273,MYOPIC,3,1,3.553,,,,,1,NO_LOCALLY_FEASIBLE_ACTION,
T0,0,4.274,MYOPIC,1,3,4.274,0.36,49.29727805922929,PRESERVING,3.914,2,CONTINUE,
T0,0,4.274,MYOPIC,2,2,3.914,0.36,65.84656649134338,DESTROYING,3.554,1,CONTINUE,
T0,0,4.274,MYOPIC,3,1,3.554,,,,,1,NO_LOCALLY_FEASIBLE_ACTION,
T0,0,4.275,MYOPIC,1,3,4.275,0.36,49.25951201537183,PRESERVING,3.915,2,CONTINUE,
T0,0,4.275,MYOPIC,2,2,3.915,0.36,65.79101539768331,DESTROYING,3.555,1,CONTINUE,
T0,0,4.275,MYOPIC,3,1,3.555,,,,,1,NO_LOCALLY_FEASIBLE_ACTION,
T0,0,4.276,MYOPIC,1,3,4.276,0.36,49.221784537806734,PRESERVING,3.916,2,CONTINUE,
T0,0,4.276,MYOPIC,2,2,3.916,0.36,65.73552677362127,DESTROYING,3.556,1,CONTINUE,
T0,0,4.276,MYOPIC,3,1,3.556,,,,,1,NO_LOCALLY_FEASIBLE_ACTION,
T0,0,4.277,MYOPIC,1,3,4.277,0.36,49.18409557731721,PRESERVING,3.917,2,CONTINUE,
T0,0,4.277,MYOPIC,2,2,3.917,0.36,65.68010053136966,DESTROYING,3.557,1,CONTINUE,
T0,0,4.277,MYOPIC,3,1,3.557,,,,,1,NO_LOCALLY_FEASIBLE_ACTION,
T0,0,4.278,MYOPIC,1,3,4.278,0.36,49.14644508476175,PRESERVING,3.918,2,CONTINUE,
T0,0,4.278,MYOPIC,2,2,3.918,0.36,65.62473658328904,DESTROYING,3.558,1,CONTINUE,
T0,0,4.278,MYOPIC,3,1,3.558,,,,,1,NO_LOCALLY_FEASIBLE_ACTION,
T0,0,4.279,MYOPIC,1,3,4.279,0.36,49.108833011074196,PRESERVING,3.919,2,CONTINUE,
T0,0,4.279,MYOPIC,2,2,3.919,0.36,65.56943484188749,DESTROYING,3.559,1,CONTINUE,
T0,0,4.279,MYOPIC,3,1,3.559,,,,,1,NO_LOCALLY_FEASIBLE_ACTION,
T0,0,4.28,MYOPIC,1,3,4.28,0.36,49.071259307263354,PRESERVING,3.92,2,CONTINUE,
T0,0,4.28,MYOPIC,2,2,3.92,0.36,65.51419521982075,DESTROYING,3.56,1,CONTINUE,
T0,0,4.28,MYOPIC,3,1,3.56,,,,,1,NO_LOCALLY_FEASIBLE_ACTION,
T0,0,4.281,MYOPIC,1,3,4.281,0.36,49.03372392441303,PRESERVING,3.921,2,CONTINUE,
T0,0,4.281,MYOPIC,2,2,3.921,0.36,65.4590176298915,DESTROYING,3.561,1,CONTINUE,
T0,0,4.281,MYOPIC,3,1,3.561,,,,,1,NO_LOCALLY_FEASIBLE_ACTION,
T0,0,4.282,MYOPIC,1,3,4.282,0.36,48.99622681368178,PRESERVING,3.922,2,CONTINUE,
T0,0,4.282,MYOPIC,2,2,3.922,0.36,65.4039019850493,DESTROYING,3.562,1,CONTINUE,
T0,0,4.282,MYOPIC,3,1,3.562,,,,,1,NO_LOCALLY_FEASIBLE_ACTION,
T0,0,4.283,MYOPIC,1,3,4.283,0.36,48.958767926302954,PRESERVING,3.923,2,CONTINUE,
T0,0,4.283,MYOPIC,2,2,3.923,0.36,65.34884819839029,DESTROYING,3.563,1,CONTINUE,
T0,0,4.283,MYOPIC,3,1,3.563,,,,,1,NO_LOCALLY_FEASIBLE_ACTION,
T0,0,4.284,MYOPIC,1,3,4.284,0.36,48.92134721358435,PRESERVING,3.924,2,CONTINUE,
T0,0,4.284,MYOPIC,2,2,3.924,0.36,65.29385618315686,DESTROYING,3.564,1,CONTINUE,
T0,0,4.284,MYOPIC,3,1,3.564,,,,,1,NO_LOCALLY_FEASIBLE_ACTION,
T0,0,4.285,MYOPIC,1,3,4.285,0.36,48.88396462690824,PRESERVING,3.925,2,CONTINUE,
T0,0,4.285,MYOPIC,2,2,3.925,0.36,65.23892585273738,DESTROYING,3.565,1,CONTINUE,
T0,0,4.285,MYOPIC,3,1,3.565,,,,,1,NO_LOCALLY_FEASIBLE_ACTION,
T0,0,4.286,MYOPIC,1,3,4.286,0.36,48.84662011773112,PRESERVING,3.926,2,CONTINUE,
T0,0,4.286,MYOPIC,2,2,3.926,0.36,65.1840571206659,DESTROYING,3.566,1,CONTINUE,
T0,0,4.286,MYOPIC,3,1,3.566,,,,,1,NO_LOCALLY_FEASIBLE_ACTION,
T0,0,4.287,MYOPIC,1,3,4.287,0.36,48.80931363758369,PRESERVING,3.927,2,CONTINUE,
T0,0,4.287,MYOPIC,2,2,3.927,0.36,65.12924990062183,DESTROYING,3.567,1,CONTINUE,
T0,0,4.287,MYOPIC,3,1,3.567,,,,,1,NO_LOCALLY_FEASIBLE_ACTION,
T0,0,4.288,MYOPIC,1,3,4.288,0.36,48.77204513807068,PRESERVING,3.928,2,CONTINUE,
T0,0,4.288,MYOPIC,2,2,3.928,0.36,65.0745041064298,DESTROYING,3.568,1,CONTINUE,
T0,0,4.288,MYOPIC,3,1,3.568,,,,,1,NO_LOCALLY_FEASIBLE_ACTION,
T0,0,4.289,MYOPIC,1,3,4.289,0.36,48.73481457087064,PRESERVING,3.929,2,CONTINUE,
T0,0,4.289,MYOPIC,2,2,3.929,0.36,65.01981965205917,DESTROYING,3.569,1,CONTINUE,
T0,0,4.289,MYOPIC,3,1,3.569,,,,,1,NO_LOCALLY_FEASIBLE_ACTION,
T0,0,4.29,MYOPIC,1,3,4.29,0.36,48.69762188773589,PRESERVING,3.93,2,CONTINUE,
T0,0,4.29,MYOPIC,2,2,3.93,0.36,64.96519645162391,DESTROYING,3.57,1,CONTINUE,
T0,0,4.29,MYOPIC,3,1,3.57,,,,,1,NO_LOCALLY_FEASIBLE_ACTION,
T0,0,4.291,MYOPIC,1,3,4.291,0.36,48.660467040492456,PRESERVING,3.931,2,CONTINUE,
T0,0,4.291,MYOPIC,2,2,3.931,0.36,64.91063441938222,DESTROYING,3.571,1,CONTINUE,
T0,0,4.291,MYOPIC,3,1,3.571,,,,,1,NO_LOCALLY_FEASIBLE_ACTION,
T0,0,4.292,MYOPIC,1,3,4.292,0.36,48.62334998103975,PRESERVING,3.932,2,CONTINUE,
T0,0,4.292,MYOPIC,2,2,3.932,0.36,64.85613346973629,DESTROYING,3.572,1,CONTINUE,
T0,0,4.292,MYOPIC,3,1,3.572,,,,,1,NO_LOCALLY_FEASIBLE_ACTION,
T0,0,4.293,MYOPIC,1,3,4.293,0.36,48.586270661350575,PRESERVING,3.933,2,CONTINUE,
T0,0,4.293,MYOPIC,2,2,3.933,0.36,64.80169351723207,DESTROYING,3.573,1,CONTINUE,
T0,0,4.293,MYOPIC,3,1,3.573,,,,,1,NO_LOCALLY_FEASIBLE_ACTION,
T0,0,4.294,MYOPIC,1,3,4.294,0.36,48.549229033471015,PRESERVING,3.934,2,CONTINUE,
T0,0,4.294,MYOPIC,2,2,3.934,0.36,64.74731447655883,DESTROYING,3.574,1,CONTINUE,
T0,0,4.294,MYOPIC,3,1,3.574,,,,,1,NO_LOCALLY_FEASIBLE_ACTION,
T0,0,4.295,MYOPIC,1,3,4.295,0.36,48.51222504952019,PRESERVING,3.935,2,CONTINUE,
T0,0,4.295,MYOPIC,2,2,3.935,0.36,64.69299626254904,DESTROYING,3.575,1,CONTINUE,
T0,0,4.295,MYOPIC,3,1,3.575,,,,,1,NO_LOCALLY_FEASIBLE_ACTION,
T0,0,4.296,MYOPIC,1,3,4.296,0.36,48.47525866169025,PRESERVING,3.936,2,CONTINUE,
T0,0,4.296,MYOPIC,2,2,3.936,0.36,64.63873879017802,DESTROYING,3.576,1,CONTINUE,
T0,0,4.296,MYOPIC,3,1,3.576,,,,,1,NO_LOCALLY_FEASIBLE_ACTION,
T0,0,4.297,MYOPIC,1,3,4.297,0.36,48.43832982224611,PRESERVING,3.937,2,CONTINUE,
T0,0,4.297,MYOPIC,2,2,3.937,0.36,64.58454197456369,DESTROYING,3.577,1,CONTINUE,
T0,0,4.297,MYOPIC,3,1,3.577,,,,,1,NO_LOCALLY_FEASIBLE_ACTION,
T0,0,4.298,MYOPIC,1,3,4.298,0.36,48.40143848352548,DESTROYING,3.938,2,CONTINUE,
T0,0,4.298,MYOPIC,2,2,3.938,0.36,64.53040573096621,DESTROYING,3.578,1,CONTINUE,
T0,0,4.298,MYOPIC,3,1,3.578,,,,,1,NO_LOCALLY_FEASIBLE_ACTION,
T0,0,4.299,MYOPIC,1,3,4.299,0.36,48.364584597938595,DESTROYING,3.939,2,CONTINUE,
T0,0,4.299,MYOPIC,2,2,3.939,0.36,64.47632997478777,DESTROYING,3.579,1,CONTINUE,
T0,0,4.299,MYOPIC,3,1,3.579,,,,,1,NO_LOCALLY_FEASIBLE_ACTION,
T0,0,4.3,MYOPIC,1,3,4.3,0.36,48.32776811796816,DESTROYING,3.94,2,CONTINUE,
T0,0,4.3,MYOPIC,2,2,3.94,0.36,64.42231462157241,DESTROYING,3.58,1,CONTINUE,
T0,0,4.3,MYOPIC,3,1,3.58,,,,,1,NO_LOCALLY_FEASIBLE_ACTION,
T0,0,4.301,MYOPIC,1,3,4.301,0.36,48.29098899616919,DESTROYING,3.941,2,CONTINUE,
T0,0,4.301,MYOPIC,2,2,3.941,0.36,64.36835958700551,DESTROYING,3.581,1,CONTINUE,
T0,0,4.301,MYOPIC,3,1,3.581,,,,,1,NO_LOCALLY_FEASIBLE_ACTION,
T0,0,4.302,MYOPIC,1,3,4.302,0.36,48.254247185168936,DESTROYING,3.942,2,CONTINUE,
T0,0,4.302,MYOPIC,2,2,3.942,0.36,64.31446478691372,DESTROYING,3.582,1,CONTINUE,
T0,0,4.302,MYOPIC,3,1,3.582,,,,,1,NO_LOCALLY_FEASIBLE_ACTION,
T0,0,4.303,MYOPIC,1,3,4.303,0.36,48.217542637666696,DESTROYING,3.943,2,CONTINUE,
T0,0,4.303,MYOPIC,2,2,3.943,0.36,64.26063013726453,DESTROYING,3.583,1,CONTINUE,
T0,0,4.303,MYOPIC,3,1,3.583,,,,,1,NO_LOCALLY_FEASIBLE_ACTION,
T0,0,4.304,MYOPIC,1,3,4.304,0.36,48.1808753064337,DESTROYING,3.944,2,CONTINUE,
T0,0,4.304,MYOPIC,2,2,3.944,0.36,64.20685555416615,DESTROYING,3.584,1,CONTINUE,
T0,0,4.304,MYOPIC,3,1,3.584,,,,,1,NO_LOCALLY_FEASIBLE_ACTION,
T0,0,4.305,MYOPIC,1,3,4.305,0.36,48.144245144312976,DESTROYING,3.945,2,CONTINUE,
T0,0,4.305,MYOPIC,2,2,3.945,0.36,64.15314095386712,DESTROYING,3.585,1,CONTINUE,
T0,0,4.305,MYOPIC,3,1,3.585,,,,,1,NO_LOCALLY_FEASIBLE_ACTION,
T0,0,4.306,MYOPIC,1,3,4.306,0.36,48.10765210421926,DESTROYING,3.946,2,CONTINUE,
T0,0,4.306,MYOPIC,2,2,3.946,0.36,64.09948625275607,DESTROYING,3.586,1,CONTINUE,
T0,0,4.306,MYOPIC,3,1,3.586,,,,,1,NO_LOCALLY_FEASIBLE_ACTION,
T0,0,4.307,MYOPIC,1,3,4.307,0.36,48.071096139138874,DESTROYING,3.947,2,CONTINUE,
T0,0,4.307,MYOPIC,2,2,3.947,0.36,64.04589136736142,DESTROYING,3.587,1,CONTINUE,
T0,0,4.307,MYOPIC,3,1,3.587,,,,,1,NO_LOCALLY_FEASIBLE_ACTION,
T0,0,4.308,MYOPIC,1,3,4.308,0.36,48.03457720212951,DESTROYING,3.948,2,CONTINUE,
T0,0,4.308,MYOPIC,2,2,3.948,0.36,63.99235621435122,DESTROYING,3.588,1,CONTINUE,
T0,0,4.308,MYOPIC,3,1,3.588,,,,,1,NO_LOCALLY_FEASIBLE_ACTION,
T0,0,4.309,MYOPIC,1,3,4.309,0.36,47.9980952463202,DESTROYING,3.949,2,CONTINUE,
T0,0,4.309,MYOPIC,2,2,3.949,0.36,63.93888071053272,DESTROYING,3.589,1,CONTINUE,
T0,0,4.309,MYOPIC,3,1,3.589,,,,,1,NO_LOCALLY_FEASIBLE_ACTION,
T0,0,4.31,MYOPIC,1,3,4.31,0.36,47.96165022491113,DESTROYING,3.95,2,CONTINUE,
T0,0,4.31,MYOPIC,2,2,3.95,0.36,63.88546477285219,DESTROYING,3.59,1,CONTINUE,
T0,0,4.31,MYOPIC,3,1,3.59,,,,,1,NO_LOCALLY_FEASIBLE_ACTION,
T0,0,4.311,MYOPIC,1,3,4.311,0.36,47.92524209117362,DESTROYING,3.951,2,CONTINUE,
T0,0,4.311,MYOPIC,2,2,3.951,0.36,63.8321083183946,DESTROYING,3.591,1,CONTINUE,
T0,0,4.311,MYOPIC,3,1,3.591,,,,,1,NO_LOCALLY_FEASIBLE_ACTION,
T0,0,4.312,MYOPIC,1,3,4.312,0.36,47.88887079844982,DESTROYING,3.952,2,CONTINUE,
T0,0,4.312,MYOPIC,2,2,3.952,0.36,63.778811264383464,DESTROYING,3.592,1,CONTINUE,
T0,0,4.312,MYOPIC,3,1,3.592,,,,,1,NO_LOCALLY_FEASIBLE_ACTION,
T0,0,4.313,MYOPIC,1,3,4.313,0.36,47.85253630015269,DESTROYING,3.953,2,CONTINUE,
T0,0,4.313,MYOPIC,2,2,3.953,0.36,63.72557352818044,DESTROYING,3.593,1,CONTINUE,
T0,0,4.313,MYOPIC,3,1,3.593,,,,,1,NO_LOCALLY_FEASIBLE_ACTION,
T0,0,4.314,MYOPIC,1,3,4.314,0.36,47.81623854976592,DESTROYING,3.954,2,CONTINUE,
T0,0,4.314,MYOPIC,2,2,3.954,0.36,63.67239502728507,DESTROYING,3.594,1,CONTINUE,
T0,0,4.314,MYOPIC,3,1,3.594,,,,,1,NO_LOCALLY_FEASIBLE_ACTION,
T0,0,4.315,MYOPIC,1,3,4.315,0.36,47.779977500843714,DESTROYING,3.955,2,CONTINUE,
T0,0,4.315,MYOPIC,2,2,3.955,0.36,63.61927567933458,DESTROYING,3.595,1,CONTINUE,
T0,0,4.315,MYOPIC,3,1,3.595,,,,,1,NO_LOCALLY_FEASIBLE_ACTION,
T0,0,4.316,MYOPIC,1,3,4.316,0.36,47.74375310701071,DESTROYING,3.956,2,CONTINUE,
T0,0,4.316,MYOPIC,2,2,3.956,0.36,63.56621540210364,DESTROYING,3.596,1,CONTINUE,
T0,0,4.316,MYOPIC,3,1,3.596,,,,,1,NO_LOCALLY_FEASIBLE_ACTION,
T0,0,4.317,MYOPIC,1,3,4.317,0.36,47.70756532196184,DESTROYING,3.957,2,CONTINUE,
T0,0,4.317,MYOPIC,2,2,3.957,0.36,63.513214113503956,DESTROYING,3.597,1,CONTINUE,
T0,0,4.317,MYOPIC,3,1,3.597,,,,,1,NO_LOCALLY_FEASIBLE_ACTION,
T0,0,4.318,MYOPIC,1,3,4.318,0.36,47.67141409946222,DESTROYING,3.958,2,CONTINUE,
T0,0,4.318,MYOPIC,2,2,3.958,0.36,63.4602717315841,DESTROYING,3.598,1,CONTINUE,
T0,0,4.318,MYOPIC,3,1,3.598,,,,,1,NO_LOCALLY_FEASIBLE_ACTION,
T0,0,4.319,MYOPIC,1,3,4.319,0.36,47.635299393347026,DESTROYING,3.959,2,CONTINUE,
T0,0,4.319,MYOPIC,2,2,3.959,0.36,63.40738817452926,DESTROYING,3.599,1,CONTINUE,
T0,0,4.319,MYOPIC,3,1,3.599,,,,,1,NO_LOCALLY_FEASIBLE_ACTION,
T0,0,4.32,MYOPIC,1,3,4.32,0.36,47.599221157521356,DESTROYING,3.96,2,CONTINUE,
T0,0,4.32,MYOPIC,2,2,3.96,0.36,63.354563360660904,DESTROYING,3.6,1,CONTINUE,
T0,0,4.32,MYOPIC,3,1,3.6,,,,,1,NO_LOCALLY_FEASIBLE_ACTION,
T0,0,4.321,MYOPIC,1,3,4.321,0.36,47.5631793459601,DESTROYING,3.961,2,CONTINUE,
T0,0,4.321,MYOPIC,2,2,3.961,0.36,63.30179720843666,DESTROYING,3.601,1,CONTINUE,
T0,0,4.321,MYOPIC,3,1,3.601,,,,,1,NO_LOCALLY_FEASIBLE_ACTION,
T0,0,4.322,MYOPIC,1,3,4.322,0.36,47.52717391270784,DESTROYING,3.962,2,CONTINUE,
T0,0,4.322,MYOPIC,2,2,3.962,0.36,63.249089636449774,DESTROYING,3.602,1,CONTINUE,
T0,0,4.322,MYOPIC,3,1,3.602,,,,,1,NO_LOCALLY_FEASIBLE_ACTION,
T0,0,4.323,MYOPIC,1,3,4.323,0.36,47.49120481187877,DESTROYING,3.963,2,CONTINUE,
T0,0,4.323,MYOPIC,2,2,3.963,0.36,63.19644056342916,DESTROYING,3.603,1,CONTINUE,
T0,0,4.323,MYOPIC,3,1,3.603,,,,,1,NO_LOCALLY_FEASIBLE_ACTION,
T0,0,4.324,MYOPIC,1,3,4.324,0.36,47.4552719976564,DESTROYING,3.964,2,CONTINUE,
T0,0,4.324,MYOPIC,2,2,3.964,0.36,63.14384990823893,DESTROYING,3.604,1,CONTINUE,
T0,0,4.324,MYOPIC,3,1,3.604,,,,,1,NO_LOCALLY_FEASIBLE_ACTION,
T0,0,4.325,MYOPIC,1,3,4.325,0.36,47.419375424293655,DESTROYING,3.965,2,CONTINUE,
T0,0,4.325,MYOPIC,2,2,3.965,0.36,63.09131758987825,DESTROYING,3.605,1,CONTINUE,
T0,0,4.325,MYOPIC,3,1,3.605,,,,,1,NO_LOCALLY_FEASIBLE_ACTION,
T0,0,4.326,MYOPIC,1,3,4.326,0.36,47.383515046112606,DESTROYING,3.966,2,CONTINUE,
T0,0,4.326,MYOPIC,2,2,3.966,0.36,63.03884352748097,DESTROYING,3.606,1,CONTINUE,
T0,0,4.326,MYOPIC,3,1,3.606,,,,,1,NO_LOCALLY_FEASIBLE_ACTION,
T0,0,4.327,MYOPIC,1,3,4.327,0.36,47.34769081750445,DESTROYING,3.967,2,CONTINUE,
T0,0,4.327,MYOPIC,2,2,3.967,0.36,62.98642764031541,DESTROYING,3.607,1,CONTINUE,
T0,0,4.327,MYOPIC,3,1,3.607,,,,,1,NO_LOCALLY_FEASIBLE_ACTION,
T0,0,4.328,MYOPIC,1,3,4.328,0.36,47.31190269292926,DESTROYING,3.968,2,CONTINUE,
T0,0,4.328,MYOPIC,2,2,3.968,0.36,62.93406984778416,DESTROYING,3.608,1,CONTINUE,
T0,0,4.328,MYOPIC,3,1,3.608,,,,,1,NO_LOCALLY_FEASIBLE_ACTION,
T0,0,4.329,MYOPIC,1,3,4.329,0.36,47.27615062691596,DESTROYING,3.969,2,CONTINUE,
T0,0,4.329,MYOPIC,2,2,3.969,0.36,62.8817700694238,DESTROYING,3.609,1,CONTINUE,
T0,0,4.329,MYOPIC,3,1,3.609,,,,,1,NO_LOCALLY_FEASIBLE_ACTION,
T0,0,4.33,MYOPIC,1,3,4.33,0.36,47.24043457406218,DESTROYING,3.97,2,CONTINUE,
T0,0,4.33,MYOPIC,2,2,3.97,0.36,62.829528224904465,DESTROYING,3.61,1,CONTINUE,
T0,0,4.33,MYOPIC,3,1,3.61,,,,,1,NO_LOCALLY_FEASIBLE_ACTION,
T0,0,4.331,MYOPIC,1,3,4.331,0.36,47.20475448903415,DESTROYING,3.971,2,CONTINUE,
T0,0,4.331,MYOPIC,2,2,3.971,0.36,62.77734423402983,DESTROYING,3.611,1,CONTINUE,
T0,0,4.331,MYOPIC,3,1,3.611,,,,,1,NO_LOCALLY_FEASIBLE_ACTION,
T0,0,4.332,MYOPIC,1,3,4.332,0.36,47.16911032656655,DESTROYING,3.972,2,CONTINUE,
T0,0,4.332,MYOPIC,2,2,3.972,0.36,62.725218016736775,DESTROYING,3.612,1,CONTINUE,
T0,0,4.332,MYOPIC,3,1,3.612,,,,,1,NO_LOCALLY_FEASIBLE_ACTION,
T0,0,4.333,MYOPIC,1,3,4.333,0.36,47.13350204146242,DESTROYING,3.973,2,CONTINUE,
T0,0,4.333,MYOPIC,2,2,3.973,0.36,62.67314949309503,DESTROYING,3.613,1,CONTINUE,
T0,0,4.333,MYOPIC,3,1,3.613,,,,,1,NO_LOCALLY_FEASIBLE_ACTION,
T0,0,4.334,MYOPIC,1,3,4.334,0.36,47.09792958859292,DESTROYING,3.974,2,CONTINUE,
T0,0,4.334,MYOPIC,2,2,3.974,0.36,62.62113858330704,DESTROYING,3.614,1,CONTINUE,
T0,0,4.334,MYOPIC,3,1,3.614,,,,,1,NO_LOCALLY_FEASIBLE_ACTION,
T0,0,4.335,MYOPIC,1,3,4.335,0.36,47.0623929228975,DESTROYING,3.975,2,CONTINUE,
T0,0,4.335,MYOPIC,2,2,3.975,0.36,62.5691852077076,DESTROYING,3.615,1,CONTINUE,
T0,0,4.335,MYOPIC,3,1,3.615,,,,,1,NO_LOCALLY_FEASIBLE_ACTION,
T0,0,4.336,MYOPIC,1,3,4.336,0.36,47.02689199938347,DESTROYING,3.976,2,CONTINUE,
T0,0,4.336,MYOPIC,2,2,3.976,0.36,62.51728928676374,DESTROYING,3.616,1,CONTINUE,
T0,0,4.336,MYOPIC,3,1,3.616,,,,,1,NO_LOCALLY_FEASIBLE_ACTION,
T0,0,4.337,MYOPIC,1,3,4.337,0.36,46.99142677312595,DESTROYING,3.977,2,CONTINUE,
T0,0,4.337,MYOPIC,2,2,3.977,0.36,62.46545074107433,DESTROYING,3.617,1,CONTINUE,
T0,0,4.337,MYOPIC,3,1,3.617,,,,,1,NO_LOCALLY_FEASIBLE_ACTION,
T0,0,4.338,MYOPIC,1,3,4.338,0.36,46.955997199267934,DESTROYING,3.978,2,CONTINUE,
T0,0,4.338,MYOPIC,2,2,3.978,0.36,62.41366949136984,DESTROYING,3.618,1,CONTINUE,
T0,0,4.338,MYOPIC,3,1,3.618,,,,,1,NO_LOCALLY_FEASIBLE_ACTION,
T0,0,4.339,MYOPIC,1,3,4.339,0.36,46.92060323301997,DESTROYING,3.979,2,CONTINUE,
T0,0,4.339,MYOPIC,2,2,3.979,0.36,62.36194545851222,DESTROYING,3.619,1,CONTINUE,
T0,0,4.339,MYOPIC,3,1,3.619,,,,,1,NO_LOCALLY_FEASIBLE_ACTION,
T0,0,4.34,MYOPIC,1,3,4.34,0.36,46.8852448296601,DESTROYING,3.98,2,CONTINUE,
T0,0,4.34,MYOPIC,2,2,3.98,0.36,62.31027856349452,DESTROYING,3.62,1,CONTINUE,
T0,0,4.34,MYOPIC,3,1,3.62,,,,,1,NO_LOCALLY_FEASIBLE_ACTION,
T0,0,4.341,MYOPIC,1,3,4.341,0.36,46.84992194453378,DESTROYING,3.981,2,CONTINUE,
T0,0,4.341,MYOPIC,2,2,3.981,0.36,62.258668727440615,DESTROYING,3.621,1,CONTINUE,
T0,0,4.341,MYOPIC,3,1,3.621,,,,,1,NO_LOCALLY_FEASIBLE_ACTION,
T0,0,4.342,MYOPIC,1,3,4.342,0.36,46.81463453305372,DESTROYING,3.982,2,CONTINUE,
T0,0,4.342,MYOPIC,2,2,3.982,0.36,62.20711587160507,DESTROYING,3.622,1,CONTINUE,
T0,0,4.342,MYOPIC,3,1,3.622,,,,,1,NO_LOCALLY_FEASIBLE_ACTION,
T0,0,4.343,MYOPIC,1,3,4.343,0.36,46.77938255069979,DESTROYING,3.983,2,CONTINUE,
T0,0,4.343,MYOPIC,2,2,3.983,0.36,62.15561991737277,DESTROYING,3.623,1,CONTINUE,
T0,0,4.343,MYOPIC,3,1,3.623,,,,,1,NO_LOCALLY_FEASIBLE_ACTION,
T0,0,4.344,MYOPIC,1,3,4.344,0.36,46.74416595301893,DESTROYING,3.984,2,CONTINUE,
T0,0,4.344,MYOPIC,2,2,3.984,0.36,62.10418078625884,DESTROYING,3.624,1,CONTINUE,
T0,0,4.344,MYOPIC,3,1,3.624,,,,,1,NO_LOCALLY_FEASIBLE_ACTION,
T0,0,4.345,MYOPIC,1,3,4.345,0.36,46.70898469562487,DESTROYING,3.985,2,CONTINUE,
T0,0,4.345,MYOPIC,2,2,3.985,0.36,62.05279839990808,DESTROYING,3.625,1,CONTINUE,
T0,0,4.345,MYOPIC,3,1,3.625,,,,,1,NO_LOCALLY_FEASIBLE_ACTION,
T0,0,4.346,MYOPIC,1,3,4.346,0.36,46.67383873419824,DESTROYING,3.986,2,CONTINUE,
T0,0,4.346,MYOPIC,2,2,3.986,0.36,62.00147268009506,DESTROYING,3.626,1,CONTINUE,
T0,0,4.346,MYOPIC,3,1,3.626,,,,,1,NO_LOCALLY_FEASIBLE_ACTION,
T0,0,4.347,MYOPIC,1,3,4.347,0.36,46.63872802448637,DESTROYING,3.987,2,CONTINUE,
T0,0,4.347,MYOPIC,2,2,3.987,0.36,61.950203548723685,DESTROYING,3.627,1,CONTINUE,
T0,0,4.347,MYOPIC,3,1,3.627,,,,,1,NO_LOCALLY_FEASIBLE_ACTION,
T0,0,4.348,MYOPIC,1,3,4.348,0.36,46.60365252230307,DESTROYING,3.988,2,CONTINUE,
T0,0,4.348,MYOPIC,2,2,3.988,0.36,61.89899092782695,DESTROYING,3.628,1,CONTINUE,
T0,0,4.348,MYOPIC,3,1,3.628,,,,,1,NO_LOCALLY_FEASIBLE_ACTION,
T0,0,4.349,MYOPIC,1,3,4.349,0.36,46.568612183528614,DESTROYING,3.989,2,CONTINUE,
T0,0,4.349,MYOPIC,2,2,3.989,0.36,61.847834739566736,DESTROYING,3.629,1,CONTINUE,
T0,0,4.349,MYOPIC,3,1,3.629,,,,,1,NO_LOCALLY_FEASIBLE_ACTION,
T0,0,4.35,MYOPIC,1,3,4.35,0.36,46.533606964109666,DESTROYING,3.99,2,CONTINUE,
T0,0,4.35,MYOPIC,2,2,3.99,0.36,61.796734906233596,DESTROYING,3.63,1,CONTINUE,
T0,0,4.35,MYOPIC,3,1,3.63,,,,,1,NO_LOCALLY_FEASIBLE_ACTION,
T0,0,4.351,MYOPIC,1,3,4.351,0.36,46.49863682005904,DESTROYING,3.991,2,CONTINUE,
T0,0,4.351,MYOPIC,2,2,3.991,0.36,61.74569135024639,DESTROYING,3.631,1,CONTINUE,
T0,0,4.351,MYOPIC,3,1,3.631,,,,,1,NO_LOCALLY_FEASIBLE_ACTION,
T0,0,4.352,MYOPIC,1,3,4.352,0.36,46.46370170745567,DESTROYING,3.992,2,CONTINUE,
T0,0,4.352,MYOPIC,2,2,3.992,0.36,61.69470399415207,DESTROYING,3.632,1,CONTINUE,
T0,0,4.352,MYOPIC,3,1,3.632,,,,,1,NO_LOCALLY_FEASIBLE_ACTION,
T0,0,4.353,MYOPIC,1,3,4.353,0.36,46.428801582444464,DESTROYING,3.993,2,CONTINUE,
T0,0,4.353,MYOPIC,2,2,3.993,0.36,61.64377276062561,DESTROYING,3.633,1,CONTINUE,
T0,0,4.353,MYOPIC,3,1,3.633,,,,,1,NO_LOCALLY_FEASIBLE_ACTION,
T0,0,4.354,MYOPIC,1,3,4.354,0.36,46.393936401236196,DESTROYING,3.994,2,CONTINUE,
T0,0,4.354,MYOPIC,2,2,3.994,0.36,61.59289757246954,DESTROYING,3.634,1,CONTINUE,
T0,0,4.354,MYOPIC,3,1,3.634,,,,,1,NO_LOCALLY_FEASIBLE_ACTION,
T0,0,4.355,MYOPIC,1,3,4.355,0.36,46.359106120107406,DESTROYING,3.995,2,CONTINUE,
T0,0,4.355,MYOPIC,2,2,3.995,0.36,61.54207835261369,DESTROYING,3.635,1,CONTINUE,
T0,0,4.355,MYOPIC,3,1,3.635,,,,,1,NO_LOCALLY_FEASIBLE_ACTION,
T0,0,4.356,MYOPIC,1,3,4.356,0.36,46.32431069540023,DESTROYING,3.996,2,CONTINUE,
T0,0,4.356,MYOPIC,2,2,3.996,0.36,61.4913150241152,DESTROYING,3.636,1,CONTINUE,
T0,0,4.356,MYOPIC,3,1,3.636,,,,,1,NO_LOCALLY_FEASIBLE_ACTION,
T0,0,4.357,MYOPIC,1,3,4.357,0.36,46.289550083522386,DESTROYING,3.997,2,CONTINUE,
T0,0,4.357,MYOPIC,2,2,3.997,0.36,61.44060751015802,DESTROYING,3.637,1,CONTINUE,
T0,0,4.357,MYOPIC,3,1,3.637,,,,,1,NO_LOCALLY_FEASIBLE_ACTION,
T0,0,4.358,MYOPIC,1,3,4.358,0.36,46.254824240946895,DESTROYING,3.998,2,CONTINUE,
T0,0,4.358,MYOPIC,2,2,3.998,0.36,61.38995573405271,DESTROYING,3.638,1,CONTINUE,
T0,0,4.358,MYOPIC,3,1,3.638,,,,,1,NO_LOCALLY_FEASIBLE_ACTION,
T0,0,4.359,MYOPIC,1,3,4.359,0.36,46.22013312421219,DESTROYING,3.999,2,CONTINUE,
T0,0,4.359,MYOPIC,2,2,3.999,0.36,61.33935961923631,DESTROYING,3.639,1,CONTINUE,
T0,0,4.359,MYOPIC,3,1,3.639,,,,,1,NO_LOCALLY_FEASIBLE_ACTION,
T0,0,4.36,MYOPIC,1,3,4.36,0.36,46.18547668992182,DESTROYING,4.0,2,CONTINUE,
T0,0,4.36,MYOPIC,2,2,4.0,0.36,61.288819089272025,DESTROYING,3.64,1,CONTINUE,
T0,0,4.36,MYOPIC,3,1,3.64,,,,,1,NO_LOCALLY_FEASIBLE_ACTION,
T0,0,4.361,MYOPIC,1,3,4.361,0.36,46.15085489474435,DESTROYING,4.001,2,CONTINUE,
T0,0,4.361,MYOPIC,2,2,4.001,0.36,61.23833406784898,DESTROYING,3.641,1,CONTINUE,
T0,0,4.361,MYOPIC,3,1,3.641,,,,,1,NO_LOCALLY_FEASIBLE_ACTION,
T0,0,4.362,MYOPIC,1,3,4.362,0.36,46.116267695413406,DESTROYING,4.002,2,CONTINUE,
T0,0,4.362,MYOPIC,2,2,4.002,0.36,61.18790447878196,DESTROYING,3.642,1,CONTINUE,
T0,0,4.362,MYOPIC,3,1,3.642,,,,,1,NO_LOCALLY_FEASIBLE_ACTION,
T0,0,4.363,MYOPIC,1,3,4.363,0.36,46.0817150487273,DESTROYING,4.003,2,CONTINUE,
T0,0,4.363,MYOPIC,2,2,4.003,0.36,61.13753024601123,DESTROYING,3.643,1,CONTINUE,
T0,0,4.363,MYOPIC,3,1,3.643,,,,,1,NO_LOCALLY_FEASIBLE_ACTION,
T0,0,4.364,MYOPIC,1,3,4.364,0.36,46.04719691154925,DESTROYING,4.004,2,CONTINUE,
T0,0,4.364,MYOPIC,2,2,4.004,0.36,61.087211293602145,DESTROYING,3.644,1,CONTINUE,
T0,0,4.364,MYOPIC,3,1,3.644,,,,,1,NO_LOCALLY_FEASIBLE_ACTION,
T0,0,4.365,MYOPIC,1,3,4.365,0.36,46.0127132408069,DESTROYING,4.005,2,CONTINUE,
T0,0,4.365,MYOPIC,2,2,4.005,0.36,61.03694754574524,DESTROYING,3.645,1,CONTINUE,
T0,0,4.365,MYOPIC,3,1,3.645,,,,,1,NO_LOCALLY_FEASIBLE_ACTION,
T0,0,4.366,MYOPIC,1,3,4.366,0.36,45.97826399349249,DESTROYING,4.006,2,CONTINUE,
T0,0,4.366,MYOPIC,2,2,4.006,0.36,60.98673892675555,DESTROYING,3.646,1,CONTINUE,
T0,0,4.366,MYOPIC,3,1,3.646,,,,,1,NO_LOCALLY_FEASIBLE_ACTION,
T0,0,4.367,MYOPIC,1,3,4.367,0.36,45.943849126662684,DESTROYING,4.007,2,CONTINUE,
T0,0,4.367,MYOPIC,2,2,4.007,0.36,60.93658536107271,DESTROYING,3.647,1,CONTINUE,
T0,0,4.367,MYOPIC,3,1,3.647,,,,,1,NO_LOCALLY_FEASIBLE_ACTION,
T0,0,4.368,MYOPIC,1,3,4.368,0.36,45.90946859743827,DESTROYING,4.008,2,CONTINUE,
T0,0,4.368,MYOPIC,2,2,4.008,0.36,60.88648677326054,DESTROYING,3.648,1,CONTINUE,
T0,0,4.368,MYOPIC,3,1,3.648,,,,,1,NO_LOCALLY_FEASIBLE_ACTION,
T0,0,4.369,MYOPIC,1,3,4.369,0.36,45.87512236300431,DESTROYING,4.009,2,CONTINUE,
T0,0,4.369,MYOPIC,2,2,4.009,0.36,60.83644308800696,DESTROYING,3.649,1,CONTINUE,
T0,0,4.369,MYOPIC,3,1,3.649,,,,,1,NO_LOCALLY_FEASIBLE_ACTION,
T0,0,4.37,MYOPIC,1,3,4.37,0.36,45.84081038060995,DESTROYING,4.01,2,CONTINUE,
T0,0,4.37,MYOPIC,2,2,4.01,0.36,60.78645423012355,DESTROYING,3.65,1,CONTINUE,
T0,0,4.37,MYOPIC,3,1,3.65,,,,,1,NO_LOCALLY_FEASIBLE_ACTION,
T0,0,4.371,MYOPIC,1,3,4.371,0.36,45.8065326075681,DESTROYING,4.011,2,CONTINUE,
T0,0,4.371,MYOPIC,2,2,4.011,0.36,60.73652012454544,DESTROYING,3.651,1,CONTINUE,
T0,0,4.371,MYOPIC,3,1,3.651,,,,,1,NO_LOCALLY_FEASIBLE_ACTION,
T0,0,4.372,MYOPIC,1,3,4.372,0.36,45.7722890012557,DESTROYING,4.012,2,CONTINUE,
T0,0,4.372,MYOPIC,2,2,4.012,0.36,60.68664069633108,DESTROYING,3.652,1,CONTINUE,
T0,0,4.372,MYOPIC,3,1,3.652,,,,,1,NO_LOCALLY_FEASIBLE_ACTION,
T0,0,4.373,MYOPIC,1,3,4.373,0.36,45.7380795191132,DESTROYING,4.013,2,CONTINUE,
T0,0,4.373,MYOPIC,2,2,4.013,0.36,60.63681587066202,DESTROYING,3.653,1,CONTINUE,
T0,0,4.373,MYOPIC,3,1,3.653,,,,,1,NO_LOCALLY_FEASIBLE_ACTION,
T0,0,4.374,MYOPIC,1,3,4.374,0.36,45.7039041186448,DESTROYING,4.014,2,CONTINUE,
T0,0,4.374,MYOPIC,2,2,4.014,0.36,60.587045572842534,DESTROYING,3.654,1,CONTINUE,
T0,0,4.374,MYOPIC,3,1,3.654,,,,,1,NO_LOCALLY_FEASIBLE_ACTION,
T0,0,4.375,MYOPIC,1,3,4.375,0.36,45.66976275741815,DESTROYING,4.015,2,CONTINUE,
T0,0,4.375,MYOPIC,2,2,4.015,0.36,60.53732972829954,DESTROYING,3.655,1,CONTINUE,
T0,0,4.375,MYOPIC,3,1,3.655,,,,,1,NO_LOCALLY_FEASIBLE_ACTION,
T0,0,4.376,MYOPIC,1,3,4.376,0.36,45.63565539306423,DESTROYING,4.016,2,CONTINUE,
T0,0,4.376,MYOPIC,2,2,4.016,0.36,60.487668262582275,DESTROYING,3.656,1,CONTINUE,
T0,0,4.376,MYOPIC,3,1,3.656,,,,,1,NO_LOCALLY_FEASIBLE_ACTION,
T0,0,4.377,MYOPIC,1,3,4.377,0.36,45.60158198327736,DESTROYING,4.017,2,CONTINUE,
T0,0,4.377,MYOPIC,2,2,4.017,0.36,60.43806110136218,DESTROYING,3.657,1,CONTINUE,
T0,0,4.377,MYOPIC,3,1,3.657,,,,,1,NO_LOCALLY_FEASIBLE_ACTION,
T0,0,4.378,MYOPIC,1,3,4.378,0.36,45.567542485815,DESTROYING,4.018,2,CONTINUE,
T0,0,4.378,MYOPIC,2,2,4.018,0.36,60.38850817043245,DESTROYING,3.658,1,CONTINUE,
T0,0,4.378,MYOPIC,3,1,3.658,,,,,1,NO_LOCALLY_FEASIBLE_ACTION,
T0,0,4.379,MYOPIC,1,3,4.379,0.36,45.53353685849758,DESTROYING,4.019,2,CONTINUE,
T0,0,4.379,MYOPIC,2,2,4.019,0.36,60.33900939570803,DESTROYING,3.659,1,CONTINUE,
T0,0,4.379,MYOPIC,3,1,3.659,,,,,1,NO_LOCALLY_FEASIBLE_ACTION,
T0,0,4.38,MYOPIC,1,3,4.38,0.36,45.49956505920863,DESTROYING,4.02,2,CONTINUE,
T0,0,4.38,MYOPIC,2,2,4.02,0.36,60.2895647032252,DESTROYING,3.66,1,CONTINUE,
T0,0,4.38,MYOPIC,3,1,3.66,,,,,1,NO_LOCALLY_FEASIBLE_ACTION,
T0,0,4.381,MYOPIC,1,3,4.381,0.36,45.4656270458943,DESTROYING,4.021,2,CONTINUE,
T0,0,4.381,MYOPIC,2,2,4.021,0.36,60.24017401914151,DESTROYING,3.661,1,CONTINUE,
T0,0,4.381,MYOPIC,3,1,3.661,,,,,1,NO_LOCALLY_FEASIBLE_ACTION,
T0,0,4.382,MYOPIC,1,3,4.382,0.36,45.43172277656366,DESTROYING,4.022,2,CONTINUE,
T0,0,4.382,MYOPIC,2,2,4.022,0.36,60.19083726973547,DESTROYING,3.662,1,CONTINUE,
T0,0,4.382,MYOPIC,3,1,3.662,,,,,1,NO_LOCALLY_FEASIBLE_ACTION,
T0,0,4.383,MYOPIC,1,3,4.383,0.36,45.397852209288274,DESTROYING,4.023,2,CONTINUE,
T0,0,4.383,MYOPIC,2,2,4.023,0.36,60.14155438140617,DESTROYING,3.663,1,CONTINUE,
T0,0,4.383,MYOPIC,3,1,3.663,,,,,1,NO_LOCALLY_FEASIBLE_ACTION,
T0,0,4.384,MYOPIC,1,3,4.384,0.36,45.36401530220222,DESTROYING,4.024,2,CONTINUE,
T0,0,4.384,MYOPIC,2,2,4.024,0.36,60.09232528067336,DESTROYING,3.664,1,CONTINUE,
T0,0,4.384,MYOPIC,3,1,3.664,,,,,1,NO_LOCALLY_FEASIBLE_ACTION,
T0,0,4.385,MYOPIC,1,3,4.385,0.36,45.33021201350202,DESTROYING,4.025,2,CONTINUE,
T0,0,4.385,MYOPIC,2,2,4.025,0.36,60.04314989417697,DESTROYING,3.665,1,CONTINUE,
T0,0,4.385,MYOPIC,3,1,3.665,,,,,1,NO_LOCALLY_FEASIBLE_ACTION,
T0,0,4.386,MYOPIC,1,3,4.386,0.36,45.29644230144643,DESTROYING,4.026,2,CONTINUE,
T0,0,4.386,MYOPIC,2,2,4.026,0.36,59.994028148676975,DESTROYING,3.666,1,CONTINUE,
T0,0,4.386,MYOPIC,3,1,3.666,,,,,1,NO_LOCALLY_FEASIBLE_ACTION,
T0,0,4.387,MYOPIC,1,3,4.387,0.36,45.262706124356384,DESTROYING,4.027,2,CONTINUE,
T0,0,4.387,MYOPIC,2,2,4.027,0.36,59.9449599710532,DESTROYING,3.667,1,CONTINUE,
T0,0,4.387,MYOPIC,3,1,3.667,,,,,1,NO_LOCALLY_FEASIBLE_ACTION,
T0,0,4.388,MYOPIC,1,3,4.388,0.36,45.22900344061496,DESTROYING,4.028,2,CONTINUE,
T0,0,4.388,MYOPIC,2,2,4.028,0.36,59.895945288304915,DESTROYING,3.668,1,CONTINUE,
T0,0,4.388,MYOPIC,3,1,3.668,,,,,1,NO_LOCALLY_FEASIBLE_ACTION,
T0,0,4.389,MYOPIC,1,3,4.389,0.36,45.19533420866706,DESTROYING,4.029,2,CONTINUE,
T0,0,4.389,MYOPIC,2,2,4.029,0.36,59.84698402755085,DESTROYING,3.669,1,CONTINUE,
T0,0,4.389,MYOPIC,3,1,3.669,,,,,1,NO_LOCALLY_FEASIBLE_ACTION,
T0,0,4.39,MYOPIC,1,3,4.39,0.36,45.16169838701954,DESTROYING,4.03,2,CONTINUE,
T0,0,4.39,MYOPIC,2,2,4.03,0.36,59.79807611602888,DESTROYING,3.67,1,CONTINUE,
T0,0,4.39,MYOPIC,3,1,3.67,,,,,1,NO_LOCALLY_FEASIBLE_ACTION,
T0,0,4.391,MYOPIC,1,3,4.391,0.36,45.12809593424104,DESTROYING,4.031,2,CONTINUE,
T0,0,4.391,MYOPIC,2,2,4.031,0.36,59.74922148109571,DESTROYING,3.671,1,CONTINUE,
T0,0,4.391,MYOPIC,3,1,3.671,,,,,1,NO_LOCALLY_FEASIBLE_ACTION,
T0,0,4.392,MYOPIC,1,3,4.392,0.36,45.09452680896169,DESTROYING,4.032,2,CONTINUE,
T0,0,4.392,MYOPIC,2,2,4.032,0.36,59.700420050226654,DESTROYING,3.672,1,CONTINUE,
T0,0,4.392,MYOPIC,3,1,3.672,,,,,1,NO_LOCALLY_FEASIBLE_ACTION,
T0,0,4.393,MYOPIC,1,3,4.393,0.36,45.06099096987327,DESTROYING,4.033,2,CONTINUE,
T0,0,4.393,MYOPIC,2,2,4.033,0.36,59.65167175101557,DESTROYING,3.673,1,CONTINUE,
T0,0,4.393,MYOPIC,3,1,3.673,,,,,1,NO_LOCALLY_FEASIBLE_ACTION,
T0,0,4.394,MYOPIC,1,3,4.394,0.36,45.02748837572899,DESTROYING,4.034,2,CONTINUE,
T0,0,4.394,MYOPIC,2,2,4.034,0.36,59.60297651117456,DESTROYING,3.674,1,CONTINUE,
T0,0,4.394,MYOPIC,3,1,3.674,,,,,1,NO_LOCALLY_FEASIBLE_ACTION,
T0,0,4.395,MYOPIC,1,3,4.395,0.36,44.99401898534328,DESTROYING,4.035,2,CONTINUE,
T0,0,4.395,MYOPIC,2,2,4.035,0.36,59.55433425853356,DESTROYING,3.675,1,CONTINUE,
T0,0,4.395,MYOPIC,3,1,3.675,,,,,1,NO_LOCALLY_FEASIBLE_ACTION,
T0,0,4.396,MYOPIC,1,3,4.396,0.36,44.96058275759192,DESTROYING,4.036,2,CONTINUE,
T0,0,4.396,MYOPIC,2,2,4.036,0.36,59.50574492104035,DESTROYING,3.676,1,CONTINUE,
T0,0,4.396,MYOPIC,3,1,3.676,,,,,1,NO_LOCALLY_FEASIBLE_ACTION,
T0,0,4.397,MYOPIC,1,3,4.397,0.36,44.927179651411635,DESTROYING,4.037,2,CONTINUE,
T0,0,4.397,MYOPIC,2,2,4.037,0.36,59.45720842676034,DESTROYING,3.677,1,CONTINUE,
T0,0,4.397,MYOPIC,3,1,3.677,,,,,1,NO_LOCALLY_FEASIBLE_ACTION,
T0,0,4.398,MYOPIC,1,3,4.398,0.36,44.89380962580027,DESTROYING,4.038,2,CONTINUE,
T0,0,4.398,MYOPIC,2,2,4.038,0.36,59.408724703876146,DESTROYING,3.678,1,CONTINUE,
T0,0,4.398,MYOPIC,3,1,3.678,,,,,1,NO_LOCALLY_FEASIBLE_ACTION,
T0,0,4.399,MYOPIC,1,3,4.399,0.36,44.860472639816585,DESTROYING,4.039,2,CONTINUE,
T0,0,4.399,MYOPIC,2,2,4.039,0.36,59.360293680687484,DESTROYING,3.679,1,CONTINUE,
T0,0,4.399,MYOPIC,3,1,3.679,,,,,1,NO_LOCALLY_FEASIBLE_ACTION,
T0,0,4.4,MYOPIC,1,3,4.4,0.36,44.827168652579985,DESTROYING,4.04,2,CONTINUE,
T0,0,4.4,MYOPIC,2,2,4.04,0.36,59.31191528561094,DESTROYING,3.68,1,CONTINUE,
T0,0,4.4,MYOPIC,3,1,3.68,,,,,1,NO_LOCALLY_FEASIBLE_ACTION,
T0,0,4.401,MYOPIC,1,3,4.401,0.36,44.79389762327068,DESTROYING,4.041,2,CONTINUE,
T0,0,4.401,MYOPIC,2,2,4.041,0.36,59.263589447179825,DESTROYING,3.681,1,CONTINUE,
T0,0,4.401,MYOPIC,3,1,3.681,,,,,1,NO_LOCALLY_FEASIBLE_ACTION,
T0,0,4.402,MYOPIC,1,3,4.402,0.36,44.76065951112946,DESTROYING,4.042,2,CONTINUE,
T0,0,4.402,MYOPIC,2,2,4.042,0.36,59.215316094043835,DESTROYING,3.682,1,CONTINUE,
T0,0,4.402,MYOPIC,3,1,3.682,,,,,1,NO_LOCALLY_FEASIBLE_ACTION,
T0,0,4.403,MYOPIC,1,3,4.403,0.36,44.72745427545751,DESTROYING,4.043,2,CONTINUE,
T0,0,4.403,MYOPIC,2,2,4.043,0.36,59.167095154968806,DESTROYING,3.683,1,CONTINUE,
T0,0,4.403,MYOPIC,3,1,3.683,,,,,1,NO_LOCALLY_FEASIBLE_ACTION,
T0,0,4.404,MYOPIC,1,3,4.404,0.36,44.69428187561646,DESTROYING,4.044,2,CONTINUE,
T0,0,4.404,MYOPIC,2,2,4.044,0.36,59.118926558836634,DESTROYING,3.684,1,CONTINUE,
T0,0,4.404,MYOPIC,3,1,3.684,,,,,1,NO_LOCALLY_FEASIBLE_ACTION,
T0,0,4.405,MYOPIC,1,3,4.405,0.36,44.66114227102813,DESTROYING,4.045,2,CONTINUE,
T0,0,4.405,MYOPIC,2,2,4.045,0.36,59.07081023464499,DESTROYING,3.685,1,CONTINUE,
T0,0,4.405,MYOPIC,3,1,3.685,,,,,1,NO_LOCALLY_FEASIBLE_ACTION,
T0,0,4.406,MYOPIC,1,3,4.406,0.36,44.62803542117457,DESTROYING,4.046,2,CONTINUE,
T0,0,4.406,MYOPIC,2,2,4.046,0.36,59.02274611150704,DESTROYING,3.686,1,CONTINUE,
T0,0,4.406,MYOPIC,3,1,3.686,,,,,1,NO_LOCALLY_FEASIBLE_ACTION,
T0,0,4.407,MYOPIC,1,3,4.407,0.36,44.59496128559787,DESTROYING,4.047,2,CONTINUE,
T0,0,4.407,MYOPIC,2,2,4.047,0.36,58.97473411865128,DESTROYING,3.687,1,CONTINUE,
T0,0,4.407,MYOPIC,3,1,3.687,,,,,1,NO_LOCALLY_FEASIBLE_ACTION,
T0,0,4.408,MYOPIC,1,3,4.408,0.36,44.56191982390002,DESTROYING,4.048,2,CONTINUE,
T0,0,4.408,MYOPIC,2,2,4.048,0.36,58.92677418542132,DESTROYING,3.688,1,CONTINUE,
T0,0,4.408,MYOPIC,3,1,3.688,,,,,1,NO_LOCALLY_FEASIBLE_ACTION,
T0,0,4.409,MYOPIC,1,3,4.409,0.36,44.52891099574296,DESTROYING,4.049,2,CONTINUE,
T0,0,4.409,MYOPIC,2,2,4.049,0.36,58.87886624127572,DESTROYING,3.689,1,CONTINUE,
T0,0,4.409,MYOPIC,3,1,3.689,,,,,1,NO_LOCALLY_FEASIBLE_ACTION,
T0,0,4.41,MYOPIC,1,3,4.41,0.36,44.49593476084829,DESTROYING,4.05,2,CONTINUE,
T0,0,4.41,MYOPIC,2,2,4.05,0.36,58.83101021578763,DESTROYING,3.69,1,CONTINUE,
T0,0,4.41,MYOPIC,3,1,3.69,,,,,1,NO_LOCALLY_FEASIBLE_ACTION,
T0,0,4.411,MYOPIC,1,3,4.411,0.36,44.46299107899725,DESTROYING,4.051,2,CONTINUE,
T0,0,4.411,MYOPIC,2,2,4.051,0.36,58.78320603864467,DESTROYING,3.691,1,CONTINUE,
T0,0,4.411,MYOPIC,3,1,3.691,,,,,1,NO_LOCALLY_FEASIBLE_ACTION,
T0,0,4.412,MYOPIC,1,3,4.412,0.36,44.43007991003068,DESTROYING,4.052,2,CONTINUE,
T0,0,4.412,MYOPIC,2,2,4.052,0.36,58.7354536396487,DESTROYING,3.692,1,CONTINUE,
T0,0,4.412,MYOPIC,3,1,3.692,,,,,1,NO_LOCALLY_FEASIBLE_ACTION,
T0,0,4.413,MYOPIC,1,3,4.413,0.36,44.3972012138488,DESTROYING,4.053,2,CONTINUE,
T0,0,4.413,MYOPIC,2,2,4.053,0.36,58.68775294871562,DESTROYING,3.693,1,CONTINUE,
T0,0,4.413,MYOPIC,3,1,3.693,,,,,1,NO_LOCALLY_FEASIBLE_ACTION,
T0,0,4.414,MYOPIC,1,3,4.414,0.36,44.3643549504112,DESTROYING,4.054,2,CONTINUE,
T0,0,4.414,MYOPIC,2,2,4.054,0.36,58.64010389587514,DESTROYING,3.694,1,CONTINUE,
T0,0,4.414,MYOPIC,3,1,3.694,,,,,1,NO_LOCALLY_FEASIBLE_ACTION,
T0,0,4.415,MYOPIC,1,3,4.415,0.36,44.33154107973671,DESTROYING,4.055,2,CONTINUE,
T0,0,4.415,MYOPIC,2,2,4.055,0.36,58.592506411270506,DESTROYING,3.695,1,CONTINUE,
T0,0,4.415,MYOPIC,3,1,3.695,,,,,1,NO_LOCALLY_FEASIBLE_ACTION,
T0,0,4.416,MYOPIC,1,3,4.416,0.36,44.298759561903246,DESTROYING,4.056,2,CONTINUE,
T0,0,4.416,MYOPIC,2,2,4.056,0.36,58.54496042515837,DESTROYING,3.696,1,CONTINUE,
T0,0,4.416,MYOPIC,3,1,3.696,,,,,1,NO_LOCALLY_FEASIBLE_ACTION,
T0,0,4.417,MYOPIC,1,3,4.417,0.36,44.266010357047755,DESTROYING,4.057,2,CONTINUE,
T0,0,4.417,MYOPIC,2,2,4.057,0.36,58.49746586790855,DESTROYING,3.697,1,CONTINUE,
T0,0,4.417,MYOPIC,3,1,3.697,,,,,1,NO_LOCALLY_FEASIBLE_ACTION,
T0,0,4.418,MYOPIC,1,3,4.418,0.36,44.23329342536616,DESTROYING,4.058,2,CONTINUE,
T0,0,4.418,MYOPIC,2,2,4.058,0.36,58.45002267000382,DESTROYING,3.698,1,CONTINUE,
T0,0,4.418,MYOPIC,3,1,3.698,,,,,1,NO_LOCALLY_FEASIBLE_ACTION,
T0,0,4.419,MYOPIC,1,3,4.419,0.36,44.20060872711316,DESTROYING,4.059,2,CONTINUE,
T0,0,4.419,MYOPIC,2,2,4.059,0.36,58.40263076203965,DESTROYING,3.699,1,CONTINUE,
T0,0,4.419,MYOPIC,3,1,3.699,,,,,1,NO_LOCALLY_FEASIBLE_ACTION,
T0,0,4.42,MYOPIC,1,3,4.42,0.36,44.16795622260222,DESTROYING,4.06,2,CONTINUE,
T0,0,4.42,MYOPIC,2,2,4.06,0.36,58.35529007472402,DESTROYING,3.7,1,CONTINUE,
T0,0,4.42,MYOPIC,3,1,3.7,,,,,1,NO_LOCALLY_FEASIBLE_ACTION,
T0,0,4.421,MYOPIC,1,3,4.421,0.36,44.13533587220534,DESTROYING,4.061,2,CONTINUE,
T0,0,4.421,MYOPIC,2,2,4.061,0.36,58.30800053887728,DESTROYING,3.701,1,CONTINUE,
T0,0,4.421,MYOPIC,3,1,3.701,,,,,1,NO_LOCALLY_FEASIBLE_ACTION,
T0,0,4.422,MYOPIC,1,3,4.422,0.36,44.10274763635313,DESTROYING,4.062,2,CONTINUE,
T0,0,4.422,MYOPIC,2,2,4.062,0.36,58.26076208543178,DESTROYING,3.702,1,CONTINUE,
T0,0,4.422,MYOPIC,3,1,3.702,,,,,1,NO_LOCALLY_FEASIBLE_ACTION,
T0,0,4.423,MYOPIC,1,3,4.423,0.36,44.07019147553461,DESTROYING,4.063,2,CONTINUE,
T0,0,4.423,MYOPIC,2,2,4.063,0.36,58.213574645431834,DESTROYING,3.703,1,CONTINUE,
T0,0,4.423,MYOPIC,3,1,3.703,,,,,1,NO_LOCALLY_FEASIBLE_ACTION,
T0,0,4.424,MYOPIC,1,3,4.424,0.36,44.03766735029706,DESTROYING,4.064,2,CONTINUE,
T0,0,4.424,MYOPIC,2,2,4.064,0.36,58.166438150033386,DESTROYING,3.704,1,CONTINUE,
T0,0,4.424,MYOPIC,3,1,3.704,,,,,1,NO_LOCALLY_FEASIBLE_ACTION,
T0,0,4.425,MYOPIC,1,3,4.425,0.36,44.00517522124601,DESTROYING,4.065,2,CONTINUE,
T0,0,4.425,MYOPIC,2,2,4.065,0.36,58.11935253050383,DESTROYING,3.705,1,CONTINUE,
T0,0,4.425,MYOPIC,3,1,3.705,,,,,1,NO_LOCALLY_FEASIBLE_ACTION,
T0,0,4.426,MYOPIC,1,3,4.426,0.36,43.972715049045185,DESTROYING,4.066,2,CONTINUE,
T0,0,4.426,MYOPIC,2,2,4.066,0.36,58.07231771822184,DESTROYING,3.706,1,CONTINUE,
T0,0,4.426,MYOPIC,3,1,3.706,,,,,1,NO_LOCALLY_FEASIBLE_ACTION,
T0,0,4.427,MYOPIC,1,3,4.427,0.36,43.940286794416174,DESTROYING,4.067,2,CONTINUE,
T0,0,4.427,MYOPIC,2,2,4.067,0.36,58.02533364467711,DESTROYING,3.707,1,CONTINUE,
T0,0,4.427,MYOPIC,3,1,3.707,,,,,1,NO_LOCALLY_FEASIBLE_ACTION,
T0,0,4.428,MYOPIC,1,3,4.428,0.36,43.907890418138614,DESTROYING,4.068,2,CONTINUE,
T0,0,4.428,MYOPIC,2,2,4.068,0.36,57.97840024147011,DESTROYING,3.708,1,CONTINUE,
T0,0,4.428,MYOPIC,3,1,3.708,,,,,1,NO_LOCALLY_FEASIBLE_ACTION,
T0,0,4.429,MYOPIC,1,3,4.429,0.36,43.87552588104985,DESTROYING,4.069,2,CONTINUE,
T0,0,4.429,MYOPIC,2,2,4.069,0.36,57.93151744031205,DESTROYING,3.709,1,CONTINUE,
T0,0,4.429,MYOPIC,3,1,3.709,,,,,1,NO_LOCALLY_FEASIBLE_ACTION,
T0,0,4.43,MYOPIC,1,3,4.43,0.36,43.843193144045095,DESTROYING,4.07,2,CONTINUE,
T0,0,4.43,MYOPIC,2,2,4.07,0.36,57.884685173024444,DESTROYING,3.71,1,CONTINUE,
T0,0,4.43,MYOPIC,3,1,3.71,,,,,1,NO_LOCALLY_FEASIBLE_ACTION,
T0,0,4.431,MYOPIC,1,3,4.431,0.36,43.810892168077054,DESTROYING,4.071,2,CONTINUE,
T0,0,4.431,MYOPIC,2,2,4.071,0.36,57.837903371539085,DESTROYING,3.711,1,CONTINUE,
T0,0,4.431,MYOPIC,3,1,3.711,,,,,1,NO_LOCALLY_FEASIBLE_ACTION,
T0,0,4.432,MYOPIC,1,3,4.432,0.36,43.778622914155996,DESTROYING,4.072,2,CONTINUE,
T0,0,4.432,MYOPIC,2,2,4.072,0.36,57.79117196789761,DESTROYING,3.712,1,CONTINUE,
T0,0,4.432,MYOPIC,3,1,3.712,,,,,1,NO_LOCALLY_FEASIBLE_ACTION,
T0,0,4.433,MYOPIC,1,3,4.433,0.36,43.7463853433496,DESTROYING,4.073,2,CONTINUE,
T0,0,4.433,MYOPIC,2,2,4.073,0.36,57.74449089425169,DESTROYING,3.713,1,CONTINUE,
T0,0,4.433,MYOPIC,3,1,3.713,,,,,1,NO_LOCALLY_FEASIBLE_ACTION,
T0,0,4.434,MYOPIC,1,3,4.434,0.36,43.71417941678293,DESTROYING,4.074,2,CONTINUE,
T0,0,4.434,MYOPIC,2,2,4.074,0.36,57.697860082862384,DESTROYING,3.714,1,CONTINUE,
T0,0,4.434,MYOPIC,3,1,3.714,,,,,1,NO_LOCALLY_FEASIBLE_ACTION,
T0,0,4.435,MYOPIC,1,3,4.435,0.36,43.682005095638175,DESTROYING,4.075,2,CONTINUE,
T0,0,4.435,MYOPIC,2,2,4.075,0.36,57.651279466100135,DESTROYING,3.715,1,CONTINUE,
T0,0,4.435,MYOPIC,3,1,3.715,,,,,1,NO_LOCALLY_FEASIBLE_ACTION,
T0,0,4.436,MYOPIC,1,3,4.436,0.36,43.64986234115474,DESTROYING,4.076,2,CONTINUE,
T0,0,4.436,MYOPIC,2,2,4.076,0.36,57.604748976444654,DESTROYING,3.716,1,CONTINUE,
T0,0,4.436,MYOPIC,3,1,3.716,,,,,1,NO_LOCALLY_FEASIBLE_ACTION,
T0,0,4.437,MYOPIC,1,3,4.437,0.36,43.61775111462897,DESTROYING,4.077,2,CONTINUE,
T0,0,4.437,MYOPIC,2,2,4.077,0.36,57.55826854648456,DESTROYING,3.717,1,CONTINUE,
T0,0,4.437,MYOPIC,3,1,3.717,,,,,1,NO_LOCALLY_FEASIBLE_ACTION,
T0,0,4.438,MYOPIC,1,3,4.438,0.36,43.58567137741422,DESTROYING,4.078,2,CONTINUE,
T0,0,4.438,MYOPIC,2,2,4.078,0.36,57.51183810891722,DESTROYING,3.718,1,CONTINUE,
T0,0,4.438,MYOPIC,3,1,3.718,,,,,1,NO_LOCALLY_FEASIBLE_ACTION,
T0,0,4.439,MYOPIC,1,3,4.439,0.36,43.553623090920695,DESTROYING,4.079,2,CONTINUE,
T0,0,4.439,MYOPIC,2,2,4.079,0.36,57.46545759654853,DESTROYING,3.719,1,CONTINUE,
T0,0,4.439,MYOPIC,3,1,3.719,,,,,1,NO_LOCALLY_FEASIBLE_ACTION,
T0,0,4.44,MYOPIC,1,3,4.44,0.36,43.521606216615226,DESTROYING,4.08,2,CONTINUE,
T0,0,4.44,MYOPIC,2,2,4.08,0.36,57.4191269422928,DESTROYING,3.72,1,CONTINUE,
T0,0,4.44,MYOPIC,3,1,3.72,,,,,1,NO_LOCALLY_FEASIBLE_ACTION,
T0,0,4.441,MYOPIC,1,3,4.441,0.36,43.48962071602136,DESTROYING,4.081,2,CONTINUE,
T0,0,4.441,MYOPIC,2,2,4.081,0.36,57.37284607917246,DESTROYING,3.721,1,CONTINUE,
T0,0,4.441,MYOPIC,3,1,3.721,,,,,1,NO_LOCALLY_FEASIBLE_ACTION,
T0,0,4.442,MYOPIC,1,3,4.442,0.36,43.45766655071922,DESTROYING,4.082,2,CONTINUE,
T0,0,4.442,MYOPIC,2,2,4.082,0.36,57.326614940317846,DESTROYING,3.722,1,CONTINUE,
T0,0,4.442,MYOPIC,3,1,3.722,,,,,1,NO_LOCALLY_FEASIBLE_ACTION,
T0,0,4.443,MYOPIC,1,3,4.443,0.36,43.42574368234526,DESTROYING,4.083,2,CONTINUE,
T0,0,4.443,MYOPIC,2,2,4.083,0.36,57.28043345896708,DESTROYING,3.723,1,CONTINUE,
T0,0,4.443,MYOPIC,3,1,3.723,,,,,1,NO_LOCALLY_FEASIBLE_ACTION,
T0,0,4.444,MYOPIC,1,3,4.444,0.36,43.39385207259243,DESTROYING,4.084,2,CONTINUE,
T0,0,4.444,MYOPIC,2,2,4.084,0.36,57.23430156846579,DESTROYING,3.724,1,CONTINUE,
T0,0,4.444,MYOPIC,3,1,3.724,,,,,1,NO_LOCALLY_FEASIBLE_ACTION,
T0,0,4.445,MYOPIC,1,3,4.445,0.36,43.36199168320975,DESTROYING,4.085,2,CONTINUE,
T0,0,4.445,MYOPIC,2,2,4.085,0.36,57.188219202266936,DESTROYING,3.725,1,CONTINUE,
T0,0,4.445,MYOPIC,3,1,3.725,,,,,1,NO_LOCALLY_FEASIBLE_ACTION,
T0,0,4.446,MYOPIC,1,3,4.446,0.36,43.33016247600254,DESTROYING,4.086,2,CONTINUE,
T0,0,4.446,MYOPIC,2,2,4.086,0.36,57.14218629393066,DESTROYING,3.726,1,CONTINUE,
T0,0,4.446,MYOPIC,3,1,3.726,,,,,1,NO_LOCALLY_FEASIBLE_ACTION,
T0,0,4.447,MYOPIC,1,3,4.447,0.36,43.298364412832186,DESTROYING,4.087,2,CONTINUE,
T0,0,4.447,MYOPIC,2,2,4.087,0.36,57.09620277712396,DESTROYING,3.727,1,CONTINUE,
T0,0,4.447,MYOPIC,3,1,3.727,,,,,1,NO_LOCALLY_FEASIBLE_ACTION,
T0,0,4.448,MYOPIC,1,3,4.448,0.36,43.2665974556159,DESTROYING,4.088,2,CONTINUE,
T0,0,4.448,MYOPIC,2,2,4.088,0.36,57.05026858562059,DESTROYING,3.728,1,CONTINUE,
T0,0,4.448,MYOPIC,3,1,3.728,,,,,1,NO_LOCALLY_FEASIBLE_ACTION,
T0,0,4.449,MYOPIC,1,3,4.449,0.36,43.234861566326884,DESTROYING,4.089,2,CONTINUE,
T0,0,4.449,MYOPIC,2,2,4.089,0.36,57.0043836533009,DESTROYING,3.729,1,CONTINUE,
T0,0,4.449,MYOPIC,3,1,3.729,,,,,1,NO_LOCALLY_FEASIBLE_ACTION,
T0,0,4.45,MYOPIC,1,3,4.45,0.36,43.20315670699411,DESTROYING,4.09,2,CONTINUE,
T0,0,4.45,MYOPIC,2,2,4.09,0.36,56.95854791415147,DESTROYING,3.73,1,CONTINUE,
T0,0,4.45,MYOPIC,3,1,3.73,,,,,1,NO_LOCALLY_FEASIBLE_ACTION,
T0,0,4.451,MYOPIC,1,3,4.451,0.36,43.1714828397021,DESTROYING,4.091,2,CONTINUE,
T0,0,4.451,MYOPIC,2,2,4.091,0.36,56.912761302265054,DESTROYING,3.731,1,CONTINUE,
T0,0,4.451,MYOPIC,3,1,3.731,,,,,1,NO_LOCALLY_FEASIBLE_ACTION,
T0,0,4.452,MYOPIC,1,3,4.452,0.36,43.139839926591144,DESTROYING,4.092,2,CONTINUE,
T0,0,4.452,MYOPIC,2,2,4.092,0.36,56.86702375184036,DESTROYING,3.732,1,CONTINUE,
T0,0,4.452,MYOPIC,3,1,3.732,,,,,1,NO_LOCALLY_FEASIBLE_ACTION,
T0,0,4.453,MYOPIC,1,3,4.453,0.36,43.10822792985685,DESTROYING,4.093,2,CONTINUE,
T0,0,4.453,MYOPIC,2,2,4.093,0.36,56.82133519718181,DESTROYING,3.733,1,CONTINUE,
T0,0,4.453,MYOPIC,3,1,3.733,,,,,1,NO_LOCALLY_FEASIBLE_ACTION,
T0,0,4.454,MYOPIC,1,3,4.454,0.36,43.0766468117503,DESTROYING,4.094,2,CONTINUE,
T0,0,4.454,MYOPIC,2,2,4.094,0.36,56.775695572699355,DESTROYING,3.734,1,CONTINUE,
T0,0,4.454,MYOPIC,3,1,3.734,,,,,1,NO_LOCALLY_FEASIBLE_ACTION,
T0,0,4.455,MYOPIC,1,3,4.455,0.36,43.045096534577894,DESTROYING,4.095,2,CONTINUE,
T0,0,4.455,MYOPIC,2,2,4.095,0.36,56.73010481290829,DESTROYING,3.735,1,CONTINUE,
T0,0,4.455,MYOPIC,3,1,3.735,,,,,1,NO_LOCALLY_FEASIBLE_ACTION,
T0,0,4.456,MYOPIC,1,3,4.456,0.36,43.01357706070116,DESTROYING,4.096,2,CONTINUE,
T0,0,4.456,MYOPIC,2,2,4.096,0.36,56.68456285242903,DESTROYING,3.736,1,CONTINUE,
T0,0,4.456,MYOPIC,3,1,3.736,,,,,1,NO_LOCALLY_FEASIBLE_ACTION,
T0,0,4.457,MYOPIC,1,3,4.457,0.36,42.98208835253676,DESTROYING,4.097,2,CONTINUE,
T0,0,4.457,MYOPIC,2,2,4.097,0.36,56.639069625987005,DESTROYING,3.737,1,CONTINUE,
T0,0,4.457,MYOPIC,3,1,3.737,,,,,1,NO_LOCALLY_FEASIBLE_ACTION,
T0,0,4.458,MYOPIC,1,3,4.458,0.36,42.950630372556446,DESTROYING,4.098,2,CONTINUE,
T0,0,4.458,MYOPIC,2,2,4.098,0.36,56.59362506841227,DESTROYING,3.738,1,CONTINUE,
T0,0,4.458,MYOPIC,3,1,3.738,,,,,1,NO_LOCALLY_FEASIBLE_ACTION,
T0,0,4.459,MYOPIC,1,3,4.459,0.36,42.919203083286774,DESTROYING,4.099,2,CONTINUE,
T0,0,4.459,MYOPIC,2,2,4.099,0.36,56.54822911463953,DESTROYING,3.739,1,CONTINUE,
T0,0,4.459,MYOPIC,3,1,3.739,,,,,1,NO_LOCALLY_FEASIBLE_ACTION,
T0,0,4.46,MYOPIC,1,3,4.46,0.36,42.887806447309195,DESTROYING,4.1,2,CONTINUE,
T0,0,4.46,MYOPIC,2,2,4.1,0.36,56.502881699707814,DESTROYING,3.74,1,CONTINUE,
T0,0,4.46,MYOPIC,3,1,3.74,,,,,1,NO_LOCALLY_FEASIBLE_ACTION,
T0,0,4.461,MYOPIC,1,3,4.461,0.36,42.85644042725985,DESTROYING,4.101,2,CONTINUE,
T0,0,4.461,MYOPIC,2,2,4.101,0.36,56.457582758760324,DESTROYING,3.741,1,CONTINUE,
T0,0,4.461,MYOPIC,3,1,3.741,,,,,1,NO_LOCALLY_FEASIBLE_ACTION,
T0,0,4.462,MYOPIC,1,3,4.462,0.36,42.825104985829554,DESTROYING,4.102,2,CONTINUE,
T0,0,4.462,MYOPIC,2,2,4.102,0.36,56.41233222704422,DESTROYING,3.742,1,CONTINUE,
T0,0,4.462,MYOPIC,3,1,3.742,,,,,1,NO_LOCALLY_FEASIBLE_ACTION,
T0,0,4.463,MYOPIC,1,3,4.463,0.36,42.79380008576369,DESTROYING,4.103,2,CONTINUE,
T0,0,4.463,MYOPIC,2,2,4.103,0.36,56.36713003991038,DESTROYING,3.743,1,CONTINUE,
T0,0,4.463,MYOPIC,3,1,3.743,,,,,1,NO_LOCALLY_FEASIBLE_ACTION,
T0,0,4.464,MYOPIC,1,3,4.464,0.36,42.76252568986201,DESTROYING,4.104,2,CONTINUE,
T0,0,4.464,MYOPIC,2,2,4.104,0.36,56.3219761328133,DESTROYING,3.744,1,CONTINUE,
T0,0,4.464,MYOPIC,3,1,3.744,,,,,1,NO_LOCALLY_FEASIBLE_ACTION,
T0,0,4.465,MYOPIC,1,3,4.465,0.36,42.731281760978696,DESTROYING,4.105,2,CONTINUE,
T0,0,4.465,MYOPIC,2,2,4.105,0.36,56.27687044131094,DESTROYING,3.745,1,CONTINUE,
T0,0,4.465,MYOPIC,3,1,3.745,,,,,1,NO_LOCALLY_FEASIBLE_ACTION,
T0,0,4.466,MYOPIC,1,3,4.466,0.36,42.7000682620222,DESTROYING,4.106,2,CONTINUE,
T0,0,4.466,MYOPIC,2,2,4.106,0.36,56.23181290106433,DESTROYING,3.746,1,CONTINUE,
T0,0,4.466,MYOPIC,3,1,3.746,,,,,1,NO_LOCALLY_FEASIBLE_ACTION,
T0,0,4.467,MYOPIC,1,3,4.467,0.36,42.668885155955095,DESTROYING,4.107,2,CONTINUE,
T0,0,4.467,MYOPIC,2,2,4.107,0.36,56.18680344783754,DESTROYING,3.747,1,CONTINUE,
T0,0,4.467,MYOPIC,3,1,3.747,,,,,1,NO_LOCALLY_FEASIBLE_ACTION,
T0,0,4.468,MYOPIC,1,3,4.468,0.36,42.63773240579409,DESTROYING,4.108,2,CONTINUE,
T0,0,4.468,MYOPIC,2,2,4.108,0.36,56.141842017497424,DESTROYING,3.748,1,CONTINUE,
T0,0,4.468,MYOPIC,3,1,3.748,,,,,1,NO_LOCALLY_FEASIBLE_ACTION,
T0,0,4.469,MYOPIC,1,3,4.469,0.36,42.606609974609825,DESTROYING,4.109,2,CONTINUE,
T0,0,4.469,MYOPIC,2,2,4.109,0.36,56.09692854601351,DESTROYING,3.749,1,CONTINUE,
T0,0,4.469,MYOPIC,3,1,3.749,,,,,1,NO_LOCALLY_FEASIBLE_ACTION,
T0,0,4.47,MYOPIC,1,3,4.47,0.36,42.5755178255269,DESTROYING,4.11,2,CONTINUE,
T0,0,4.47,MYOPIC,2,2,4.11,0.36,56.052062969457715,DESTROYING,3.75,1,CONTINUE,
T0,0,4.47,MYOPIC,3,1,3.75,,,,,1,NO_LOCALLY_FEASIBLE_ACTION,
T0,0,4.471,MYOPIC,1,3,4.471,0.36,42.544455921723696,DESTROYING,4.111,2,CONTINUE,
T0,0,4.471,MYOPIC,2,2,4.111,0.36,56.00724522400413,DESTROYING,3.751,1,CONTINUE,
T0,0,4.471,MYOPIC,3,1,3.751,,,,,1,NO_LOCALLY_FEASIBLE_ACTION,
T0,0,4.472,MYOPIC,1,3,4.472,0.36,42.513424226432306,DESTROYING,4.112,2,CONTINUE,
T0,0,4.472,MYOPIC,2,2,4.112,0.36,55.96247524592898,DESTROYING,3.752,1,CONTINUE,
T0,0,4.472,MYOPIC,3,1,3.752,,,,,1,NO_LOCALLY_FEASIBLE_ACTION,
T0,0,4.473,MYOPIC,1,3,4.473,0.36,42.48242270293845,DESTROYING,4.113,2,CONTINUE,
T0,0,4.473,MYOPIC,2,2,4.113,0.36,55.91775297161024,DESTROYING,3.753,1,CONTINUE,
T0,0,4.473,MYOPIC,3,1,3.753,,,,,1,NO_LOCALLY_FEASIBLE_ACTION,
T0,0,4.474,MYOPIC,1,3,4.474,0.36,42.45145131458139,DESTROYING,4.114,2,CONTINUE,
T0,0,4.474,MYOPIC,2,2,4.114,0.36,55.87307833752768,DESTROYING,3.754,1,CONTINUE,
T0,0,4.474,MYOPIC,3,1,3.754,,,,,1,NO_LOCALLY_FEASIBLE_ACTION,
T0,0,4.475,MYOPIC,1,3,4.475,0.36,42.42051002475378,DESTROYING,4.115,2,CONTINUE,
T0,0,4.475,MYOPIC,2,2,4.115,0.36,55.8284512802624,DESTROYING,3.755,1,CONTINUE,
T0,0,4.475,MYOPIC,3,1,3.755,,,,,1,NO_LOCALLY_FEASIBLE_ACTION,
T0,0,4.476,MYOPIC,1,3,4.476,0.36,42.38959879690173,DESTROYING,4.116,2,CONTINUE,
T0,0,4.476,MYOPIC,2,2,4.116,0.36,55.783871736496856,DESTROYING,3.756,1,CONTINUE,
T0,0,4.476,MYOPIC,3,1,3.756,,,,,1,NO_LOCALLY_FEASIBLE_ACTION,
T0,0,4.477,MYOPIC,1,3,4.477,0.36,42.35871759452447,DESTROYING,4.117,2,CONTINUE,
T0,0,4.477,MYOPIC,2,2,4.117,0.36,55.73933964301458,DESTROYING,3.757,1,CONTINUE,
T0,0,4.477,MYOPIC,3,1,3.757,,,,,1,NO_LOCALLY_FEASIBLE_ACTION,
T0,0,4.478,MYOPIC,1,3,4.478,0.36,42.32786638117453,DESTROYING,4.118,2,CONTINUE,
T0,0,4.478,MYOPIC,2,2,4.118,0.36,55.69485493670001,DESTROYING,3.758,1,CONTINUE,
T0,0,4.478,MYOPIC,3,1,3.758,,,,,1,NO_LOCALLY_FEASIBLE_ACTION,
T0,0,4.479,MYOPIC,1,3,4.479,0.36,42.29704512045743,DESTROYING,4.119,2,CONTINUE,
T0,0,4.479,MYOPIC,2,2,4.119,0.36,55.65041755453831,DESTROYING,3.759,1,CONTINUE,
T0,0,4.479,MYOPIC,3,1,3.759,,,,,1,NO_LOCALLY_FEASIBLE_ACTION,
T0,0,4.48,MYOPIC,1,3,4.48,0.36,42.266253776031725,DESTROYING,4.12,2,CONTINUE,
T0,0,4.48,MYOPIC,2,2,4.12,0.36,55.60602743361519,DESTROYING,3.76,1,CONTINUE,
T0,0,4.48,MYOPIC,3,1,3.76,,,,,1,NO_LOCALLY_FEASIBLE_ACTION,
T0,0,4.481,MYOPIC,1,3,4.481,0.36,42.23549231160882,DESTROYING,4.121,2,CONTINUE,
T0,0,4.481,MYOPIC,2,2,4.121,0.36,55.561684511116574,DESTROYING,3.761,1,CONTINUE,
T0,0,4.481,MYOPIC,3,1,3.761,,,,,1,NO_LOCALLY_FEASIBLE_ACTION,
T0,0,4.482,MYOPIC,1,3,4.482,0.36,42.20476069095303,DESTROYING,4.122,2,CONTINUE,
T0,0,4.482,MYOPIC,2,2,4.122,0.36,55.517388724328754,DESTROYING,3.762,1,CONTINUE,
T0,0,4.482,MYOPIC,3,1,3.762,,,,,1,NO_LOCALLY_FEASIBLE_ACTION,
T0,0,4.483,MYOPIC,1,3,4.483,0.36,42.17405887788127,DESTROYING,4.123,2,CONTINUE,
T0,0,4.483,MYOPIC,2,2,4.123,0.36,55.47314001063783,DESTROYING,3.763,1,CONTINUE,
T0,0,4.483,MYOPIC,3,1,3.763,,,,,1,NO_LOCALLY_FEASIBLE_ACTION,
T0,0,4.484,MYOPIC,1,3,4.484,0.36,42.14338683626317,DESTROYING,4.124,2,CONTINUE,
T0,0,4.484,MYOPIC,2,2,4.124,0.36,55.42893830752971,DESTROYING,3.764,1,CONTINUE,
T0,0,4.484,MYOPIC,3,1,3.764,,,,,1,NO_LOCALLY_FEASIBLE_ACTION,
T0,0,4.485,MYOPIC,1,3,4.485,0.36,42.11274453002082,DESTROYING,4.125,2,CONTINUE,
T0,0,4.485,MYOPIC,2,2,4.125,0.36,55.38478355258995,DESTROYING,3.765,1,CONTINUE,
T0,0,4.485,MYOPIC,3,1,3.765,,,,,1,NO_LOCALLY_FEASIBLE_ACTION,
T0,0,4.486,MYOPIC,1,3,4.486,0.36,42.08213192312884,DESTROYING,4.126,2,CONTINUE,
T0,0,4.486,MYOPIC,2,2,4.126,0.36,55.34067568350351,DESTROYING,3.766,1,CONTINUE,
T0,0,4.486,MYOPIC,3,1,3.766,,,,,1,NO_LOCALLY_FEASIBLE_ACTION,
T0,0,4.487,MYOPIC,1,3,4.487,0.36,42.05154897961419,DESTROYING,4.127,2,CONTINUE,
T0,0,4.487,MYOPIC,2,2,4.127,0.36,55.29661463805452,DESTROYING,3.767,1,CONTINUE,
T0,0,4.487,MYOPIC,3,1,3.767,,,,,1,NO_LOCALLY_FEASIBLE_ACTION,
T0,0,4.488,MYOPIC,1,3,4.488,0.36,42.02099566355607,DESTROYING,4.128,2,CONTINUE,
T0,0,4.488,MYOPIC,2,2,4.128,0.36,55.25260035412625,DESTROYING,3.768,1,CONTINUE,
T0,0,4.488,MYOPIC,3,1,3.768,,,,,1,NO_LOCALLY_FEASIBLE_ACTION,
T0,0,4.489,MYOPIC,1,3,4.489,0.36,41.990471939085936,DESTROYING,4.129,2,CONTINUE,
T0,0,4.489,MYOPIC,2,2,4.129,0.36,55.2086327697007,DESTROYING,3.769,1,CONTINUE,
T0,0,4.489,MYOPIC,3,1,3.769,,,,,1,NO_LOCALLY_FEASIBLE_ACTION,
T0,0,4.49,MYOPIC,1,3,4.49,0.36,41.95997777038725,DESTROYING,4.13,2,CONTINUE,
T0,0,4.49,MYOPIC,2,2,4.13,0.36,55.16471182285864,DESTROYING,3.77,1,CONTINUE,
T0,0,4.49,MYOPIC,3,1,3.77,,,,,1,NO_LOCALLY_FEASIBLE_ACTION,
T0,0,4.491,MYOPIC,1,3,4.491,0.36,41.92951312169553,DESTROYING,4.131,2,CONTINUE,
T0,0,4.491,MYOPIC,2,2,4.131,0.36,55.12083745177936,DESTROYING,3.771,1,CONTINUE,
T0,0,4.491,MYOPIC,3,1,3.771,,,,,1,NO_LOCALLY_FEASIBLE_ACTION,
T0,0,4.492,MYOPIC,1,3,4.492,0.36,41.89907795729826,DESTROYING,4.132,2,CONTINUE,
T0,0,4.492,MYOPIC,2,2,4.132,0.36,55.077009594740375,DESTROYING,3.772,1,CONTINUE,
T0,0,4.492,MYOPIC,3,1,3.772,,,,,1,NO_LOCALLY_FEASIBLE_ACTION,
T0,0,4.493,MYOPIC,1,3,4.493,0.36,41.86867224153463,DESTROYING,4.133,2,CONTINUE,
T0,0,4.493,MYOPIC,2,2,4.133,0.36,55.03322819011733,DESTROYING,3.773,1,CONTINUE,
T0,0,4.493,MYOPIC,3,1,3.773,,,,,1,NO_LOCALLY_FEASIBLE_ACTION,
T0,0,4.494,MYOPIC,1,3,4.494,0.36,41.838295938795724,DESTROYING,4.134,2,CONTINUE,
T0,0,4.494,MYOPIC,2,2,4.134,0.36,54.989493176383924,DESTROYING,3.774,1,CONTINUE,
T0,0,4.494,MYOPIC,3,1,3.774,,,,,1,NO_LOCALLY_FEASIBLE_ACTION,
T0,0,4.495,MYOPIC,1,3,4.495,0.36,41.807949013524194,DESTROYING,4.135,2,CONTINUE,
T0,0,4.495,MYOPIC,2,2,4.135,0.36,54.9458044921115,DESTROYING,3.775,1,CONTINUE,
T0,0,4.495,MYOPIC,3,1,3.775,,,,,1,NO_LOCALLY_FEASIBLE_ACTION,
T0,0,4.496,MYOPIC,1,3,4.496,0.36,41.77763143021424,DESTROYING,4.136,2,CONTINUE,
T0,0,4.496,MYOPIC,2,2,4.136,0.36,54.90216207596903,DESTROYING,3.776,1,CONTINUE,
T0,0,4.496,MYOPIC,3,1,3.776,,,,,1,NO_LOCALLY_FEASIBLE_ACTION,
T0,0,4.497,MYOPIC,1,3,4.497,0.36,41.74734315341166,DESTROYING,4.137,2,CONTINUE,
T0,0,4.497,MYOPIC,2,2,4.137,0.36,54.858565866722884,DESTROYING,3.777,1,CONTINUE,
T0,0,4.497,MYOPIC,3,1,3.777,,,,,1,NO_LOCALLY_FEASIBLE_ACTION,
T0,0,4.498,MYOPIC,1,3,4.498,0.36,41.717084147713486,DESTROYING,4.138,2,CONTINUE,
T0,0,4.498,MYOPIC,2,2,4.138,0.36,54.815015803236726,DESTROYING,3.778,1,CONTINUE,
T0,0,4.498,MYOPIC,3,1,3.778,,,,,1,NO_LOCALLY_FEASIBLE_ACTION,
T0,0,4.499,MYOPIC,1,3,4.499,0.36,41.68685437776819,DESTROYING,4.139,2,CONTINUE,
T0,0,4.499,MYOPIC,2,2,4.139,0.36,54.77151182447112,DESTROYING,3.779,1,CONTINUE,
T0,0,4.499,MYOPIC,3,1,3.779,,,,,1,NO_LOCALLY_FEASIBLE_ACTION,
T0,0,4.5,MYOPIC,1,3,4.5,0.36,41.65665380827547,DESTROYING,4.14,2,CONTINUE,
T0,0,4.5,MYOPIC,2,2,4.14,0.36,54.728053869483595,DESTROYING,3.78,1,CONTINUE,
T0,0,4.5,MYOPIC,3,1,3.78,,,,,1,NO_LOCALLY_FEASIBLE_ACTION,
T0,0,4.501,MYOPIC,1,3,4.501,0.36,41.626482403986,DESTROYING,4.141,2,CONTINUE,
T0,0,4.501,MYOPIC,2,2,4.141,0.36,54.684641877428305,DESTROYING,3.781,1,CONTINUE,
T0,0,4.501,MYOPIC,3,1,3.781,,,,,1,NO_LOCALLY_FEASIBLE_ACTION,
T0,0,4.502,MYOPIC,1,3,4.502,0.36,41.59634012970168,DESTROYING,4.142,2,CONTINUE,
T0,0,4.502,MYOPIC,2,2,4.142,0.36,54.64127578755599,DESTROYING,3.782,1,CONTINUE,
T0,0,4.502,MYOPIC,3,1,3.782,,,,,1,NO_LOCALLY_FEASIBLE_ACTION,
T0,0,4.503,MYOPIC,1,3,4.503,0.36,41.566226950275336,DESTROYING,4.143,2,CONTINUE,
T0,0,4.503,MYOPIC,2,2,4.143,0.36,54.59795553921365,DESTROYING,3.783,1,CONTINUE,
T0,0,4.503,MYOPIC,3,1,3.783,,,,,1,NO_LOCALLY_FEASIBLE_ACTION,
T0,0,4.504,MYOPIC,1,3,4.504,0.36,41.53614283061056,DESTROYING,4.144,2,CONTINUE,
T0,0,4.504,MYOPIC,2,2,4.144,0.36,54.554681071844406,DESTROYING,3.784,1,CONTINUE,
T0,0,4.504,MYOPIC,3,1,3.784,,,,,1,NO_LOCALLY_FEASIBLE_ACTION,
T0,0,4.505,MYOPIC,1,3,4.505,0.36,41.50608773566187,DESTROYING,4.145,2,CONTINUE,
T0,0,4.505,MYOPIC,2,2,4.145,0.36,54.51145232498744,DESTROYING,3.785,1,CONTINUE,
T0,0,4.505,MYOPIC,3,1,3.785,,,,,1,NO_LOCALLY_FEASIBLE_ACTION,
T0,0,4.506,MYOPIC,1,3,4.506,0.36,41.476061630434394,DESTROYING,4.146,2,CONTINUE,
T0,0,4.506,MYOPIC,2,2,4.146,0.36,54.468269238277664,DESTROYING,3.786,1,CONTINUE,
T0,0,4.506,MYOPIC,3,1,3.786,,,,,1,NO_LOCALLY_FEASIBLE_ACTION,
T0,0,4.507,MYOPIC,1,3,4.507,0.36,41.446064479983946,DESTROYING,4.147,2,CONTINUE,
T0,0,4.507,MYOPIC,2,2,4.147,0.36,54.42513175144561,DESTROYING,3.787,1,CONTINUE,
T0,0,4.507,MYOPIC,3,1,3.787,,,,,1,NO_LOCALLY_FEASIBLE_ACTION,
T0,0,4.508,MYOPIC,1,3,4.508,0.36,41.41609624941688,DESTROYING,4.148,2,CONTINUE,
T0,0,4.508,MYOPIC,2,2,4.148,0.36,54.38203980431724,DESTROYING,3.788,1,CONTINUE,
T0,0,4.508,MYOPIC,3,1,3.788,,,,,1,NO_LOCALLY_FEASIBLE_ACTION,
T0,0,4.509,MYOPIC,1,3,4.509,0.36,41.386156903889876,DESTROYING,4.149,2,CONTINUE,
T0,0,4.509,MYOPIC,2,2,4.149,0.36,54.33899333681378,DESTROYING,3.789,1,CONTINUE,
T0,0,4.509,MYOPIC,3,1,3.789,,,,,1,NO_LOCALLY_FEASIBLE_ACTION,
T0,0,4.51,MYOPIC,1,3,4.51,0.36,41.35624640861013,DESTROYING,4.15,2,CONTINUE,
T0,0,4.51,MYOPIC,2,2,4.15,0.36,54.2959922889516,DESTROYING,3.79,1,CONTINUE,
T0,0,4.51,MYOPIC,3,1,3.79,,,,,1,NO_LOCALLY_FEASIBLE_ACTION,
T0,0,4.511,MYOPIC,1,3,4.511,0.36,41.32636472883508,DESTROYING,4.151,2,CONTINUE,
T0,0,4.511,MYOPIC,2,2,4.151,0.36,54.25303660084194,DESTROYING,3.791,1,CONTINUE,
T0,0,4.511,MYOPIC,3,1,3.791,,,,,1,NO_LOCALLY_FEASIBLE_ACTION,
T0,0,4.512,MYOPIC,1,3,4.512,0.36,41.29651182987225,DESTROYING,4.152,2,CONTINUE,
T0,0,4.512,MYOPIC,2,2,4.152,0.36,54.21012621269074,DESTROYING,3.792,1,CONTINUE,
T0,0,4.512,MYOPIC,3,1,3.792,,,,,1,NO_LOCALLY_FEASIBLE_ACTION,
T0,0,4.513,MYOPIC,1,3,4.513,0.36,41.26668767707942,DESTROYING,4.153,2,CONTINUE,
T0,0,4.513,MYOPIC,2,2,4.153,0.36,54.167261064798545,DESTROYING,3.793,1,CONTINUE,
T0,0,4.513,MYOPIC,3,1,3.793,,,,,1,NO_LOCALLY_FEASIBLE_ACTION,
T0,0,4.514,MYOPIC,1,3,4.514,0.36,41.23689223586426,DESTROYING,4.154,2,CONTINUE,
T0,0,4.514,MYOPIC,2,2,4.154,0.36,54.12444109756026,DESTROYING,3.794,1,CONTINUE,
T0,0,4.514,MYOPIC,3,1,3.794,,,,,1,NO_LOCALLY_FEASIBLE_ACTION,
T0,0,4.515,MYOPIC,1,3,4.515,0.36,41.20712547168453,DESTROYING,4.155,2,CONTINUE,
T0,0,4.515,MYOPIC,2,2,4.155,0.36,54.08166625146505,DESTROYING,3.795,1,CONTINUE,
T0,0,4.515,MYOPIC,3,1,3.795,,,,,1,NO_LOCALLY_FEASIBLE_ACTION,
T0,0,4.516,MYOPIC,1,3,4.516,0.36,41.177387350047745,DESTROYING,4.156,2,CONTINUE,
T0,0,4.516,MYOPIC,2,2,4.156,0.36,54.03893646709606,DESTROYING,3.796,1,CONTINUE,
T0,0,4.516,MYOPIC,3,1,3.796,,,,,1,NO_LOCALLY_FEASIBLE_ACTION,
T0,0,4.517,MYOPIC,1,3,4.517,0.36,41.1476778365112,DESTROYING,4.157,2,CONTINUE,
T0,0,4.517,MYOPIC,2,2,4.157,0.36,53.996251685130325,DESTROYING,3.797,1,CONTINUE,
T0,0,4.517,MYOPIC,3,1,3.797,,,,,1,NO_LOCALLY_FEASIBLE_ACTION,
T0,0,4.518,MYOPIC,1,3,4.518,0.36,41.11799689668186,DESTROYING,4.158,2,CONTINUE,
T0,0,4.518,MYOPIC,2,2,4.158,0.36,53.9536118463386,DESTROYING,3.798,1,CONTINUE,
T0,0,4.518,MYOPIC,3,1,3.798,,,,,1,NO_LOCALLY_FEASIBLE_ACTION,
T0,0,4.519,MYOPIC,1,3,4.519,0.36,41.08834449621642,DESTROYING,4.159,2,CONTINUE,
T0,0,4.519,MYOPIC,2,2,4.159,0.36,53.91101689158512,DESTROYING,3.799,1,CONTINUE,
T0,0,4.519,MYOPIC,3,1,3.799,,,,,1,NO_LOCALLY_FEASIBLE_ACTION,
T0,0,4.52,MYOPIC,1,3,4.52,0.36,41.058720600820905,DESTROYING,4.16,2,CONTINUE,
T0,0,4.52,MYOPIC,2,2,4.16,0.36,53.868466761827456,DESTROYING,3.8,1,CONTINUE,
T0,0,4.52,MYOPIC,3,1,3.8,,,,,1,NO_LOCALLY_FEASIBLE_ACTION,
T0,0,4.521,MYOPIC,1,3,4.521,0.36,41.029125176250965,DESTROYING,4.161,2,CONTINUE,
T0,0,4.521,MYOPIC,2,2,4.161,0.36,53.825961398116405,DESTROYING,3.801,1,CONTINUE,
T0,0,4.521,MYOPIC,3,1,3.801,,,,,1,NO_LOCALLY_FEASIBLE_ACTION,
T0,0,4.522,MYOPIC,1,3,4.522,0.36,40.999558188311454,DESTROYING,4.162,2,CONTINUE,
T0,0,4.522,MYOPIC,2,2,4.162,0.36,53.78350074159576,DESTROYING,3.802,1,CONTINUE,
T0,0,4.522,MYOPIC,3,1,3.802,,,,,1,NO_LOCALLY_FEASIBLE_ACTION,
T0,0,4.523,MYOPIC,1,3,4.523,0.36,40.970019602856574,DESTROYING,4.163,2,CONTINUE,
T0,0,4.523,MYOPIC,2,2,4.163,0.36,53.741084733502085,DESTROYING,3.803,1,CONTINUE,
T0,0,4.523,MYOPIC,3,1,3.803,,,,,1,NO_LOCALLY_FEASIBLE_ACTION,
T0,0,4.524,MYOPIC,1,3,4.524,0.36,40.940509385789774,DESTROYING,4.164,2,CONTINUE,
T0,0,4.524,MYOPIC,2,2,4.164,0.36,53.69871331516471,DESTROYING,3.804,1,CONTINUE,
T0,0,4.524,MYOPIC,3,1,3.804,,,,,1,NO_LOCALLY_FEASIBLE_ACTION,
T0,0,4.525,MYOPIC,1,3,4.525,0.36,40.91102750306345,DESTROYING,4.165,2,CONTINUE,
T0,0,4.525,MYOPIC,2,2,4.165,0.36,53.65638642800535,DESTROYING,3.805,1,CONTINUE,
T0,0,4.525,MYOPIC,3,1,3.805,,,,,1,NO_LOCALLY_FEASIBLE_ACTION,
T0,0,4.526,MYOPIC,1,3,4.526,0.36,40.88157392067915,DESTROYING,4.166,2,CONTINUE,
T0,0,4.526,MYOPIC,2,2,4.166,0.36,53.6141040135381,DESTROYING,3.806,1,CONTINUE,
T0,0,4.526,MYOPIC,3,1,3.806,,,,,1,NO_LOCALLY_FEASIBLE_ACTION,
T0,0,4.527,MYOPIC,1,3,4.527,0.36,40.852148604687365,DESTROYING,4.167,2,CONTINUE,
T0,0,4.527,MYOPIC,2,2,4.167,0.36,53.571866013369245,DESTROYING,3.807,1,CONTINUE,
T0,0,4.527,MYOPIC,3,1,3.807,,,,,1,NO_LOCALLY_FEASIBLE_ACTION,
T0,0,4.528,MYOPIC,1,3,4.528,0.36,40.82275152118738,DESTROYING,4.168,2,CONTINUE,
T0,0,4.528,MYOPIC,2,2,4.168,0.36,53.529672369196966,DESTROYING,3.808,1,CONTINUE,
T0,0,4.528,MYOPIC,3,1,3.808,,,,,1,NO_LOCALLY_FEASIBLE_ACTION,
T0,0,4.529,MYOPIC,1,3,4.529,0.36,40.7933826363273,DESTROYING,4.169,2,CONTINUE,
T0,0,4.529,MYOPIC,2,2,4.169,0.36,53.487523022811246,DESTROYING,3.809,1,CONTINUE,
T0,0,4.529,MYOPIC,3,1,3.809,,,,,1,NO_LOCALLY_FEASIBLE_ACTION,
T0,0,4.53,MYOPIC,1,3,4.53,0.36,40.76404191630387,DESTROYING,4.17,2,CONTINUE,
T0,0,4.53,MYOPIC,2,2,4.17,0.36,53.445417916093845,DESTROYING,3.81,1,CONTINUE,
T0,0,4.53,MYOPIC,3,1,3.81,,,,,1,NO_LOCALLY_FEASIBLE_ACTION,
T0,0,4.531,MYOPIC,1,3,4.531,0.36,40.73472932736253,DESTROYING,4.171,2,CONTINUE,
T0,0,4.531,MYOPIC,2,2,4.171,0.36,53.40335699101791,DESTROYING,3.811,1,CONTINUE,
T0,0,4.531,MYOPIC,3,1,3.811,,,,,1,NO_LOCALLY_FEASIBLE_ACTION,
T0,0,4.532,MYOPIC,1,3,4.532,0.36,40.70544483579725,DESTROYING,4.172,2,CONTINUE,
T0,0,4.532,MYOPIC,2,2,4.172,0.36,53.36134018964789,DESTROYING,3.812,1,CONTINUE,
T0,0,4.532,MYOPIC,3,1,3.812,,,,,1,NO_LOCALLY_FEASIBLE_ACTION,
T0,0,4.533,MYOPIC,1,3,4.533,0.36,40.67618840795035,DESTROYING,4.173,2,CONTINUE,
T0,0,4.533,MYOPIC,2,2,4.173,0.36,53.31936745413937,DESTROYING,3.813,1,CONTINUE,
T0,0,4.533,MYOPIC,3,1,3.813,,,,,1,NO_LOCALLY_FEASIBLE_ACTION,
T0,0,4.534,MYOPIC,1,3,4.534,0.36,40.64696001021262,DESTROYING,4.174,2,CONTINUE,
T0,0,4.534,MYOPIC,2,2,4.174,0.36,53.277438726738964,DESTROYING,3.814,1,CONTINUE,
T0,0,4.534,MYOPIC,3,1,3.814,,,,,1,NO_LOCALLY_FEASIBLE_ACTION,
T0,0,4.535,MYOPIC,1,3,4.535,0.36,40.617759609023146,DESTROYING,4.175,2,CONTINUE,
T0,0,4.535,MYOPIC,2,2,4.175,0.36,53.235553949784055,DESTROYING,3.815,1,CONTINUE,
T0,0,4.535,MYOPIC,3,1,3.815,,,,,1,NO_LOCALLY_FEASIBLE_ACTION,
T0,0,4.536,MYOPIC,1,3,4.536,0.36,40.58858717086911,DESTROYING,4.176,2,CONTINUE,
T0,0,4.536,MYOPIC,2,2,4.176,0.36,53.193713065702674,DESTROYING,3.816,1,CONTINUE,
T0,0,4.536,MYOPIC,3,1,3.816,,,,,1,NO_LOCALLY_FEASIBLE_ACTION,
T0,0,4.537,MYOPIC,1,3,4.537,0.36,40.55944266228596,DESTROYING,4.177,2,CONTINUE,
T0,0,4.537,MYOPIC,2,2,4.177,0.36,53.15191601701329,DESTROYING,3.817,1,CONTINUE,
T0,0,4.537,MYOPIC,3,1,3.817,,,,,1,NO_LOCALLY_FEASIBLE_ACTION,
T0,0,4.538,MYOPIC,1,3,4.538,0.36,40.530326049857074,DESTROYING,4.178,2,CONTINUE,
T0,0,4.538,MYOPIC,2,2,4.178,0.36,53.110162746324775,DESTROYING,3.818,1,CONTINUE,
T0,0,4.538,MYOPIC,3,1,3.818,,,,,1,NO_LOCALLY_FEASIBLE_ACTION,
T0,0,4.539,MYOPIC,1,3,4.539,0.36,40.50123730021388,DESTROYING,4.179,2,CONTINUE,
T0,0,4.539,MYOPIC,2,2,4.179,0.36,53.06845319633604,DESTROYING,3.819,1,CONTINUE,
T0,0,4.539,MYOPIC,3,1,3.819,,,,,1,NO_LOCALLY_FEASIBLE_ACTION,
T0,0,4.54,MYOPIC,1,3,4.54,0.36,40.47217638003568,DESTROYING,4.18,2,CONTINUE,
T0,0,4.54,MYOPIC,2,2,4.18,0.36,53.026787309836045,DESTROYING,3.82,1,CONTINUE,
T0,0,4.54,MYOPIC,3,1,3.82,,,,,1,NO_LOCALLY_FEASIBLE_ACTION,
T0,0,4.541,MYOPIC,1,3,4.541,0.36,40.443143256049474,DESTROYING,4.181,2,CONTINUE,
T0,0,4.541,MYOPIC,2,2,4.181,0.36,52.985165029703495,DESTROYING,3.821,1,CONTINUE,
T0,0,4.541,MYOPIC,3,1,3.821,,,,,1,NO_LOCALLY_FEASIBLE_ACTION,
T0,0,4.542,MYOPIC,1,3,4.542,0.36,40.414137895030166,DESTROYING,4.182,2,CONTINUE,
T0,0,4.542,MYOPIC,2,2,4.182,0.36,52.943586298906844,DESTROYING,3.822,1,CONTINUE,
T0,0,4.542,MYOPIC,3,1,3.822,,,,,1,NO_LOCALLY_FEASIBLE_ACTION,
T0,0,4.543,MYOPIC,1,3,4.543,0.36,40.385160263800216,DESTROYING,4.183,2,CONTINUE,
T0,0,4.543,MYOPIC,2,2,4.183,0.36,52.90205106050394,DESTROYING,3.823,1,CONTINUE,
T0,0,4.543,MYOPIC,3,1,3.823,,,,,1,NO_LOCALLY_FEASIBLE_ACTION,
T0,0,4.544,MYOPIC,1,3,4.544,0.36,40.35621032922957,DESTROYING,4.184,2,CONTINUE,
T0,0,4.544,MYOPIC,2,2,4.184,0.36,52.86055925764199,DESTROYING,3.824,1,CONTINUE,
T0,0,4.544,MYOPIC,3,1,3.824,,,,,1,NO_LOCALLY_FEASIBLE_ACTION,
T0,0,4.545,MYOPIC,1,3,4.545,0.36,40.327288058235844,DESTROYING,4.185,2,CONTINUE,
T0,0,4.545,MYOPIC,2,2,4.185,0.36,52.81911083355733,DESTROYING,3.825,1,CONTINUE,
T0,0,4.545,MYOPIC,3,1,3.825,,,,,1,NO_LOCALLY_FEASIBLE_ACTION,
T0,0,4.546,MYOPIC,1,3,4.546,0.36,40.29839341778387,DESTROYING,4.186,2,CONTINUE,
T0,0,4.546,MYOPIC,2,2,4.186,0.36,52.777705731575345,DESTROYING,3.826,1,CONTINUE,
T0,0,4.546,MYOPIC,3,1,3.826,,,,,1,NO_LOCALLY_FEASIBLE_ACTION,
T0,0,4.547,MYOPIC,1,3,4.547,0.36,40.269526374885935,DESTROYING,4.187,2,CONTINUE,
T0,0,4.547,MYOPIC,2,2,4.187,0.36,52.73634389511021,DESTROYING,3.827,1,CONTINUE,
T0,0,4.547,MYOPIC,3,1,3.827,,,,,1,NO_LOCALLY_FEASIBLE_ACTION,
T0,0,4.548,MYOPIC,1,3,4.548,0.36,40.24068689660155,DESTROYING,4.188,2,CONTINUE,
T0,0,4.548,MYOPIC,2,2,4.188,0.36,52.69502526766479,DESTROYING,3.828,1,CONTINUE,
T0,0,4.548,MYOPIC,3,1,3.828,,,,,1,NO_LOCALLY_FEASIBLE_ACTION,
T0,0,4.549,MYOPIC,1,3,4.549,0.36,40.21187495003736,DESTROYING,4.189,2,CONTINUE,
T0,0,4.549,MYOPIC,2,2,4.189,0.36,52.65374979283043,DESTROYING,3.829,1,CONTINUE,
T0,0,4.549,MYOPIC,3,1,3.829,,,,,1,NO_LOCALLY_FEASIBLE_ACTION,
T0,0,4.55,MYOPIC,1,3,4.55,0.36,40.18309050234715,DESTROYING,4.19,2,CONTINUE,
T0,0,4.55,MYOPIC,2,2,4.19,0.36,52.612517414286856,DESTROYING,3.83,1,CONTINUE,
T0,0,4.55,MYOPIC,3,1,3.83,,,,,1,NO_LOCALLY_FEASIBLE_ACTION,
T0,0,4.551,MYOPIC,1,3,4.551,0.36,40.154333520731676,DESTROYING,4.191,2,CONTINUE,
T0,0,4.551,MYOPIC,2,2,4.191,0.36,52.571328075801944,DESTROYING,3.831,1,CONTINUE,
T0,0,4.551,MYOPIC,3,1,3.831,,,,,1,NO_LOCALLY_FEASIBLE_ACTION,
T0,0,4.552,MYOPIC,1,3,4.552,0.36,40.12560397243863,DESTROYING,4.192,2,CONTINUE,
T0,0,4.552,MYOPIC,2,2,4.192,0.36,52.530181721231614,DESTROYING,3.832,1,CONTINUE,
T0,0,4.552,MYOPIC,3,1,3.832,,,,,1,NO_LOCALLY_FEASIBLE_ACTION,
T0,0,4.553,MYOPIC,1,3,4.553,0.36,40.096901824762625,DESTROYING,4.193,2,CONTINUE,
T0,0,4.553,MYOPIC,2,2,4.193,0.36,52.48907829451962,DESTROYING,3.833,1,CONTINUE,
T0,0,4.553,MYOPIC,3,1,3.833,,,,,1,NO_LOCALLY_FEASIBLE_ACTION,
T0,0,4.554,MYOPIC,1,3,4.554,0.36,40.06822704504492,DESTROYING,4.194,2,CONTINUE,
T0,0,4.554,MYOPIC,2,2,4.194,0.36,52.44801773969748,DESTROYING,3.834,1,CONTINUE,
T0,0,4.554,MYOPIC,3,1,3.834,,,,,1,NO_LOCALLY_FEASIBLE_ACTION,
T0,0,4.555,MYOPIC,1,3,4.555,0.36,40.039579600673626,DESTROYING,4.195,2,CONTINUE,
T0,0,4.555,MYOPIC,2,2,4.195,0.36,52.4070000008842,DESTROYING,3.835,1,CONTINUE,
T0,0,4.555,MYOPIC,3,1,3.835,,,,,1,NO_LOCALLY_FEASIBLE_ACTION,
T0,0,4.556,MYOPIC,1,3,4.556,0.36,40.01095945908339,DESTROYING,4.196,2,CONTINUE,
T0,0,4.556,MYOPIC,2,2,4.196,0.36,52.36602502228619,DESTROYING,3.836,1,CONTINUE,
T0,0,4.556,MYOPIC,3,1,3.836,,,,,1,NO_LOCALLY_FEASIBLE_ACTION,
T0,0,4.557,MYOPIC,1,3,4.557,0.36,39.98236658775538,DESTROYING,4.197,2,CONTINUE,
T0,0,4.557,MYOPIC,2,2,4.197,0.36,52.325092748197044,DESTROYING,3.837,1,CONTINUE,
T0,0,4.557,MYOPIC,3,1,3.837,,,,,1,NO_LOCALLY_FEASIBLE_ACTION,
T0,0,4.558,MYOPIC,1,3,4.558,0.36,39.95380095421732,DESTROYING,4.198,2,CONTINUE,
T0,0,4.558,MYOPIC,2,2,4.198,0.36,52.284203122997496,DESTROYING,3.838,1,CONTINUE,
T0,0,4.558,MYOPIC,3,1,3.838,,,,,1,NO_LOCALLY_FEASIBLE_ACTION,
T0,0,4.559,MYOPIC,1,3,4.559,0.36,39.925262526043255,DESTROYING,4.199,2,CONTINUE,
T0,0,4.559,MYOPIC,2,2,4.199,0.36,52.24335609115513,DESTROYING,3.839,1,CONTINUE,
T0,0,4.559,MYOPIC,3,1,3.839,,,,,1,NO_LOCALLY_FEASIBLE_ACTION,
T0,0,4.56,MYOPIC,1,3,4.56,0.36,39.89675127085353,DESTROYING,4.2,2,CONTINUE,
T0,0,4.56,MYOPIC,2,2,4.2,0.36,52.20255159722428,DESTROYING,3.84,1,CONTINUE,
T0,0,4.56,MYOPIC,3,1,3.84,,,,,1,NO_LOCALLY_FEASIBLE_ACTION,
T0,0,4.561,MYOPIC,1,3,4.561,0.36,39.86826715631479,DESTROYING,4.201,2,CONTINUE,
T0,0,4.561,MYOPIC,2,2,4.201,0.36,52.16178958584585,DESTROYING,3.841,1,CONTINUE,
T0,0,4.561,MYOPIC,3,1,3.841,,,,,1,NO_LOCALLY_FEASIBLE_ACTION,
T0,0,4.562,MYOPIC,1,3,4.562,0.36,39.83981015013977,DESTROYING,4.202,2,CONTINUE,
T0,0,4.562,MYOPIC,2,2,4.202,0.36,52.12107000174724,DESTROYING,3.842,1,CONTINUE,
T0,0,4.562,MYOPIC,3,1,3.842,,,,,1,NO_LOCALLY_FEASIBLE_ACTION,
T0,0,4.563,MYOPIC,1,3,4.563,0.36,39.81138022008733,DESTROYING,4.203,2,CONTINUE,
T0,0,4.563,MYOPIC,2,2,4.203,0.36,52.0803927897421,DESTROYING,3.843,1,CONTINUE,
T0,0,4.563,MYOPIC,3,1,3.843,,,,,1,NO_LOCALLY_FEASIBLE_ACTION,
T0,0,4.564,MYOPIC,1,3,4.564,0.36,39.78297733396235,DESTROYING,4.204,2,CONTINUE,
T0,0,4.564,MYOPIC,2,2,4.204,0.36,52.03975789473015,DESTROYING,3.844,1,CONTINUE,
T0,0,4.564,MYOPIC,3,1,3.844,,,,,1,NO_LOCALLY_FEASIBLE_ACTION,
T0,0,4.565,MYOPIC,1,3,4.565,0.36,39.75460145961555,DESTROYING,4.205,2,CONTINUE,
T0,0,4.565,MYOPIC,2,2,4.205,0.36,51.99916526169709,DESTROYING,3.845,1,CONTINUE,
T0,0,4.565,MYOPIC,3,1,3.845,,,,,1,NO_LOCALLY_FEASIBLE_ACTION,
T0,0,4.566,MYOPIC,1,3,4.566,0.36,39.72625256494357,DESTROYING,4.206,2,CONTINUE,
T0,0,4.566,MYOPIC,2,2,4.206,0.36,51.95861483571447,DESTROYING,3.846,1,CONTINUE,
T0,0,4.566,MYOPIC,3,1,3.846,,,,,1,NO_LOCALLY_FEASIBLE_ACTION,
T0,0,4.567,MYOPIC,1,3,4.567,0.36,39.697930617888886,DESTROYING,4.207,2,CONTINUE,
T0,0,4.567,MYOPIC,2,2,4.207,0.36,51.91810656193943,DESTROYING,3.847,1,CONTINUE,
T0,0,4.567,MYOPIC,3,1,3.847,,,,,1,NO_LOCALLY_FEASIBLE_ACTION,
T0,0,4.568,MYOPIC,1,3,4.568,0.36,39.669635586439504,DESTROYING,4.208,2,CONTINUE,
T0,0,4.568,MYOPIC,2,2,4.208,0.36,51.87764038561463,DESTROYING,3.848,1,CONTINUE,
T0,0,4.568,MYOPIC,3,1,3.848,,,,,1,NO_LOCALLY_FEASIBLE_ACTION,
T0,0,4.569,MYOPIC,1,3,4.569,0.36,39.64136743862921,DESTROYING,4.209,2,CONTINUE,
T0,0,4.569,MYOPIC,2,2,4.209,0.36,51.83721625206807,DESTROYING,3.849,1,CONTINUE,
T0,0,4.569,MYOPIC,3,1,3.849,,,,,1,NO_LOCALLY_FEASIBLE_ACTION,
T0,0,4.57,MYOPIC,1,3,4.57,0.36,39.61312614253726,DESTROYING,4.21,2,CONTINUE,
T0,0,4.57,MYOPIC,2,2,4.21,0.36,51.79683410671292,DESTROYING,3.85,1,CONTINUE,
T0,0,4.57,MYOPIC,3,1,3.85,,,,,1,NO_LOCALLY_FEASIBLE_ACTION,
T0,0,4.571,MYOPIC,1,3,4.571,0.36,39.58491166628836,DESTROYING,4.211,2,CONTINUE,
T0,0,4.571,MYOPIC,2,2,4.211,0.36,51.756493895047356,DESTROYING,3.851,1,CONTINUE,
T0,0,4.571,MYOPIC,3,1,3.851,,,,,1,NO_LOCALLY_FEASIBLE_ACTION,
T0,0,4.572,MYOPIC,1,3,4.572,0.36,39.55672397805272,DESTROYING,4.212,2,CONTINUE,
T0,0,4.572,MYOPIC,2,2,4.212,0.36,51.71619556265447,DESTROYING,3.852,1,CONTINUE,
T0,0,4.572,MYOPIC,3,1,3.852,,,,,1,NO_LOCALLY_FEASIBLE_ACTION,
T0,0,4.573,MYOPIC,1,3,4.573,0.36,39.528563046045726,DESTROYING,4.213,2,CONTINUE,
T0,0,4.573,MYOPIC,2,2,4.213,0.36,51.675939055202036,DESTROYING,3.853,1,CONTINUE,
T0,0,4.573,MYOPIC,3,1,3.853,,,,,1,NO_LOCALLY_FEASIBLE_ACTION,
T0,0,4.574,MYOPIC,1,3,4.574,0.36,39.500428838528094,DESTROYING,4.214,2,CONTINUE,
T0,0,4.574,MYOPIC,2,2,4.214,0.36,51.63572431844241,DESTROYING,3.854,1,CONTINUE,
T0,0,4.574,MYOPIC,3,1,3.854,,,,,1,NO_LOCALLY_FEASIBLE_ACTION,
T0,0,4.575,MYOPIC,1,3,4.575,0.36,39.47232132380577,DESTROYING,4.215,2,CONTINUE,
T0,0,4.575,MYOPIC,2,2,4.215,0.36,51.59555129821238,DESTROYING,3.855,1,CONTINUE,
T0,0,4.575,MYOPIC,3,1,3.855,,,,,1,NO_LOCALLY_FEASIBLE_ACTION,
T0,0,4.576,MYOPIC,1,3,4.576,0.36,39.44424047022963,DESTROYING,4.216,2,CONTINUE,
T0,0,4.576,MYOPIC,2,2,4.216,0.36,51.55541994043291,DESTROYING,3.856,1,CONTINUE,
T0,0,4.576,MYOPIC,3,1,3.856,,,,,1,NO_LOCALLY_FEASIBLE_ACTION,
T0,0,4.577,MYOPIC,1,3,4.577,0.36,39.41618624619572,DESTROYING,4.217,2,CONTINUE,
T0,0,4.577,MYOPIC,2,2,4.217,0.36,51.515330191109136,DESTROYING,3.857,1,CONTINUE,
T0,0,4.577,MYOPIC,3,1,3.857,,,,,1,NO_LOCALLY_FEASIBLE_ACTION,
T0,0,4.578,MYOPIC,1,3,4.578,0.36,39.38815862014494,DESTROYING,4.218,2,CONTINUE,
T0,0,4.578,MYOPIC,2,2,4.218,0.36,51.475281996330175,DESTROYING,3.858,1,CONTINUE,
T0,0,4.578,MYOPIC,3,1,3.858,,,,,1,NO_LOCALLY_FEASIBLE_ACTION,
T0,0,4.579,MYOPIC,1,3,4.579,0.36,39.360157560563124,DESTROYING,4.219,2,CONTINUE,
T0,0,4.579,MYOPIC,2,2,4.219,0.36,51.43527530226886,DESTROYING,3.859,1,CONTINUE,
T0,0,4.579,MYOPIC,3,1,3.859,,,,,1,NO_LOCALLY_FEASIBLE_ACTION,
T0,0,4.58,MYOPIC,1,3,4.58,0.36,39.33218303598084,DESTROYING,4.22,2,CONTINUE,
T0,0,4.58,MYOPIC,2,2,4.22,0.36,51.39531005518171,DESTROYING,3.86,1,CONTINUE,
T0,0,4.58,MYOPIC,3,1,3.86,,,,,1,NO_LOCALLY_FEASIBLE_ACTION,
T0,0,4.581,MYOPIC,1,3,4.581,0.36,39.30423501497342,DESTROYING,4.221,2,CONTINUE,
T0,0,4.581,MYOPIC,2,2,4.221,0.36,51.35538620140876,DESTROYING,3.861,1,CONTINUE,
T0,0,4.581,MYOPIC,3,1,3.861,,,,,1,NO_LOCALLY_FEASIBLE_ACTION,
T0,0,4.582,MYOPIC,1,3,4.582,0.36,39.27631346616083,DESTROYING,4.222,2,CONTINUE,
T0,0,4.582,MYOPIC,2,2,4.222,0.36,51.315503687373365,DESTROYING,3.862,1,CONTINUE,
T0,0,4.582,MYOPIC,3,1,3.862,,,,,1,NO_LOCALLY_FEASIBLE_ACTION,
T0,0,4.583,MYOPIC,1,3,4.583,0.36,39.248418358207665,DESTROYING,4.223,2,CONTINUE,
T0,0,4.583,MYOPIC,2,2,4.223,0.36,51.275662459582094,DESTROYING,3.863,1,CONTINUE,
T0,0,4.583,MYOPIC,3,1,3.863,,,,,1,NO_LOCALLY_FEASIBLE_ACTION,
T0,0,4.584,MYOPIC,1,3,4.584,0.36,39.22054965982289,DESTROYING,4.224,2,CONTINUE,
T0,0,4.584,MYOPIC,2,2,4.224,0.36,51.2358624646245,DESTROYING,3.864,1,CONTINUE,
T0,0,4.584,MYOPIC,3,1,3.864,,,,,1,NO_LOCALLY_FEASIBLE_ACTION,
T0,0,4.585,MYOPIC,1,3,4.585,0.36,39.19270733976004,DESTROYING,4.225,2,CONTINUE,
T0,0,4.585,MYOPIC,2,2,4.225,0.36,51.196103649173104,DESTROYING,3.865,1,CONTINUE,
T0,0,4.585,MYOPIC,3,1,3.865,,,,,1,NO_LOCALLY_FEASIBLE_ACTION,
T0,0,4.586,MYOPIC,1,3,4.586,0.36,39.16489136681687,DESTROYING,4.226,2,CONTINUE,
T0,0,4.586,MYOPIC,2,2,4.226,0.36,51.15638595998316,DESTROYING,3.866,1,CONTINUE,
T0,0,4.586,MYOPIC,3,1,3.866,,,,,1,NO_LOCALLY_FEASIBLE_ACTION,
T0,0,4.18,RPRA,1,3,4.18,0.36,53.026787309836045,PRESERVING,3.82,2,CONTINUE,
T0,0,4.18,RPRA,2,2,3.82,0.36,71.36037244201924,PRESERVING,3.46,1,CONTINUE,
T0,0,4.18,RPRA,3,1,3.46,0.36,99.22025135628195,PRESERVING,3.1,0,TERMINAL_REACHED,
T0,0,4.181,RPRA,1,3,4.181,0.36,52.985165029703495,PRESERVING,3.821,2,CONTINUE,
T0,0,4.181,RPRA,2,2,3.821,0.36,71.29853503433206,PRESERVING,3.461,1,CONTINUE,
T0,0,4.181,RPRA,3,1,3.461,0.361,99.55498849452039,PRESERVING,3.1,0,TERMINAL_REACHED,
T0,0,4.182,RPRA,1,3,4.182,0.36,52.943586298906844,PRESERVING,3.822,2,CONTINUE,
T0,0,4.182,RPRA,2,2,3.822,0.36,71.23676905304204,PRESERVING,3.462,1,CONTINUE,
T0,0,4.182,RPRA,3,1,3.462,0.362,99.88995983826324,PRESERVING,3.1,0,TERMINAL_REACHED,
T0,0,4.183,RPRA,1,3,4.183,0.36,52.90205106050394,PRESERVING,3.823,2,CONTINUE,
T0,0,4.183,RPRA,2,2,3.823,0.361,71.47709894421054,PRESERVING,3.462,1,CONTINUE,
T0,0,4.183,RPRA,3,1,3.462,0.362,99.88995983826324,PRESERVING,3.1,0,TERMINAL_REACHED,
T0,0,4.184,RPRA,1,3,4.184,0.36,52.86055925764199,PRESERVING,3.824,2,CONTINUE,
T0,0,4.184,RPRA,2,2,3.824,0.362,71.71759698697313,PRESERVING,3.462,1,CONTINUE,
T0,0,4.184,RPRA,3,1,3.462,0.362,99.88995983826324,PRESERVING,3.1,0,TERMINAL_REACHED,
T0,0,4.185,RPRA,1,3,4.185,0.36,52.81911083355733,PRESERVING,3.825,2,CONTINUE,
T0,0,4.185,RPRA,2,2,3.825,0.363,71.9582628990056,PRESERVING,3.462,1,CONTINUE,
T0,0,4.185,RPRA,3,1,3.462,0.362,99.88995983826324,PRESERVING,3.1,0,TERMINAL_REACHED,
T0,0,4.186,RPRA,1,3,4.186,0.36,52.777705731575345,PRESERVING,3.826,2,CONTINUE,
T0,0,4.186,RPRA,2,2,3.826,0.364,72.19909639911492,PRESERVING,3.462,1,CONTINUE,
T0,0,4.186,RPRA,3,1,3.462,0.362,99.88995983826324,PRESERVING,3.1,0,TERMINAL_REACHED,
T0,0,4.187,RPRA,1,3,4.187,0.36,52.73634389511021,PRESERVING,3.827,2,CONTINUE,
T0,0,4.187,RPRA,2,2,3.827,0.365,72.44009720723156,PRESERVING,3.462,1,CONTINUE,
T0,0,4.187,RPRA,3,1,3.462,0.362,99.88995983826324,PRESERVING,3.1,0,TERMINAL_REACHED,
T0,0,4.188,RPRA,1,3,4.188,0.36,52.69502526766479,PRESERVING,3.828,2,CONTINUE,
T0,0,4.188,RPRA,2,2,3.828,0.366,72.68126504440183,PRESERVING,3.462,1,CONTINUE,
T0,0,4.188,RPRA,3,1,3.462,0.362,99.88995983826324,PRESERVING,3.1,0,TERMINAL_REACHED,
T0,0,4.189,RPRA,1,3,4.189,0.36,52.65374979283043,PRESERVING,3.829,2,CONTINUE,
T0,0,4.189,RPRA,2,2,3.829,0.367,72.92259963278052,PRESERVING,3.462,1,CONTINUE,
T0,0,4.189,RPRA,3,1,3.462,0.362,99.88995983826324,PRESERVING,3.1,0,TERMINAL_REACHED,
T0,0,4.19,RPRA,1,3,4.19,0.36,52.612517414286856,PRESERVING,3.83,2,CONTINUE,
T0,0,4.19,RPRA,2,2,3.83,0.368,73.1641006956221,PRESERVING,3.462,1,CONTINUE,
T0,0,4.19,RPRA,3,1,3.462,0.362,99.88995983826324,PRESERVING,3.1,0,TERMINAL_REACHED,
T0,0,4.191,RPRA,1,3,4.191,0.36,52.571328075801944,PRESERVING,3.831,2,CONTINUE,
T0,0,4.191,RPRA,2,2,3.831,0.369,73.4057679572754,PRESERVING,3.462,1,CONTINUE,
T0,0,4.191,RPRA,3,1,3.462,0.362,99.88995983826324,PRESERVING,3.1,0,TERMINAL_REACHED,
T0,0,4.192,RPRA,1,3,4.192,0.36,52.530181721231614,PRESERVING,3.832,2,CONTINUE,
T0,0,4.192,RPRA,2,2,3.832,0.37,73.64760114317465,PRESERVING,3.462,1,CONTINUE,
T0,0,4.192,RPRA,3,1,3.462,0.362,99.88995983826324,PRESERVING,3.1,0,TERMINAL_REACHED,
T0,0,4.193,RPRA,1,3,4.193,0.36,52.48907829451962,PRESERVING,3.833,2,CONTINUE,
T0,0,4.193,RPRA,2,2,3.833,0.371,73.88959997983315,PRESERVING,3.462,1,CONTINUE,
T0,0,4.193,RPRA,3,1,3.462,0.362,99.88995983826324,PRESERVING,3.1,0,TERMINAL_REACHED,
T0,0,4.194,RPRA,1,3,4.194,0.36,52.44801773969748,PRESERVING,3.834,2,CONTINUE,
T0,0,4.194,RPRA,2,2,3.834,0.372,74.13176419483511,PRESERVING,3.462,1,CONTINUE,
T0,0,4.194,RPRA,3,1,3.462,0.362,99.88995983826324,PRESERVING,3.1,0,TERMINAL_REACHED,
T0,0,4.195,RPRA,1,3,4.195,0.36,52.4070000008842,PRESERVING,3.835,2,CONTINUE,
T0,0,4.195,RPRA,2,2,3.835,0.373,74.37409351682855,PRESERVING,3.462,1,CONTINUE,
T0,0,4.195,RPRA,3,1,3.462,0.362,99.88995983826324,PRESERVING,3.1,0,TERMINAL_REACHED,
T0,0,4.196,RPRA,1,3,4.196,0.36,52.36602502228619,PRESERVING,3.836,2,CONTINUE,
T0,0,4.196,RPRA,2,2,3.836,0.374,74.61658767551941,PRESERVING,3.462,1,CONTINUE,
T0,0,4.196,RPRA,3,1,3.462,0.362,99.88995983826324,PRESERVING,3.1,0,TERMINAL_REACHED,
T0,0,4.197,RPRA,1,3,4.197,0.36,52.325092748197044,PRESERVING,3.837,2,CONTINUE,
T0,0,4.197,RPRA,2,2,3.837,0.375,74.85924640166341,PRESERVING,3.462,1,CONTINUE,
T0,0,4.197,RPRA,3,1,3.462,0.362,99.88995983826324,PRESERVING,3.1,0,TERMINAL_REACHED,
T0,0,4.198,RPRA,1,3,4.198,0.36,52.284203122997496,PRESERVING,3.838,2,CONTINUE,
T0,0,4.198,RPRA,2,2,3.838,0.376,75.10206942705908,PRESERVING,3.462,1,CONTINUE,
T0,0,4.198,RPRA,3,1,3.462,0.362,99.88995983826324,PRESERVING,3.1,0,TERMINAL_REACHED,
T0,0,4.199,RPRA,1,3,4.199,0.36,52.24335609115513,PRESERVING,3.839,2,CONTINUE,
T0,0,4.199,RPRA,2,2,3.839,0.377,75.34505648454163,PRESERVING,3.462,1,CONTINUE,
T0,0,4.199,RPRA,3,1,3.462,0.362,99.88995983826324,PRESERVING,3.1,0,TERMINAL_REACHED,
T0,0,4.2,RPRA,1,3,4.2,0.36,52.20255159722428,PRESERVING,3.84,2,CONTINUE,
T0,0,4.2,RPRA,2,2,3.84,0.378,75.58820730797513,PRESERVING,3.462,1,CONTINUE,
T0,0,4.2,RPRA,3,1,3.462,0.362,99.88995983826324,PRESERVING,3.1,0,TERMINAL_REACHED,
T0,0,4.201,RPRA,1,3,4.201,0.36,52.16178958584585,PRESERVING,3.841,2,CONTINUE,
T0,0,4.201,RPRA,2,2,3.841,0.379,75.83152163224709,PRESERVING,3.462,1,CONTINUE,
T0,0,4.201,RPRA,3,1,3.462,0.362,99.88995983826324,PRESERVING,3.1,0,TERMINAL_REACHED,
T0,0,4.202,RPRA,1,3,4.202,0.36,52.12107000174724,PRESERVING,3.842,2,CONTINUE,
T0,0,4.202,RPRA,2,2,3.842,0.38,76.07499919325944,PRESERVING,3.462,1,CONTINUE,
T0,0,4.202,RPRA,3,1,3.462,0.362,99.88995983826324,PRESERVING,3.1,0,TERMINAL_REACHED,
T0,0,4.203,RPRA,1,3,4.203,0.36,52.0803927897421,PRESERVING,3.843,2,CONTINUE,
T0,0,4.203,RPRA,2,2,3.843,0.381,76.31863972792435,PRESERVING,3.462,1,CONTINUE,
T0,0,4.203,RPRA,3,1,3.462,0.362,99.88995983826324,PRESERVING,3.1,0,TERMINAL_REACHED,
T0,0,4.204,RPRA,1,3,4.204,0.36,52.03975789473015,PRESERVING,3.844,2,CONTINUE,
T0,0,4.204,RPRA,2,2,3.844,0.382,76.56244297415681,PRESERVING,3.462,1,CONTINUE,
T0,0,4.204,RPRA,3,1,3.462,0.362,99.88995983826324,PRESERVING,3.1,0,TERMINAL_REACHED,
T0,0,4.205,RPRA,1,3,4.205,0.36,51.99916526169709,PRESERVING,3.845,2,CONTINUE,
T0,0,4.205,RPRA,2,2,3.845,0.383,76.80640867086727,PRESERVING,3.462,1,CONTINUE,
T0,0,4.205,RPRA,3,1,3.462,0.362,99.88995983826324,PRESERVING,3.1,0,TERMINAL_REACHED,
T0,0,4.206,RPRA,1,3,4.206,0.36,51.95861483571447,PRESERVING,3.846,2,CONTINUE,
T0,0,4.206,RPRA,2,2,3.846,0.384,77.05053655795668,PRESERVING,3.462,1,CONTINUE,
T0,0,4.206,RPRA,3,1,3.462,0.362,99.88995983826324,PRESERVING,3.1,0,TERMINAL_REACHED,
T0,0,4.207,RPRA,1,3,4.207,0.36,51.91810656193943,PRESERVING,3.847,2,CONTINUE,
T0,0,4.207,RPRA,2,2,3.847,0.385,77.29482637630773,PRESERVING,3.462,1,CONTINUE,
T0,0,4.207,RPRA,3,1,3.462,0.362,99.88995983826324,PRESERVING,3.1,0,TERMINAL_REACHED,
T0,0,4.208,RPRA,1,3,4.208,0.36,51.87764038561463,PRESERVING,3.848,2,CONTINUE,
T0,0,4.208,RPRA,2,2,3.848,0.386,77.53927786778114,PRESERVING,3.462,1,CONTINUE,
T0,0,4.208,RPRA,3,1,3.462,0.362,99.88995983826324,PRESERVING,3.1,0,TERMINAL_REACHED,
T0,0,4.209,RPRA,1,3,4.209,0.36,51.83721625206807,PRESERVING,3.849,2,CONTINUE,
T0,0,4.209,RPRA,2,2,3.849,0.387,77.78389077520825,PRESERVING,3.462,1,CONTINUE,
T0,0,4.209,RPRA,3,1,3.462,0.362,99.88995983826324,PRESERVING,3.1,0,TERMINAL_REACHED,
T0,0,4.21,RPRA,1,3,4.21,0.36,51.79683410671292,PRESERVING,3.85,2,CONTINUE,
T0,0,4.21,RPRA,2,2,3.85,0.388,78.02866484238417,PRESERVING,3.462,1,CONTINUE,
T0,0,4.21,RPRA,3,1,3.462,0.362,99.88995983826324,PRESERVING,3.1,0,TERMINAL_REACHED,
T0,0,4.211,RPRA,1,3,4.211,0.36,51.756493895047356,PRESERVING,3.851,2,CONTINUE,
T0,0,4.211,RPRA,2,2,3.851,0.389,78.27359981406256,PRESERVING,3.462,1,CONTINUE,
T0,0,4.211,RPRA,3,1,3.462,0.362,99.88995983826324,PRESERVING,3.1,0,TERMINAL_REACHED,
T0,0,4.212,RPRA,1,3,4.212,0.36,51.71619556265447,PRESERVING,3.852,2,CONTINUE,
T0,0,4.212,RPRA,2,2,3.852,0.39,78.51869543594911,PRESERVING,3.462,1,CONTINUE,
T0,0,4.212,RPRA,3,1,3.462,0.362,99.88995983826324,PRESERVING,3.1,0,TERMINAL_REACHED,
T0,0,4.213,RPRA,1,3,4.213,0.36,51.675939055202036,PRESERVING,3.853,2,CONTINUE,
T0,0,4.213,RPRA,2,2,3.853,0.391,78.76395145469552,PRESERVING,3.462,1,CONTINUE,
T0,0,4.213,RPRA,3,1,3.462,0.362,99.88995983826324,PRESERVING,3.1,0,TERMINAL_REACHED,
T0,0,4.214,RPRA,1,3,4.214,0.36,51.63572431844241,PRESERVING,3.854,2,CONTINUE,
T0,0,4.214,RPRA,2,2,3.854,0.392,79.00936761789256,PRESERVING,3.462,1,CONTINUE,
T0,0,4.214,RPRA,3,1,3.462,0.362,99.88995983826324,PRESERVING,3.1,0,TERMINAL_REACHED,
T0,0,4.215,RPRA,1,3,4.215,0.36,51.59555129821238,PRESERVING,3.855,2,CONTINUE,
T0,0,4.215,RPRA,2,2,3.855,0.393,79.25494367406611,PRESERVING,3.462,1,CONTINUE,
T0,0,4.215,RPRA,3,1,3.462,0.362,99.88995983826324,PRESERVING,3.1,0,TERMINAL_REACHED,
T0,0,4.216,RPRA,1,3,4.216,0.36,51.55541994043291,PRESERVING,3.856,2,CONTINUE,
T0,0,4.216,RPRA,2,2,3.856,0.394,79.5006793726696,PRESERVING,3.462,1,CONTINUE,
T0,0,4.216,RPRA,3,1,3.462,0.362,99.88995983826324,PRESERVING,3.1,0,TERMINAL_REACHED,
T0,0,4.217,RPRA,1,3,4.217,0.36,51.515330191109136,PRESERVING,3.857,2,CONTINUE,
T0,0,4.217,RPRA,2,2,3.857,0.395,79.74657446407866,PRESERVING,3.462,1,CONTINUE,
T0,0,4.217,RPRA,3,1,3.462,0.362,99.88995983826324,PRESERVING,3.1,0,TERMINAL_REACHED,
T0,0,4.218,RPRA,1,3,4.218,0.36,51.475281996330175,PRESERVING,3.858,2,CONTINUE,
T0,0,4.218,RPRA,2,2,3.858,0.396,79.99262869958605,PRESERVING,3.462,1,CONTINUE,
T0,0,4.218,RPRA,3,1,3.462,0.362,99.88995983826324,PRESERVING,3.1,0,TERMINAL_REACHED,
T0,0,4.219,RPRA,1,3,4.219,0.36,51.43527530226886,PRESERVING,3.859,2,CONTINUE,
T0,0,4.219,RPRA,2,2,3.859,0.397,80.23884183139366,PRESERVING,3.462,1,CONTINUE,
T0,0,4.219,RPRA,3,1,3.462,0.362,99.88995983826324,PRESERVING,3.1,0,TERMINAL_REACHED,
T0,0,4.22,RPRA,1,3,4.22,0.36,51.39531005518171,PRESERVING,3.86,2,CONTINUE,
T0,0,4.22,RPRA,2,2,3.86,0.398,80.48521361260941,PRESERVING,3.462,1,CONTINUE,
T0,0,4.22,RPRA,3,1,3.462,0.362,99.88995983826324,PRESERVING,3.1,0,TERMINAL_REACHED,
T0,0,4.221,RPRA,1,3,4.221,0.36,51.35538620140876,PRESERVING,3.861,2,CONTINUE,
T0,0,4.221,RPRA,2,2,3.861,0.399,80.73174379724045,PRESERVING,3.462,1,CONTINUE,
T0,0,4.221,RPRA,3,1,3.462,0.362,99.88995983826324,PRESERVING,3.1,0,TERMINAL_REACHED,
T0,0,4.222,RPRA,1,3,4.222,0.36,51.315503687373365,PRESERVING,3.862,2,CONTINUE,
T0,0,4.222,RPRA,2,2,3.862,0.4,80.9784321401875,PRESERVING,3.462,1,CONTINUE,
T0,0,4.222,RPRA,3,1,3.462,0.362,99.88995983826324,PRESERVING,3.1,0,TERMINAL_REACHED,
T0,0,4.223,RPRA,1,3,4.223,0.36,51.275662459582094,PRESERVING,3.863,2,CONTINUE,
T0,0,4.223,RPRA,2,2,3.863,0.401,81.22527839723925,PRESERVING,3.462,1,CONTINUE,
T0,0,4.223,RPRA,3,1,3.462,0.362,99.88995983826324,PRESERVING,3.1,0,TERMINAL_REACHED,
T0,0,4.224,RPRA,1,3,4.224,0.36,51.2358624646245,PRESERVING,3.864,2,CONTINUE,
T0,0,4.224,RPRA,2,2,3.864,0.402,81.47228232506728,PRESERVING,3.462,1,CONTINUE,
T0,0,4.224,RPRA,3,1,3.462,0.362,99.88995983826324,PRESERVING,3.1,0,TERMINAL_REACHED,
T0,0,4.225,RPRA,1,3,4.225,0.36,51.196103649173104,PRESERVING,3.865,2,CONTINUE,
T0,0,4.225,RPRA,2,2,3.865,0.403,81.71944368122044,PRESERVING,3.462,1,CONTINUE,
T0,0,4.225,RPRA,3,1,3.462,0.362,99.88995983826324,PRESERVING,3.1,0,TERMINAL_REACHED,
T0,0,4.226,RPRA,1,3,4.226,0.36,51.15638595998316,PRESERVING,3.866,2,CONTINUE,
T0,0,4.226,RPRA,2,2,3.866,0.404,81.96676222411824,PRESERVING,3.462,1,CONTINUE,
T0,0,4.226,RPRA,3,1,3.462,0.362,99.88995983826324,PRESERVING,3.1,0,TERMINAL_REACHED,
T0,0,4.227,RPRA,1,3,4.227,0.36,51.11670934389245,PRESERVING,3.867,2,CONTINUE,
T0,0,4.227,RPRA,2,2,3.867,0.405,82.21423771304786,PRESERVING,3.462,1,CONTINUE,
T0,0,4.227,RPRA,3,1,3.462,0.362,99.88995983826324,PRESERVING,3.1,0,TERMINAL_REACHED,
T0,0,4.228,RPRA,1,3,4.228,0.36,51.077073747821274,PRESERVING,3.868,2,CONTINUE,
T0,0,4.228,RPRA,2,2,3.868,0.406,82.46186990815706,PRESERVING,3.462,1,CONTINUE,
T0,0,4.228,RPRA,3,1,3.462,0.362,99.88995983826324,PRESERVING,3.1,0,TERMINAL_REACHED,
T0,0,4.229,RPRA,1,3,4.229,0.36,51.03747911877214,PRESERVING,3.869,2,CONTINUE,
T0,0,4.229,RPRA,2,2,3.869,0.407,82.7096585704493,PRESERVING,3.462,1,CONTINUE,
T0,0,4.229,RPRA,3,1,3.462,0.362,99.88995983826324,PRESERVING,3.1,0,TERMINAL_REACHED,
T0,0,4.23,RPRA,1,3,4.23,0.36,50.99792540382983,PRESERVING,3.87,2,CONTINUE,
T0,0,4.23,RPRA,2,2,3.87,0.408,82.95760346177879,PRESERVING,3.462,1,CONTINUE,
T0,0,4.23,RPRA,3,1,3.462,0.362,99.88995983826324,PRESERVING,3.1,0,TERMINAL_REACHED,
T0,0,4.231,RPRA,1,3,4.231,0.36,50.958412550161015,PRESERVING,3.871,2,CONTINUE,
T0,0,4.231,RPRA,2,2,3.871,0.409,83.2057043448454,PRESERVING,3.462,1,CONTINUE,
T0,0,4.231,RPRA,3,1,3.462,0.362,99.88995983826324,PRESERVING,3.1,0,TERMINAL_REACHED,
T0,0,4.232,RPRA,1,3,4.232,0.36,50.918940505014255,PRESERVING,3.872,2,CONTINUE,
T0,0,4.232,RPRA,2,2,3.872,0.41,83.45396098318801,PRESERVING,3.462,1,CONTINUE,
T0,0,4.232,RPRA,3,1,3.462,0.362,99.88995983826324,PRESERVING,3.1,0,TERMINAL_REACHED,
T0,0,4.233,RPRA,1,3,4.233,0.36,50.87950921571976,PRESERVING,3.873,2,CONTINUE,
T0,0,4.233,RPRA,2,2,3.873,0.411,83.70237314118188,PRESERVING,3.462,1,CONTINUE,
T0,0,4.233,RPRA,3,1,3.462,0.362,99.88995983826324,PRESERVING,3.1,0,TERMINAL_REACHED,
T0,0,4.234,RPRA,1,3,4.234,0.36,50.84011862968941,PRESERVING,3.874,2,CONTINUE,
T0,0,4.234,RPRA,2,2,3.874,0.412,83.95094058403198,PRESERVING,3.462,1,CONTINUE,
T0,0,4.234,RPRA,3,1,3.462,0.362,99.88995983826324,PRESERVING,3.1,0,TERMINAL_REACHED,
T0,0,4.235,RPRA,1,3,4.235,0.36,50.80076869441637,PRESERVING,3.875,2,CONTINUE,
T0,0,4.235,RPRA,2,2,3.875,0.413,84.19966307776825,PRESERVING,3.462,1,CONTINUE,
T0,0,4.235,RPRA,3,1,3.462,0.362,99.88995983826324,PRESERVING,3.1,0,TERMINAL_REACHED,
T0,0,4.236,RPRA,1,3,4.236,0.36,50.761459357475125,PRESERVING,3.876,2,CONTINUE,
T0,0,4.236,RPRA,2,2,3.876,0.414,84.44854038924105,PRESERVING,3.462,1,CONTINUE,
T0,0,4.236,RPRA,3,1,3.462,0.362,99.88995983826324,PRESERVING,3.1,0,TERMINAL_REACHED,
T0,0,4.237,RPRA,1,3,4.237,0.36,50.72219056652126,PRESERVING,3.877,2,CONTINUE,
T0,0,4.237,RPRA,2,2,3.877,0.415,84.69757228611572,PRESERVING,3.462,1,CONTINUE,
T0,0,4.237,RPRA,3,1,3.462,0.362,99.88995983826324,PRESERVING,3.1,0,TERMINAL_REACHED,
T0,0,4.238,RPRA,1,3,4.238,0.36,50.68296226929129,PRESERVING,3.878,2,CONTINUE,
T0,0,4.238,RPRA,2,2,3.878,0.416,84.94675853686743,PRESERVING,3.462,1,CONTINUE,
T0,0,4.238,RPRA,3,1,3.462,0.362,99.88995983826324,PRESERVING,3.1,0,TERMINAL_REACHED,
T0,0,4.239,RPRA,1,3,4.239,0.36,50.64377441360266,PRESERVING,3.879,2,CONTINUE,
T0,0,4.239,RPRA,2,2,3.879,0.417,85.19609891077744,PRESERVING,3.462,1,CONTINUE,
T0,0,4.239,RPRA,3,1,3.462,0.362,99.88995983826324,PRESERVING,3.1,0,TERMINAL_REACHED,
T0,0,4.24,RPRA,1,3,4.24,0.36,50.604626947353346,PRESERVING,3.88,2,CONTINUE,
T0,0,4.24,RPRA,2,2,3.88,0.418,85.4455931779275,PRESERVING,3.462,1,CONTINUE,
T0,0,4.24,RPRA,3,1,3.462,0.362,99.88995983826324,PRESERVING,3.1,0,TERMINAL_REACHED,
T0,0,4.241,RPRA,1,3,4.241,0.36,50.56551981852196,PRESERVING,3.881,2,CONTINUE,
T0,0,4.241,RPRA,2,2,3.881,0.419,85.69524110919524,PRESERVING,3.462,1,CONTINUE,
T0,0,4.241,RPRA,3,1,3.462,0.362,99.88995983826324,PRESERVING,3.1,0,TERMINAL_REACHED,
T0,0,4.242,RPRA,1,3,4.242,0.36,50.526452975167395,PRESERVING,3.882,2,CONTINUE,
T0,0,4.242,RPRA,2,2,3.882,0.42,85.94504247624963,PRESERVING,3.462,1,CONTINUE,
T0,0,4.242,RPRA,3,1,3.462,0.362,99.88995983826324,PRESERVING,3.1,0,TERMINAL_REACHED,
T0,0,4.243,RPRA,1,3,4.243,0.36,50.487426365428945,PRESERVING,3.883,2,CONTINUE,
T0,0,4.243,RPRA,2,2,3.883,0.421,86.19499705154597,PRESERVING,3.462,1,CONTINUE,
T0,0,4.243,RPRA,3,1,3.462,0.362,99.88995983826324,PRESERVING,3.1,0,TERMINAL_REACHED,
T0,0,4.244,RPRA,1,3,4.244,0.36,50.44843993752582,PRESERVING,3.884,2,CONTINUE,
T0,0,4.244,RPRA,2,2,3.884,0.422,86.44510460832083,PRESERVING,3.462,1,CONTINUE,
T0,0,4.244,RPRA,3,1,3.462,0.362,99.88995983826324,PRESERVING,3.1,0,TERMINAL_REACHED,
T0,0,4.245,RPRA,1,3,4.245,0.36,50.40949363975729,PRESERVING,3.885,2,CONTINUE,
T0,0,4.245,RPRA,2,2,3.885,0.423,86.69536492058897,PRESERVING,3.462,1,CONTINUE,
T0,0,4.245,RPRA,3,1,3.462,0.362,99.88995983826324,PRESERVING,3.1,0,TERMINAL_REACHED,
T0,0,4.246,RPRA,1,3,4.246,0.36,50.37058742050237,PRESERVING,3.886,2,CONTINUE,
T0,0,4.246,RPRA,2,2,3.886,0.424,86.94577776313722,PRESERVING,3.462,1,CONTINUE,
T0,0,4.246,RPRA,3,1,3.462,0.362,99.88995983826324,PRESERVING,3.1,0,TERMINAL_REACHED,
T0,0,4.247,RPRA,1,3,4.247,0.36,50.3317212282198,PRESERVING,3.887,2,CONTINUE,
T0,0,4.247,RPRA,2,2,3.887,0.425,87.19634291152094,PRESERVING,3.462,1,CONTINUE,
T0,0,4.247,RPRA,3,1,3.462,0.362,99.88995983826324,PRESERVING,3.1,0,TERMINAL_REACHED,
T0,0,4.248,RPRA,1,3,4.248,0.36,50.29289501144779,PRESERVING,3.888,2,CONTINUE,
T0,0,4.248,RPRA,2,2,3.888,0.426,87.4470601420588,PRESERVING,3.462,1,CONTINUE,
T0,0,4.248,RPRA,3,1,3.462,0.362,99.88995983826324,PRESERVING,3.1,0,TERMINAL_REACHED,
T0,0,4.249,RPRA,1,3,4.249,0.36,50.25410871880395,PRESERVING,3.889,2,CONTINUE,
T0,0,4.249,RPRA,2,2,3.889,0.427,87.69792923182924,PRESERVING,3.462,1,CONTINUE,
T0,0,4.249,RPRA,3,1,3.462,0.362,99.88995983826324,PRESERVING,3.1,0,TERMINAL_REACHED,
T0,0,4.25,RPRA,1,3,4.25,0.36,50.215362298985056,PRESERVING,3.89,2,CONTINUE,
T0,0,4.25,RPRA,2,2,3.89,0.428,87.94894995866426,PRESERVING,3.462,1,CONTINUE,
T0,0,4.25,RPRA,3,1,3.462,0.362,99.88995983826324,PRESERVING,3.1,0,TERMINAL_REACHED,
T0,0,4.251,RPRA,1,3,4.251,0.36,50.17665570076711,PRESERVING,3.891,2,CONTINUE,
T0,0,4.251,RPRA,2,2,3.891,0.429,88.2001221011473,PRESERVING,3.462,1,CONTINUE,
T0,0,4.251,RPRA,3,1,3.462,0.362,99.88995983826324,PRESERVING,3.1,0,TERMINAL_REACHED,
T0,0,4.252,RPRA,1,3,4.252,0.36,50.13798887300495,PRESERVING,3.892,2,CONTINUE,
T0,0,4.252,RPRA,2,2,3.892,0.43,88.45144543860756,PRESERVING,3.462,1,CONTINUE,
T0,0,4.252,RPRA,3,1,3.462,0.362,99.88995983826324,PRESERVING,3.1,0,TERMINAL_REACHED,
T0,0,4.253,RPRA,1,3,4.253,0.36,50.09936176463223,PRESERVING,3.893,2,CONTINUE,
T0,0,4.253,RPRA,2,2,3.893,0.431,88.70291975111599,PRESERVING,3.462,1,CONTINUE,
T0,0,4.253,RPRA,3,1,3.462,0.362,99.88995983826324,PRESERVING,3.1,0,TERMINAL_REACHED,
T0,0,4.254,RPRA,1,3,4.254,0.36,50.06077432466129,PRESERVING,3.894,2,CONTINUE,
T0,0,4.254,RPRA,2,2,3.894,0.432,88.95454481948096,PRESERVING,3.462,1,CONTINUE,
T0,0,4.254,RPRA,3,1,3.462,0.362,99.88995983826324,PRESERVING,3.1,0,TERMINAL_REACHED,
T0,0,4.255,RPRA,1,3,4.255,0.36,50.02222650218303,PRESERVING,3.895,2,CONTINUE,
T0,0,4.255,RPRA,2,2,3.895,0.433,89.20632042524421,PRESERVING,3.462,1,CONTINUE,
T0,0,4.255,RPRA,3,1,3.462,0.362,99.88995983826324,PRESERVING,3.1,0,TERMINAL_REACHED,
T0,0,4.256,RPRA,1,3,4.256,0.36,49.983718246366685,PRESERVING,3.896,2,CONTINUE,
T0,0,4.256,RPRA,2,2,3.896,0.434,89.45824635067578,PRESERVING,3.462,1,CONTINUE,
T0,0,4.256,RPRA,3,1,3.462,0.362,99.88995983826324,PRESERVING,3.1,0,TERMINAL_REACHED,
T0,0,4.257,RPRA,1,3,4.257,0.36,49.94524950645972,PRESERVING,3.897,2,CONTINUE,
T0,0,4.257,RPRA,2,2,3.897,0.435,89.71032237877122,PRESERVING,3.462,1,CONTINUE,
T0,0,4.257,RPRA,3,1,3.462,0.362,99.88995983826324,PRESERVING,3.1,0,TERMINAL_REACHED,
T0,0,4.258,RPRA,1,3,4.258,0.36,49.906820231787734,PRESERVING,3.898,2,CONTINUE,
T0,0,4.258,RPRA,2,2,3.898,0.436,89.96254829324664,PRESERVING,3.462,1,CONTINUE,
T0,0,4.258,RPRA,3,1,3.462,0.362,99.88995983826324,PRESERVING,3.1,0,TERMINAL_REACHED,
T0,0,4.259,RPRA,1,3,4.259,0.36,49.86843037175427,PRESERVING,3.899,2,CONTINUE,
T0,0,4.259,RPRA,2,2,3.899,0.437,90.21492387853463,PRESERVING,3.462,1,CONTINUE,
T0,0,4.259,RPRA,3,1,3.462,0.362,99.88995983826324,PRESERVING,3.1,0,TERMINAL_REACHED,
T0,0,4.26,RPRA,1,3,4.26,0.36,49.83007987584073,PRESERVING,3.9,2,CONTINUE,
T0,0,4.26,RPRA,2,2,3.9,0.438,90.46744891978027,PRESERVING,3.462,1,CONTINUE,
T0,0,4.26,RPRA,3,1,3.462,0.362,99.88995983826324,PRESERVING,3.1,0,TERMINAL_REACHED,
T0,0,4.261,RPRA,1,3,4.261,0.36,49.79176869360613,PRESERVING,3.901,2,CONTINUE,
T0,0,4.261,RPRA,2,2,3.901,0.439,90.72012320283744,PRESERVING,3.462,1,CONTINUE,
T0,0,4.261,RPRA,3,1,3.462,0.362,99.88995983826324,PRESERVING,3.1,0,TERMINAL_REACHED,
T0,0,4.262,RPRA,1,3,4.262,0.36,49.75349677468705,PRESERVING,3.902,2,CONTINUE,
T0,0,4.262,RPRA,2,2,3.902,0.44,90.97294651426347,PRESERVING,3.462,1,CONTINUE,
T0,0,4.262,RPRA,3,1,3.462,0.362,99.88995983826324,PRESERVING,3.1,0,TERMINAL_REACHED,
T0,0,4.263,RPRA,1,3,4.263,0.36,49.71526406879751,PRESERVING,3.903,2,CONTINUE,
T0,0,4.263,RPRA,2,2,3.903,0.441,91.22591864131715,PRESERVING,3.462,1,CONTINUE,
T0,0,4.263,RPRA,3,1,3.462,0.362,99.88995983826324,PRESERVING,3.1,0,TERMINAL_REACHED,
T0,0,4.264,RPRA,1,3,4.264,0.36,49.67707052572877,PRESERVING,3.904,2,CONTINUE,
T0,0,4.264,RPRA,2,2,3.904,0.442,91.47903937195336,PRESERVING,3.462,1,CONTINUE,
T0,0,4.264,RPRA,3,1,3.462,0.362,99.88995983826324,PRESERVING,3.1,0,TERMINAL_REACHED,
T0,0,4.265,RPRA,1,3,4.265,0.36,49.638916095349224,PRESERVING,3.905,2,CONTINUE,
T0,0,4.265,RPRA,2,2,3.905,0.443,91.73230849481963,PRESERVING,3.462,1,CONTINUE,
T0,0,4.265,RPRA,3,1,3.462,0.362,99.88995983826324,PRESERVING,3.1,0,TERMINAL_REACHED,
T0,0,4.266,RPRA,1,3,4.266,0.36,49.60080072760419,PRESERVING,3.906,2,CONTINUE,
T0,0,4.266,RPRA,2,2,3.906,0.444,91.98572579925235,PRESERVING,3.462,1,CONTINUE,
T0,0,4.266,RPRA,3,1,3.462,0.362,99.88995983826324,PRESERVING,3.1,0,TERMINAL_REACHED,
T0,0,4.267,RPRA,1,3,4.267,0.36,49.56272437251595,PRESERVING,3.907,2,CONTINUE,
T0,0,4.267,RPRA,2,2,3.907,0.445,92.23929107527286,PRESERVING,3.462,1,CONTINUE,
T0,0,4.267,RPRA,3,1,3.462,0.362,99.88995983826324,PRESERVING,3.1,0,TERMINAL_REACHED,
T0,0,4.268,RPRA,1,3,4.268,0.36,49.52468698018341,PRESERVING,3.908,2,CONTINUE,
T0,0,4.268,RPRA,2,2,3.908,0.446,92.49300411358249,PRESERVING,3.462,1,CONTINUE,
T0,0,4.268,RPRA,3,1,3.462,0.362,99.88995983826324,PRESERVING,3.1,0,TERMINAL_REACHED,
T0,0,4.269,RPRA,1,3,4.269,0.36,49.48668850078208,PRESERVING,3.909,2,CONTINUE,
T0,0,4.269,RPRA,2,2,3.909,0.447,92.7468647055612,PRESERVING,3.462,1,CONTINUE,
T0,0,4.269,RPRA,3,1,3.462,0.362,99.88995983826324,PRESERVING,3.1,0,TERMINAL_REACHED,
T0,0,4.27,RPRA,1,3,4.27,0.36,49.4487288845639,PRESERVING,3.91,2,CONTINUE,
T0,0,4.27,RPRA,2,2,3.91,0.448,93.00087264326154,PRESERVING,3.462,1,CONTINUE,
T0,0,4.27,RPRA,3,1,3.462,0.362,99.88995983826324,PRESERVING,3.1,0,TERMINAL_REACHED,
T0,0,4.271,RPRA,1,3,4.271,0.36,49.41080808185711,PRESERVING,3.911,2,CONTINUE,
T0,0,4.271,RPRA,2,2,3.911,0.449,93.2550277194063,PRESERVING,3.462,1,CONTINUE,
T0,0,4.271,RPRA,3,1,3.462,0.362,99.88995983826324,PRESERVING,3.1,0,TERMINAL_REACHED,
T0,0,4.272,RPRA,1,3,4.272,0.36,49.37292604306616,PRESERVING,3.912,2,CONTINUE,
T0,0,4.272,RPRA,2,2,3.912,0.45,93.509329727384,PRESERVING,3.462,1,CONTINUE,
T0,0,4.272,RPRA,3,1,3.462,0.362,99.88995983826324,PRESERVING,3.1,0,TERMINAL_REACHED,
T0,0,4.273,RPRA,1,3,4.273,0.36,49.335082718671444,PRESERVING,3.913,2,CONTINUE,
T0,0,4.273,RPRA,2,2,3.913,0.451,93.76377846124589,PRESERVING,3.462,1,CONTINUE,
T0,0,4.273,RPRA,3,1,3.462,0.362,99.88995983826324,PRESERVING,3.1,0,TERMINAL_REACHED,
T0,0,4.274,RPRA,1,3,4.274,0.36,49.29727805922929,PRESERVING,3.914,2,CONTINUE,
T0,0,4.274,RPRA,2,2,3.914,0.452,94.01837371570092,PRESERVING,3.462,1,CONTINUE,
T0,0,4.274,RPRA,3,1,3.462,0.362,99.88995983826324,PRESERVING,3.1,0,TERMINAL_REACHED,
T0,0,4.275,RPRA,1,3,4.275,0.36,49.25951201537183,PRESERVING,3.915,2,CONTINUE,
T0,0,4.275,RPRA,2,2,3.915,0.453,94.27311528611429,PRESERVING,3.462,1,CONTINUE,
T0,0,4.275,RPRA,3,1,3.462,0.362,99.88995983826324,PRESERVING,3.1,0,TERMINAL_REACHED,
T0,0,4.276,RPRA,1,3,4.276,0.36,49.221784537806734,PRESERVING,3.916,2,CONTINUE,
T0,0,4.276,RPRA,2,2,3.916,0.454,94.52800296850185,PRESERVING,3.462,1,CONTINUE,
T0,0,4.276,RPRA,3,1,3.462,0.362,99.88995983826324,PRESERVING,3.1,0,TERMINAL_REACHED,
T0,0,4.277,RPRA,1,3,4.277,0.36,49.18409557731721,PRESERVING,3.917,2,CONTINUE,
T0,0,4.277,RPRA,2,2,3.917,0.455,94.78303655952801,PRESERVING,3.462,1,CONTINUE,
T0,0,4.277,RPRA,3,1,3.462,0.362,99.88995983826324,PRESERVING,3.1,0,TERMINAL_REACHED,
T0,0,4.278,RPRA,1,3,4.278,0.36,49.14644508476175,PRESERVING,3.918,2,CONTINUE,
T0,0,4.278,RPRA,2,2,3.918,0.456,95.03821585650113,PRESERVING,3.462,1,CONTINUE,
T0,0,4.278,RPRA,3,1,3.462,0.362,99.88995983826324,PRESERVING,3.1,0,TERMINAL_REACHED,
T0,0,4.279,RPRA,1,3,4.279,0.36,49.108833011074196,PRESERVING,3.919,2,CONTINUE,
T0,0,4.279,RPRA,2,2,3.919,0.457,95.29354065737094,PRESERVING,3.462,1,CONTINUE,
T0,0,4.279,RPRA,3,1,3.462,0.362,99.88995983826324,PRESERVING,3.1,0,TERMINAL_REACHED,
T0,0,4.28,RPRA,1,3,4.28,0.36,49.071259307263354,PRESERVING,3.92,2,CONTINUE,
T0,0,4.28,RPRA,2,2,3.92,0.458,95.54901076072348,PRESERVING,3.462,1,CONTINUE,
T0,0,4.28,RPRA,3,1,3.462,0.362,99.88995983826324,PRESERVING,3.1,0,TERMINAL_REACHED,
T0,0,4.281,RPRA,1,3,4.281,0.36,49.03372392441303,PRESERVING,3.921,2,CONTINUE,
T0,0,4.281,RPRA,2,2,3.921,0.459,95.80462596577969,PRESERVING,3.462,1,CONTINUE,
T0,0,4.281,RPRA,3,1,3.462,0.362,99.88995983826324,PRESERVING,3.1,0,TERMINAL_REACHED,
T0,0,4.282,RPRA,1,3,4.282,0.36,48.99622681368178,PRESERVING,3.922,2,CONTINUE,
T0,0,4.282,RPRA,2,2,3.922,0.46,96.06038607239064,PRESERVING,3.462,1,CONTINUE,
T0,0,4.282,RPRA,3,1,3.462,0.362,99.88995983826324,PRESERVING,3.1,0,TERMINAL_REACHED,
T0,0,4.283,RPRA,1,3,4.283,0.36,48.958767926302954,PRESERVING,3.923,2,CONTINUE,
T0,0,4.283,RPRA,2,2,3.923,0.461,96.31629088103482,PRESERVING,3.462,1,CONTINUE,
T0,0,4.283,RPRA,3,1,3.462,0.362,99.88995983826324,PRESERVING,3.1,0,TERMINAL_REACHED,
T0,0,4.284,RPRA,1,3,4.284,0.36,48.92134721358435,PRESERVING,3.924,2,CONTINUE,
T0,0,4.284,RPRA,2,2,3.924,0.462,96.57234019281397,PRESERVING,3.462,1,CONTINUE,
T0,0,4.284,RPRA,3,1,3.462,0.362,99.88995983826324,PRESERVING,3.1,0,TERMINAL_REACHED,
T0,0,4.285,RPRA,1,3,4.285,0.36,48.88396462690824,PRESERVING,3.925,2,CONTINUE,
T0,0,4.285,RPRA,2,2,3.925,0.463,96.82853380945079,PRESERVING,3.462,1,CONTINUE,
T0,0,4.285,RPRA,3,1,3.462,0.362,99.88995983826324,PRESERVING,3.1,0,TERMINAL_REACHED,
T0,0,4.286,RPRA,1,3,4.286,0.36,48.84662011773112,PRESERVING,3.926,2,CONTINUE,
T0,0,4.286,RPRA,2,2,3.926,0.464,97.08487153328383,PRESERVING,3.462,1,CONTINUE,
T0,0,4.286,RPRA,3,1,3.462,0.362,99.88995983826324,PRESERVING,3.1,0,TERMINAL_REACHED,
T0,0,4.287,RPRA,1,3,4.287,0.36,48.80931363758369,PRESERVING,3.927,2,CONTINUE,
T0,0,4.287,RPRA,2,2,3.927,0.465,97.34135316726643,PRESERVING,3.462,1,CONTINUE,
T0,0,4.287,RPRA,3,1,3.462,0.362,99.88995983826324,PRESERVING,3.1,0,TERMINAL_REACHED,
T0,0,4.288,RPRA,1,3,4.288,0.36,48.77204513807068,PRESERVING,3.928,2,CONTINUE,
T0,0,4.288,RPRA,2,2,3.928,0.466,97.59797851496218,PRESERVING,3.462,1,CONTINUE,
T0,0,4.288,RPRA,3,1,3.462,0.362,99.88995983826324,PRESERVING,3.1,0,TERMINAL_REACHED,
T0,0,4.289,RPRA,1,3,4.289,0.36,48.73481457087064,PRESERVING,3.929,2,CONTINUE,
T0,0,4.289,RPRA,2,2,3.929,0.467,97.85474738054164,PRESERVING,3.462,1,CONTINUE,
T0,0,4.289,RPRA,3,1,3.462,0.362,99.88995983826324,PRESERVING,3.1,0,TERMINAL_REACHED,
T0,0,4.29,RPRA,1,3,4.29,0.36,48.69762188773589,PRESERVING,3.93,2,CONTINUE,
T0,0,4.29,RPRA,2,2,3.93,0.468,98.11165956877946,PRESERVING,3.462,1,CONTINUE,
T0,0,4.29,RPRA,3,1,3.462,0.362,99.88995983826324,PRESERVING,3.1,0,TERMINAL_REACHED,
T0,0,4.291,RPRA,1,3,4.291,0.36,48.660467040492456,PRESERVING,3.931,2,CONTINUE,
T0,0,4.291,RPRA,2,2,3.931,0.469,98.36871488505142,PRESERVING,3.462,1,CONTINUE,
T0,0,4.291,RPRA,3,1,3.462,0.362,99.88995983826324,PRESERVING,3.1,0,TERMINAL_REACHED,
T0,0,4.292,RPRA,1,3,4.292,0.36,48.62334998103975,PRESERVING,3.932,2,CONTINUE,
T0,0,4.292,RPRA,2,2,3.932,0.47,98.62591313532941,PRESERVING,3.462,1,CONTINUE,
T0,0,4.292,RPRA,3,1,3.462,0.362,99.88995983826324,PRESERVING,3.1,0,TERMINAL_REACHED,
T0,0,4.293,RPRA,1,3,4.293,0.36,48.586270661350575,PRESERVING,3.933,2,CONTINUE,
T0,0,4.293,RPRA,2,2,3.933,0.471,98.88325412618143,PRESERVING,3.462,1,CONTINUE,
T0,0,4.293,RPRA,3,1,3.462,0.362,99.88995983826324,PRESERVING,3.1,0,TERMINAL_REACHED,
T0,0,4.294,RPRA,1,3,4.294,0.36,48.549229033471015,PRESERVING,3.934,2,CONTINUE,
T0,0,4.294,RPRA,2,2,3.934,0.472,99.1407376647659,PRESERVING,3.462,1,CONTINUE,
T0,0,4.294,RPRA,3,1,3.462,0.362,99.88995983826324,PRESERVING,3.1,0,TERMINAL_REACHED,
T0,0,4.295,RPRA,1,3,4.295,0.36,48.51222504952019,PRESERVING,3.935,2,CONTINUE,
T0,0,4.295,RPRA,2,2,3.935,0.473,99.3983635588295,PRESERVING,3.462,1,CONTINUE,
T0,0,4.295,RPRA,3,1,3.462,0.362,99.88995983826324,PRESERVING,3.1,0,TERMINAL_REACHED,
T0,0,4.296,RPRA,1,3,4.296,0.36,48.47525866169025,PRESERVING,3.936,2,CONTINUE,
T0,0,4.296,RPRA,2,2,3.936,0.474,99.65613161670426,PRESERVING,3.462,1,CONTINUE,
T0,0,4.296,RPRA,3,1,3.462,0.362,99.88995983826324,PRESERVING,3.1,0,TERMINAL_REACHED,
T0,0,4.297,RPRA,1,3,4.297,0.36,48.43832982224611,PRESERVING,3.937,2,CONTINUE,
T0,0,4.297,RPRA,2,2,3.937,0.475,99.91404164730385,PRESERVING,3.462,1,CONTINUE,
T0,0,4.297,RPRA,3,1,3.462,0.362,99.88995983826324,PRESERVING,3.1,0,TERMINAL_REACHED,
T0,0,4.298,RPRA,1,3,4.298,0.361,48.60174512994904,PRESERVING,3.937,2,CONTINUE,
T0,0,4.298,RPRA,2,2,3.937,0.475,99.91404164730385,PRESERVING,3.462,1,CONTINUE,
T0,0,4.298,RPRA,3,1,3.462,0.362,99.88995983826324,PRESERVING,3.1,0,TERMINAL_REACHED,
T0,0,4.299,RPRA,1,3,4.299,0.362,48.76527477442611,PRESERVING,3.937,2,CONTINUE,
T0,0,4.299,RPRA,2,2,3.937,0.475,99.91404164730385,PRESERVING,3.462,1,CONTINUE,
T0,0,4.299,RPRA,3,1,3.462,0.362,99.88995983826324,PRESERVING,3.1,0,TERMINAL_REACHED,
T0,0,4.3,RPRA,1,3,4.3,0.363,48.92891856370746,PRESERVING,3.937,2,CONTINUE,
T0,0,4.3,RPRA,2,2,3.937,0.475,99.91404164730385,PRESERVING,3.462,1,CONTINUE,
T0,0,4.3,RPRA,3,1,3.462,0.362,99.88995983826324,PRESERVING,3.1,0,TERMINAL_REACHED,
T0,0,4.301,RPRA,1,3,4.301,0.364,49.09267630659239,PRESERVING,3.937,2,CONTINUE,
T0,0,4.301,RPRA,2,2,3.937,0.475,99.91404164730385,PRESERVING,3.462,1,CONTINUE,
T0,0,4.301,RPRA,3,1,3.462,0.362,99.88995983826324,PRESERVING,3.1,0,TERMINAL_REACHED,
T0,0,4.302,RPRA,1,3,4.302,0.365,49.256547812644115,PRESERVING,3.937,2,CONTINUE,
T0,0,4.302,RPRA,2,2,3.937,0.475,99.91404164730385,PRESERVING,3.462,1,CONTINUE,
T0,0,4.302,RPRA,3,1,3.462,0.362,99.88995983826324,PRESERVING,3.1,0,TERMINAL_REACHED,
T0,0,4.303,RPRA,1,3,4.303,0.366,49.42053289218462,PRESERVING,3.937,2,CONTINUE,
T0,0,4.303,RPRA,2,2,3.937,0.475,99.91404164730385,PRESERVING,3.462,1,CONTINUE,
T0,0,4.303,RPRA,3,1,3.462,0.362,99.88995983826324,PRESERVING,3.1,0,TERMINAL_REACHED,
T0,0,4.304,RPRA,1,3,4.304,0.367,49.584631356289556,PRESERVING,3.937,2,CONTINUE,
T0,0,4.304,RPRA,2,2,3.937,0.475,99.91404164730385,PRESERVING,3.462,1,CONTINUE,
T0,0,4.304,RPRA,3,1,3.462,0.362,99.88995983826324,PRESERVING,3.1,0,TERMINAL_REACHED,
T0,0,4.305,RPRA,1,3,4.305,0.368,49.74884301678238,PRESERVING,3.937,2,CONTINUE,
T0,0,4.305,RPRA,2,2,3.937,0.475,99.91404164730385,PRESERVING,3.462,1,CONTINUE,
T0,0,4.305,RPRA,3,1,3.462,0.362,99.88995983826324,PRESERVING,3.1,0,TERMINAL_REACHED,
T0,0,4.306,RPRA,1,3,4.306,0.369,49.913167686230615,PRESERVING,3.937,2,CONTINUE,
T0,0,4.306,RPRA,2,2,3.937,0.475,99.91404164730385,PRESERVING,3.462,1,CONTINUE,
T0,0,4.306,RPRA,3,1,3.462,0.362,99.88995983826324,PRESERVING,3.1,0,TERMINAL_REACHED,
T0,0,4.307,RPRA,1,3,4.307,0.37,50.07760517793986,PRESERVING,3.937,2,CONTINUE,
T0,0,4.307,RPRA,2,2,3.937,0.475,99.91404164730385,PRESERVING,3.462,1,CONTINUE,
T0,0,4.307,RPRA,3,1,3.462,0.362,99.88995983826324,PRESERVING,3.1,0,TERMINAL_REACHED,
T0,0,4.308,RPRA,1,3,4.308,0.371,50.2421553059494,PRESERVING,3.937,2,CONTINUE,
T0,0,4.308,RPRA,2,2,3.937,0.475,99.91404164730385,PRESERVING,3.462,1,CONTINUE,
T0,0,4.308,RPRA,3,1,3.462,0.362,99.88995983826324,PRESERVING,3.1,0,TERMINAL_REACHED,
T0,0,4.309,RPRA,1,3,4.309,0.372,50.40681788502673,PRESERVING,3.937,2,CONTINUE,
T0,0,4.309,RPRA,2,2,3.937,0.475,99.91404164730385,PRESERVING,3.462,1,CONTINUE,
T0,0,4.309,RPRA,3,1,3.462,0.362,99.88995983826324,PRESERVING,3.1,0,TERMINAL_REACHED,
T0,0,4.31,RPRA,1,3,4.31,0.373,50.571592730662694,PRESERVING,3.937,2,CONTINUE,
T0,0,4.31,RPRA,2,2,3.937,0.475,99.91404164730385,PRESERVING,3.462,1,CONTINUE,
T0,0,4.31,RPRA,3,1,3.462,0.362,99.88995983826324,PRESERVING,3.1,0,TERMINAL_REACHED,
T0,0,4.311,RPRA,1,3,4.311,0.374,50.73647965906746,PRESERVING,3.937,2,CONTINUE,
T0,0,4.311,RPRA,2,2,3.937,0.475,99.91404164730385,PRESERVING,3.462,1,CONTINUE,
T0,0,4.311,RPRA,3,1,3.462,0.362,99.88995983826324,PRESERVING,3.1,0,TERMINAL_REACHED,
T0,0,4.312,RPRA,1,3,4.312,0.375,50.90147848716503,PRESERVING,3.937,2,CONTINUE,
T0,0,4.312,RPRA,2,2,3.937,0.475,99.91404164730385,PRESERVING,3.462,1,CONTINUE,
T0,0,4.312,RPRA,3,1,3.462,0.362,99.88995983826324,PRESERVING,3.1,0,TERMINAL_REACHED,
T0,0,4.313,RPRA,1,3,4.313,0.376,51.066589032588475,PRESERVING,3.937,2,CONTINUE,
T0,0,4.313,RPRA,2,2,3.937,0.475,99.91404164730385,PRESERVING,3.462,1,CONTINUE,
T0,0,4.313,RPRA,3,1,3.462,0.362,99.88995983826324,PRESERVING,3.1,0,TERMINAL_REACHED,
T0,0,4.314,RPRA,1,3,4.314,0.377,51.23181111367573,PRESERVING,3.937,2,CONTINUE,
T0,0,4.314,RPRA,2,2,3.937,0.475,99.91404164730385,PRESERVING,3.462,1,CONTINUE,
T0,0,4.314,RPRA,3,1,3.462,0.362,99.88995983826324,PRESERVING,3.1,0,TERMINAL_REACHED,
T0,0,4.315,RPRA,1,3,4.315,0.378,51.39714454946439,PRESERVING,3.937,2,CONTINUE,
T0,0,4.315,RPRA,2,2,3.937,0.475,99.91404164730385,PRESERVING,3.462,1,CONTINUE,
T0,0,4.315,RPRA,3,1,3.462,0.362,99.88995983826324,PRESERVING,3.1,0,TERMINAL_REACHED,
T0,0,4.316,RPRA,1,3,4.316,0.379,51.56258915968789,PRESERVING,3.937,2,CONTINUE,
T0,0,4.316,RPRA,2,2,3.937,0.475,99.91404164730385,PRESERVING,3.462,1,CONTINUE,
T0,0,4.316,RPRA,3,1,3.462,0.362,99.88995983826324,PRESERVING,3.1,0,TERMINAL_REACHED,
T0,0,4.317,RPRA,1,3,4.317,0.38,51.72814476476946,PRESERVING,3.937,2,CONTINUE,
T0,0,4.317,RPRA,2,2,3.937,0.475,99.91404164730385,PRESERVING,3.462,1,CONTINUE,
T0,0,4.317,RPRA,3,1,3.462,0.362,99.88995983826324,PRESERVING,3.1,0,TERMINAL_REACHED,
T0,0,4.318,RPRA,1,3,4.318,0.381,51.893811185819246,PRESERVING,3.937,2,CONTINUE,
T0,0,4.318,RPRA,2,2,3.937,0.475,99.91404164730385,PRESERVING,3.462,1,CONTINUE,
T0,0,4.318,RPRA,3,1,3.462,0.362,99.88995983826324,PRESERVING,3.1,0,TERMINAL_REACHED,
T0,0,4.319,RPRA,1,3,4.319,0.382,52.05958824462927,PRESERVING,3.937,2,CONTINUE,
T0,0,4.319,RPRA,2,2,3.937,0.475,99.91404164730385,PRESERVING,3.462,1,CONTINUE,
T0,0,4.319,RPRA,3,1,3.462,0.362,99.88995983826324,PRESERVING,3.1,0,TERMINAL_REACHED,
T0,0,4.32,RPRA,1,3,4.32,0.383,52.225475763668435,PRESERVING,3.937,2,CONTINUE,
T0,0,4.32,RPRA,2,2,3.937,0.475,99.91404164730385,PRESERVING,3.462,1,CONTINUE,
T0,0,4.32,RPRA,3,1,3.462,0.362,99.88995983826324,PRESERVING,3.1,0,TERMINAL_REACHED,
T0,0,4.321,RPRA,1,3,4.321,0.384,52.391473566079156,PRESERVING,3.937,2,CONTINUE,
T0,0,4.321,RPRA,2,2,3.937,0.475,99.91404164730385,PRESERVING,3.462,1,CONTINUE,
T0,0,4.321,RPRA,3,1,3.462,0.362,99.88995983826324,PRESERVING,3.1,0,TERMINAL_REACHED,
T0,0,4.322,RPRA,1,3,4.322,0.385,52.55758147567137,PRESERVING,3.937,2,CONTINUE,
T0,0,4.322,RPRA,2,2,3.937,0.475,99.91404164730385,PRESERVING,3.462,1,CONTINUE,
T0,0,4.322,RPRA,3,1,3.462,0.362,99.88995983826324,PRESERVING,3.1,0,TERMINAL_REACHED,
T0,0,4.323,RPRA,1,3,4.323,0.386,52.72379931692007,PRESERVING,3.937,2,CONTINUE,
T0,0,4.323,RPRA,2,2,3.937,0.475,99.91404164730385,PRESERVING,3.462,1,CONTINUE,
T0,0,4.323,RPRA,3,1,3.462,0.362,99.88995983826324,PRESERVING,3.1,0,TERMINAL_REACHED,
T0,0,4.324,RPRA,1,3,4.324,0.387,52.89012691496022,PRESERVING,3.937,2,CONTINUE,
T0,0,4.324,RPRA,2,2,3.937,0.475,99.91404164730385,PRESERVING,3.462,1,CONTINUE,
T0,0,4.324,RPRA,3,1,3.462,0.362,99.88995983826324,PRESERVING,3.1,0,TERMINAL_REACHED,
T0,0,4.325,RPRA,1,3,4.325,0.388,53.0565640955821,PRESERVING,3.937,2,CONTINUE,
T0,0,4.325,RPRA,2,2,3.937,0.475,99.91404164730385,PRESERVING,3.462,1,CONTINUE,
T0,0,4.325,RPRA,3,1,3.462,0.362,99.88995983826324,PRESERVING,3.1,0,TERMINAL_REACHED,
T0,0,4.326,RPRA,1,3,4.326,0.389,53.22311068522777,PRESERVING,3.937,2,CONTINUE,
T0,0,4.326,RPRA,2,2,3.937,0.475,99.91404164730385,PRESERVING,3.462,1,CONTINUE,
T0,0,4.326,RPRA,3,1,3.462,0.362,99.88995983826324,PRESERVING,3.1,0,TERMINAL_REACHED,
T0,0,4.327,RPRA,1,3,4.327,0.39,53.38976651098664,PRESERVING,3.937,2,CONTINUE,
T0,0,4.327,RPRA,2,2,3.937,0.475,99.91404164730385,PRESERVING,3.462,1,CONTINUE,
T0,0,4.327,RPRA,3,1,3.462,0.362,99.88995983826324,PRESERVING,3.1,0,TERMINAL_REACHED,
T0,0,4.328,RPRA,1,3,4.328,0.391,53.55653140059138,PRESERVING,3.937,2,CONTINUE,
T0,0,4.328,RPRA,2,2,3.937,0.475,99.91404164730385,PRESERVING,3.462,1,CONTINUE,
T0,0,4.328,RPRA,3,1,3.462,0.362,99.88995983826324,PRESERVING,3.1,0,TERMINAL_REACHED,
T0,0,4.329,RPRA,1,3,4.329,0.392,53.72340518241322,PRESERVING,3.937,2,CONTINUE,
T0,0,4.329,RPRA,2,2,3.937,0.475,99.91404164730385,PRESERVING,3.462,1,CONTINUE,
T0,0,4.329,RPRA,3,1,3.462,0.362,99.88995983826324,PRESERVING,3.1,0,TERMINAL_REACHED,
T0,0,4.33,RPRA,1,3,4.33,0.393,53.89038768545913,PRESERVING,3.937,2,CONTINUE,
T0,0,4.33,RPRA,2,2,3.937,0.475,99.91404164730385,PRESERVING,3.462,1,CONTINUE,
T0,0,4.33,RPRA,3,1,3.462,0.362,99.88995983826324,PRESERVING,3.1,0,TERMINAL_REACHED,
T0,0,4.331,RPRA,1,3,4.331,0.394,54.057478739366886,PRESERVING,3.937,2,CONTINUE,
T0,0,4.331,RPRA,2,2,3.937,0.475,99.91404164730385,PRESERVING,3.462,1,CONTINUE,
T0,0,4.331,RPRA,3,1,3.462,0.362,99.88995983826324,PRESERVING,3.1,0,TERMINAL_REACHED,
T0,0,4.332,RPRA,1,3,4.332,0.395,54.22467817440127,PRESERVING,3.937,2,CONTINUE,
T0,0,4.332,RPRA,2,2,3.937,0.475,99.91404164730385,PRESERVING,3.462,1,CONTINUE,
T0,0,4.332,RPRA,3,1,3.462,0.362,99.88995983826324,PRESERVING,3.1,0,TERMINAL_REACHED,
T0,0,4.333,RPRA,1,3,4.333,0.396,54.39198582145069,PRESERVING,3.937,2,CONTINUE,
T0,0,4.333,RPRA,2,2,3.937,0.475,99.91404164730385,PRESERVING,3.462,1,CONTINUE,
T0,0,4.333,RPRA,3,1,3.462,0.362,99.88995983826324,PRESERVING,3.1,0,TERMINAL_REACHED,
T0,0,4.334,RPRA,1,3,4.334,0.397,54.55940151202173,PRESERVING,3.937,2,CONTINUE,
T0,0,4.334,RPRA,2,2,3.937,0.475,99.91404164730385,PRESERVING,3.462,1,CONTINUE,
T0,0,4.334,RPRA,3,1,3.462,0.362,99.88995983826324,PRESERVING,3.1,0,TERMINAL_REACHED,
T0,0,4.335,RPRA,1,3,4.335,0.398,54.72692507823705,PRESERVING,3.937,2,CONTINUE,
T0,0,4.335,RPRA,2,2,3.937,0.475,99.91404164730385,PRESERVING,3.462,1,CONTINUE,
T0,0,4.335,RPRA,3,1,3.462,0.362,99.88995983826324,PRESERVING,3.1,0,TERMINAL_REACHED,
T0,0,4.336,RPRA,1,3,4.336,0.399,54.89455635283073,PRESERVING,3.937,2,CONTINUE,
T0,0,4.336,RPRA,2,2,3.937,0.475,99.91404164730385,PRESERVING,3.462,1,CONTINUE,
T0,0,4.336,RPRA,3,1,3.462,0.362,99.88995983826324,PRESERVING,3.1,0,TERMINAL_REACHED,
T0,0,4.337,RPRA,1,3,4.337,0.4,55.06229516914448,PRESERVING,3.937,2,CONTINUE,
T0,0,4.337,RPRA,2,2,3.937,0.475,99.91404164730385,PRESERVING,3.462,1,CONTINUE,
T0,0,4.337,RPRA,3,1,3.462,0.362,99.88995983826324,PRESERVING,3.1,0,TERMINAL_REACHED,
T0,0,4.338,RPRA,1,3,4.338,0.401,55.23014136112375,PRESERVING,3.937,2,CONTINUE,
T0,0,4.338,RPRA,2,2,3.937,0.475,99.91404164730385,PRESERVING,3.462,1,CONTINUE,
T0,0,4.338,RPRA,3,1,3.462,0.362,99.88995983826324,PRESERVING,3.1,0,TERMINAL_REACHED,
T0,0,4.339,RPRA,1,3,4.339,0.402,55.39809476331435,PRESERVING,3.937,2,CONTINUE,
T0,0,4.339,RPRA,2,2,3.937,0.475,99.91404164730385,PRESERVING,3.462,1,CONTINUE,
T0,0,4.339,RPRA,3,1,3.462,0.362,99.88995983826324,PRESERVING,3.1,0,TERMINAL_REACHED,
T0,0,4.34,RPRA,1,3,4.34,0.403,55.5661552108586,PRESERVING,3.937,2,CONTINUE,
T0,0,4.34,RPRA,2,2,3.937,0.475,99.91404164730385,PRESERVING,3.462,1,CONTINUE,
T0,0,4.34,RPRA,3,1,3.462,0.362,99.88995983826324,PRESERVING,3.1,0,TERMINAL_REACHED,
T0,0,4.341,RPRA,1,3,4.341,0.404,55.734322539490826,PRESERVING,3.937,2,CONTINUE,
T0,0,4.341,RPRA,2,2,3.937,0.475,99.91404164730385,PRESERVING,3.462,1,CONTINUE,
T0,0,4.341,RPRA,3,1,3.462,0.362,99.88995983826324,PRESERVING,3.1,0,TERMINAL_REACHED,
T0,0,4.342,RPRA,1,3,4.342,0.405,55.902596585535335,PRESERVING,3.937,2,CONTINUE,
T0,0,4.342,RPRA,2,2,3.937,0.475,99.91404164730385,PRESERVING,3.462,1,CONTINUE,
T0,0,4.342,RPRA,3,1,3.462,0.362,99.88995983826324,PRESERVING,3.1,0,TERMINAL_REACHED,
T0,0,4.343,RPRA,1,3,4.343,0.406,56.070977185901626,PRESERVING,3.937,2,CONTINUE,
T0,0,4.343,RPRA,2,2,3.937,0.475,99.91404164730385,PRESERVING,3.462,1,CONTINUE,
T0,0,4.343,RPRA,3,1,3.462,0.362,99.88995983826324,PRESERVING,3.1,0,TERMINAL_REACHED,
T0,0,4.344,RPRA,1,3,4.344,0.407,56.23946417808103,PRESERVING,3.937,2,CONTINUE,
T0,0,4.344,RPRA,2,2,3.937,0.475,99.91404164730385,PRESERVING,3.462,1,CONTINUE,
T0,0,4.344,RPRA,3,1,3.462,0.362,99.88995983826324,PRESERVING,3.1,0,TERMINAL_REACHED,
T0,0,4.345,RPRA,1,3,4.345,0.408,56.408057400143306,PRESERVING,3.937,2,CONTINUE,
T0,0,4.345,RPRA,2,2,3.937,0.475,99.91404164730385,PRESERVING,3.462,1,CONTINUE,
T0,0,4.345,RPRA,3,1,3.462,0.362,99.88995983826324,PRESERVING,3.1,0,TERMINAL_REACHED,
T0,0,4.346,RPRA,1,3,4.346,0.409,56.576756690733305,PRESERVING,3.937,2,CONTINUE,
T0,0,4.346,RPRA,2,2,3.937,0.475,99.91404164730385,PRESERVING,3.462,1,CONTINUE,
T0,0,4.346,RPRA,3,1,3.462,0.362,99.88995983826324,PRESERVING,3.1,0,TERMINAL_REACHED,
T0,0,4.347,RPRA,1,3,4.347,0.41,56.7455618890663,PRESERVING,3.937,2,CONTINUE,
T0,0,4.347,RPRA,2,2,3.937,0.475,99.91404164730385,PRESERVING,3.462,1,CONTINUE,
T0,0,4.347,RPRA,3,1,3.462,0.362,99.88995983826324,PRESERVING,3.1,0,TERMINAL_REACHED,
T0,0,4.348,RPRA,1,3,4.348,0.411,56.91447283492635,PRESERVING,3.937,2,CONTINUE,
T0,0,4.348,RPRA,2,2,3.937,0.475,99.91404164730385,PRESERVING,3.462,1,CONTINUE,
T0,0,4.348,RPRA,3,1,3.462,0.362,99.88995983826324,PRESERVING,3.1,0,TERMINAL_REACHED,
T0,0,4.349,RPRA,1,3,4.349,0.412,57.08348936866161,PRESERVING,3.937,2,CONTINUE,
T0,0,4.349,RPRA,2,2,3.937,0.475,99.91404164730385,PRESERVING,3.462,1,CONTINUE,
T0,0,4.349,RPRA,3,1,3.462,0.362,99.88995983826324,PRESERVING,3.1,0,TERMINAL_REACHED,
T0,0,4.35,RPRA,1,3,4.35,0.413,57.25261133118125,PRESERVING,3.937,2,CONTINUE,
T0,0,4.35,RPRA,2,2,3.937,0.475,99.91404164730385,PRESERVING,3.462,1,CONTINUE,
T0,0,4.35,RPRA,3,1,3.462,0.362,99.88995983826324,PRESERVING,3.1,0,TERMINAL_REACHED,
T0,0,4.351,RPRA,1,3,4.351,0.414,57.42183856395226,PRESERVING,3.937,2,CONTINUE,
T0,0,4.351,RPRA,2,2,3.937,0.475,99.91404164730385,PRESERVING,3.462,1,CONTINUE,
T0,0,4.351,RPRA,3,1,3.462,0.362,99.88995983826324,PRESERVING,3.1,0,TERMINAL_REACHED,
T0,0,4.352,RPRA,1,3,4.352,0.415,57.59117090899578,PRESERVING,3.937,2,CONTINUE,
T0,0,4.352,RPRA,2,2,3.937,0.475,99.91404164730385,PRESERVING,3.462,1,CONTINUE,
T0,0,4.352,RPRA,3,1,3.462,0.362,99.88995983826324,PRESERVING,3.1,0,TERMINAL_REACHED,
T0,0,4.353,RPRA,1,3,4.353,0.416,57.7606082088836,PRESERVING,3.937,2,CONTINUE,
T0,0,4.353,RPRA,2,2,3.937,0.475,99.91404164730385,PRESERVING,3.462,1,CONTINUE,
T0,0,4.353,RPRA,3,1,3.462,0.362,99.88995983826324,PRESERVING,3.1,0,TERMINAL_REACHED,
T0,0,4.354,RPRA,1,3,4.354,0.417,57.93015030673566,PRESERVING,3.937,2,CONTINUE,
T0,0,4.354,RPRA,2,2,3.937,0.475,99.91404164730385,PRESERVING,3.462,1,CONTINUE,
T0,0,4.354,RPRA,3,1,3.462,0.362,99.88995983826324,PRESERVING,3.1,0,TERMINAL_REACHED,
T0,0,4.355,RPRA,1,3,4.355,0.418,58.099797046216175,PRESERVING,3.937,2,CONTINUE,
T0,0,4.355,RPRA,2,2,3.937,0.475,99.91404164730385,PRESERVING,3.462,1,CONTINUE,
T0,0,4.355,RPRA,3,1,3.462,0.362,99.88995983826324,PRESERVING,3.1,0,TERMINAL_REACHED,
T0,0,4.356,RPRA,1,3,4.356,0.419,58.2695482715305,PRESERVING,3.937,2,CONTINUE,
T0,0,4.356,RPRA,2,2,3.937,0.475,99.91404164730385,PRESERVING,3.462,1,CONTINUE,
T0,0,4.356,RPRA,3,1,3.462,0.362,99.88995983826324,PRESERVING,3.1,0,TERMINAL_REACHED,
T0,0,4.357,RPRA,1,3,4.357,0.42,58.43940382742213,PRESERVING,3.937,2,CONTINUE,
T0,0,4.357,RPRA,2,2,3.937,0.475,99.91404164730385,PRESERVING,3.462,1,CONTINUE,
T0,0,4.357,RPRA,3,1,3.462,0.362,99.88995983826324,PRESERVING,3.1,0,TERMINAL_REACHED,
T0,0,4.358,RPRA,1,3,4.358,0.421,58.60936355916921,PRESERVING,3.937,2,CONTINUE,
T0,0,4.358,RPRA,2,2,3.937,0.475,99.91404164730385,PRESERVING,3.462,1,CONTINUE,
T0,0,4.358,RPRA,3,1,3.462,0.362,99.88995983826324,PRESERVING,3.1,0,TERMINAL_REACHED,
T0,0,4.359,RPRA,1,3,4.359,0.422,58.779427312581106,PRESERVING,3.937,2,CONTINUE,
T0,0,4.359,RPRA,2,2,3.937,0.475,99.91404164730385,PRESERVING,3.462,1,CONTINUE,
T0,0,4.359,RPRA,3,1,3.462,0.362,99.88995983826324,PRESERVING,3.1,0,TERMINAL_REACHED,
T0,0,4.36,RPRA,1,3,4.36,0.423,58.94959493399635,PRESERVING,3.937,2,CONTINUE,
T0,0,4.36,RPRA,2,2,3.937,0.475,99.91404164730385,PRESERVING,3.462,1,CONTINUE,
T0,0,4.36,RPRA,3,1,3.462,0.362,99.88995983826324,PRESERVING,3.1,0,TERMINAL_REACHED,
T0,0,4.361,RPRA,1,3,4.361,0.424,59.11986627027841,PRESERVING,3.937,2,CONTINUE,
T0,0,4.361,RPRA,2,2,3.937,0.475,99.91404164730385,PRESERVING,3.462,1,CONTINUE,
T0,0,4.361,RPRA,3,1,3.462,0.362,99.88995983826324,PRESERVING,3.1,0,TERMINAL_REACHED,
T0,0,4.362,RPRA,1,3,4.362,0.425,59.29024116881337,PRESERVING,3.937,2,CONTINUE,
T0,0,4.362,RPRA,2,2,3.937,0.475,99.91404164730385,PRESERVING,3.462,1,CONTINUE,
T0,0,4.362,RPRA,3,1,3.462,0.362,99.88995983826324,PRESERVING,3.1,0,TERMINAL_REACHED,
T0,0,4.363,RPRA,1,3,4.363,0.426,59.46071947750633,PRESERVING,3.937,2,CONTINUE,
T0,0,4.363,RPRA,2,2,3.937,0.475,99.91404164730385,PRESERVING,3.462,1,CONTINUE,
T0,0,4.363,RPRA,3,1,3.462,0.362,99.88995983826324,PRESERVING,3.1,0,TERMINAL_REACHED,
T0,0,4.364,RPRA,1,3,4.364,0.427,59.631301044778965,PRESERVING,3.937,2,CONTINUE,
T0,0,4.364,RPRA,2,2,3.937,0.475,99.91404164730385,PRESERVING,3.462,1,CONTINUE,
T0,0,4.364,RPRA,3,1,3.462,0.362,99.88995983826324,PRESERVING,3.1,0,TERMINAL_REACHED,
T0,0,4.365,RPRA,1,3,4.365,0.428,59.801985719565394,PRESERVING,3.937,2,CONTINUE,
T0,0,4.365,RPRA,2,2,3.937,0.475,99.91404164730385,PRESERVING,3.462,1,CONTINUE,
T0,0,4.365,RPRA,3,1,3.462,0.362,99.88995983826324,PRESERVING,3.1,0,TERMINAL_REACHED,
T0,0,4.366,RPRA,1,3,4.366,0.429,59.97277335131068,PRESERVING,3.937,2,CONTINUE,
T0,0,4.366,RPRA,2,2,3.937,0.475,99.91404164730385,PRESERVING,3.462,1,CONTINUE,
T0,0,4.366,RPRA,3,1,3.462,0.362,99.88995983826324,PRESERVING,3.1,0,TERMINAL_REACHED,
T0,0,4.367,RPRA,1,3,4.367,0.43,60.143663789966915,PRESERVING,3.937,2,CONTINUE,
T0,0,4.367,RPRA,2,2,3.937,0.475,99.91404164730385,PRESERVING,3.462,1,CONTINUE,
T0,0,4.367,RPRA,3,1,3.462,0.362,99.88995983826324,PRESERVING,3.1,0,TERMINAL_REACHED,
T0,0,4.368,RPRA,1,3,4.368,0.431,60.314656885990615,PRESERVING,3.937,2,CONTINUE,
T0,0,4.368,RPRA,2,2,3.937,0.475,99.91404164730385,PRESERVING,3.462,1,CONTINUE,
T0,0,4.368,RPRA,3,1,3.462,0.362,99.88995983826324,PRESERVING,3.1,0,TERMINAL_REACHED,
T0,0,4.369,RPRA,1,3,4.369,0.432,60.48575249033971,PRESERVING,3.937,2,CONTINUE,
T0,0,4.369,RPRA,2,2,3.937,0.475,99.91404164730385,PRESERVING,3.462,1,CONTINUE,
T0,0,4.369,RPRA,3,1,3.462,0.362,99.88995983826324,PRESERVING,3.1,0,TERMINAL_REACHED,
T0,0,4.37,RPRA,1,3,4.37,0.433,60.6569504544708,PRESERVING,3.937,2,CONTINUE,
T0,0,4.37,RPRA,2,2,3.937,0.475,99.91404164730385,PRESERVING,3.462,1,CONTINUE,
T0,0,4.37,RPRA,3,1,3.462,0.362,99.88995983826324,PRESERVING,3.1,0,TERMINAL_REACHED,
T0,0,4.371,RPRA,1,3,4.371,0.434,60.82825063033564,PRESERVING,3.937,2,CONTINUE,
T0,0,4.371,RPRA,2,2,3.937,0.475,99.91404164730385,PRESERVING,3.462,1,CONTINUE,
T0,0,4.371,RPRA,3,1,3.462,0.362,99.88995983826324,PRESERVING,3.1,0,TERMINAL_REACHED,
T0,0,4.372,RPRA,1,3,4.372,0.435,60.99965287037934,PRESERVING,3.937,2,CONTINUE,
T0,0,4.372,RPRA,2,2,3.937,0.475,99.91404164730385,PRESERVING,3.462,1,CONTINUE,
T0,0,4.372,RPRA,3,1,3.462,0.362,99.88995983826324,PRESERVING,3.1,0,TERMINAL_REACHED,
T0,0,4.373,RPRA,1,3,4.373,0.436,61.171157027537035,PRESERVING,3.937,2,CONTINUE,
T0,0,4.373,RPRA,2,2,3.937,0.475,99.91404164730385,PRESERVING,3.462,1,CONTINUE,
T0,0,4.373,RPRA,3,1,3.462,0.362,99.88995983826324,PRESERVING,3.1,0,TERMINAL_REACHED,
T0,0,4.374,RPRA,1,3,4.374,0.437,61.34276295523092,PRESERVING,3.937,2,CONTINUE,
T0,0,4.374,RPRA,2,2,3.937,0.475,99.91404164730385,PRESERVING,3.462,1,CONTINUE,
T0,0,4.374,RPRA,3,1,3.462,0.362,99.88995983826324,PRESERVING,3.1,0,TERMINAL_REACHED,
T0,0,4.375,RPRA,1,3,4.375,0.438,61.51447050736772,PRESERVING,3.937,2,CONTINUE,
T0,0,4.375,RPRA,2,2,3.937,0.475,99.91404164730385,PRESERVING,3.462,1,CONTINUE,
T0,0,4.375,RPRA,3,1,3.462,0.362,99.88995983826324,PRESERVING,3.1,0,TERMINAL_REACHED,
T0,0,4.376,RPRA,1,3,4.376,0.439,61.68627953833612,PRESERVING,3.937,2,CONTINUE,
T0,0,4.376,RPRA,2,2,3.937,0.475,99.91404164730385,PRESERVING,3.462,1,CONTINUE,
T0,0,4.376,RPRA,3,1,3.462,0.362,99.88995983826324,PRESERVING,3.1,0,TERMINAL_REACHED,
T0,0,4.377,RPRA,1,3,4.377,0.44,61.8581899030031,PRESERVING,3.937,2,CONTINUE,
T0,0,4.377,RPRA,2,2,3.937,0.475,99.91404164730385,PRESERVING,3.462,1,CONTINUE,
T0,0,4.377,RPRA,3,1,3.462,0.362,99.88995983826324,PRESERVING,3.1,0,TERMINAL_REACHED,
T0,0,4.378,RPRA,1,3,4.378,0.441,62.030201456712646,PRESERVING,3.937,2,CONTINUE,
T0,0,4.378,RPRA,2,2,3.937,0.475,99.91404164730385,PRESERVING,3.462,1,CONTINUE,
T0,0,4.378,RPRA,3,1,3.462,0.362,99.88995983826324,PRESERVING,3.1,0,TERMINAL_REACHED,
T0,0,4.379,RPRA,1,3,4.379,0.442,62.20231405528202,PRESERVING,3.937,2,CONTINUE,
T0,0,4.379,RPRA,2,2,3.937,0.475,99.91404164730385,PRESERVING,3.462,1,CONTINUE,
T0,0,4.379,RPRA,3,1,3.462,0.362,99.88995983826324,PRESERVING,3.1,0,TERMINAL_REACHED,
T0,0,4.38,RPRA,1,3,4.38,0.443,62.374527554999446,PRESERVING,3.937,2,CONTINUE,
T0,0,4.38,RPRA,2,2,3.937,0.475,99.91404164730385,PRESERVING,3.462,1,CONTINUE,
T0,0,4.38,RPRA,3,1,3.462,0.362,99.88995983826324,PRESERVING,3.1,0,TERMINAL_REACHED,
T0,0,4.381,RPRA,1,3,4.381,0.444,62.54684181262163,PRESERVING,3.937,2,CONTINUE,
T0,0,4.381,RPRA,2,2,3.937,0.475,99.91404164730385,PRESERVING,3.462,1,CONTINUE,
T0,0,4.381,RPRA,3,1,3.462,0.362,99.88995983826324,PRESERVING,3.1,0,TERMINAL_REACHED,
T0,0,4.382,RPRA,1,3,4.382,0.445,62.7192566853709,PRESERVING,3.937,2,CONTINUE,
T0,0,4.382,RPRA,2,2,3.937,0.475,99.91404164730385,PRESERVING,3.462,1,CONTINUE,
T0,0,4.382,RPRA,3,1,3.462,0.362,99.88995983826324,PRESERVING,3.1,0,TERMINAL_REACHED,
T0,0,4.383,RPRA,1,3,4.383,0.446,62.89177203093203,PRESERVING,3.937,2,CONTINUE,
T0,0,4.383,RPRA,2,2,3.937,0.475,99.91404164730385,PRESERVING,3.462,1,CONTINUE,
T0,0,4.383,RPRA,3,1,3.462,0.362,99.88995983826324,PRESERVING,3.1,0,TERMINAL_REACHED,
T0,0,4.384,RPRA,1,3,4.384,0.447,63.06438770745129,PRESERVING,3.937,2,CONTINUE,
T0,0,4.384,RPRA,2,2,3.937,0.475,99.91404164730385,PRESERVING,3.462,1,CONTINUE,
T0,0,4.384,RPRA,3,1,3.462,0.362,99.88995983826324,PRESERVING,3.1,0,TERMINAL_REACHED,
T0,0,4.385,RPRA,1,3,4.385,0.448,63.23710357353214,PRESERVING,3.937,2,CONTINUE,
T0,0,4.385,RPRA,2,2,3.937,0.475,99.91404164730385,PRESERVING,3.462,1,CONTINUE,
T0,0,4.385,RPRA,3,1,3.462,0.362,99.88995983826324,PRESERVING,3.1,0,TERMINAL_REACHED,
T0,0,4.386,RPRA,1,3,4.386,0.449,63.409919488233896,PRESERVING,3.937,2,CONTINUE,
T0,0,4.386,RPRA,2,2,3.937,0.475,99.91404164730385,PRESERVING,3.462,1,CONTINUE,
T0,0,4.386,RPRA,3,1,3.462,0.362,99.88995983826324,PRESERVING,3.1,0,TERMINAL_REACHED,
T0,0,4.387,RPRA,1,3,4.387,0.45,63.582835311068465,PRESERVING,3.937,2,CONTINUE,
T0,0,4.387,RPRA,2,2,3.937,0.475,99.91404164730385,PRESERVING,3.462,1,CONTINUE,
T0,0,4.387,RPRA,3,1,3.462,0.362,99.88995983826324,PRESERVING,3.1,0,TERMINAL_REACHED,
T0,0,4.388,RPRA,1,3,4.388,0.451,63.75585090199845,PRESERVING,3.937,2,CONTINUE,
T0,0,4.388,RPRA,2,2,3.937,0.475,99.91404164730385,PRESERVING,3.462,1,CONTINUE,
T0,0,4.388,RPRA,3,1,3.462,0.362,99.88995983826324,PRESERVING,3.1,0,TERMINAL_REACHED,
T0,0,4.389,RPRA,1,3,4.389,0.452,63.92896612143363,PRESERVING,3.937,2,CONTINUE,
T0,0,4.389,RPRA,2,2,3.937,0.475,99.91404164730385,PRESERVING,3.462,1,CONTINUE,
T0,0,4.389,RPRA,3,1,3.462,0.362,99.88995983826324,PRESERVING,3.1,0,TERMINAL_REACHED,
T0,0,4.39,RPRA,1,3,4.39,0.453,64.10218083023004,PRESERVING,3.937,2,CONTINUE,
T0,0,4.39,RPRA,2,2,3.937,0.475,99.91404164730385,PRESERVING,3.462,1,CONTINUE,
T0,0,4.39,RPRA,3,1,3.462,0.362,99.88995983826324,PRESERVING,3.1,0,TERMINAL_REACHED,
T0,0,4.391,RPRA,1,3,4.391,0.454,64.27549488968609,PRESERVING,3.937,2,CONTINUE,
T0,0,4.391,RPRA,2,2,3.937,0.475,99.91404164730385,PRESERVING,3.462,1,CONTINUE,
T0,0,4.391,RPRA,3,1,3.462,0.362,99.88995983826324,PRESERVING,3.1,0,TERMINAL_REACHED,
T0,0,4.392,RPRA,1,3,4.392,0.455,64.44890816154124,PRESERVING,3.937,2,CONTINUE,
T0,0,4.392,RPRA,2,2,3.937,0.475,99.91404164730385,PRESERVING,3.462,1,CONTINUE,
T0,0,4.392,RPRA,3,1,3.462,0.362,99.88995983826324,PRESERVING,3.1,0,TERMINAL_REACHED,
T0,0,4.393,RPRA,1,3,4.393,0.456,64.62242050797275,PRESERVING,3.937,2,CONTINUE,
T0,0,4.393,RPRA,2,2,3.937,0.475,99.91404164730385,PRESERVING,3.462,1,CONTINUE,
T0,0,4.393,RPRA,3,1,3.462,0.362,99.88995983826324,PRESERVING,3.1,0,TERMINAL_REACHED,
T0,0,4.394,RPRA,1,3,4.394,0.457,64.79603179159405,PRESERVING,3.937,2,CONTINUE,
T0,0,4.394,RPRA,2,2,3.937,0.475,99.91404164730385,PRESERVING,3.462,1,CONTINUE,
T0,0,4.394,RPRA,3,1,3.462,0.362,99.88995983826324,PRESERVING,3.1,0,TERMINAL_REACHED,
T0,0,4.395,RPRA,1,3,4.395,0.458,64.96974187545112,PRESERVING,3.937,2,CONTINUE,
T0,0,4.395,RPRA,2,2,3.937,0.475,99.91404164730385,PRESERVING,3.462,1,CONTINUE,
T0,0,4.395,RPRA,3,1,3.462,0.362,99.88995983826324,PRESERVING,3.1,0,TERMINAL_REACHED,
T0,0,4.396,RPRA,1,3,4.396,0.459,65.14355062302187,PRESERVING,3.937,2,CONTINUE,
T0,0,4.396,RPRA,2,2,3.937,0.475,99.91404164730385,PRESERVING,3.462,1,CONTINUE,
T0,0,4.396,RPRA,3,1,3.462,0.362,99.88995983826324,PRESERVING,3.1,0,TERMINAL_REACHED,
T0,0,4.397,RPRA,1,3,4.397,0.46,65.31745789821242,PRESERVING,3.937,2,CONTINUE,
T0,0,4.397,RPRA,2,2,3.937,0.475,99.91404164730385,PRESERVING,3.462,1,CONTINUE,
T0,0,4.397,RPRA,3,1,3.462,0.362,99.88995983826324,PRESERVING,3.1,0,TERMINAL_REACHED,
T0,0,4.398,RPRA,1,3,4.398,0.461,65.49146356535569,PRESERVING,3.937,2,CONTINUE,
T0,0,4.398,RPRA,2,2,3.937,0.475,99.91404164730385,PRESERVING,3.462,1,CONTINUE,
T0,0,4.398,RPRA,3,1,3.462,0.362,99.88995983826324,PRESERVING,3.1,0,TERMINAL_REACHED,
T0,0,4.399,RPRA,1,3,4.399,0.462,65.6655674892083,PRESERVING,3.937,2,CONTINUE,
T0,0,4.399,RPRA,2,2,3.937,0.475,99.91404164730385,PRESERVING,3.462,1,CONTINUE,
T0,0,4.399,RPRA,3,1,3.462,0.362,99.88995983826324,PRESERVING,3.1,0,TERMINAL_REACHED,
T0,0,4.4,RPRA,1,3,4.4,0.463,65.83976953494917,PRESERVING,3.937,2,CONTINUE,
T0,0,4.4,RPRA,2,2,3.937,0.475,99.91404164730385,PRESERVING,3.462,1,CONTINUE,
T0,0,4.4,RPRA,3,1,3.462,0.362,99.88995983826324,PRESERVING,3.1,0,TERMINAL_REACHED,
T0,0,4.401,RPRA,1,3,4.401,0.464,66.01406956817586,PRESERVING,3.937,2,CONTINUE,
T0,0,4.401,RPRA,2,2,3.937,0.475,99.91404164730385,PRESERVING,3.462,1,CONTINUE,
T0,0,4.401,RPRA,3,1,3.462,0.362,99.88995983826324,PRESERVING,3.1,0,TERMINAL_REACHED,
T0,0,4.402,RPRA,1,3,4.402,0.465,66.18846745490411,PRESERVING,3.937,2,CONTINUE,
T0,0,4.402,RPRA,2,2,3.937,0.475,99.91404164730385,PRESERVING,3.462,1,CONTINUE,
T0,0,4.402,RPRA,3,1,3.462,0.362,99.88995983826324,PRESERVING,3.1,0,TERMINAL_REACHED,
T0,0,4.403,RPRA,1,3,4.403,0.466,66.36296306156447,PRESERVING,3.937,2,CONTINUE,
T0,0,4.403,RPRA,2,2,3.937,0.475,99.91404164730385,PRESERVING,3.462,1,CONTINUE,
T0,0,4.403,RPRA,3,1,3.462,0.362,99.88995983826324,PRESERVING,3.1,0,TERMINAL_REACHED,
T0,0,4.404,RPRA,1,3,4.404,0.467,66.53755625500033,PRESERVING,3.937,2,CONTINUE,
T0,0,4.404,RPRA,2,2,3.937,0.475,99.91404164730385,PRESERVING,3.462,1,CONTINUE,
T0,0,4.404,RPRA,3,1,3.462,0.362,99.88995983826324,PRESERVING,3.1,0,TERMINAL_REACHED,
T0,0,4.405,RPRA,1,3,4.405,0.468,66.71224690246572,PRESERVING,3.937,2,CONTINUE,
T0,0,4.405,RPRA,2,2,3.937,0.475,99.91404164730385,PRESERVING,3.462,1,CONTINUE,
T0,0,4.405,RPRA,3,1,3.462,0.362,99.88995983826324,PRESERVING,3.1,0,TERMINAL_REACHED,
T0,0,4.406,RPRA,1,3,4.406,0.469,66.8870348716235,PRESERVING,3.937,2,CONTINUE,
T0,0,4.406,RPRA,2,2,3.937,0.475,99.91404164730385,PRESERVING,3.462,1,CONTINUE,
T0,0,4.406,RPRA,3,1,3.462,0.362,99.88995983826324,PRESERVING,3.1,0,TERMINAL_REACHED,
T0,0,4.407,RPRA,1,3,4.407,0.47,67.06192003054181,PRESERVING,3.937,2,CONTINUE,
T0,0,4.407,RPRA,2,2,3.937,0.475,99.91404164730385,PRESERVING,3.462,1,CONTINUE,
T0,0,4.407,RPRA,3,1,3.462,0.362,99.88995983826324,PRESERVING,3.1,0,TERMINAL_REACHED,
T0,0,4.408,RPRA,1,3,4.408,0.471,67.2369022476942,PRESERVING,3.937,2,CONTINUE,
T0,0,4.408,RPRA,2,2,3.937,0.475,99.91404164730385,PRESERVING,3.462,1,CONTINUE,
T0,0,4.408,RPRA,3,1,3.462,0.362,99.88995983826324,PRESERVING,3.1,0,TERMINAL_REACHED,
T0,0,4.409,RPRA,1,3,4.409,0.472,67.41198139195559,PRESERVING,3.937,2,CONTINUE,
T0,0,4.409,RPRA,2,2,3.937,0.475,99.91404164730385,PRESERVING,3.462,1,CONTINUE,
T0,0,4.409,RPRA,3,1,3.462,0.362,99.88995983826324,PRESERVING,3.1,0,TERMINAL_REACHED,
T0,0,4.41,RPRA,1,3,4.41,0.473,67.58715733260098,PRESERVING,3.937,2,CONTINUE,
T0,0,4.41,RPRA,2,2,3.937,0.475,99.91404164730385,PRESERVING,3.462,1,CONTINUE,
T0,0,4.41,RPRA,3,1,3.462,0.362,99.88995983826324,PRESERVING,3.1,0,TERMINAL_REACHED,
T0,0,4.411,RPRA,1,3,4.411,0.474,67.76242993930329,PRESERVING,3.937,2,CONTINUE,
T0,0,4.411,RPRA,2,2,3.937,0.475,99.91404164730385,PRESERVING,3.462,1,CONTINUE,
T0,0,4.411,RPRA,3,1,3.462,0.362,99.88995983826324,PRESERVING,3.1,0,TERMINAL_REACHED,
T0,0,4.412,RPRA,1,3,4.412,0.475,67.93779908213101,PRESERVING,3.937,2,CONTINUE,
T0,0,4.412,RPRA,2,2,3.937,0.475,99.91404164730385,PRESERVING,3.462,1,CONTINUE,
T0,0,4.412,RPRA,3,1,3.462,0.362,99.88995983826324,PRESERVING,3.1,0,TERMINAL_REACHED,
T0,0,4.413,RPRA,1,3,4.413,0.476,68.11326463154663,PRESERVING,3.937,2,CONTINUE,
T0,0,4.413,RPRA,2,2,3.937,0.475,99.91404164730385,PRESERVING,3.462,1,CONTINUE,
T0,0,4.413,RPRA,3,1,3.462,0.362,99.88995983826324,PRESERVING,3.1,0,TERMINAL_REACHED,
T0,0,4.414,RPRA,1,3,4.414,0.477,68.28882645840352,PRESERVING,3.937,2,CONTINUE,
T0,0,4.414,RPRA,2,2,3.937,0.475,99.91404164730385,PRESERVING,3.462,1,CONTINUE,
T0,0,4.414,RPRA,3,1,3.462,0.362,99.88995983826324,PRESERVING,3.1,0,TERMINAL_REACHED,
T0,0,4.415,RPRA,1,3,4.415,0.478,68.46448443394532,PRESERVING,3.937,2,CONTINUE,
T0,0,4.415,RPRA,2,2,3.937,0.475,99.91404164730385,PRESERVING,3.462,1,CONTINUE,
T0,0,4.415,RPRA,3,1,3.462,0.362,99.88995983826324,PRESERVING,3.1,0,TERMINAL_REACHED,
T0,0,4.416,RPRA,1,3,4.416,0.479,68.64023842980316,PRESERVING,3.937,2,CONTINUE,
T0,0,4.416,RPRA,2,2,3.937,0.475,99.91404164730385,PRESERVING,3.462,1,CONTINUE,
T0,0,4.416,RPRA,3,1,3.462,0.362,99.88995983826324,PRESERVING,3.1,0,TERMINAL_REACHED,
T0,0,4.417,RPRA,1,3,4.417,0.48,68.81608831799328,PRESERVING,3.937,2,CONTINUE,
T0,0,4.417,RPRA,2,2,3.937,0.475,99.91404164730385,PRESERVING,3.462,1,CONTINUE,
T0,0,4.417,RPRA,3,1,3.462,0.362,99.88995983826324,PRESERVING,3.1,0,TERMINAL_REACHED,
T0,0,4.418,RPRA,1,3,4.418,0.481,68.99203397091617,PRESERVING,3.937,2,CONTINUE,
T0,0,4.418,RPRA,2,2,3.937,0.475,99.91404164730385,PRESERVING,3.462,1,CONTINUE,
T0,0,4.418,RPRA,3,1,3.462,0.362,99.88995983826324,PRESERVING,3.1,0,TERMINAL_REACHED,
T0,0,4.419,RPRA,1,3,4.419,0.482,69.16807526135294,PRESERVING,3.937,2,CONTINUE,
T0,0,4.419,RPRA,2,2,3.937,0.475,99.91404164730385,PRESERVING,3.462,1,CONTINUE,
T0,0,4.419,RPRA,3,1,3.462,0.362,99.88995983826324,PRESERVING,3.1,0,TERMINAL_REACHED,
T0,0,4.42,RPRA,1,3,4.42,0.483,69.34421206246495,PRESERVING,3.937,2,CONTINUE,
T0,0,4.42,RPRA,2,2,3.937,0.475,99.91404164730385,PRESERVING,3.462,1,CONTINUE,
T0,0,4.42,RPRA,3,1,3.462,0.362,99.88995983826324,PRESERVING,3.1,0,TERMINAL_REACHED,
T0,0,4.421,RPRA,1,3,4.421,0.484,69.52044424779127,PRESERVING,3.937,2,CONTINUE,
T0,0,4.421,RPRA,2,2,3.937,0.475,99.91404164730385,PRESERVING,3.462,1,CONTINUE,
T0,0,4.421,RPRA,3,1,3.462,0.362,99.88995983826324,PRESERVING,3.1,0,TERMINAL_REACHED,
T0,0,4.422,RPRA,1,3,4.422,0.485,69.69677169124638,PRESERVING,3.937,2,CONTINUE,
T0,0,4.422,RPRA,2,2,3.937,0.475,99.91404164730385,PRESERVING,3.462,1,CONTINUE,
T0,0,4.422,RPRA,3,1,3.462,0.362,99.88995983826324,PRESERVING,3.1,0,TERMINAL_REACHED,
T0,0,4.423,RPRA,1,3,4.423,0.486,69.87319426711854,PRESERVING,3.937,2,CONTINUE,
T0,0,4.423,RPRA,2,2,3.937,0.475,99.91404164730385,PRESERVING,3.462,1,CONTINUE,
T0,0,4.423,RPRA,3,1,3.462,0.362,99.88995983826324,PRESERVING,3.1,0,TERMINAL_REACHED,
T0,0,4.424,RPRA,1,3,4.424,0.487,70.04971185006823,PRESERVING,3.937,2,CONTINUE,
T0,0,4.424,RPRA,2,2,3.937,0.475,99.91404164730385,PRESERVING,3.462,1,CONTINUE,
T0,0,4.424,RPRA,3,1,3.462,0.362,99.88995983826324,PRESERVING,3.1,0,TERMINAL_REACHED,
T0,0,4.425,RPRA,1,3,4.425,0.488,70.22632431512572,PRESERVING,3.937,2,CONTINUE,
T0,0,4.425,RPRA,2,2,3.937,0.475,99.91404164730385,PRESERVING,3.462,1,CONTINUE,
T0,0,4.425,RPRA,3,1,3.462,0.362,99.88995983826324,PRESERVING,3.1,0,TERMINAL_REACHED,
T0,0,4.426,RPRA,1,3,4.426,0.489,70.40303153768883,PRESERVING,3.937,2,CONTINUE,
T0,0,4.426,RPRA,2,2,3.937,0.475,99.91404164730385,PRESERVING,3.462,1,CONTINUE,
T0,0,4.426,RPRA,3,1,3.462,0.362,99.88995983826324,PRESERVING,3.1,0,TERMINAL_REACHED,
T0,0,4.427,RPRA,1,3,4.427,0.49,70.57983339352239,PRESERVING,3.937,2,CONTINUE,
T0,0,4.427,RPRA,2,2,3.937,0.475,99.91404164730385,PRESERVING,3.462,1,CONTINUE,
T0,0,4.427,RPRA,3,1,3.462,0.362,99.88995983826324,PRESERVING,3.1,0,TERMINAL_REACHED,
T0,0,4.428,RPRA,1,3,4.428,0.491,70.75672975875528,PRESERVING,3.937,2,CONTINUE,
T0,0,4.428,RPRA,2,2,3.937,0.475,99.91404164730385,PRESERVING,3.462,1,CONTINUE,
T0,0,4.428,RPRA,3,1,3.462,0.362,99.88995983826324,PRESERVING,3.1,0,TERMINAL_REACHED,
T0,0,4.429,RPRA,1,3,4.429,0.492,70.93372050987885,PRESERVING,3.937,2,CONTINUE,
T0,0,4.429,RPRA,2,2,3.937,0.475,99.91404164730385,PRESERVING,3.462,1,CONTINUE,
T0,0,4.429,RPRA,3,1,3.462,0.362,99.88995983826324,PRESERVING,3.1,0,TERMINAL_REACHED,
T0,0,4.43,RPRA,1,3,4.43,0.493,71.11080552374565,PRESERVING,3.937,2,CONTINUE,
T0,0,4.43,RPRA,2,2,3.937,0.475,99.91404164730385,PRESERVING,3.462,1,CONTINUE,
T0,0,4.43,RPRA,3,1,3.462,0.362,99.88995983826324,PRESERVING,3.1,0,TERMINAL_REACHED,
T0,0,4.431,RPRA,1,3,4.431,0.494,71.28798467756593,PRESERVING,3.937,2,CONTINUE,
T0,0,4.431,RPRA,2,2,3.937,0.475,99.91404164730385,PRESERVING,3.462,1,CONTINUE,
T0,0,4.431,RPRA,3,1,3.462,0.362,99.88995983826324,PRESERVING,3.1,0,TERMINAL_REACHED,
T0,0,4.432,RPRA,1,3,4.432,0.495,71.46525784890817,PRESERVING,3.937,2,CONTINUE,
T0,0,4.432,RPRA,2,2,3.937,0.475,99.91404164730385,PRESERVING,3.462,1,CONTINUE,
T0,0,4.432,RPRA,3,1,3.462,0.362,99.88995983826324,PRESERVING,3.1,0,TERMINAL_REACHED,
T0,0,4.433,RPRA,1,3,4.433,0.496,71.64262491569566,PRESERVING,3.937,2,CONTINUE,
T0,0,4.433,RPRA,2,2,3.937,0.475,99.91404164730385,PRESERVING,3.462,1,CONTINUE,
T0,0,4.433,RPRA,3,1,3.462,0.362,99.88995983826324,PRESERVING,3.1,0,TERMINAL_REACHED,
T0,0,4.434,RPRA,1,3,4.434,0.497,71.82008575620523,PRESERVING,3.937,2,CONTINUE,
T0,0,4.434,RPRA,2,2,3.937,0.475,99.91404164730385,PRESERVING,3.462,1,CONTINUE,
T0,0,4.434,RPRA,3,1,3.462,0.362,99.88995983826324,PRESERVING,3.1,0,TERMINAL_REACHED,
T0,0,4.435,RPRA,1,3,4.435,0.498,71.9976402490655,PRESERVING,3.937,2,CONTINUE,
T0,0,4.435,RPRA,2,2,3.937,0.475,99.91404164730385,PRESERVING,3.462,1,CONTINUE,
T0,0,4.435,RPRA,3,1,3.462,0.362,99.88995983826324,PRESERVING,3.1,0,TERMINAL_REACHED,
T0,0,4.436,RPRA,1,3,4.436,0.499,72.17528827325498,PRESERVING,3.937,2,CONTINUE,
T0,0,4.436,RPRA,2,2,3.937,0.475,99.91404164730385,PRESERVING,3.462,1,CONTINUE,
T0,0,4.436,RPRA,3,1,3.462,0.362,99.88995983826324,PRESERVING,3.1,0,TERMINAL_REACHED,
T0,0,4.437,RPRA,1,3,4.437,0.5,72.35302970810072,PRESERVING,3.937,2,CONTINUE,
T0,0,4.437,RPRA,2,2,3.937,0.475,99.91404164730385,PRESERVING,3.462,1,CONTINUE,
T0,0,4.437,RPRA,3,1,3.462,0.362,99.88995983826324,PRESERVING,3.1,0,TERMINAL_REACHED,
T0,0,4.438,RPRA,1,3,4.438,0.501,72.53086443327551,PRESERVING,3.937,2,CONTINUE,
T0,0,4.438,RPRA,2,2,3.937,0.475,99.91404164730385,PRESERVING,3.462,1,CONTINUE,
T0,0,4.438,RPRA,3,1,3.462,0.362,99.88995983826324,PRESERVING,3.1,0,TERMINAL_REACHED,
T0,0,4.439,RPRA,1,3,4.439,0.502,72.70879232879778,PRESERVING,3.937,2,CONTINUE,
T0,0,4.439,RPRA,2,2,3.937,0.475,99.91404164730385,PRESERVING,3.462,1,CONTINUE,
T0,0,4.439,RPRA,3,1,3.462,0.362,99.88995983826324,PRESERVING,3.1,0,TERMINAL_REACHED,
T0,0,4.44,RPRA,1,3,4.44,0.503,72.88681327502869,PRESERVING,3.937,2,CONTINUE,
T0,0,4.44,RPRA,2,2,3.937,0.475,99.91404164730385,PRESERVING,3.462,1,CONTINUE,
T0,0,4.44,RPRA,3,1,3.462,0.362,99.88995983826324,PRESERVING,3.1,0,TERMINAL_REACHED,
T0,0,4.441,RPRA,1,3,4.441,0.504,73.06492715267073,PRESERVING,3.937,2,CONTINUE,
T0,0,4.441,RPRA,2,2,3.937,0.475,99.91404164730385,PRESERVING,3.462,1,CONTINUE,
T0,0,4.441,RPRA,3,1,3.462,0.362,99.88995983826324,PRESERVING,3.1,0,TERMINAL_REACHED,
T0,0,4.442,RPRA,1,3,4.442,0.505,73.24313384276653,PRESERVING,3.937,2,CONTINUE,
T0,0,4.442,RPRA,2,2,3.937,0.475,99.91404164730385,PRESERVING,3.462,1,CONTINUE,
T0,0,4.442,RPRA,3,1,3.462,0.362,99.88995983826324,PRESERVING,3.1,0,TERMINAL_REACHED,
T0,0,4.443,RPRA,1,3,4.443,0.506,73.42143322669587,PRESERVING,3.937,2,CONTINUE,
T0,0,4.443,RPRA,2,2,3.937,0.475,99.91404164730385,PRESERVING,3.462,1,CONTINUE,
T0,0,4.443,RPRA,3,1,3.462,0.362,99.88995983826324,PRESERVING,3.1,0,TERMINAL_REACHED,
T0,0,4.444,RPRA,1,3,4.444,0.507,73.59982518617569,PRESERVING,3.937,2,CONTINUE,
T0,0,4.444,RPRA,2,2,3.937,0.475,99.91404164730385,PRESERVING,3.462,1,CONTINUE,
T0,0,4.444,RPRA,3,1,3.462,0.362,99.88995983826324,PRESERVING,3.1,0,TERMINAL_REACHED,
T0,0,4.445,RPRA,1,3,4.445,0.508,73.77830960325744,PRESERVING,3.937,2,CONTINUE,
T0,0,4.445,RPRA,2,2,3.937,0.475,99.91404164730385,PRESERVING,3.462,1,CONTINUE,
T0,0,4.445,RPRA,3,1,3.462,0.362,99.88995983826324,PRESERVING,3.1,0,TERMINAL_REACHED,
T0,0,4.446,RPRA,1,3,4.446,0.509,73.95688636032565,PRESERVING,3.937,2,CONTINUE,
T0,0,4.446,RPRA,2,2,3.937,0.475,99.91404164730385,PRESERVING,3.462,1,CONTINUE,
T0,0,4.446,RPRA,3,1,3.462,0.362,99.88995983826324,PRESERVING,3.1,0,TERMINAL_REACHED,
T0,0,4.447,RPRA,1,3,4.447,0.51,74.13555534009637,PRESERVING,3.937,2,CONTINUE,
T0,0,4.447,RPRA,2,2,3.937,0.475,99.91404164730385,PRESERVING,3.462,1,CONTINUE,
T0,0,4.447,RPRA,3,1,3.462,0.362,99.88995983826324,PRESERVING,3.1,0,TERMINAL_REACHED,
T0,0,4.448,RPRA,1,3,4.448,0.511,74.31431642561535,PRESERVING,3.937,2,CONTINUE,
T0,0,4.448,RPRA,2,2,3.937,0.475,99.91404164730385,PRESERVING,3.462,1,CONTINUE,
T0,0,4.448,RPRA,3,1,3.462,0.362,99.88995983826324,PRESERVING,3.1,0,TERMINAL_REACHED,
T0,0,4.449,RPRA,1,3,4.449,0.512,74.49316950025707,PRESERVING,3.937,2,CONTINUE,
T0,0,4.449,RPRA,2,2,3.937,0.475,99.91404164730385,PRESERVING,3.462,1,CONTINUE,
T0,0,4.449,RPRA,3,1,3.462,0.362,99.88995983826324,PRESERVING,3.1,0,TERMINAL_REACHED,
T0,0,4.45,RPRA,1,3,4.45,0.513,74.67211444772173,PRESERVING,3.937,2,CONTINUE,
T0,0,4.45,RPRA,2,2,3.937,0.475,99.91404164730385,PRESERVING,3.462,1,CONTINUE,
T0,0,4.45,RPRA,3,1,3.462,0.362,99.88995983826324,PRESERVING,3.1,0,TERMINAL_REACHED,
T0,0,4.451,RPRA,1,3,4.451,0.514,74.85115115203553,PRESERVING,3.937,2,CONTINUE,
T0,0,4.451,RPRA,2,2,3.937,0.475,99.91404164730385,PRESERVING,3.462,1,CONTINUE,
T0,0,4.451,RPRA,3,1,3.462,0.362,99.88995983826324,PRESERVING,3.1,0,TERMINAL_REACHED,
T0,0,4.452,RPRA,1,3,4.452,0.515,75.03027949754768,PRESERVING,3.937,2,CONTINUE,
T0,0,4.452,RPRA,2,2,3.937,0.475,99.91404164730385,PRESERVING,3.462,1,CONTINUE,
T0,0,4.452,RPRA,3,1,3.462,0.362,99.88995983826324,PRESERVING,3.1,0,TERMINAL_REACHED,
T0,0,4.453,RPRA,1,3,4.453,0.516,75.20949936892963,PRESERVING,3.937,2,CONTINUE,
T0,0,4.453,RPRA,2,2,3.937,0.475,99.91404164730385,PRESERVING,3.462,1,CONTINUE,
T0,0,4.453,RPRA,3,1,3.462,0.362,99.88995983826324,PRESERVING,3.1,0,TERMINAL_REACHED,
T0,0,4.454,RPRA,1,3,4.454,0.517,75.38881065117336,PRESERVING,3.937,2,CONTINUE,
T0,0,4.454,RPRA,2,2,3.937,0.475,99.91404164730385,PRESERVING,3.462,1,CONTINUE,
T0,0,4.454,RPRA,3,1,3.462,0.362,99.88995983826324,PRESERVING,3.1,0,TERMINAL_REACHED,
T0,0,4.455,RPRA,1,3,4.455,0.518,75.56821322958875,PRESERVING,3.937,2,CONTINUE,
T0,0,4.455,RPRA,2,2,3.937,0.475,99.91404164730385,PRESERVING,3.462,1,CONTINUE,
T0,0,4.455,RPRA,3,1,3.462,0.362,99.88995983826324,PRESERVING,3.1,0,TERMINAL_REACHED,
T0,0,4.456,RPRA,1,3,4.456,0.519,75.74770698980423,PRESERVING,3.937,2,CONTINUE,
T0,0,4.456,RPRA,2,2,3.937,0.475,99.91404164730385,PRESERVING,3.462,1,CONTINUE,
T0,0,4.456,RPRA,3,1,3.462,0.362,99.88995983826324,PRESERVING,3.1,0,TERMINAL_REACHED,
T0,0,4.457,RPRA,1,3,4.457,0.52,75.92729181776332,PRESERVING,3.937,2,CONTINUE,
T0,0,4.457,RPRA,2,2,3.937,0.475,99.91404164730385,PRESERVING,3.462,1,CONTINUE,
T0,0,4.457,RPRA,3,1,3.462,0.362,99.88995983826324,PRESERVING,3.1,0,TERMINAL_REACHED,
T0,0,4.458,RPRA,1,3,4.458,0.521,76.10696759972423,PRESERVING,3.937,2,CONTINUE,
T0,0,4.458,RPRA,2,2,3.937,0.475,99.91404164730385,PRESERVING,3.462,1,CONTINUE,
T0,0,4.458,RPRA,3,1,3.462,0.362,99.88995983826324,PRESERVING,3.1,0,TERMINAL_REACHED,
T0,0,4.459,RPRA,1,3,4.459,0.522,76.28673422225766,PRESERVING,3.937,2,CONTINUE,
T0,0,4.459,RPRA,2,2,3.937,0.475,99.91404164730385,PRESERVING,3.462,1,CONTINUE,
T0,0,4.459,RPRA,3,1,3.462,0.362,99.88995983826324,PRESERVING,3.1,0,TERMINAL_REACHED,
T0,0,4.46,RPRA,1,3,4.46,0.523,76.4665915722459,PRESERVING,3.937,2,CONTINUE,
T0,0,4.46,RPRA,2,2,3.937,0.475,99.91404164730385,PRESERVING,3.462,1,CONTINUE,
T0,0,4.46,RPRA,3,1,3.462,0.362,99.88995983826324,PRESERVING,3.1,0,TERMINAL_REACHED,
T0,0,4.461,RPRA,1,3,4.461,0.524,76.64653953688114,PRESERVING,3.937,2,CONTINUE,
T0,0,4.461,RPRA,2,2,3.937,0.475,99.91404164730385,PRESERVING,3.462,1,CONTINUE,
T0,0,4.461,RPRA,3,1,3.462,0.362,99.88995983826324,PRESERVING,3.1,0,TERMINAL_REACHED,
T0,0,4.462,RPRA,1,3,4.462,0.525,76.8265780036633,PRESERVING,3.937,2,CONTINUE,
T0,0,4.462,RPRA,2,2,3.937,0.475,99.91404164730385,PRESERVING,3.462,1,CONTINUE,
T0,0,4.462,RPRA,3,1,3.462,0.362,99.88995983826324,PRESERVING,3.1,0,TERMINAL_REACHED,
T0,0,4.463,RPRA,1,3,4.463,0.526,77.0067068604,PRESERVING,3.937,2,CONTINUE,
T0,0,4.463,RPRA,2,2,3.937,0.475,99.91404164730385,PRESERVING,3.462,1,CONTINUE,
T0,0,4.463,RPRA,3,1,3.462,0.362,99.88995983826324,PRESERVING,3.1,0,TERMINAL_REACHED,
T0,0,4.464,RPRA,1,3,4.464,0.527,77.18692599520384,PRESERVING,3.937,2,CONTINUE,
T0,0,4.464,RPRA,2,2,3.937,0.475,99.91404164730385,PRESERVING,3.462,1,CONTINUE,
T0,0,4.464,RPRA,3,1,3.462,0.362,99.88995983826324,PRESERVING,3.1,0,TERMINAL_REACHED,
T0,0,4.465,RPRA,1,3,4.465,0.528,77.36723529649178,PRESERVING,3.937,2,CONTINUE,
T0,0,4.465,RPRA,2,2,3.937,0.475,99.91404164730385,PRESERVING,3.462,1,CONTINUE,
T0,0,4.465,RPRA,3,1,3.462,0.362,99.88995983826324,PRESERVING,3.1,0,TERMINAL_REACHED,
T0,0,4.466,RPRA,1,3,4.466,0.529,77.54763465298348,PRESERVING,3.937,2,CONTINUE,
T0,0,4.466,RPRA,2,2,3.937,0.475,99.91404164730385,PRESERVING,3.462,1,CONTINUE,
T0,0,4.466,RPRA,3,1,3.462,0.362,99.88995983826324,PRESERVING,3.1,0,TERMINAL_REACHED,
T0,0,4.467,RPRA,1,3,4.467,0.53,77.72812395369895,PRESERVING,3.937,2,CONTINUE,
T0,0,4.467,RPRA,2,2,3.937,0.475,99.91404164730385,PRESERVING,3.462,1,CONTINUE,
T0,0,4.467,RPRA,3,1,3.462,0.362,99.88995983826324,PRESERVING,3.1,0,TERMINAL_REACHED,
T0,0,4.468,RPRA,1,3,4.468,0.531,77.90870308795876,PRESERVING,3.937,2,CONTINUE,
T0,0,4.468,RPRA,2,2,3.937,0.475,99.91404164730385,PRESERVING,3.462,1,CONTINUE,
T0,0,4.468,RPRA,3,1,3.462,0.362,99.88995983826324,PRESERVING,3.1,0,TERMINAL_REACHED,
T0,0,4.469,RPRA,1,3,4.469,0.532,78.0893719453818,PRESERVING,3.937,2,CONTINUE,
T0,0,4.469,RPRA,2,2,3.937,0.475,99.91404164730385,PRESERVING,3.462,1,CONTINUE,
T0,0,4.469,RPRA,3,1,3.462,0.362,99.88995983826324,PRESERVING,3.1,0,TERMINAL_REACHED,
T0,0,4.47,RPRA,1,3,4.47,0.533,78.27013041588366,PRESERVING,3.937,2,CONTINUE,
T0,0,4.47,RPRA,2,2,3.937,0.475,99.91404164730385,PRESERVING,3.462,1,CONTINUE,
T0,0,4.47,RPRA,3,1,3.462,0.362,99.88995983826324,PRESERVING,3.1,0,TERMINAL_REACHED,
T0,0,4.471,RPRA,1,3,4.471,0.534,78.45097838967553,PRESERVING,3.937,2,CONTINUE,
T0,0,4.471,RPRA,2,2,3.937,0.475,99.91404164730385,PRESERVING,3.462,1,CONTINUE,
T0,0,4.471,RPRA,3,1,3.462,0.362,99.88995983826324,PRESERVING,3.1,0,TERMINAL_REACHED,
T0,0,4.472,RPRA,1,3,4.472,0.535,78.63191575726316,PRESERVING,3.937,2,CONTINUE,
T0,0,4.472,RPRA,2,2,3.937,0.475,99.91404164730385,PRESERVING,3.462,1,CONTINUE,
T0,0,4.472,RPRA,3,1,3.462,0.362,99.88995983826324,PRESERVING,3.1,0,TERMINAL_REACHED,
T0,0,4.473,RPRA,1,3,4.473,0.536,78.81294240944503,PRESERVING,3.937,2,CONTINUE,
T0,0,4.473,RPRA,2,2,3.937,0.475,99.91404164730385,PRESERVING,3.462,1,CONTINUE,
T0,0,4.473,RPRA,3,1,3.462,0.362,99.88995983826324,PRESERVING,3.1,0,TERMINAL_REACHED,
T0,0,4.474,RPRA,1,3,4.474,0.537,78.99405823731051,PRESERVING,3.937,2,CONTINUE,
T0,0,4.474,RPRA,2,2,3.937,0.475,99.91404164730385,PRESERVING,3.462,1,CONTINUE,
T0,0,4.474,RPRA,3,1,3.462,0.362,99.88995983826324,PRESERVING,3.1,0,TERMINAL_REACHED,
T0,0,4.475,RPRA,1,3,4.475,0.538,79.17526313223993,PRESERVING,3.937,2,CONTINUE,
T0,0,4.475,RPRA,2,2,3.937,0.475,99.91404164730385,PRESERVING,3.462,1,CONTINUE,
T0,0,4.475,RPRA,3,1,3.462,0.362,99.88995983826324,PRESERVING,3.1,0,TERMINAL_REACHED,
T0,0,4.476,RPRA,1,3,4.476,0.539,79.35655698590197,PRESERVING,3.937,2,CONTINUE,
T0,0,4.476,RPRA,2,2,3.937,0.475,99.91404164730385,PRESERVING,3.462,1,CONTINUE,
T0,0,4.476,RPRA,3,1,3.462,0.362,99.88995983826324,PRESERVING,3.1,0,TERMINAL_REACHED,
T0,0,4.477,RPRA,1,3,4.477,0.54,79.53793969025295,PRESERVING,3.937,2,CONTINUE,
T0,0,4.477,RPRA,2,2,3.937,0.475,99.91404164730385,PRESERVING,3.462,1,CONTINUE,
T0,0,4.477,RPRA,3,1,3.462,0.362,99.88995983826324,PRESERVING,3.1,0,TERMINAL_REACHED,
T0,0,4.478,RPRA,1,3,4.478,0.541,79.7194111375357,PRESERVING,3.937,2,CONTINUE,
T0,0,4.478,RPRA,2,2,3.937,0.475,99.91404164730385,PRESERVING,3.462,1,CONTINUE,
T0,0,4.478,RPRA,3,1,3.462,0.362,99.88995983826324,PRESERVING,3.1,0,TERMINAL_REACHED,
T0,0,4.479,RPRA,1,3,4.479,0.542,79.90097122027703,PRESERVING,3.937,2,CONTINUE,
T0,0,4.479,RPRA,2,2,3.937,0.475,99.91404164730385,PRESERVING,3.462,1,CONTINUE,
T0,0,4.479,RPRA,3,1,3.462,0.362,99.88995983826324,PRESERVING,3.1,0,TERMINAL_REACHED,
T0,0,4.48,RPRA,1,3,4.48,0.543,80.08261983128789,PRESERVING,3.937,2,CONTINUE,
T0,0,4.48,RPRA,2,2,3.937,0.475,99.91404164730385,PRESERVING,3.462,1,CONTINUE,
T0,0,4.48,RPRA,3,1,3.462,0.362,99.88995983826324,PRESERVING,3.1,0,TERMINAL_REACHED,
T0,0,4.481,RPRA,1,3,4.481,0.544,80.26435686366148,PRESERVING,3.937,2,CONTINUE,
T0,0,4.481,RPRA,2,2,3.937,0.475,99.91404164730385,PRESERVING,3.462,1,CONTINUE,
T0,0,4.481,RPRA,3,1,3.462,0.362,99.88995983826324,PRESERVING,3.1,0,TERMINAL_REACHED,
T0,0,4.482,RPRA,1,3,4.482,0.545,80.44618221077182,PRESERVING,3.937,2,CONTINUE,
T0,0,4.482,RPRA,2,2,3.937,0.475,99.91404164730385,PRESERVING,3.462,1,CONTINUE,
T0,0,4.482,RPRA,3,1,3.462,0.362,99.88995983826324,PRESERVING,3.1,0,TERMINAL_REACHED,
T0,0,4.483,RPRA,1,3,4.483,0.546,80.62809576627257,PRESERVING,3.937,2,CONTINUE,
T0,0,4.483,RPRA,2,2,3.937,0.475,99.91404164730385,PRESERVING,3.462,1,CONTINUE,
T0,0,4.483,RPRA,3,1,3.462,0.362,99.88995983826324,PRESERVING,3.1,0,TERMINAL_REACHED,
T0,0,4.484,RPRA,1,3,4.484,0.547,80.81009742409596,PRESERVING,3.937,2,CONTINUE,
T0,0,4.484,RPRA,2,2,3.937,0.475,99.91404164730385,PRESERVING,3.462,1,CONTINUE,
T0,0,4.484,RPRA,3,1,3.462,0.362,99.88995983826324,PRESERVING,3.1,0,TERMINAL_REACHED,
T0,0,4.485,RPRA,1,3,4.485,0.548,80.99218707845156,PRESERVING,3.937,2,CONTINUE,
T0,0,4.485,RPRA,2,2,3.937,0.475,99.91404164730385,PRESERVING,3.462,1,CONTINUE,
T0,0,4.485,RPRA,3,1,3.462,0.362,99.88995983826324,PRESERVING,3.1,0,TERMINAL_REACHED,
T0,0,4.486,RPRA,1,3,4.486,0.549,81.17436462382389,PRESERVING,3.937,2,CONTINUE,
T0,0,4.486,RPRA,2,2,3.937,0.475,99.91404164730385,PRESERVING,3.462,1,CONTINUE,
T0,0,4.486,RPRA,3,1,3.462,0.362,99.88995983826324,PRESERVING,3.1,0,TERMINAL_REACHED,
T0,0,4.487,RPRA,1,3,4.487,0.55,81.35662995497309,PRESERVING,3.937,2,CONTINUE,
T0,0,4.487,RPRA,2,2,3.937,0.475,99.91404164730385,PRESERVING,3.462,1,CONTINUE,
T0,0,4.487,RPRA,3,1,3.462,0.362,99.88995983826324,PRESERVING,3.1,0,TERMINAL_REACHED,
T0,0,4.488,RPRA,1,3,4.488,0.551,81.53898296693227,PRESERVING,3.937,2,CONTINUE,
T0,0,4.488,RPRA,2,2,3.937,0.475,99.91404164730385,PRESERVING,3.462,1,CONTINUE,
T0,0,4.488,RPRA,3,1,3.462,0.362,99.88995983826324,PRESERVING,3.1,0,TERMINAL_REACHED,
T0,0,4.489,RPRA,1,3,4.489,0.552,81.72142355500691,PRESERVING,3.937,2,CONTINUE,
T0,0,4.489,RPRA,2,2,3.937,0.475,99.91404164730385,PRESERVING,3.462,1,CONTINUE,
T0,0,4.489,RPRA,3,1,3.462,0.362,99.88995983826324,PRESERVING,3.1,0,TERMINAL_REACHED,
T0,0,4.49,RPRA,1,3,4.49,0.553,81.90395161477353,PRESERVING,3.937,2,CONTINUE,
T0,0,4.49,RPRA,2,2,3.937,0.475,99.91404164730385,PRESERVING,3.462,1,CONTINUE,
T0,0,4.49,RPRA,3,1,3.462,0.362,99.88995983826324,PRESERVING,3.1,0,TERMINAL_REACHED,
T0,0,4.491,RPRA,1,3,4.491,0.554,82.08656704207768,PRESERVING,3.937,2,CONTINUE,
T0,0,4.491,RPRA,2,2,3.937,0.475,99.91404164730385,PRESERVING,3.462,1,CONTINUE,
T0,0,4.491,RPRA,3,1,3.462,0.362,99.88995983826324,PRESERVING,3.1,0,TERMINAL_REACHED,
T0,0,4.492,RPRA,1,3,4.492,0.555,82.2692697330342,PRESERVING,3.937,2,CONTINUE,
T0,0,4.492,RPRA,2,2,3.937,0.475,99.91404164730385,PRESERVING,3.462,1,CONTINUE,
T0,0,4.492,RPRA,3,1,3.462,0.362,99.88995983826324,PRESERVING,3.1,0,TERMINAL_REACHED,
T0,0,4.493,RPRA,1,3,4.493,0.556,82.4520595840249,PRESERVING,3.937,2,CONTINUE,
T0,0,4.493,RPRA,2,2,3.937,0.475,99.91404164730385,PRESERVING,3.462,1,CONTINUE,
T0,0,4.493,RPRA,3,1,3.462,0.362,99.88995983826324,PRESERVING,3.1,0,TERMINAL_REACHED,
T0,0,4.494,RPRA,1,3,4.494,0.557,82.63493649169801,PRESERVING,3.937,2,CONTINUE,
T0,0,4.494,RPRA,2,2,3.937,0.475,99.91404164730385,PRESERVING,3.462,1,CONTINUE,
T0,0,4.494,RPRA,3,1,3.462,0.362,99.88995983826324,PRESERVING,3.1,0,TERMINAL_REACHED,
T0,0,4.495,RPRA,1,3,4.495,0.558,82.81790035296616,PRESERVING,3.937,2,CONTINUE,
T0,0,4.495,RPRA,2,2,3.937,0.475,99.91404164730385,PRESERVING,3.462,1,CONTINUE,
T0,0,4.495,RPRA,3,1,3.462,0.362,99.88995983826324,PRESERVING,3.1,0,TERMINAL_REACHED,
T0,0,4.496,RPRA,1,3,4.496,0.559,83.00095106500629,PRESERVING,3.937,2,CONTINUE,
T0,0,4.496,RPRA,2,2,3.937,0.475,99.91404164730385,PRESERVING,3.462,1,CONTINUE,
T0,0,4.496,RPRA,3,1,3.462,0.362,99.88995983826324,PRESERVING,3.1,0,TERMINAL_REACHED,
T0,0,4.497,RPRA,1,3,4.497,0.56,83.18408852525788,PRESERVING,3.937,2,CONTINUE,
T0,0,4.497,RPRA,2,2,3.937,0.475,99.91404164730385,PRESERVING,3.462,1,CONTINUE,
T0,0,4.497,RPRA,3,1,3.462,0.362,99.88995983826324,PRESERVING,3.1,0,TERMINAL_REACHED,
T0,0,4.498,RPRA,1,3,4.498,0.561,83.36731263142123,PRESERVING,3.937,2,CONTINUE,
T0,0,4.498,RPRA,2,2,3.937,0.475,99.91404164730385,PRESERVING,3.462,1,CONTINUE,
T0,0,4.498,RPRA,3,1,3.462,0.362,99.88995983826324,PRESERVING,3.1,0,TERMINAL_REACHED,
T0,0,4.499,RPRA,1,3,4.499,0.562,83.55062328145755,PRESERVING,3.937,2,CONTINUE,
T0,0,4.499,RPRA,2,2,3.937,0.475,99.91404164730385,PRESERVING,3.462,1,CONTINUE,
T0,0,4.499,RPRA,3,1,3.462,0.362,99.88995983826324,PRESERVING,3.1,0,TERMINAL_REACHED,
T0,0,4.5,RPRA,1,3,4.5,0.563,83.73402037358707,PRESERVING,3.937,2,CONTINUE,
T0,0,4.5,RPRA,2,2,3.937,0.475,99.91404164730385,PRESERVING,3.462,1,CONTINUE,
T0,0,4.5,RPRA,3,1,3.462,0.362,99.88995983826324,PRESERVING,3.1,0,TERMINAL_REACHED,
T0,0,4.501,RPRA,1,3,4.501,0.564,83.91750380628774,PRESERVING,3.937,2,CONTINUE,
T0,0,4.501,RPRA,2,2,3.937,0.475,99.91404164730385,PRESERVING,3.462,1,CONTINUE,
T0,0,4.501,RPRA,3,1,3.462,0.362,99.88995983826324,PRESERVING,3.1,0,TERMINAL_REACHED,
T0,0,4.502,RPRA,1,3,4.502,0.565,84.10107347829457,PRESERVING,3.937,2,CONTINUE,
T0,0,4.502,RPRA,2,2,3.937,0.475,99.91404164730385,PRESERVING,3.462,1,CONTINUE,
T0,0,4.502,RPRA,3,1,3.462,0.362,99.88995983826324,PRESERVING,3.1,0,TERMINAL_REACHED,
T0,0,4.503,RPRA,1,3,4.503,0.566,84.28472928859861,PRESERVING,3.937,2,CONTINUE,
T0,0,4.503,RPRA,2,2,3.937,0.475,99.91404164730385,PRESERVING,3.462,1,CONTINUE,
T0,0,4.503,RPRA,3,1,3.462,0.362,99.88995983826324,PRESERVING,3.1,0,TERMINAL_REACHED,
T0,0,4.504,RPRA,1,3,4.504,0.567,84.46847113644439,PRESERVING,3.937,2,CONTINUE,
T0,0,4.504,RPRA,2,2,3.937,0.475,99.91404164730385,PRESERVING,3.462,1,CONTINUE,
T0,0,4.504,RPRA,3,1,3.462,0.362,99.88995983826324,PRESERVING,3.1,0,TERMINAL_REACHED,
T0,0,4.505,RPRA,1,3,4.505,0.568,84.65229892133114,PRESERVING,3.937,2,CONTINUE,
T0,0,4.505,RPRA,2,2,3.937,0.475,99.91404164730385,PRESERVING,3.462,1,CONTINUE,
T0,0,4.505,RPRA,3,1,3.462,0.362,99.88995983826324,PRESERVING,3.1,0,TERMINAL_REACHED,
T0,0,4.506,RPRA,1,3,4.506,0.569,84.83621254300982,PRESERVING,3.937,2,CONTINUE,
T0,0,4.506,RPRA,2,2,3.937,0.475,99.91404164730385,PRESERVING,3.462,1,CONTINUE,
T0,0,4.506,RPRA,3,1,3.462,0.362,99.88995983826324,PRESERVING,3.1,0,TERMINAL_REACHED,
T0,0,4.507,RPRA,1,3,4.507,0.57,85.02021190148295,PRESERVING,3.937,2,CONTINUE,
T0,0,4.507,RPRA,2,2,3.937,0.475,99.91404164730385,PRESERVING,3.462,1,CONTINUE,
T0,0,4.507,RPRA,3,1,3.462,0.362,99.88995983826324,PRESERVING,3.1,0,TERMINAL_REACHED,
T0,0,4.508,RPRA,1,3,4.508,0.571,85.20429689700306,PRESERVING,3.937,2,CONTINUE,
T0,0,4.508,RPRA,2,2,3.937,0.475,99.91404164730385,PRESERVING,3.462,1,CONTINUE,
T0,0,4.508,RPRA,3,1,3.462,0.362,99.88995983826324,PRESERVING,3.1,0,TERMINAL_REACHED,
T0,0,4.509,RPRA,1,3,4.509,0.572,85.38846743007178,PRESERVING,3.937,2,CONTINUE,
T0,0,4.509,RPRA,2,2,3.937,0.475,99.91404164730385,PRESERVING,3.462,1,CONTINUE,
T0,0,4.509,RPRA,3,1,3.462,0.362,99.88995983826324,PRESERVING,3.1,0,TERMINAL_REACHED,
T0,0,4.51,RPRA,1,3,4.51,0.573,85.57272340143905,PRESERVING,3.937,2,CONTINUE,
T0,0,4.51,RPRA,2,2,3.937,0.475,99.91404164730385,PRESERVING,3.462,1,CONTINUE,
T0,0,4.51,RPRA,3,1,3.462,0.362,99.88995983826324,PRESERVING,3.1,0,TERMINAL_REACHED,
T0,0,4.511,RPRA,1,3,4.511,0.574,85.75706471210107,PRESERVING,3.937,2,CONTINUE,
T0,0,4.511,RPRA,2,2,3.937,0.475,99.91404164730385,PRESERVING,3.462,1,CONTINUE,
T0,0,4.511,RPRA,3,1,3.462,0.362,99.88995983826324,PRESERVING,3.1,0,TERMINAL_REACHED,
T0,0,4.512,RPRA,1,3,4.512,0.575,85.94149126330045,PRESERVING,3.937,2,CONTINUE,
T0,0,4.512,RPRA,2,2,3.937,0.475,99.91404164730385,PRESERVING,3.462,1,CONTINUE,
T0,0,4.512,RPRA,3,1,3.462,0.362,99.88995983826324,PRESERVING,3.1,0,TERMINAL_REACHED,
T0,0,4.513,RPRA,1,3,4.513,0.576,86.12600295652462,PRESERVING,3.937,2,CONTINUE,
T0,0,4.513,RPRA,2,2,3.937,0.475,99.91404164730385,PRESERVING,3.462,1,CONTINUE,
T0,0,4.513,RPRA,3,1,3.462,0.362,99.88995983826324,PRESERVING,3.1,0,TERMINAL_REACHED,
T0,0,4.514,RPRA,1,3,4.514,0.577,86.3105996935045,PRESERVING,3.937,2,CONTINUE,
T0,0,4.514,RPRA,2,2,3.937,0.475,99.91404164730385,PRESERVING,3.462,1,CONTINUE,
T0,0,4.514,RPRA,3,1,3.462,0.362,99.88995983826324,PRESERVING,3.1,0,TERMINAL_REACHED,
T0,0,4.515,RPRA,1,3,4.515,0.578,86.49528137621428,PRESERVING,3.937,2,CONTINUE,
T0,0,4.515,RPRA,2,2,3.937,0.475,99.91404164730385,PRESERVING,3.462,1,CONTINUE,
T0,0,4.515,RPRA,3,1,3.462,0.362,99.88995983826324,PRESERVING,3.1,0,TERMINAL_REACHED,
T0,0,4.516,RPRA,1,3,4.516,0.579,86.6800479068686,PRESERVING,3.937,2,CONTINUE,
T0,0,4.516,RPRA,2,2,3.937,0.475,99.91404164730385,PRESERVING,3.462,1,CONTINUE,
T0,0,4.516,RPRA,3,1,3.462,0.362,99.88995983826324,PRESERVING,3.1,0,TERMINAL_REACHED,
T0,0,4.517,RPRA,1,3,4.517,0.58,86.86489918792391,PRESERVING,3.937,2,CONTINUE,
T0,0,4.517,RPRA,2,2,3.937,0.475,99.91404164730385,PRESERVING,3.462,1,CONTINUE,
T0,0,4.517,RPRA,3,1,3.462,0.362,99.88995983826324,PRESERVING,3.1,0,TERMINAL_REACHED,
T0,0,4.518,RPRA,1,3,4.518,0.581,87.04983512207598,PRESERVING,3.937,2,CONTINUE,
T0,0,4.518,RPRA,2,2,3.937,0.475,99.91404164730385,PRESERVING,3.462,1,CONTINUE,
T0,0,4.518,RPRA,3,1,3.462,0.362,99.88995983826324,PRESERVING,3.1,0,TERMINAL_REACHED,
T0,0,4.519,RPRA,1,3,4.519,0.582,87.23485561225888,PRESERVING,3.937,2,CONTINUE,
T0,0,4.519,RPRA,2,2,3.937,0.475,99.91404164730385,PRESERVING,3.462,1,CONTINUE,
T0,0,4.519,RPRA,3,1,3.462,0.362,99.88995983826324,PRESERVING,3.1,0,TERMINAL_REACHED,
T0,0,4.52,RPRA,1,3,4.52,0.583,87.41996056164442,PRESERVING,3.937,2,CONTINUE,
T0,0,4.52,RPRA,2,2,3.937,0.475,99.91404164730385,PRESERVING,3.462,1,CONTINUE,
T0,0,4.52,RPRA,3,1,3.462,0.362,99.88995983826324,PRESERVING,3.1,0,TERMINAL_REACHED,
T0,0,4.521,RPRA,1,3,4.521,0.584,87.60514987364093,PRESERVING,3.937,2,CONTINUE,
T0,0,4.521,RPRA,2,2,3.937,0.475,99.91404164730385,PRESERVING,3.462,1,CONTINUE,
T0,0,4.521,RPRA,3,1,3.462,0.362,99.88995983826324,PRESERVING,3.1,0,TERMINAL_REACHED,
T0,0,4.522,RPRA,1,3,4.522,0.585,87.7904234518926,PRESERVING,3.937,2,CONTINUE,
T0,0,4.522,RPRA,2,2,3.937,0.475,99.91404164730385,PRESERVING,3.462,1,CONTINUE,
T0,0,4.522,RPRA,3,1,3.462,0.362,99.88995983826324,PRESERVING,3.1,0,TERMINAL_REACHED,
T0,0,4.523,RPRA,1,3,4.523,0.586,87.97578120027724,PRESERVING,3.937,2,CONTINUE,
T0,0,4.523,RPRA,2,2,3.937,0.475,99.91404164730385,PRESERVING,3.462,1,CONTINUE,
T0,0,4.523,RPRA,3,1,3.462,0.362,99.88995983826324,PRESERVING,3.1,0,TERMINAL_REACHED,
T0,0,4.524,RPRA,1,3,4.524,0.587,88.1612230229071,PRESERVING,3.937,2,CONTINUE,
T0,0,4.524,RPRA,2,2,3.937,0.475,99.91404164730385,PRESERVING,3.462,1,CONTINUE,
T0,0,4.524,RPRA,3,1,3.462,0.362,99.88995983826324,PRESERVING,3.1,0,TERMINAL_REACHED,
T0,0,4.525,RPRA,1,3,4.525,0.588,88.34674882412682,PRESERVING,3.937,2,CONTINUE,
T0,0,4.525,RPRA,2,2,3.937,0.475,99.91404164730385,PRESERVING,3.462,1,CONTINUE,
T0,0,4.525,RPRA,3,1,3.462,0.362,99.88995983826324,PRESERVING,3.1,0,TERMINAL_REACHED,
T0,0,4.526,RPRA,1,3,4.526,0.589,88.53235850851236,PRESERVING,3.937,2,CONTINUE,
T0,0,4.526,RPRA,2,2,3.937,0.475,99.91404164730385,PRESERVING,3.462,1,CONTINUE,
T0,0,4.526,RPRA,3,1,3.462,0.362,99.88995983826324,PRESERVING,3.1,0,TERMINAL_REACHED,
T0,0,4.527,RPRA,1,3,4.527,0.59,88.71805198087083,PRESERVING,3.937,2,CONTINUE,
T0,0,4.527,RPRA,2,2,3.937,0.475,99.91404164730385,PRESERVING,3.462,1,CONTINUE,
T0,0,4.527,RPRA,3,1,3.462,0.362,99.88995983826324,PRESERVING,3.1,0,TERMINAL_REACHED,
T0,0,4.528,RPRA,1,3,4.528,0.591,88.90382914623795,PRESERVING,3.937,2,CONTINUE,
T0,0,4.528,RPRA,2,2,3.937,0.475,99.91404164730385,PRESERVING,3.462,1,CONTINUE,
T0,0,4.528,RPRA,3,1,3.462,0.362,99.88995983826324,PRESERVING,3.1,0,TERMINAL_REACHED,
T0,0,4.529,RPRA,1,3,4.529,0.592,89.08968990987908,PRESERVING,3.937,2,CONTINUE,
T0,0,4.529,RPRA,2,2,3.937,0.475,99.91404164730385,PRESERVING,3.462,1,CONTINUE,
T0,0,4.529,RPRA,3,1,3.462,0.362,99.88995983826324,PRESERVING,3.1,0,TERMINAL_REACHED,
T0,0,4.53,RPRA,1,3,4.53,0.593,89.27563417728699,PRESERVING,3.937,2,CONTINUE,
T0,0,4.53,RPRA,2,2,3.937,0.475,99.91404164730385,PRESERVING,3.462,1,CONTINUE,
T0,0,4.53,RPRA,3,1,3.462,0.362,99.88995983826324,PRESERVING,3.1,0,TERMINAL_REACHED,
T0,0,4.531,RPRA,1,3,4.531,0.594,89.4616618541812,PRESERVING,3.937,2,CONTINUE,
T0,0,4.531,RPRA,2,2,3.937,0.475,99.91404164730385,PRESERVING,3.462,1,CONTINUE,
T0,0,4.531,RPRA,3,1,3.462,0.362,99.88995983826324,PRESERVING,3.1,0,TERMINAL_REACHED,
T0,0,4.532,RPRA,1,3,4.532,0.595,89.64777284650695,PRESERVING,3.937,2,CONTINUE,
T0,0,4.532,RPRA,2,2,3.937,0.475,99.91404164730385,PRESERVING,3.462,1,CONTINUE,
T0,0,4.532,RPRA,3,1,3.462,0.362,99.88995983826324,PRESERVING,3.1,0,TERMINAL_REACHED,
T0,0,4.533,RPRA,1,3,4.533,0.596,89.8339670604345,PRESERVING,3.937,2,CONTINUE,
T0,0,4.533,RPRA,2,2,3.937,0.475,99.91404164730385,PRESERVING,3.462,1,CONTINUE,
T0,0,4.533,RPRA,3,1,3.462,0.362,99.88995983826324,PRESERVING,3.1,0,TERMINAL_REACHED,
T0,0,4.534,RPRA,1,3,4.534,0.597,90.02024440235823,PRESERVING,3.937,2,CONTINUE,
T0,0,4.534,RPRA,2,2,3.937,0.475,99.91404164730385,PRESERVING,3.462,1,CONTINUE,
T0,0,4.534,RPRA,3,1,3.462,0.362,99.88995983826324,PRESERVING,3.1,0,TERMINAL_REACHED,
T0,0,4.535,RPRA,1,3,4.535,0.598,90.20660477889476,PRESERVING,3.937,2,CONTINUE,
T0,0,4.535,RPRA,2,2,3.937,0.475,99.91404164730385,PRESERVING,3.462,1,CONTINUE,
T0,0,4.535,RPRA,3,1,3.462,0.362,99.88995983826324,PRESERVING,3.1,0,TERMINAL_REACHED,
T0,0,4.536,RPRA,1,3,4.536,0.599,90.39304809688359,PRESERVING,3.937,2,CONTINUE,
T0,0,4.536,RPRA,2,2,3.937,0.475,99.91404164730385,PRESERVING,3.462,1,CONTINUE,
T0,0,4.536,RPRA,3,1,3.462,0.362,99.88995983826324,PRESERVING,3.1,0,TERMINAL_REACHED,
T0,0,4.537,RPRA,1,3,4.537,0.6,90.57957426338518,PRESERVING,3.937,2,CONTINUE,
T0,0,4.537,RPRA,2,2,3.937,0.475,99.91404164730385,PRESERVING,3.462,1,CONTINUE,
T0,0,4.537,RPRA,3,1,3.462,0.362,99.88995983826324,PRESERVING,3.1,0,TERMINAL_REACHED,
T0,0,4.538,RPRA,1,3,4.538,0.601,90.76618318568,PRESERVING,3.937,2,CONTINUE,
T0,0,4.538,RPRA,2,2,3.937,0.475,99.91404164730385,PRESERVING,3.462,1,CONTINUE,
T0,0,4.538,RPRA,3,1,3.462,0.362,99.88995983826324,PRESERVING,3.1,0,TERMINAL_REACHED,
T0,0,4.539,RPRA,1,3,4.539,0.602,90.95287477126844,PRESERVING,3.937,2,CONTINUE,
T0,0,4.539,RPRA,2,2,3.937,0.475,99.91404164730385,PRESERVING,3.462,1,CONTINUE,
T0,0,4.539,RPRA,3,1,3.462,0.362,99.88995983826324,PRESERVING,3.1,0,TERMINAL_REACHED,
T0,0,4.54,RPRA,1,3,4.54,0.603,91.13964892786835,PRESERVING,3.937,2,CONTINUE,
T0,0,4.54,RPRA,2,2,3.937,0.475,99.91404164730385,PRESERVING,3.462,1,CONTINUE,
T0,0,4.54,RPRA,3,1,3.462,0.362,99.88995983826324,PRESERVING,3.1,0,TERMINAL_REACHED,
T0,0,4.541,RPRA,1,3,4.541,0.604,91.32650556341596,PRESERVING,3.937,2,CONTINUE,
T0,0,4.541,RPRA,2,2,3.937,0.475,99.91404164730385,PRESERVING,3.462,1,CONTINUE,
T0,0,4.541,RPRA,3,1,3.462,0.362,99.88995983826324,PRESERVING,3.1,0,TERMINAL_REACHED,
T0,0,4.542,RPRA,1,3,4.542,0.605,91.51344458606376,PRESERVING,3.937,2,CONTINUE,
T0,0,4.542,RPRA,2,2,3.937,0.475,99.91404164730385,PRESERVING,3.462,1,CONTINUE,
T0,0,4.542,RPRA,3,1,3.462,0.362,99.88995983826324,PRESERVING,3.1,0,TERMINAL_REACHED,
T0,0,4.543,RPRA,1,3,4.543,0.606,91.70046590418022,PRESERVING,3.937,2,CONTINUE,
T0,0,4.543,RPRA,2,2,3.937,0.475,99.91404164730385,PRESERVING,3.462,1,CONTINUE,
T0,0,4.543,RPRA,3,1,3.462,0.362,99.88995983826324,PRESERVING,3.1,0,TERMINAL_REACHED,
T0,0,4.544,RPRA,1,3,4.544,0.607,91.88756942634846,PRESERVING,3.937,2,CONTINUE,
T0,0,4.544,RPRA,2,2,3.937,0.475,99.91404164730385,PRESERVING,3.462,1,CONTINUE,
T0,0,4.544,RPRA,3,1,3.462,0.362,99.88995983826324,PRESERVING,3.1,0,TERMINAL_REACHED,
T0,0,4.545,RPRA,1,3,4.545,0.608,92.07475506136575,PRESERVING,3.937,2,CONTINUE,
T0,0,4.545,RPRA,2,2,3.937,0.475,99.91404164730385,PRESERVING,3.462,1,CONTINUE,
T0,0,4.545,RPRA,3,1,3.462,0.362,99.88995983826324,PRESERVING,3.1,0,TERMINAL_REACHED,
T0,0,4.546,RPRA,1,3,4.546,0.609,92.26202271824266,PRESERVING,3.937,2,CONTINUE,
T0,0,4.546,RPRA,2,2,3.937,0.475,99.91404164730385,PRESERVING,3.462,1,CONTINUE,
T0,0,4.546,RPRA,3,1,3.462,0.362,99.88995983826324,PRESERVING,3.1,0,TERMINAL_REACHED,
T0,0,4.547,RPRA,1,3,4.547,0.61,92.4493723062013,PRESERVING,3.937,2,CONTINUE,
T0,0,4.547,RPRA,2,2,3.937,0.475,99.91404164730385,PRESERVING,3.462,1,CONTINUE,
T0,0,4.547,RPRA,3,1,3.462,0.362,99.88995983826324,PRESERVING,3.1,0,TERMINAL_REACHED,
T0,0,4.548,RPRA,1,3,4.548,0.611,92.63680373467587,PRESERVING,3.937,2,CONTINUE,
T0,0,4.548,RPRA,2,2,3.937,0.475,99.91404164730385,PRESERVING,3.462,1,CONTINUE,
T0,0,4.548,RPRA,3,1,3.462,0.362,99.88995983826324,PRESERVING,3.1,0,TERMINAL_REACHED,
T0,0,4.549,RPRA,1,3,4.549,0.612,92.82431691331095,PRESERVING,3.937,2,CONTINUE,
T0,0,4.549,RPRA,2,2,3.937,0.475,99.91404164730385,PRESERVING,3.462,1,CONTINUE,
T0,0,4.549,RPRA,3,1,3.462,0.362,99.88995983826324,PRESERVING,3.1,0,TERMINAL_REACHED,
T0,0,4.55,RPRA,1,3,4.55,0.613,93.01191175196062,PRESERVING,3.937,2,CONTINUE,
T0,0,4.55,RPRA,2,2,3.937,0.475,99.91404164730385,PRESERVING,3.462,1,CONTINUE,
T0,0,4.55,RPRA,3,1,3.462,0.362,99.88995983826324,PRESERVING,3.1,0,TERMINAL_REACHED,
T0,0,4.551,RPRA,1,3,4.551,0.614,93.19958816068814,PRESERVING,3.937,2,CONTINUE,
T0,0,4.551,RPRA,2,2,3.937,0.475,99.91404164730385,PRESERVING,3.462,1,CONTINUE,
T0,0,4.551,RPRA,3,1,3.462,0.362,99.88995983826324,PRESERVING,3.1,0,TERMINAL_REACHED,
T0,0,4.552,RPRA,1,3,4.552,0.615,93.38734604976409,PRESERVING,3.937,2,CONTINUE,
T0,0,4.552,RPRA,2,2,3.937,0.475,99.91404164730385,PRESERVING,3.462,1,CONTINUE,
T0,0,4.552,RPRA,3,1,3.462,0.362,99.88995983826324,PRESERVING,3.1,0,TERMINAL_REACHED,
T0,0,4.553,RPRA,1,3,4.553,0.616,93.5751853296669,PRESERVING,3.937,2,CONTINUE,
T0,0,4.553,RPRA,2,2,3.937,0.475,99.91404164730385,PRESERVING,3.462,1,CONTINUE,
T0,0,4.553,RPRA,3,1,3.462,0.362,99.88995983826324,PRESERVING,3.1,0,TERMINAL_REACHED,
T0,0,4.554,RPRA,1,3,4.554,0.617,93.76310591108093,PRESERVING,3.937,2,CONTINUE,
T0,0,4.554,RPRA,2,2,3.937,0.475,99.91404164730385,PRESERVING,3.462,1,CONTINUE,
T0,0,4.554,RPRA,3,1,3.462,0.362,99.88995983826324,PRESERVING,3.1,0,TERMINAL_REACHED,
T0,0,4.555,RPRA,1,3,4.555,0.618,93.95110770489622,PRESERVING,3.937,2,CONTINUE,
T0,0,4.555,RPRA,2,2,3.937,0.475,99.91404164730385,PRESERVING,3.462,1,CONTINUE,
T0,0,4.555,RPRA,3,1,3.462,0.362,99.88995983826324,PRESERVING,3.1,0,TERMINAL_REACHED,
T0,0,4.556,RPRA,1,3,4.556,0.619,94.1391906222073,PRESERVING,3.937,2,CONTINUE,
T0,0,4.556,RPRA,2,2,3.937,0.475,99.91404164730385,PRESERVING,3.462,1,CONTINUE,
T0,0,4.556,RPRA,3,1,3.462,0.362,99.88995983826324,PRESERVING,3.1,0,TERMINAL_REACHED,
T0,0,4.557,RPRA,1,3,4.557,0.62,94.32735457431262,PRESERVING,3.937,2,CONTINUE,
T0,0,4.557,RPRA,2,2,3.937,0.475,99.91404164730385,PRESERVING,3.462,1,CONTINUE,
T0,0,4.557,RPRA,3,1,3.462,0.362,99.88995983826324,PRESERVING,3.1,0,TERMINAL_REACHED,
T0,0,4.558,RPRA,1,3,4.558,0.621,94.51559947271397,PRESERVING,3.937,2,CONTINUE,
T0,0,4.558,RPRA,2,2,3.937,0.475,99.91404164730385,PRESERVING,3.462,1,CONTINUE,
T0,0,4.558,RPRA,3,1,3.462,0.362,99.88995983826324,PRESERVING,3.1,0,TERMINAL_REACHED,
T0,0,4.559,RPRA,1,3,4.559,0.622,94.70392522911456,PRESERVING,3.937,2,CONTINUE,
T0,0,4.559,RPRA,2,2,3.937,0.475,99.91404164730385,PRESERVING,3.462,1,CONTINUE,
T0,0,4.559,RPRA,3,1,3.462,0.362,99.88995983826324,PRESERVING,3.1,0,TERMINAL_REACHED,
T0,0,4.56,RPRA,1,3,4.56,0.623,94.8923317554196,PRESERVING,3.937,2,CONTINUE,
T0,0,4.56,RPRA,2,2,3.937,0.475,99.91404164730385,PRESERVING,3.462,1,CONTINUE,
T0,0,4.56,RPRA,3,1,3.462,0.362,99.88995983826324,PRESERVING,3.1,0,TERMINAL_REACHED,
T0,0,4.561,RPRA,1,3,4.561,0.624,95.08081896373487,PRESERVING,3.937,2,CONTINUE,
T0,0,4.561,RPRA,2,2,3.937,0.475,99.91404164730385,PRESERVING,3.462,1,CONTINUE,
T0,0,4.561,RPRA,3,1,3.462,0.362,99.88995983826324,PRESERVING,3.1,0,TERMINAL_REACHED,
T0,0,4.562,RPRA,1,3,4.562,0.625,95.26938676636584,PRESERVING,3.937,2,CONTINUE,
T0,0,4.562,RPRA,2,2,3.937,0.475,99.91404164730385,PRESERVING,3.462,1,CONTINUE,
T0,0,4.562,RPRA,3,1,3.462,0.362,99.88995983826324,PRESERVING,3.1,0,TERMINAL_REACHED,
T0,0,4.563,RPRA,1,3,4.563,0.626,95.45803507581736,PRESERVING,3.937,2,CONTINUE,
T0,0,4.563,RPRA,2,2,3.937,0.475,99.91404164730385,PRESERVING,3.462,1,CONTINUE,
T0,0,4.563,RPRA,3,1,3.462,0.362,99.88995983826324,PRESERVING,3.1,0,TERMINAL_REACHED,
T0,0,4.564,RPRA,1,3,4.564,0.627,95.6467638047916,PRESERVING,3.937,2,CONTINUE,
T0,0,4.564,RPRA,2,2,3.937,0.475,99.91404164730385,PRESERVING,3.462,1,CONTINUE,
T0,0,4.564,RPRA,3,1,3.462,0.362,99.88995983826324,PRESERVING,3.1,0,TERMINAL_REACHED,
T0,0,4.565,RPRA,1,3,4.565,0.628,95.83557286618908,PRESERVING,3.937,2,CONTINUE,
T0,0,4.565,RPRA,2,2,3.937,0.475,99.91404164730385,PRESERVING,3.462,1,CONTINUE,
T0,0,4.565,RPRA,3,1,3.462,0.362,99.88995983826324,PRESERVING,3.1,0,TERMINAL_REACHED,
T0,0,4.566,RPRA,1,3,4.566,0.629,96.02446217310656,PRESERVING,3.937,2,CONTINUE,
T0,0,4.566,RPRA,2,2,3.937,0.475,99.91404164730385,PRESERVING,3.462,1,CONTINUE,
T0,0,4.566,RPRA,3,1,3.462,0.362,99.88995983826324,PRESERVING,3.1,0,TERMINAL_REACHED,
T0,0,4.567,RPRA,1,3,4.567,0.63,96.21343163883682,PRESERVING,3.937,2,CONTINUE,
T0,0,4.567,RPRA,2,2,3.937,0.475,99.91404164730385,PRESERVING,3.462,1,CONTINUE,
T0,0,4.567,RPRA,3,1,3.462,0.362,99.88995983826324,PRESERVING,3.1,0,TERMINAL_REACHED,
T0,0,4.568,RPRA,1,3,4.568,0.631,96.4024811768677,PRESERVING,3.937,2,CONTINUE,
T0,0,4.568,RPRA,2,2,3.937,0.475,99.91404164730385,PRESERVING,3.462,1,CONTINUE,
T0,0,4.568,RPRA,3,1,3.462,0.362,99.88995983826324,PRESERVING,3.1,0,TERMINAL_REACHED,
T0,0,4.569,RPRA,1,3,4.569,0.632,96.59161070088145,PRESERVING,3.937,2,CONTINUE,
T0,0,4.569,RPRA,2,2,3.937,0.475,99.91404164730385,PRESERVING,3.462,1,CONTINUE,
T0,0,4.569,RPRA,3,1,3.462,0.362,99.88995983826324,PRESERVING,3.1,0,TERMINAL_REACHED,
T0,0,4.57,RPRA,1,3,4.57,0.633,96.780820124754,PRESERVING,3.937,2,CONTINUE,
T0,0,4.57,RPRA,2,2,3.937,0.475,99.91404164730385,PRESERVING,3.462,1,CONTINUE,
T0,0,4.57,RPRA,3,1,3.462,0.362,99.88995983826324,PRESERVING,3.1,0,TERMINAL_REACHED,
T0,0,4.571,RPRA,1,3,4.571,0.634,96.97010936255371,PRESERVING,3.937,2,CONTINUE,
T0,0,4.571,RPRA,2,2,3.937,0.475,99.91404164730385,PRESERVING,3.462,1,CONTINUE,
T0,0,4.571,RPRA,3,1,3.462,0.362,99.88995983826324,PRESERVING,3.1,0,TERMINAL_REACHED,
T0,0,4.572,RPRA,1,3,4.572,0.635,97.15947832854134,PRESERVING,3.937,2,CONTINUE,
T0,0,4.572,RPRA,2,2,3.937,0.475,99.91404164730385,PRESERVING,3.462,1,CONTINUE,
T0,0,4.572,RPRA,3,1,3.462,0.362,99.88995983826324,PRESERVING,3.1,0,TERMINAL_REACHED,
T0,0,4.573,RPRA,1,3,4.573,0.636,97.34892693716898,PRESERVING,3.937,2,CONTINUE,
T0,0,4.573,RPRA,2,2,3.937,0.475,99.91404164730385,PRESERVING,3.462,1,CONTINUE,
T0,0,4.573,RPRA,3,1,3.462,0.362,99.88995983826324,PRESERVING,3.1,0,TERMINAL_REACHED,
T0,0,4.574,RPRA,1,3,4.574,0.637,97.53845510307913,PRESERVING,3.937,2,CONTINUE,
T0,0,4.574,RPRA,2,2,3.937,0.475,99.91404164730385,PRESERVING,3.462,1,CONTINUE,
T0,0,4.574,RPRA,3,1,3.462,0.362,99.88995983826324,PRESERVING,3.1,0,TERMINAL_REACHED,
T0,0,4.575,RPRA,1,3,4.575,0.638,97.7280627411045,PRESERVING,3.937,2,CONTINUE,
T0,0,4.575,RPRA,2,2,3.937,0.475,99.91404164730385,PRESERVING,3.462,1,CONTINUE,
T0,0,4.575,RPRA,3,1,3.462,0.362,99.88995983826324,PRESERVING,3.1,0,TERMINAL_REACHED,
T0,0,4.576,RPRA,1,3,4.576,0.639,97.91774976626631,PRESERVING,3.937,2,CONTINUE,
T0,0,4.576,RPRA,2,2,3.937,0.475,99.91404164730385,PRESERVING,3.462,1,CONTINUE,
T0,0,4.576,RPRA,3,1,3.462,0.362,99.88995983826324,PRESERVING,3.1,0,TERMINAL_REACHED,
T0,0,4.577,RPRA,1,3,4.577,0.64,98.10751609377455,PRESERVING,3.937,2,CONTINUE,
T0,0,4.577,RPRA,2,2,3.937,0.475,99.91404164730385,PRESERVING,3.462,1,CONTINUE,
T0,0,4.577,RPRA,3,1,3.462,0.362,99.88995983826324,PRESERVING,3.1,0,TERMINAL_REACHED,
T0,0,4.578,RPRA,1,3,4.578,0.641,98.29736163902679,PRESERVING,3.937,2,CONTINUE,
T0,0,4.578,RPRA,2,2,3.937,0.475,99.91404164730385,PRESERVING,3.462,1,CONTINUE,
T0,0,4.578,RPRA,3,1,3.462,0.362,99.88995983826324,PRESERVING,3.1,0,TERMINAL_REACHED,
T0,0,4.579,RPRA,1,3,4.579,0.642,98.48728631760744,PRESERVING,3.937,2,CONTINUE,
T0,0,4.579,RPRA,2,2,3.937,0.475,99.91404164730385,PRESERVING,3.462,1,CONTINUE,
T0,0,4.579,RPRA,3,1,3.462,0.362,99.88995983826324,PRESERVING,3.1,0,TERMINAL_REACHED,
T0,0,4.58,RPRA,1,3,4.58,0.643,98.67729004528717,PRESERVING,3.937,2,CONTINUE,
T0,0,4.58,RPRA,2,2,3.937,0.475,99.91404164730385,PRESERVING,3.462,1,CONTINUE,
T0,0,4.58,RPRA,3,1,3.462,0.362,99.88995983826324,PRESERVING,3.1,0,TERMINAL_REACHED,
T0,0,4.581,RPRA,1,3,4.581,0.644,98.86737273802214,PRESERVING,3.937,2,CONTINUE,
T0,0,4.581,RPRA,2,2,3.937,0.475,99.91404164730385,PRESERVING,3.462,1,CONTINUE,
T0,0,4.581,RPRA,3,1,3.462,0.362,99.88995983826324,PRESERVING,3.1,0,TERMINAL_REACHED,
T0,0,4.582,RPRA,1,3,4.582,0.645,99.05753431195335,PRESERVING,3.937,2,CONTINUE,
T0,0,4.582,RPRA,2,2,3.937,0.475,99.91404164730385,PRESERVING,3.462,1,CONTINUE,
T0,0,4.582,RPRA,3,1,3.462,0.362,99.88995983826324,PRESERVING,3.1,0,TERMINAL_REACHED,
T0,0,4.583,RPRA,1,3,4.583,0.646,99.24777468340528,PRESERVING,3.937,2,CONTINUE,
T0,0,4.583,RPRA,2,2,3.937,0.475,99.91404164730385,PRESERVING,3.462,1,CONTINUE,
T0,0,4.583,RPRA,3,1,3.462,0.362,99.88995983826324,PRESERVING,3.1,0,TERMINAL_REACHED,
T0,0,4.584,RPRA,1,3,4.584,0.647,99.43809376888645,PRESERVING,3.937,2,CONTINUE,
T0,0,4.584,RPRA,2,2,3.937,0.475,99.91404164730385,PRESERVING,3.462,1,CONTINUE,
T0,0,4.584,RPRA,3,1,3.462,0.362,99.88995983826324,PRESERVING,3.1,0,TERMINAL_REACHED,
T0,0,4.585,RPRA,1,3,4.585,0.648,99.62849148508762,PRESERVING,3.937,2,CONTINUE,
T0,0,4.585,RPRA,2,2,3.937,0.475,99.91404164730385,PRESERVING,3.462,1,CONTINUE,
T0,0,4.585,RPRA,3,1,3.462,0.362,99.88995983826324,PRESERVING,3.1,0,TERMINAL_REACHED,
T0,0,4.586,RPRA,1,3,4.586,0.649,99.81896774888176,PRESERVING,3.937,2,CONTINUE,
T0,0,4.586,RPRA,2,2,3.937,0.475,99.91404164730385,PRESERVING,3.462,1,CONTINUE,
T0,0,4.586,RPRA,3,1,3.462,0.362,99.88995983826324,PRESERVING,3.1,0,TERMINAL_REACHED,
T5,5,4.18,MYOPIC,1,3,4.18,0.36,53.026787309836045,PRESERVING,3.82,2,CONTINUE,
T5,5,4.18,MYOPIC,2,2,3.82,0.36,71.36037244201924,PRESERVING,3.46,1,CONTINUE,
T5,5,4.18,MYOPIC,3,1,3.46,0.36,99.22025135628195,PRESERVING,3.1,0,TERMINAL_REACHED,
T5,5,4.181,MYOPIC,1,3,4.181,0.36,52.985165029703495,PRESERVING,3.821,2,CONTINUE,
T5,5,4.181,MYOPIC,2,2,3.821,0.36,71.29853503433206,PRESERVING,3.461,1,CONTINUE,
T5,5,4.181,MYOPIC,3,1,3.461,0.36,99.12429367303372,PRESERVING,3.101,0,TERMINAL_REACHED,
T5,5,4.182,MYOPIC,1,3,4.182,0.36,52.943586298906844,PRESERVING,3.822,2,CONTINUE,
T5,5,4.182,MYOPIC,2,2,3.822,0.36,71.23676905304204,PRESERVING,3.462,1,CONTINUE,
T5,5,4.182,MYOPIC,3,1,3.462,0.36,99.02845968643378,PRESERVING,3.102,0,TERMINAL_REACHED,
T5,5,4.183,MYOPIC,1,3,4.183,0.36,52.90205106050394,PRESERVING,3.823,2,CONTINUE,
T5,5,4.183,MYOPIC,2,2,3.823,0.36,71.17507439505117,PRESERVING,3.463,1,CONTINUE,
T5,5,4.183,MYOPIC,3,1,3.463,0.36,98.93274919722856,PRESERVING,3.103,0,TERMINAL_REACHED,
T5,5,4.184,MYOPIC,1,3,4.184,0.36,52.86055925764199,PRESERVING,3.824,2,CONTINUE,
T5,5,4.184,MYOPIC,2,2,3.824,0.36,71.11345095743972,PRESERVING,3.464,1,CONTINUE,
T5,5,4.184,MYOPIC,3,1,3.464,0.36,98.83716200654949,PRESERVING,3.104,0,TERMINAL_REACHED,
T5,5,4.185,MYOPIC,1,3,4.185,0.36,52.81911083355733,PRESERVING,3.825,2,CONTINUE,
T5,5,4.185,MYOPIC,2,2,3.825,0.36,71.05189863746628,PRESERVING,3.465,1,CONTINUE,
T5,5,4.185,MYOPIC,3,1,3.465,0.36,98.74169791591217,PRESERVING,3.105,0,TERMINAL_REACHED,
T5,5,4.186,MYOPIC,1,3,4.186,0.36,52.777705731575345,PRESERVING,3.826,2,CONTINUE,
T5,5,4.186,MYOPIC,2,2,3.826,0.36,70.99041733256718,PRESERVING,3.466,1,CONTINUE,
T5,5,4.186,MYOPIC,3,1,3.466,0.361,99.07482056913435,PRESERVING,3.105,0,TERMINAL_REACHED,
T5,5,4.187,MYOPIC,1,3,4.187,0.36,52.73634389511021,PRESERVING,3.827,2,CONTINUE,
T5,5,4.187,MYOPIC,2,2,3.827,0.36,70.92900694035627,PRESERVING,3.467,1,CONTINUE,
T5,5,4.187,MYOPIC,3,1,3.467,0.362,99.40817629825438,PRESERVING,3.105,0,TERMINAL_REACHED,
T5,5,4.188,MYOPIC,1,3,4.188,0.36,52.69502526766479,PRESERVING,3.828,2,CONTINUE,
T5,5,4.188,MYOPIC,2,2,3.828,0.36,70.86766735862443,PRESERVING,3.468,1,CONTINUE,
T5,5,4.188,MYOPIC,3,1,3.468,0.363,99.74176471194103,PRESERVING,3.105,0,TERMINAL_REACHED,
T5,5,4.189,MYOPIC,1,3,4.189,0.36,52.65374979283043,PRESERVING,3.829,2,CONTINUE,
T5,5,4.189,MYOPIC,2,2,3.829,0.36,70.80639848533926,DESTROYING,3.469,1,CONTINUE,
T5,5,4.189,MYOPIC,3,1,3.469,,,,,1,NO_LOCALLY_FEASIBLE_ACTION,
T5,5,4.19,MYOPIC,1,3,4.19,0.36,52.612517414286856,PRESERVING,3.83,2,CONTINUE,
T5,5,4.19,MYOPIC,2,2,3.83,0.36,70.7452002186447,DESTROYING,3.47,1,CONTINUE,
T5,5,4.19,MYOPIC,3,1,3.47,,,,,1,NO_LOCALLY_FEASIBLE_ACTION,
T5,5,4.191,MYOPIC,1,3,4.191,0.36,52.571328075801944,PRESERVING,3.831,2,CONTINUE,
T5,5,4.191,MYOPIC,2,2,3.831,0.36,70.68407245686083,DESTROYING,3.471,1,CONTINUE,
T5,5,4.191,MYOPIC,3,1,3.471,,,,,1,NO_LOCALLY_FEASIBLE_ACTION,
T5,5,4.192,MYOPIC,1,3,4.192,0.36,52.530181721231614,PRESERVING,3.832,2,CONTINUE,
T5,5,4.192,MYOPIC,2,2,3.832,0.36,70.62301509848332,DESTROYING,3.472,1,CONTINUE,
T5,5,4.192,MYOPIC,3,1,3.472,,,,,1,NO_LOCALLY_FEASIBLE_ACTION,
T5,5,4.193,MYOPIC,1,3,4.193,0.36,52.48907829451962,PRESERVING,3.833,2,CONTINUE,
T5,5,4.193,MYOPIC,2,2,3.833,0.36,70.56202804218312,DESTROYING,3.473,1,CONTINUE,
T5,5,4.193,MYOPIC,3,1,3.473,,,,,1,NO_LOCALLY_FEASIBLE_ACTION,
T5,5,4.194,MYOPIC,1,3,4.194,0.36,52.44801773969748,PRESERVING,3.834,2,CONTINUE,
T5,5,4.194,MYOPIC,2,2,3.834,0.36,70.50111118680618,DESTROYING,3.474,1,CONTINUE,
T5,5,4.194,MYOPIC,3,1,3.474,,,,,1,NO_LOCALLY_FEASIBLE_ACTION,
T5,5,4.195,MYOPIC,1,3,4.195,0.36,52.4070000008842,PRESERVING,3.835,2,CONTINUE,
T5,5,4.195,MYOPIC,2,2,3.835,0.36,70.44026443137308,DESTROYING,3.475,1,CONTINUE,
T5,5,4.195,MYOPIC,3,1,3.475,,,,,1,NO_LOCALLY_FEASIBLE_ACTION,
T5,5,4.196,MYOPIC,1,3,4.196,0.36,52.36602502228619,PRESERVING,3.836,2,CONTINUE,
T5,5,4.196,MYOPIC,2,2,3.836,0.36,70.3794876750786,DESTROYING,3.476,1,CONTINUE,
T5,5,4.196,MYOPIC,3,1,3.476,,,,,1,NO_LOCALLY_FEASIBLE_ACTION,
T5,5,4.197,MYOPIC,1,3,4.197,0.36,52.325092748197044,PRESERVING,3.837,2,CONTINUE,
T5,5,4.197,MYOPIC,2,2,3.837,0.36,70.31878081729141,DESTROYING,3.477,1,CONTINUE,
T5,5,4.197,MYOPIC,3,1,3.477,,,,,1,NO_LOCALLY_FEASIBLE_ACTION,
T5,5,4.198,MYOPIC,1,3,4.198,0.36,52.284203122997496,PRESERVING,3.838,2,CONTINUE,
T5,5,4.198,MYOPIC,2,2,3.838,0.36,70.25814375755374,DESTROYING,3.478,1,CONTINUE,
T5,5,4.198,MYOPIC,3,1,3.478,,,,,1,NO_LOCALLY_FEASIBLE_ACTION,
T5,5,4.199,MYOPIC,1,3,4.199,0.36,52.24335609115513,PRESERVING,3.839,2,CONTINUE,
T5,5,4.199,MYOPIC,2,2,3.839,0.36,70.19757639558114,DESTROYING,3.479,1,CONTINUE,
T5,5,4.199,MYOPIC,3,1,3.479,,,,,1,NO_LOCALLY_FEASIBLE_ACTION,
T5,5,4.2,MYOPIC,1,3,4.2,0.36,52.20255159722428,PRESERVING,3.84,2,CONTINUE,
T5,5,4.2,MYOPIC,2,2,3.84,0.36,70.13707863126186,DESTROYING,3.48,1,CONTINUE,
T5,5,4.2,MYOPIC,3,1,3.48,,,,,1,NO_LOCALLY_FEASIBLE_ACTION,
T5,5,4.201,MYOPIC,1,3,4.201,0.36,52.16178958584585,PRESERVING,3.841,2,CONTINUE,
T5,5,4.201,MYOPIC,2,2,3.841,0.36,70.07665036465669,DESTROYING,3.481,1,CONTINUE,
T5,5,4.201,MYOPIC,3,1,3.481,,,,,1,NO_LOCALLY_FEASIBLE_ACTION,
T5,5,4.202,MYOPIC,1,3,4.202,0.36,52.12107000174724,PRESERVING,3.842,2,CONTINUE,
T5,5,4.202,MYOPIC,2,2,3.842,0.36,70.01629149599863,DESTROYING,3.482,1,CONTINUE,
T5,5,4.202,MYOPIC,3,1,3.482,,,,,1,NO_LOCALLY_FEASIBLE_ACTION,
T5,5,4.203,MYOPIC,1,3,4.203,0.36,52.0803927897421,PRESERVING,3.843,2,CONTINUE,
T5,5,4.203,MYOPIC,2,2,3.843,0.36,69.9560019256925,DESTROYING,3.483,1,CONTINUE,
T5,5,4.203,MYOPIC,3,1,3.483,,,,,1,NO_LOCALLY_FEASIBLE_ACTION,
T5,5,4.204,MYOPIC,1,3,4.204,0.36,52.03975789473015,PRESERVING,3.844,2,CONTINUE,
T5,5,4.204,MYOPIC,2,2,3.844,0.36,69.89578155431455,DESTROYING,3.484,1,CONTINUE,
T5,5,4.204,MYOPIC,3,1,3.484,,,,,1,NO_LOCALLY_FEASIBLE_ACTION,
T5,5,4.205,MYOPIC,1,3,4.205,0.36,51.99916526169709,PRESERVING,3.845,2,CONTINUE,
T5,5,4.205,MYOPIC,2,2,3.845,0.36,69.83563028261214,DESTROYING,3.485,1,CONTINUE,
T5,5,4.205,MYOPIC,3,1,3.485,,,,,1,NO_LOCALLY_FEASIBLE_ACTION,
T5,5,4.206,MYOPIC,1,3,4.206,0.36,51.95861483571447,PRESERVING,3.846,2,CONTINUE,
T5,5,4.206,MYOPIC,2,2,3.846,0.36,69.77554801150343,DESTROYING,3.486,1,CONTINUE,
T5,5,4.206,MYOPIC,3,1,3.486,,,,,1,NO_LOCALLY_FEASIBLE_ACTION,
T5,5,4.207,MYOPIC,1,3,4.207,0.36,51.91810656193943,PRESERVING,3.847,2,CONTINUE,
T5,5,4.207,MYOPIC,2,2,3.847,0.36,69.71553464207709,DESTROYING,3.487,1,CONTINUE,
T5,5,4.207,MYOPIC,3,1,3.487,,,,,1,NO_LOCALLY_FEASIBLE_ACTION,
T5,5,4.208,MYOPIC,1,3,4.208,0.36,51.87764038561463,PRESERVING,3.848,2,CONTINUE,
T5,5,4.208,MYOPIC,2,2,3.848,0.36,69.65559007559177,DESTROYING,3.488,1,CONTINUE,
T5,5,4.208,MYOPIC,3,1,3.488,,,,,1,NO_LOCALLY_FEASIBLE_ACTION,
T5,5,4.209,MYOPIC,1,3,4.209,0.36,51.83721625206807,PRESERVING,3.849,2,CONTINUE,
T5,5,4.209,MYOPIC,2,2,3.849,0.36,69.59571421347596,DESTROYING,3.489,1,CONTINUE,
T5,5,4.209,MYOPIC,3,1,3.489,,,,,1,NO_LOCALLY_FEASIBLE_ACTION,
T5,5,4.21,MYOPIC,1,3,4.21,0.36,51.79683410671292,PRESERVING,3.85,2,CONTINUE,
T5,5,4.21,MYOPIC,2,2,3.85,0.36,69.53590695732746,DESTROYING,3.49,1,CONTINUE,
T5,5,4.21,MYOPIC,3,1,3.49,,,,,1,NO_LOCALLY_FEASIBLE_ACTION,
T5,5,4.211,MYOPIC,1,3,4.211,0.36,51.756493895047356,PRESERVING,3.851,2,CONTINUE,
T5,5,4.211,MYOPIC,2,2,3.851,0.36,69.47616820891334,DESTROYING,3.491,1,CONTINUE,
T5,5,4.211,MYOPIC,3,1,3.491,,,,,1,NO_LOCALLY_FEASIBLE_ACTION,
T5,5,4.212,MYOPIC,1,3,4.212,0.36,51.71619556265447,PRESERVING,3.852,2,CONTINUE,
T5,5,4.212,MYOPIC,2,2,3.852,0.36,69.41649787016921,DESTROYING,3.492,1,CONTINUE,
T5,5,4.212,MYOPIC,3,1,3.492,,,,,1,NO_LOCALLY_FEASIBLE_ACTION,
T5,5,4.213,MYOPIC,1,3,4.213,0.36,51.675939055202036,PRESERVING,3.853,2,CONTINUE,
T5,5,4.213,MYOPIC,2,2,3.853,0.36,69.35689584319914,DESTROYING,3.493,1,CONTINUE,
T5,5,4.213,MYOPIC,3,1,3.493,,,,,1,NO_LOCALLY_FEASIBLE_ACTION,
T5,5,4.214,MYOPIC,1,3,4.214,0.36,51.63572431844241,PRESERVING,3.854,2,CONTINUE,
T5,5,4.214,MYOPIC,2,2,3.854,0.36,69.2973620302753,DESTROYING,3.494,1,CONTINUE,
T5,5,4.214,MYOPIC,3,1,3.494,,,,,1,NO_LOCALLY_FEASIBLE_ACTION,
T5,5,4.215,MYOPIC,1,3,4.215,0.36,51.59555129821238,PRESERVING,3.855,2,CONTINUE,
T5,5,4.215,MYOPIC,2,2,3.855,0.36,69.23789633383763,DESTROYING,3.495,1,CONTINUE,
T5,5,4.215,MYOPIC,3,1,3.495,,,,,1,NO_LOCALLY_FEASIBLE_ACTION,
T5,5,4.216,MYOPIC,1,3,4.216,0.36,51.55541994043291,PRESERVING,3.856,2,CONTINUE,
T5,5,4.216,MYOPIC,2,2,3.856,0.36,69.17849865649329,DESTROYING,3.496,1,CONTINUE,
T5,5,4.216,MYOPIC,3,1,3.496,,,,,1,NO_LOCALLY_FEASIBLE_ACTION,
T5,5,4.217,MYOPIC,1,3,4.217,0.36,51.515330191109136,PRESERVING,3.857,2,CONTINUE,
T5,5,4.217,MYOPIC,2,2,3.857,0.36,69.11916890101668,DESTROYING,3.497,1,CONTINUE,
T5,5,4.217,MYOPIC,3,1,3.497,,,,,1,NO_LOCALLY_FEASIBLE_ACTION,
T5,5,4.218,MYOPIC,1,3,4.218,0.36,51.475281996330175,PRESERVING,3.858,2,CONTINUE,
T5,5,4.218,MYOPIC,2,2,3.858,0.36,69.05990697034875,DESTROYING,3.498,1,CONTINUE,
T5,5,4.218,MYOPIC,3,1,3.498,,,,,1,NO_LOCALLY_FEASIBLE_ACTION,
T5,5,4.219,MYOPIC,1,3,4.219,0.36,51.43527530226886,PRESERVING,3.859,2,CONTINUE,
T5,5,4.219,MYOPIC,2,2,3.859,0.36,69.00071276759702,DESTROYING,3.499,1,CONTINUE,
T5,5,4.219,MYOPIC,3,1,3.499,,,,,1,NO_LOCALLY_FEASIBLE_ACTION,
T5,5,4.22,MYOPIC,1,3,4.22,0.36,51.39531005518171,PRESERVING,3.86,2,CONTINUE,
T5,5,4.22,MYOPIC,2,2,3.86,0.36,68.94158619603488,DESTROYING,3.5,1,CONTINUE,
T5,5,4.22,MYOPIC,3,1,3.5,,,,,1,NO_LOCALLY_FEASIBLE_ACTION,
T5,5,4.221,MYOPIC,1,3,4.221,0.36,51.35538620140876,PRESERVING,3.861,2,CONTINUE,
T5,5,4.221,MYOPIC,2,2,3.861,0.36,68.88252715910161,DESTROYING,3.501,1,CONTINUE,
T5,5,4.221,MYOPIC,3,1,3.501,,,,,1,NO_LOCALLY_FEASIBLE_ACTION,
T5,5,4.222,MYOPIC,1,3,4.222,0.36,51.315503687373365,PRESERVING,3.862,2,CONTINUE,
T5,5,4.222,MYOPIC,2,2,3.862,0.36,68.82353556040178,DESTROYING,3.502,1,CONTINUE,
T5,5,4.222,MYOPIC,3,1,3.502,,,,,1,NO_LOCALLY_FEASIBLE_ACTION,
T5,5,4.223,MYOPIC,1,3,4.223,0.36,51.275662459582094,PRESERVING,3.863,2,CONTINUE,
T5,5,4.223,MYOPIC,2,2,3.863,0.36,68.76461130370494,DESTROYING,3.503,1,CONTINUE,
T5,5,4.223,MYOPIC,3,1,3.503,,,,,1,NO_LOCALLY_FEASIBLE_ACTION,
T5,5,4.224,MYOPIC,1,3,4.224,0.36,51.2358624646245,PRESERVING,3.864,2,CONTINUE,
T5,5,4.224,MYOPIC,2,2,3.864,0.36,68.70575429294561,DESTROYING,3.504,1,CONTINUE,
T5,5,4.224,MYOPIC,3,1,3.504,,,,,1,NO_LOCALLY_FEASIBLE_ACTION,
T5,5,4.225,MYOPIC,1,3,4.225,0.36,51.196103649173104,PRESERVING,3.865,2,CONTINUE,
T5,5,4.225,MYOPIC,2,2,3.865,0.36,68.64696443222255,DESTROYING,3.505,1,CONTINUE,
T5,5,4.225,MYOPIC,3,1,3.505,,,,,1,NO_LOCALLY_FEASIBLE_ACTION,
T5,5,4.226,MYOPIC,1,3,4.226,0.36,51.15638595998316,PRESERVING,3.866,2,CONTINUE,
T5,5,4.226,MYOPIC,2,2,3.866,0.36,68.58824162579856,DESTROYING,3.506,1,CONTINUE,
T5,5,4.226,MYOPIC,3,1,3.506,,,,,1,NO_LOCALLY_FEASIBLE_ACTION,
T5,5,4.227,MYOPIC,1,3,4.227,0.36,51.11670934389245,PRESERVING,3.867,2,CONTINUE,
T5,5,4.227,MYOPIC,2,2,3.867,0.36,68.52958577810027,DESTROYING,3.507,1,CONTINUE,
T5,5,4.227,MYOPIC,3,1,3.507,,,,,1,NO_LOCALLY_FEASIBLE_ACTION,
T5,5,4.228,MYOPIC,1,3,4.228,0.36,51.077073747821274,PRESERVING,3.868,2,CONTINUE,
T5,5,4.228,MYOPIC,2,2,3.868,0.36,68.4709967937177,DESTROYING,3.508,1,CONTINUE,
T5,5,4.228,MYOPIC,3,1,3.508,,,,,1,NO_LOCALLY_FEASIBLE_ACTION,
T5,5,4.229,MYOPIC,1,3,4.229,0.36,51.03747911877214,PRESERVING,3.869,2,CONTINUE,
T5,5,4.229,MYOPIC,2,2,3.869,0.36,68.41247457740404,DESTROYING,3.509,1,CONTINUE,
T5,5,4.229,MYOPIC,3,1,3.509,,,,,1,NO_LOCALLY_FEASIBLE_ACTION,
T5,5,4.23,MYOPIC,1,3,4.23,0.36,50.99792540382983,PRESERVING,3.87,2,CONTINUE,
T5,5,4.23,MYOPIC,2,2,3.87,0.36,68.3540190340751,DESTROYING,3.51,1,CONTINUE,
T5,5,4.23,MYOPIC,3,1,3.51,,,,,1,NO_LOCALLY_FEASIBLE_ACTION,
T5,5,4.231,MYOPIC,1,3,4.231,0.36,50.958412550161015,PRESERVING,3.871,2,CONTINUE,
T5,5,4.231,MYOPIC,2,2,3.871,0.36,68.29563006880919,DESTROYING,3.511,1,CONTINUE,
T5,5,4.231,MYOPIC,3,1,3.511,,,,,1,NO_LOCALLY_FEASIBLE_ACTION,
T5,5,4.232,MYOPIC,1,3,4.232,0.36,50.918940505014255,PRESERVING,3.872,2,CONTINUE,
T5,5,4.232,MYOPIC,2,2,3.872,0.36,68.23730758684684,DESTROYING,3.512,1,CONTINUE,
T5,5,4.232,MYOPIC,3,1,3.512,,,,,1,NO_LOCALLY_FEASIBLE_ACTION,
T5,5,4.233,MYOPIC,1,3,4.233,0.36,50.87950921571976,PRESERVING,3.873,2,CONTINUE,
T5,5,4.233,MYOPIC,2,2,3.873,0.36,68.17905149359025,DESTROYING,3.513,1,CONTINUE,
T5,5,4.233,MYOPIC,3,1,3.513,,,,,1,NO_LOCALLY_FEASIBLE_ACTION,
T5,5,4.234,MYOPIC,1,3,4.234,0.36,50.84011862968941,PRESERVING,3.874,2,CONTINUE,
T5,5,4.234,MYOPIC,2,2,3.874,0.36,68.12086169460318,DESTROYING,3.514,1,CONTINUE,
T5,5,4.234,MYOPIC,3,1,3.514,,,,,1,NO_LOCALLY_FEASIBLE_ACTION,
T5,5,4.235,MYOPIC,1,3,4.235,0.36,50.80076869441637,PRESERVING,3.875,2,CONTINUE,
T5,5,4.235,MYOPIC,2,2,3.875,0.36,68.06273809561046,DESTROYING,3.515,1,CONTINUE,
T5,5,4.235,MYOPIC,3,1,3.515,,,,,1,NO_LOCALLY_FEASIBLE_ACTION,
T5,5,4.236,MYOPIC,1,3,4.236,0.36,50.761459357475125,PRESERVING,3.876,2,CONTINUE,
T5,5,4.236,MYOPIC,2,2,3.876,0.36,68.00468060249787,DESTROYING,3.516,1,CONTINUE,
T5,5,4.236,MYOPIC,3,1,3.516,,,,,1,NO_LOCALLY_FEASIBLE_ACTION,
T5,5,4.237,MYOPIC,1,3,4.237,0.36,50.72219056652126,PRESERVING,3.877,2,CONTINUE,
T5,5,4.237,MYOPIC,2,2,3.877,0.36,67.9466891213116,DESTROYING,3.517,1,CONTINUE,
T5,5,4.237,MYOPIC,3,1,3.517,,,,,1,NO_LOCALLY_FEASIBLE_ACTION,
T5,5,4.238,MYOPIC,1,3,4.238,0.36,50.68296226929129,PRESERVING,3.878,2,CONTINUE,
T5,5,4.238,MYOPIC,2,2,3.878,0.36,67.88876355825805,DESTROYING,3.518,1,CONTINUE,
T5,5,4.238,MYOPIC,3,1,3.518,,,,,1,NO_LOCALLY_FEASIBLE_ACTION,
T5,5,4.239,MYOPIC,1,3,4.239,0.36,50.64377441360266,PRESERVING,3.879,2,CONTINUE,
T5,5,4.239,MYOPIC,2,2,3.879,0.36,67.83090381970355,DESTROYING,3.519,1,CONTINUE,
T5,5,4.239,MYOPIC,3,1,3.519,,,,,1,NO_LOCALLY_FEASIBLE_ACTION,
T5,5,4.24,MYOPIC,1,3,4.24,0.36,50.604626947353346,PRESERVING,3.88,2,CONTINUE,
T5,5,4.24,MYOPIC,2,2,3.88,0.36,67.77310981217397,DESTROYING,3.52,1,CONTINUE,
T5,5,4.24,MYOPIC,3,1,3.52,,,,,1,NO_LOCALLY_FEASIBLE_ACTION,
T5,5,4.241,MYOPIC,1,3,4.241,0.36,50.56551981852196,PRESERVING,3.881,2,CONTINUE,
T5,5,4.241,MYOPIC,2,2,3.881,0.36,67.71538144235436,DESTROYING,3.521,1,CONTINUE,
T5,5,4.241,MYOPIC,3,1,3.521,,,,,1,NO_LOCALLY_FEASIBLE_ACTION,
T5,5,4.242,MYOPIC,1,3,4.242,0.36,50.526452975167395,PRESERVING,3.882,2,CONTINUE,
T5,5,4.242,MYOPIC,2,2,3.882,0.36,67.65771861708876,DESTROYING,3.522,1,CONTINUE,
T5,5,4.242,MYOPIC,3,1,3.522,,,,,1,NO_LOCALLY_FEASIBLE_ACTION,
T5,5,4.243,MYOPIC,1,3,4.243,0.36,50.487426365428945,PRESERVING,3.883,2,CONTINUE,
T5,5,4.243,MYOPIC,2,2,3.883,0.36,67.60012124337977,DESTROYING,3.523,1,CONTINUE,
T5,5,4.243,MYOPIC,3,1,3.523,,,,,1,NO_LOCALLY_FEASIBLE_ACTION,
T5,5,4.244,MYOPIC,1,3,4.244,0.36,50.44843993752582,PRESERVING,3.884,2,CONTINUE,
T5,5,4.244,MYOPIC,2,2,3.884,0.36,67.54258922838837,DESTROYING,3.524,1,CONTINUE,
T5,5,4.244,MYOPIC,3,1,3.524,,,,,1,NO_LOCALLY_FEASIBLE_ACTION,
T5,5,4.245,MYOPIC,1,3,4.245,0.36,50.40949363975729,PRESERVING,3.885,2,CONTINUE,
T5,5,4.245,MYOPIC,2,2,3.885,0.36,67.48512247943339,DESTROYING,3.525,1,CONTINUE,
T5,5,4.245,MYOPIC,3,1,3.525,,,,,1,NO_LOCALLY_FEASIBLE_ACTION,
T5,5,4.246,MYOPIC,1,3,4.246,0.36,50.37058742050237,PRESERVING,3.886,2,CONTINUE,
T5,5,4.246,MYOPIC,2,2,3.886,0.36,67.42772090399144,DESTROYING,3.526,1,CONTINUE,
T5,5,4.246,MYOPIC,3,1,3.526,,,,,1,NO_LOCALLY_FEASIBLE_ACTION,
T5,5,4.247,MYOPIC,1,3,4.247,0.36,50.3317212282198,PRESERVING,3.887,2,CONTINUE,
T5,5,4.247,MYOPIC,2,2,3.887,0.36,67.37038440969644,DESTROYING,3.527,1,CONTINUE,
T5,5,4.247,MYOPIC,3,1,3.527,,,,,1,NO_LOCALLY_FEASIBLE_ACTION,
T5,5,4.248,MYOPIC,1,3,4.248,0.36,50.29289501144779,PRESERVING,3.888,2,CONTINUE,
T5,5,4.248,MYOPIC,2,2,3.888,0.36,67.3131129043393,DESTROYING,3.528,1,CONTINUE,
T5,5,4.248,MYOPIC,3,1,3.528,,,,,1,NO_LOCALLY_FEASIBLE_ACTION,
T5,5,4.249,MYOPIC,1,3,4.249,0.36,50.25410871880395,PRESERVING,3.889,2,CONTINUE,
T5,5,4.249,MYOPIC,2,2,3.889,0.36,67.25590629586777,DESTROYING,3.529,1,CONTINUE,
T5,5,4.249,MYOPIC,3,1,3.529,,,,,1,NO_LOCALLY_FEASIBLE_ACTION,
T5,5,4.25,MYOPIC,1,3,4.25,0.36,50.215362298985056,PRESERVING,3.89,2,CONTINUE,
T5,5,4.25,MYOPIC,2,2,3.89,0.36,67.19876449238593,DESTROYING,3.53,1,CONTINUE,
T5,5,4.25,MYOPIC,3,1,3.53,,,,,1,NO_LOCALLY_FEASIBLE_ACTION,
T5,5,4.251,MYOPIC,1,3,4.251,0.36,50.17665570076711,PRESERVING,3.891,2,CONTINUE,
T5,5,4.251,MYOPIC,2,2,3.891,0.36,67.14168740215395,DESTROYING,3.531,1,CONTINUE,
T5,5,4.251,MYOPIC,3,1,3.531,,,,,1,NO_LOCALLY_FEASIBLE_ACTION,
T5,5,4.252,MYOPIC,1,3,4.252,0.36,50.13798887300495,PRESERVING,3.892,2,CONTINUE,
T5,5,4.252,MYOPIC,2,2,3.892,0.36,67.08467493358792,DESTROYING,3.532,1,CONTINUE,
T5,5,4.252,MYOPIC,3,1,3.532,,,,,1,NO_LOCALLY_FEASIBLE_ACTION,
T5,5,4.253,MYOPIC,1,3,4.253,0.36,50.09936176463223,PRESERVING,3.893,2,CONTINUE,
T5,5,4.253,MYOPIC,2,2,3.893,0.36,67.02772699525933,DESTROYING,3.533,1,CONTINUE,
T5,5,4.253,MYOPIC,3,1,3.533,,,,,1,NO_LOCALLY_FEASIBLE_ACTION,
T5,5,4.254,MYOPIC,1,3,4.254,0.36,50.06077432466129,PRESERVING,3.894,2,CONTINUE,
T5,5,4.254,MYOPIC,2,2,3.894,0.36,66.97084349589481,DESTROYING,3.534,1,CONTINUE,
T5,5,4.254,MYOPIC,3,1,3.534,,,,,1,NO_LOCALLY_FEASIBLE_ACTION,
T5,5,4.255,MYOPIC,1,3,4.255,0.36,50.02222650218303,PRESERVING,3.895,2,CONTINUE,
T5,5,4.255,MYOPIC,2,2,3.895,0.36,66.91402434437595,DESTROYING,3.535,1,CONTINUE,
T5,5,4.255,MYOPIC,3,1,3.535,,,,,1,NO_LOCALLY_FEASIBLE_ACTION,
T5,5,4.256,MYOPIC,1,3,4.256,0.36,49.983718246366685,PRESERVING,3.896,2,CONTINUE,
T5,5,4.256,MYOPIC,2,2,3.896,0.36,66.85726944973891,DESTROYING,3.536,1,CONTINUE,
T5,5,4.256,MYOPIC,3,1,3.536,,,,,1,NO_LOCALLY_FEASIBLE_ACTION,
T5,5,4.257,MYOPIC,1,3,4.257,0.36,49.94524950645972,PRESERVING,3.897,2,CONTINUE,
T5,5,4.257,MYOPIC,2,2,3.897,0.36,66.80057872117408,DESTROYING,3.537,1,CONTINUE,
T5,5,4.257,MYOPIC,3,1,3.537,,,,,1,NO_LOCALLY_FEASIBLE_ACTION,
T5,5,4.258,MYOPIC,1,3,4.258,0.36,49.906820231787734,PRESERVING,3.898,2,CONTINUE,
T5,5,4.258,MYOPIC,2,2,3.898,0.36,66.74395206802579,DESTROYING,3.538,1,CONTINUE,
T5,5,4.258,MYOPIC,3,1,3.538,,,,,1,NO_LOCALLY_FEASIBLE_ACTION,
T5,5,4.259,MYOPIC,1,3,4.259,0.36,49.86843037175427,PRESERVING,3.899,2,CONTINUE,
T5,5,4.259,MYOPIC,2,2,3.899,0.36,66.68738939979204,DESTROYING,3.539,1,CONTINUE,
T5,5,4.259,MYOPIC,3,1,3.539,,,,,1,NO_LOCALLY_FEASIBLE_ACTION,
T5,5,4.26,MYOPIC,1,3,4.26,0.36,49.83007987584073,PRESERVING,3.9,2,CONTINUE,
T5,5,4.26,MYOPIC,2,2,3.9,0.36,66.63089062612418,DESTROYING,3.54,1,CONTINUE,
T5,5,4.26,MYOPIC,3,1,3.54,,,,,1,NO_LOCALLY_FEASIBLE_ACTION,
T5,5,4.261,MYOPIC,1,3,4.261,0.36,49.79176869360613,PRESERVING,3.901,2,CONTINUE,
T5,5,4.261,MYOPIC,2,2,3.901,0.36,66.57445565682667,DESTROYING,3.541,1,CONTINUE,
T5,5,4.261,MYOPIC,3,1,3.541,,,,,1,NO_LOCALLY_FEASIBLE_ACTION,
T5,5,4.262,MYOPIC,1,3,4.262,0.36,49.75349677468705,PRESERVING,3.902,2,CONTINUE,
T5,5,4.262,MYOPIC,2,2,3.902,0.36,66.51808440185664,DESTROYING,3.542,1,CONTINUE,
T5,5,4.262,MYOPIC,3,1,3.542,,,,,1,NO_LOCALLY_FEASIBLE_ACTION,
T5,5,4.263,MYOPIC,1,3,4.263,0.36,49.71526406879751,PRESERVING,3.903,2,CONTINUE,
T5,5,4.263,MYOPIC,2,2,3.903,0.36,66.4617767713236,DESTROYING,3.543,1,CONTINUE,
T5,5,4.263,MYOPIC,3,1,3.543,,,,,1,NO_LOCALLY_FEASIBLE_ACTION,
T5,5,4.264,MYOPIC,1,3,4.264,0.36,49.67707052572877,PRESERVING,3.904,2,CONTINUE,
T5,5,4.264,MYOPIC,2,2,3.904,0.36,66.40553267548937,DESTROYING,3.544,1,CONTINUE,
T5,5,4.264,MYOPIC,3,1,3.544,,,,,1,NO_LOCALLY_FEASIBLE_ACTION,
T5,5,4.265,MYOPIC,1,3,4.265,0.36,49.638916095349224,PRESERVING,3.905,2,CONTINUE,
T5,5,4.265,MYOPIC,2,2,3.905,0.36,66.34935202476751,DESTROYING,3.545,1,CONTINUE,
T5,5,4.265,MYOPIC,3,1,3.545,,,,,1,NO_LOCALLY_FEASIBLE_ACTION,
T5,5,4.266,MYOPIC,1,3,4.266,0.36,49.60080072760419,PRESERVING,3.906,2,CONTINUE,
T5,5,4.266,MYOPIC,2,2,3.906,0.36,66.29323472972312,DESTROYING,3.546,1,CONTINUE,
T5,5,4.266,MYOPIC,3,1,3.546,,,,,1,NO_LOCALLY_FEASIBLE_ACTION,
T5,5,4.267,MYOPIC,1,3,4.267,0.36,49.56272437251595,PRESERVING,3.907,2,CONTINUE,
T5,5,4.267,MYOPIC,2,2,3.907,0.36,66.23718070107255,DESTROYING,3.547,1,CONTINUE,
T5,5,4.267,MYOPIC,3,1,3.547,,,,,1,NO_LOCALLY_FEASIBLE_ACTION,
T5,5,4.268,MYOPIC,1,3,4.268,0.36,49.52468698018341,PRESERVING,3.908,2,CONTINUE,
T5,5,4.268,MYOPIC,2,2,3.908,0.36,66.18118984968311,DESTROYING,3.548,1,CONTINUE,
T5,5,4.268,MYOPIC,3,1,3.548,,,,,1,NO_LOCALLY_FEASIBLE_ACTION,
T5,5,4.269,MYOPIC,1,3,4.269,0.36,49.48668850078208,PRESERVING,3.909,2,CONTINUE,
T5,5,4.269,MYOPIC,2,2,3.909,0.36,66.12526208657277,DESTROYING,3.549,1,CONTINUE,
T5,5,4.269,MYOPIC,3,1,3.549,,,,,1,NO_LOCALLY_FEASIBLE_ACTION,
T5,5,4.27,MYOPIC,1,3,4.27,0.36,49.4487288845639,PRESERVING,3.91,2,CONTINUE,
T5,5,4.27,MYOPIC,2,2,3.91,0.36,66.06939732290982,DESTROYING,3.55,1,CONTINUE,
T5,5,4.27,MYOPIC,3,1,3.55,,,,,1,NO_LOCALLY_FEASIBLE_ACTION,
T5,5,4.271,MYOPIC,1,3,4.271,0.36,49.41080808185711,PRESERVING,3.911,2,CONTINUE,
T5,5,4.271,MYOPIC,2,2,3.911,0.36,66.01359547001255,DESTROYING,3.551,1,CONTINUE,
T5,5,4.271,MYOPIC,3,1,3.551,,,,,1,NO_LOCALLY_FEASIBLE_ACTION,
T5,5,4.272,MYOPIC,1,3,4.272,0.36,49.37292604306616,PRESERVING,3.912,2,CONTINUE,
T5,5,4.272,MYOPIC,2,2,3.912,0.36,65.95785643934917,DESTROYING,3.552,1,CONTINUE,
T5,5,4.272,MYOPIC,3,1,3.552,,,,,1,NO_LOCALLY_FEASIBLE_ACTION,
T5,5,4.273,MYOPIC,1,3,4.273,0.36,49.335082718671444,PRESERVING,3.913,2,CONTINUE,
T5,5,4.273,MYOPIC,2,2,3.913,0.36,65.9021801425372,DESTROYING,3.553,1,CONTINUE,
T5,5,4.273,MYOPIC,3,1,3.553,,,,,1,NO_LOCALLY_FEASIBLE_ACTION,
T5,5,4.274,MYOPIC,1,3,4.274,0.36,49.29727805922929,PRESERVING,3.914,2,CONTINUE,
T5,5,4.274,MYOPIC,2,2,3.914,0.36,65.84656649134338,DESTROYING,3.554,1,CONTINUE,
T5,5,4.274,MYOPIC,3,1,3.554,,,,,1,NO_LOCALLY_FEASIBLE_ACTION,
T5,5,4.275,MYOPIC,1,3,4.275,0.36,49.25951201537183,PRESERVING,3.915,2,CONTINUE,
T5,5,4.275,MYOPIC,2,2,3.915,0.36,65.79101539768331,DESTROYING,3.555,1,CONTINUE,
T5,5,4.275,MYOPIC,3,1,3.555,,,,,1,NO_LOCALLY_FEASIBLE_ACTION,
T5,5,4.276,MYOPIC,1,3,4.276,0.36,49.221784537806734,PRESERVING,3.916,2,CONTINUE,
T5,5,4.276,MYOPIC,2,2,3.916,0.36,65.73552677362127,DESTROYING,3.556,1,CONTINUE,
T5,5,4.276,MYOPIC,3,1,3.556,,,,,1,NO_LOCALLY_FEASIBLE_ACTION,
T5,5,4.277,MYOPIC,1,3,4.277,0.36,49.18409557731721,PRESERVING,3.917,2,CONTINUE,
T5,5,4.277,MYOPIC,2,2,3.917,0.36,65.68010053136966,DESTROYING,3.557,1,CONTINUE,
T5,5,4.277,MYOPIC,3,1,3.557,,,,,1,NO_LOCALLY_FEASIBLE_ACTION,
T5,5,4.278,MYOPIC,1,3,4.278,0.36,49.14644508476175,PRESERVING,3.918,2,CONTINUE,
T5,5,4.278,MYOPIC,2,2,3.918,0.36,65.62473658328904,DESTROYING,3.558,1,CONTINUE,
T5,5,4.278,MYOPIC,3,1,3.558,,,,,1,NO_LOCALLY_FEASIBLE_ACTION,
T5,5,4.279,MYOPIC,1,3,4.279,0.36,49.108833011074196,PRESERVING,3.919,2,CONTINUE,
T5,5,4.279,MYOPIC,2,2,3.919,0.36,65.56943484188749,DESTROYING,3.559,1,CONTINUE,
T5,5,4.279,MYOPIC,3,1,3.559,,,,,1,NO_LOCALLY_FEASIBLE_ACTION,
T5,5,4.28,MYOPIC,1,3,4.28,0.36,49.071259307263354,PRESERVING,3.92,2,CONTINUE,
T5,5,4.28,MYOPIC,2,2,3.92,0.36,65.51419521982075,DESTROYING,3.56,1,CONTINUE,
T5,5,4.28,MYOPIC,3,1,3.56,,,,,1,NO_LOCALLY_FEASIBLE_ACTION,
T5,5,4.281,MYOPIC,1,3,4.281,0.36,49.03372392441303,PRESERVING,3.921,2,CONTINUE,
T5,5,4.281,MYOPIC,2,2,3.921,0.36,65.4590176298915,DESTROYING,3.561,1,CONTINUE,
T5,5,4.281,MYOPIC,3,1,3.561,,,,,1,NO_LOCALLY_FEASIBLE_ACTION,
T5,5,4.282,MYOPIC,1,3,4.282,0.36,48.99622681368178,PRESERVING,3.922,2,CONTINUE,
T5,5,4.282,MYOPIC,2,2,3.922,0.36,65.4039019850493,DESTROYING,3.562,1,CONTINUE,
T5,5,4.282,MYOPIC,3,1,3.562,,,,,1,NO_LOCALLY_FEASIBLE_ACTION,
T5,5,4.283,MYOPIC,1,3,4.283,0.36,48.958767926302954,PRESERVING,3.923,2,CONTINUE,
T5,5,4.283,MYOPIC,2,2,3.923,0.36,65.34884819839029,DESTROYING,3.563,1,CONTINUE,
T5,5,4.283,MYOPIC,3,1,3.563,,,,,1,NO_LOCALLY_FEASIBLE_ACTION,
T5,5,4.284,MYOPIC,1,3,4.284,0.36,48.92134721358435,PRESERVING,3.924,2,CONTINUE,
T5,5,4.284,MYOPIC,2,2,3.924,0.36,65.29385618315686,DESTROYING,3.564,1,CONTINUE,
T5,5,4.284,MYOPIC,3,1,3.564,,,,,1,NO_LOCALLY_FEASIBLE_ACTION,
T5,5,4.285,MYOPIC,1,3,4.285,0.36,48.88396462690824,PRESERVING,3.925,2,CONTINUE,
T5,5,4.285,MYOPIC,2,2,3.925,0.36,65.23892585273738,DESTROYING,3.565,1,CONTINUE,
T5,5,4.285,MYOPIC,3,1,3.565,,,,,1,NO_LOCALLY_FEASIBLE_ACTION,
T5,5,4.286,MYOPIC,1,3,4.286,0.36,48.84662011773112,PRESERVING,3.926,2,CONTINUE,
T5,5,4.286,MYOPIC,2,2,3.926,0.36,65.1840571206659,DESTROYING,3.566,1,CONTINUE,
T5,5,4.286,MYOPIC,3,1,3.566,,,,,1,NO_LOCALLY_FEASIBLE_ACTION,
T5,5,4.287,MYOPIC,1,3,4.287,0.36,48.80931363758369,PRESERVING,3.927,2,CONTINUE,
T5,5,4.287,MYOPIC,2,2,3.927,0.36,65.12924990062183,DESTROYING,3.567,1,CONTINUE,
T5,5,4.287,MYOPIC,3,1,3.567,,,,,1,NO_LOCALLY_FEASIBLE_ACTION,
T5,5,4.288,MYOPIC,1,3,4.288,0.36,48.77204513807068,PRESERVING,3.928,2,CONTINUE,
T5,5,4.288,MYOPIC,2,2,3.928,0.36,65.0745041064298,DESTROYING,3.568,1,CONTINUE,
T5,5,4.288,MYOPIC,3,1,3.568,,,,,1,NO_LOCALLY_FEASIBLE_ACTION,
T5,5,4.289,MYOPIC,1,3,4.289,0.36,48.73481457087064,PRESERVING,3.929,2,CONTINUE,
T5,5,4.289,MYOPIC,2,2,3.929,0.36,65.01981965205917,DESTROYING,3.569,1,CONTINUE,
T5,5,4.289,MYOPIC,3,1,3.569,,,,,1,NO_LOCALLY_FEASIBLE_ACTION,
T5,5,4.29,MYOPIC,1,3,4.29,0.36,48.69762188773589,PRESERVING,3.93,2,CONTINUE,
T5,5,4.29,MYOPIC,2,2,3.93,0.36,64.96519645162391,DESTROYING,3.57,1,CONTINUE,
T5,5,4.29,MYOPIC,3,1,3.57,,,,,1,NO_LOCALLY_FEASIBLE_ACTION,
T5,5,4.291,MYOPIC,1,3,4.291,0.36,48.660467040492456,PRESERVING,3.931,2,CONTINUE,
T5,5,4.291,MYOPIC,2,2,3.931,0.36,64.91063441938222,DESTROYING,3.571,1,CONTINUE,
T5,5,4.291,MYOPIC,3,1,3.571,,,,,1,NO_LOCALLY_FEASIBLE_ACTION,
T5,5,4.292,MYOPIC,1,3,4.292,0.36,48.62334998103975,PRESERVING,3.932,2,CONTINUE,
T5,5,4.292,MYOPIC,2,2,3.932,0.36,64.85613346973629,DESTROYING,3.572,1,CONTINUE,
T5,5,4.292,MYOPIC,3,1,3.572,,,,,1,NO_LOCALLY_FEASIBLE_ACTION,
T5,5,4.293,MYOPIC,1,3,4.293,0.36,48.586270661350575,PRESERVING,3.933,2,CONTINUE,
T5,5,4.293,MYOPIC,2,2,3.933,0.36,64.80169351723207,DESTROYING,3.573,1,CONTINUE,
T5,5,4.293,MYOPIC,3,1,3.573,,,,,1,NO_LOCALLY_FEASIBLE_ACTION,
T5,5,4.294,MYOPIC,1,3,4.294,0.36,48.549229033471015,PRESERVING,3.934,2,CONTINUE,
T5,5,4.294,MYOPIC,2,2,3.934,0.36,64.74731447655883,DESTROYING,3.574,1,CONTINUE,
T5,5,4.294,MYOPIC,3,1,3.574,,,,,1,NO_LOCALLY_FEASIBLE_ACTION,
T5,5,4.295,MYOPIC,1,3,4.295,0.36,48.51222504952019,PRESERVING,3.935,2,CONTINUE,
T5,5,4.295,MYOPIC,2,2,3.935,0.36,64.69299626254904,DESTROYING,3.575,1,CONTINUE,
T5,5,4.295,MYOPIC,3,1,3.575,,,,,1,NO_LOCALLY_FEASIBLE_ACTION,
T5,5,4.296,MYOPIC,1,3,4.296,0.36,48.47525866169025,PRESERVING,3.936,2,CONTINUE,
T5,5,4.296,MYOPIC,2,2,3.936,0.36,64.63873879017802,DESTROYING,3.576,1,CONTINUE,
T5,5,4.296,MYOPIC,3,1,3.576,,,,,1,NO_LOCALLY_FEASIBLE_ACTION,
T5,5,4.297,MYOPIC,1,3,4.297,0.36,48.43832982224611,PRESERVING,3.937,2,CONTINUE,
T5,5,4.297,MYOPIC,2,2,3.937,0.36,64.58454197456369,DESTROYING,3.577,1,CONTINUE,
T5,5,4.297,MYOPIC,3,1,3.577,,,,,1,NO_LOCALLY_FEASIBLE_ACTION,
T5,5,4.298,MYOPIC,1,3,4.298,0.36,48.40143848352548,PRESERVING,3.938,2,CONTINUE,
T5,5,4.298,MYOPIC,2,2,3.938,0.36,64.53040573096621,DESTROYING,3.578,1,CONTINUE,
T5,5,4.298,MYOPIC,3,1,3.578,,,,,1,NO_LOCALLY_FEASIBLE_ACTION,
T5,5,4.299,MYOPIC,1,3,4.299,0.36,48.364584597938595,PRESERVING,3.939,2,CONTINUE,
T5,5,4.299,MYOPIC,2,2,3.939,0.36,64.47632997478777,DESTROYING,3.579,1,CONTINUE,
T5,5,4.299,MYOPIC,3,1,3.579,,,,,1,NO_LOCALLY_FEASIBLE_ACTION,
T5,5,4.3,MYOPIC,1,3,4.3,0.36,48.32776811796816,PRESERVING,3.94,2,CONTINUE,
T5,5,4.3,MYOPIC,2,2,3.94,0.36,64.42231462157241,DESTROYING,3.58,1,CONTINUE,
T5,5,4.3,MYOPIC,3,1,3.58,,,,,1,NO_LOCALLY_FEASIBLE_ACTION,
T5,5,4.301,MYOPIC,1,3,4.301,0.36,48.29098899616919,PRESERVING,3.941,2,CONTINUE,
T5,5,4.301,MYOPIC,2,2,3.941,0.36,64.36835958700551,DESTROYING,3.581,1,CONTINUE,
T5,5,4.301,MYOPIC,3,1,3.581,,,,,1,NO_LOCALLY_FEASIBLE_ACTION,
T5,5,4.302,MYOPIC,1,3,4.302,0.36,48.254247185168936,PRESERVING,3.942,2,CONTINUE,
T5,5,4.302,MYOPIC,2,2,3.942,0.36,64.31446478691372,DESTROYING,3.582,1,CONTINUE,
T5,5,4.302,MYOPIC,3,1,3.582,,,,,1,NO_LOCALLY_FEASIBLE_ACTION,
T5,5,4.303,MYOPIC,1,3,4.303,0.36,48.217542637666696,PRESERVING,3.943,2,CONTINUE,
T5,5,4.303,MYOPIC,2,2,3.943,0.36,64.26063013726453,DESTROYING,3.583,1,CONTINUE,
T5,5,4.303,MYOPIC,3,1,3.583,,,,,1,NO_LOCALLY_FEASIBLE_ACTION,
T5,5,4.304,MYOPIC,1,3,4.304,0.36,48.1808753064337,PRESERVING,3.944,2,CONTINUE,
T5,5,4.304,MYOPIC,2,2,3.944,0.36,64.20685555416615,DESTROYING,3.584,1,CONTINUE,
T5,5,4.304,MYOPIC,3,1,3.584,,,,,1,NO_LOCALLY_FEASIBLE_ACTION,
T5,5,4.305,MYOPIC,1,3,4.305,0.36,48.144245144312976,PRESERVING,3.945,2,CONTINUE,
T5,5,4.305,MYOPIC,2,2,3.945,0.36,64.15314095386712,DESTROYING,3.585,1,CONTINUE,
T5,5,4.305,MYOPIC,3,1,3.585,,,,,1,NO_LOCALLY_FEASIBLE_ACTION,
T5,5,4.306,MYOPIC,1,3,4.306,0.36,48.10765210421926,DESTROYING,3.946,2,CONTINUE,
T5,5,4.306,MYOPIC,2,2,3.946,0.36,64.09948625275607,DESTROYING,3.586,1,CONTINUE,
T5,5,4.306,MYOPIC,3,1,3.586,,,,,1,NO_LOCALLY_FEASIBLE_ACTION,
T5,5,4.307,MYOPIC,1,3,4.307,0.36,48.071096139138874,DESTROYING,3.947,2,CONTINUE,
T5,5,4.307,MYOPIC,2,2,3.947,0.36,64.04589136736142,DESTROYING,3.587,1,CONTINUE,
T5,5,4.307,MYOPIC,3,1,3.587,,,,,1,NO_LOCALLY_FEASIBLE_ACTION,
T5,5,4.308,MYOPIC,1,3,4.308,0.36,48.03457720212951,DESTROYING,3.948,2,CONTINUE,
T5,5,4.308,MYOPIC,2,2,3.948,0.36,63.99235621435122,DESTROYING,3.588,1,CONTINUE,
T5,5,4.308,MYOPIC,3,1,3.588,,,,,1,NO_LOCALLY_FEASIBLE_ACTION,
T5,5,4.309,MYOPIC,1,3,4.309,0.36,47.9980952463202,DESTROYING,3.949,2,CONTINUE,
T5,5,4.309,MYOPIC,2,2,3.949,0.36,63.93888071053272,DESTROYING,3.589,1,CONTINUE,
T5,5,4.309,MYOPIC,3,1,3.589,,,,,1,NO_LOCALLY_FEASIBLE_ACTION,
T5,5,4.31,MYOPIC,1,3,4.31,0.36,47.96165022491113,DESTROYING,3.95,2,CONTINUE,
T5,5,4.31,MYOPIC,2,2,3.95,0.36,63.88546477285219,DESTROYING,3.59,1,CONTINUE,
T5,5,4.31,MYOPIC,3,1,3.59,,,,,1,NO_LOCALLY_FEASIBLE_ACTION,
T5,5,4.311,MYOPIC,1,3,4.311,0.36,47.92524209117362,DESTROYING,3.951,2,CONTINUE,
T5,5,4.311,MYOPIC,2,2,3.951,0.36,63.8321083183946,DESTROYING,3.591,1,CONTINUE,
T5,5,4.311,MYOPIC,3,1,3.591,,,,,1,NO_LOCALLY_FEASIBLE_ACTION,
T5,5,4.312,MYOPIC,1,3,4.312,0.36,47.88887079844982,DESTROYING,3.952,2,CONTINUE,
T5,5,4.312,MYOPIC,2,2,3.952,0.36,63.778811264383464,DESTROYING,3.592,1,CONTINUE,
T5,5,4.312,MYOPIC,3,1,3.592,,,,,1,NO_LOCALLY_FEASIBLE_ACTION,
T5,5,4.313,MYOPIC,1,3,4.313,0.36,47.85253630015269,DESTROYING,3.953,2,CONTINUE,
T5,5,4.313,MYOPIC,2,2,3.953,0.36,63.72557352818044,DESTROYING,3.593,1,CONTINUE,
T5,5,4.313,MYOPIC,3,1,3.593,,,,,1,NO_LOCALLY_FEASIBLE_ACTION,
T5,5,4.314,MYOPIC,1,3,4.314,0.36,47.81623854976592,DESTROYING,3.954,2,CONTINUE,
T5,5,4.314,MYOPIC,2,2,3.954,0.36,63.67239502728507,DESTROYING,3.594,1,CONTINUE,
T5,5,4.314,MYOPIC,3,1,3.594,,,,,1,NO_LOCALLY_FEASIBLE_ACTION,
T5,5,4.315,MYOPIC,1,3,4.315,0.36,47.779977500843714,DESTROYING,3.955,2,CONTINUE,
T5,5,4.315,MYOPIC,2,2,3.955,0.36,63.61927567933458,DESTROYING,3.595,1,CONTINUE,
T5,5,4.315,MYOPIC,3,1,3.595,,,,,1,NO_LOCALLY_FEASIBLE_ACTION,
T5,5,4.316,MYOPIC,1,3,4.316,0.36,47.74375310701071,DESTROYING,3.956,2,CONTINUE,
T5,5,4.316,MYOPIC,2,2,3.956,0.36,63.56621540210364,DESTROYING,3.596,1,CONTINUE,
T5,5,4.316,MYOPIC,3,1,3.596,,,,,1,NO_LOCALLY_FEASIBLE_ACTION,
T5,5,4.317,MYOPIC,1,3,4.317,0.36,47.70756532196184,DESTROYING,3.957,2,CONTINUE,
T5,5,4.317,MYOPIC,2,2,3.957,0.36,63.513214113503956,DESTROYING,3.597,1,CONTINUE,
T5,5,4.317,MYOPIC,3,1,3.597,,,,,1,NO_LOCALLY_FEASIBLE_ACTION,
T5,5,4.318,MYOPIC,1,3,4.318,0.36,47.67141409946222,DESTROYING,3.958,2,CONTINUE,
T5,5,4.318,MYOPIC,2,2,3.958,0.36,63.4602717315841,DESTROYING,3.598,1,CONTINUE,
T5,5,4.318,MYOPIC,3,1,3.598,,,,,1,NO_LOCALLY_FEASIBLE_ACTION,
T5,5,4.319,MYOPIC,1,3,4.319,0.36,47.635299393347026,DESTROYING,3.959,2,CONTINUE,
T5,5,4.319,MYOPIC,2,2,3.959,0.36,63.40738817452926,DESTROYING,3.599,1,CONTINUE,
T5,5,4.319,MYOPIC,3,1,3.599,,,,,1,NO_LOCALLY_FEASIBLE_ACTION,
T5,5,4.32,MYOPIC,1,3,4.32,0.36,47.599221157521356,DESTROYING,3.96,2,CONTINUE,
T5,5,4.32,MYOPIC,2,2,3.96,0.36,63.354563360660904,DESTROYING,3.6,1,CONTINUE,
T5,5,4.32,MYOPIC,3,1,3.6,,,,,1,NO_LOCALLY_FEASIBLE_ACTION,
T5,5,4.321,MYOPIC,1,3,4.321,0.36,47.5631793459601,DESTROYING,3.961,2,CONTINUE,
T5,5,4.321,MYOPIC,2,2,3.961,0.36,63.30179720843666,DESTROYING,3.601,1,CONTINUE,
T5,5,4.321,MYOPIC,3,1,3.601,,,,,1,NO_LOCALLY_FEASIBLE_ACTION,
T5,5,4.322,MYOPIC,1,3,4.322,0.36,47.52717391270784,DESTROYING,3.962,2,CONTINUE,
T5,5,4.322,MYOPIC,2,2,3.962,0.36,63.249089636449774,DESTROYING,3.602,1,CONTINUE,
T5,5,4.322,MYOPIC,3,1,3.602,,,,,1,NO_LOCALLY_FEASIBLE_ACTION,
T5,5,4.323,MYOPIC,1,3,4.323,0.36,47.49120481187877,DESTROYING,3.963,2,CONTINUE,
T5,5,4.323,MYOPIC,2,2,3.963,0.36,63.19644056342916,DESTROYING,3.603,1,CONTINUE,
T5,5,4.323,MYOPIC,3,1,3.603,,,,,1,NO_LOCALLY_FEASIBLE_ACTION,
T5,5,4.324,MYOPIC,1,3,4.324,0.36,47.4552719976564,DESTROYING,3.964,2,CONTINUE,
T5,5,4.324,MYOPIC,2,2,3.964,0.36,63.14384990823893,DESTROYING,3.604,1,CONTINUE,
T5,5,4.324,MYOPIC,3,1,3.604,,,,,1,NO_LOCALLY_FEASIBLE_ACTION,
T5,5,4.325,MYOPIC,1,3,4.325,0.36,47.419375424293655,DESTROYING,3.965,2,CONTINUE,
T5,5,4.325,MYOPIC,2,2,3.965,0.36,63.09131758987825,DESTROYING,3.605,1,CONTINUE,
T5,5,4.325,MYOPIC,3,1,3.605,,,,,1,NO_LOCALLY_FEASIBLE_ACTION,
T5,5,4.326,MYOPIC,1,3,4.326,0.36,47.383515046112606,DESTROYING,3.966,2,CONTINUE,
T5,5,4.326,MYOPIC,2,2,3.966,0.36,63.03884352748097,DESTROYING,3.606,1,CONTINUE,
T5,5,4.326,MYOPIC,3,1,3.606,,,,,1,NO_LOCALLY_FEASIBLE_ACTION,
T5,5,4.327,MYOPIC,1,3,4.327,0.36,47.34769081750445,DESTROYING,3.967,2,CONTINUE,
T5,5,4.327,MYOPIC,2,2,3.967,0.36,62.98642764031541,DESTROYING,3.607,1,CONTINUE,
T5,5,4.327,MYOPIC,3,1,3.607,,,,,1,NO_LOCALLY_FEASIBLE_ACTION,
T5,5,4.328,MYOPIC,1,3,4.328,0.36,47.31190269292926,DESTROYING,3.968,2,CONTINUE,
T5,5,4.328,MYOPIC,2,2,3.968,0.36,62.93406984778416,DESTROYING,3.608,1,CONTINUE,
T5,5,4.328,MYOPIC,3,1,3.608,,,,,1,NO_LOCALLY_FEASIBLE_ACTION,
T5,5,4.329,MYOPIC,1,3,4.329,0.36,47.27615062691596,DESTROYING,3.969,2,CONTINUE,
T5,5,4.329,MYOPIC,2,2,3.969,0.36,62.8817700694238,DESTROYING,3.609,1,CONTINUE,
T5,5,4.329,MYOPIC,3,1,3.609,,,,,1,NO_LOCALLY_FEASIBLE_ACTION,
T5,5,4.33,MYOPIC,1,3,4.33,0.36,47.24043457406218,DESTROYING,3.97,2,CONTINUE,
T5,5,4.33,MYOPIC,2,2,3.97,0.36,62.829528224904465,DESTROYING,3.61,1,CONTINUE,
T5,5,4.33,MYOPIC,3,1,3.61,,,,,1,NO_LOCALLY_FEASIBLE_ACTION,
T5,5,4.331,MYOPIC,1,3,4.331,0.36,47.20475448903415,DESTROYING,3.971,2,CONTINUE,
T5,5,4.331,MYOPIC,2,2,3.971,0.36,62.77734423402983,DESTROYING,3.611,1,CONTINUE,
T5,5,4.331,MYOPIC,3,1,3.611,,,,,1,NO_LOCALLY_FEASIBLE_ACTION,
T5,5,4.332,MYOPIC,1,3,4.332,0.36,47.16911032656655,DESTROYING,3.972,2,CONTINUE,
T5,5,4.332,MYOPIC,2,2,3.972,0.36,62.725218016736775,DESTROYING,3.612,1,CONTINUE,
T5,5,4.332,MYOPIC,3,1,3.612,,,,,1,NO_LOCALLY_FEASIBLE_ACTION,
T5,5,4.333,MYOPIC,1,3,4.333,0.36,47.13350204146242,DESTROYING,3.973,2,CONTINUE,
T5,5,4.333,MYOPIC,2,2,3.973,0.36,62.67314949309503,DESTROYING,3.613,1,CONTINUE,
T5,5,4.333,MYOPIC,3,1,3.613,,,,,1,NO_LOCALLY_FEASIBLE_ACTION,
T5,5,4.334,MYOPIC,1,3,4.334,0.36,47.09792958859292,DESTROYING,3.974,2,CONTINUE,
T5,5,4.334,MYOPIC,2,2,3.974,0.36,62.62113858330704,DESTROYING,3.614,1,CONTINUE,
T5,5,4.334,MYOPIC,3,1,3.614,,,,,1,NO_LOCALLY_FEASIBLE_ACTION,
T5,5,4.335,MYOPIC,1,3,4.335,0.36,47.0623929228975,DESTROYING,3.975,2,CONTINUE,
T5,5,4.335,MYOPIC,2,2,3.975,0.36,62.5691852077076,DESTROYING,3.615,1,CONTINUE,
T5,5,4.335,MYOPIC,3,1,3.615,,,,,1,NO_LOCALLY_FEASIBLE_ACTION,
T5,5,4.336,MYOPIC,1,3,4.336,0.36,47.02689199938347,DESTROYING,3.976,2,CONTINUE,
T5,5,4.336,MYOPIC,2,2,3.976,0.36,62.51728928676374,DESTROYING,3.616,1,CONTINUE,
T5,5,4.336,MYOPIC,3,1,3.616,,,,,1,NO_LOCALLY_FEASIBLE_ACTION,
T5,5,4.337,MYOPIC,1,3,4.337,0.36,46.99142677312595,DESTROYING,3.977,2,CONTINUE,
T5,5,4.337,MYOPIC,2,2,3.977,0.36,62.46545074107433,DESTROYING,3.617,1,CONTINUE,
T5,5,4.337,MYOPIC,3,1,3.617,,,,,1,NO_LOCALLY_FEASIBLE_ACTION,
T5,5,4.338,MYOPIC,1,3,4.338,0.36,46.955997199267934,DESTROYING,3.978,2,CONTINUE,
T5,5,4.338,MYOPIC,2,2,3.978,0.36,62.41366949136984,DESTROYING,3.618,1,CONTINUE,
T5,5,4.338,MYOPIC,3,1,3.618,,,,,1,NO_LOCALLY_FEASIBLE_ACTION,
T5,5,4.339,MYOPIC,1,3,4.339,0.36,46.92060323301997,DESTROYING,3.979,2,CONTINUE,
T5,5,4.339,MYOPIC,2,2,3.979,0.36,62.36194545851222,DESTROYING,3.619,1,CONTINUE,
T5,5,4.339,MYOPIC,3,1,3.619,,,,,1,NO_LOCALLY_FEASIBLE_ACTION,
T5,5,4.34,MYOPIC,1,3,4.34,0.36,46.8852448296601,DESTROYING,3.98,2,CONTINUE,
T5,5,4.34,MYOPIC,2,2,3.98,0.36,62.31027856349452,DESTROYING,3.62,1,CONTINUE,
T5,5,4.34,MYOPIC,3,1,3.62,,,,,1,NO_LOCALLY_FEASIBLE_ACTION,
T5,5,4.341,MYOPIC,1,3,4.341,0.36,46.84992194453378,DESTROYING,3.981,2,CONTINUE,
T5,5,4.341,MYOPIC,2,2,3.981,0.36,62.258668727440615,DESTROYING,3.621,1,CONTINUE,
T5,5,4.341,MYOPIC,3,1,3.621,,,,,1,NO_LOCALLY_FEASIBLE_ACTION,
T5,5,4.342,MYOPIC,1,3,4.342,0.36,46.81463453305372,DESTROYING,3.982,2,CONTINUE,
T5,5,4.342,MYOPIC,2,2,3.982,0.36,62.20711587160507,DESTROYING,3.622,1,CONTINUE,
T5,5,4.342,MYOPIC,3,1,3.622,,,,,1,NO_LOCALLY_FEASIBLE_ACTION,
T5,5,4.343,MYOPIC,1,3,4.343,0.36,46.77938255069979,DESTROYING,3.983,2,CONTINUE,
T5,5,4.343,MYOPIC,2,2,3.983,0.36,62.15561991737277,DESTROYING,3.623,1,CONTINUE,
T5,5,4.343,MYOPIC,3,1,3.623,,,,,1,NO_LOCALLY_FEASIBLE_ACTION,
T5,5,4.344,MYOPIC,1,3,4.344,0.36,46.74416595301893,DESTROYING,3.984,2,CONTINUE,
T5,5,4.344,MYOPIC,2,2,3.984,0.36,62.10418078625884,DESTROYING,3.624,1,CONTINUE,
T5,5,4.344,MYOPIC,3,1,3.624,,,,,1,NO_LOCALLY_FEASIBLE_ACTION,
T5,5,4.345,MYOPIC,1,3,4.345,0.36,46.70898469562487,DESTROYING,3.985,2,CONTINUE,
T5,5,4.345,MYOPIC,2,2,3.985,0.36,62.05279839990808,DESTROYING,3.625,1,CONTINUE,
T5,5,4.345,MYOPIC,3,1,3.625,,,,,1,NO_LOCALLY_FEASIBLE_ACTION,
T5,5,4.346,MYOPIC,1,3,4.346,0.36,46.67383873419824,DESTROYING,3.986,2,CONTINUE,
T5,5,4.346,MYOPIC,2,2,3.986,0.36,62.00147268009506,DESTROYING,3.626,1,CONTINUE,
T5,5,4.346,MYOPIC,3,1,3.626,,,,,1,NO_LOCALLY_FEASIBLE_ACTION,
T5,5,4.347,MYOPIC,1,3,4.347,0.36,46.63872802448637,DESTROYING,3.987,2,CONTINUE,
T5,5,4.347,MYOPIC,2,2,3.987,0.36,61.950203548723685,DESTROYING,3.627,1,CONTINUE,
T5,5,4.347,MYOPIC,3,1,3.627,,,,,1,NO_LOCALLY_FEASIBLE_ACTION,
T5,5,4.348,MYOPIC,1,3,4.348,0.36,46.60365252230307,DESTROYING,3.988,2,CONTINUE,
T5,5,4.348,MYOPIC,2,2,3.988,0.36,61.89899092782695,DESTROYING,3.628,1,CONTINUE,
T5,5,4.348,MYOPIC,3,1,3.628,,,,,1,NO_LOCALLY_FEASIBLE_ACTION,
T5,5,4.349,MYOPIC,1,3,4.349,0.36,46.568612183528614,DESTROYING,3.989,2,CONTINUE,
T5,5,4.349,MYOPIC,2,2,3.989,0.36,61.847834739566736,DESTROYING,3.629,1,CONTINUE,
T5,5,4.349,MYOPIC,3,1,3.629,,,,,1,NO_LOCALLY_FEASIBLE_ACTION,
T5,5,4.35,MYOPIC,1,3,4.35,0.36,46.533606964109666,DESTROYING,3.99,2,CONTINUE,
T5,5,4.35,MYOPIC,2,2,3.99,0.36,61.796734906233596,DESTROYING,3.63,1,CONTINUE,
T5,5,4.35,MYOPIC,3,1,3.63,,,,,1,NO_LOCALLY_FEASIBLE_ACTION,
T5,5,4.351,MYOPIC,1,3,4.351,0.36,46.49863682005904,DESTROYING,3.991,2,CONTINUE,
T5,5,4.351,MYOPIC,2,2,3.991,0.36,61.74569135024639,DESTROYING,3.631,1,CONTINUE,
T5,5,4.351,MYOPIC,3,1,3.631,,,,,1,NO_LOCALLY_FEASIBLE_ACTION,
T5,5,4.352,MYOPIC,1,3,4.352,0.36,46.46370170745567,DESTROYING,3.992,2,CONTINUE,
T5,5,4.352,MYOPIC,2,2,3.992,0.36,61.69470399415207,DESTROYING,3.632,1,CONTINUE,
T5,5,4.352,MYOPIC,3,1,3.632,,,,,1,NO_LOCALLY_FEASIBLE_ACTION,
T5,5,4.353,MYOPIC,1,3,4.353,0.36,46.428801582444464,DESTROYING,3.993,2,CONTINUE,
T5,5,4.353,MYOPIC,2,2,3.993,0.36,61.64377276062561,DESTROYING,3.633,1,CONTINUE,
T5,5,4.353,MYOPIC,3,1,3.633,,,,,1,NO_LOCALLY_FEASIBLE_ACTION,
T5,5,4.354,MYOPIC,1,3,4.354,0.36,46.393936401236196,DESTROYING,3.994,2,CONTINUE,
T5,5,4.354,MYOPIC,2,2,3.994,0.36,61.59289757246954,DESTROYING,3.634,1,CONTINUE,
T5,5,4.354,MYOPIC,3,1,3.634,,,,,1,NO_LOCALLY_FEASIBLE_ACTION,
T5,5,4.355,MYOPIC,1,3,4.355,0.36,46.359106120107406,DESTROYING,3.995,2,CONTINUE,
T5,5,4.355,MYOPIC,2,2,3.995,0.36,61.54207835261369,DESTROYING,3.635,1,CONTINUE,
T5,5,4.355,MYOPIC,3,1,3.635,,,,,1,NO_LOCALLY_FEASIBLE_ACTION,
T5,5,4.356,MYOPIC,1,3,4.356,0.36,46.32431069540023,DESTROYING,3.996,2,CONTINUE,
T5,5,4.356,MYOPIC,2,2,3.996,0.36,61.4913150241152,DESTROYING,3.636,1,CONTINUE,
T5,5,4.356,MYOPIC,3,1,3.636,,,,,1,NO_LOCALLY_FEASIBLE_ACTION,
T5,5,4.357,MYOPIC,1,3,4.357,0.36,46.289550083522386,DESTROYING,3.997,2,CONTINUE,
T5,5,4.357,MYOPIC,2,2,3.997,0.36,61.44060751015802,DESTROYING,3.637,1,CONTINUE,
T5,5,4.357,MYOPIC,3,1,3.637,,,,,1,NO_LOCALLY_FEASIBLE_ACTION,
T5,5,4.358,MYOPIC,1,3,4.358,0.36,46.254824240946895,DESTROYING,3.998,2,CONTINUE,
T5,5,4.358,MYOPIC,2,2,3.998,0.36,61.38995573405271,DESTROYING,3.638,1,CONTINUE,
T5,5,4.358,MYOPIC,3,1,3.638,,,,,1,NO_LOCALLY_FEASIBLE_ACTION,
T5,5,4.359,MYOPIC,1,3,4.359,0.36,46.22013312421219,DESTROYING,3.999,2,CONTINUE,
T5,5,4.359,MYOPIC,2,2,3.999,0.36,61.33935961923631,DESTROYING,3.639,1,CONTINUE,
T5,5,4.359,MYOPIC,3,1,3.639,,,,,1,NO_LOCALLY_FEASIBLE_ACTION,
T5,5,4.36,MYOPIC,1,3,4.36,0.36,46.18547668992182,DESTROYING,4.0,2,CONTINUE,
T5,5,4.36,MYOPIC,2,2,4.0,0.36,61.288819089272025,DESTROYING,3.64,1,CONTINUE,
T5,5,4.36,MYOPIC,3,1,3.64,,,,,1,NO_LOCALLY_FEASIBLE_ACTION,
T5,5,4.361,MYOPIC,1,3,4.361,0.36,46.15085489474435,DESTROYING,4.001,2,CONTINUE,
T5,5,4.361,MYOPIC,2,2,4.001,0.36,61.23833406784898,DESTROYING,3.641,1,CONTINUE,
T5,5,4.361,MYOPIC,3,1,3.641,,,,,1,NO_LOCALLY_FEASIBLE_ACTION,
T5,5,4.362,MYOPIC,1,3,4.362,0.36,46.116267695413406,DESTROYING,4.002,2,CONTINUE,
T5,5,4.362,MYOPIC,2,2,4.002,0.36,61.18790447878196,DESTROYING,3.642,1,CONTINUE,
T5,5,4.362,MYOPIC,3,1,3.642,,,,,1,NO_LOCALLY_FEASIBLE_ACTION,
T5,5,4.363,MYOPIC,1,3,4.363,0.36,46.0817150487273,DESTROYING,4.003,2,CONTINUE,
T5,5,4.363,MYOPIC,2,2,4.003,0.36,61.13753024601123,DESTROYING,3.643,1,CONTINUE,
T5,5,4.363,MYOPIC,3,1,3.643,,,,,1,NO_LOCALLY_FEASIBLE_ACTION,
T5,5,4.364,MYOPIC,1,3,4.364,0.36,46.04719691154925,DESTROYING,4.004,2,CONTINUE,
T5,5,4.364,MYOPIC,2,2,4.004,0.36,61.087211293602145,DESTROYING,3.644,1,CONTINUE,
T5,5,4.364,MYOPIC,3,1,3.644,,,,,1,NO_LOCALLY_FEASIBLE_ACTION,
T5,5,4.365,MYOPIC,1,3,4.365,0.36,46.0127132408069,DESTROYING,4.005,2,CONTINUE,
T5,5,4.365,MYOPIC,2,2,4.005,0.36,61.03694754574524,DESTROYING,3.645,1,CONTINUE,
T5,5,4.365,MYOPIC,3,1,3.645,,,,,1,NO_LOCALLY_FEASIBLE_ACTION,
T5,5,4.366,MYOPIC,1,3,4.366,0.36,45.97826399349249,DESTROYING,4.006,2,CONTINUE,
T5,5,4.366,MYOPIC,2,2,4.006,0.36,60.98673892675555,DESTROYING,3.646,1,CONTINUE,
T5,5,4.366,MYOPIC,3,1,3.646,,,,,1,NO_LOCALLY_FEASIBLE_ACTION,
T5,5,4.367,MYOPIC,1,3,4.367,0.36,45.943849126662684,DESTROYING,4.007,2,CONTINUE,
T5,5,4.367,MYOPIC,2,2,4.007,0.36,60.93658536107271,DESTROYING,3.647,1,CONTINUE,
T5,5,4.367,MYOPIC,3,1,3.647,,,,,1,NO_LOCALLY_FEASIBLE_ACTION,
T5,5,4.368,MYOPIC,1,3,4.368,0.36,45.90946859743827,DESTROYING,4.008,2,CONTINUE,
T5,5,4.368,MYOPIC,2,2,4.008,0.36,60.88648677326054,DESTROYING,3.648,1,CONTINUE,
T5,5,4.368,MYOPIC,3,1,3.648,,,,,1,NO_LOCALLY_FEASIBLE_ACTION,
T5,5,4.369,MYOPIC,1,3,4.369,0.36,45.87512236300431,DESTROYING,4.009,2,CONTINUE,
T5,5,4.369,MYOPIC,2,2,4.009,0.36,60.83644308800696,DESTROYING,3.649,1,CONTINUE,
T5,5,4.369,MYOPIC,3,1,3.649,,,,,1,NO_LOCALLY_FEASIBLE_ACTION,
T5,5,4.37,MYOPIC,1,3,4.37,0.36,45.84081038060995,DESTROYING,4.01,2,CONTINUE,
T5,5,4.37,MYOPIC,2,2,4.01,0.36,60.78645423012355,DESTROYING,3.65,1,CONTINUE,
T5,5,4.37,MYOPIC,3,1,3.65,,,,,1,NO_LOCALLY_FEASIBLE_ACTION,
T5,5,4.371,MYOPIC,1,3,4.371,0.36,45.8065326075681,DESTROYING,4.011,2,CONTINUE,
T5,5,4.371,MYOPIC,2,2,4.011,0.36,60.73652012454544,DESTROYING,3.651,1,CONTINUE,
T5,5,4.371,MYOPIC,3,1,3.651,,,,,1,NO_LOCALLY_FEASIBLE_ACTION,
T5,5,4.372,MYOPIC,1,3,4.372,0.36,45.7722890012557,DESTROYING,4.012,2,CONTINUE,
T5,5,4.372,MYOPIC,2,2,4.012,0.36,60.68664069633108,DESTROYING,3.652,1,CONTINUE,
T5,5,4.372,MYOPIC,3,1,3.652,,,,,1,NO_LOCALLY_FEASIBLE_ACTION,
T5,5,4.373,MYOPIC,1,3,4.373,0.36,45.7380795191132,DESTROYING,4.013,2,CONTINUE,
T5,5,4.373,MYOPIC,2,2,4.013,0.36,60.63681587066202,DESTROYING,3.653,1,CONTINUE,
T5,5,4.373,MYOPIC,3,1,3.653,,,,,1,NO_LOCALLY_FEASIBLE_ACTION,
T5,5,4.374,MYOPIC,1,3,4.374,0.36,45.7039041186448,DESTROYING,4.014,2,CONTINUE,
T5,5,4.374,MYOPIC,2,2,4.014,0.36,60.587045572842534,DESTROYING,3.654,1,CONTINUE,
T5,5,4.374,MYOPIC,3,1,3.654,,,,,1,NO_LOCALLY_FEASIBLE_ACTION,
T5,5,4.375,MYOPIC,1,3,4.375,0.36,45.66976275741815,DESTROYING,4.015,2,CONTINUE,
T5,5,4.375,MYOPIC,2,2,4.015,0.36,60.53732972829954,DESTROYING,3.655,1,CONTINUE,
T5,5,4.375,MYOPIC,3,1,3.655,,,,,1,NO_LOCALLY_FEASIBLE_ACTION,
T5,5,4.376,MYOPIC,1,3,4.376,0.36,45.63565539306423,DESTROYING,4.016,2,CONTINUE,
T5,5,4.376,MYOPIC,2,2,4.016,0.36,60.487668262582275,DESTROYING,3.656,1,CONTINUE,
T5,5,4.376,MYOPIC,3,1,3.656,,,,,1,NO_LOCALLY_FEASIBLE_ACTION,
T5,5,4.377,MYOPIC,1,3,4.377,0.36,45.60158198327736,DESTROYING,4.017,2,CONTINUE,
T5,5,4.377,MYOPIC,2,2,4.017,0.36,60.43806110136218,DESTROYING,3.657,1,CONTINUE,
T5,5,4.377,MYOPIC,3,1,3.657,,,,,1,NO_LOCALLY_FEASIBLE_ACTION,
T5,5,4.378,MYOPIC,1,3,4.378,0.36,45.567542485815,DESTROYING,4.018,2,CONTINUE,
T5,5,4.378,MYOPIC,2,2,4.018,0.36,60.38850817043245,DESTROYING,3.658,1,CONTINUE,
T5,5,4.378,MYOPIC,3,1,3.658,,,,,1,NO_LOCALLY_FEASIBLE_ACTION,
T5,5,4.379,MYOPIC,1,3,4.379,0.36,45.53353685849758,DESTROYING,4.019,2,CONTINUE,
T5,5,4.379,MYOPIC,2,2,4.019,0.36,60.33900939570803,DESTROYING,3.659,1,CONTINUE,
T5,5,4.379,MYOPIC,3,1,3.659,,,,,1,NO_LOCALLY_FEASIBLE_ACTION,
T5,5,4.38,MYOPIC,1,3,4.38,0.36,45.49956505920863,DESTROYING,4.02,2,CONTINUE,
T5,5,4.38,MYOPIC,2,2,4.02,0.36,60.2895647032252,DESTROYING,3.66,1,CONTINUE,
T5,5,4.38,MYOPIC,3,1,3.66,,,,,1,NO_LOCALLY_FEASIBLE_ACTION,
T5,5,4.381,MYOPIC,1,3,4.381,0.36,45.4656270458943,DESTROYING,4.021,2,CONTINUE,
T5,5,4.381,MYOPIC,2,2,4.021,0.36,60.24017401914151,DESTROYING,3.661,1,CONTINUE,
T5,5,4.381,MYOPIC,3,1,3.661,,,,,1,NO_LOCALLY_FEASIBLE_ACTION,
T5,5,4.382,MYOPIC,1,3,4.382,0.36,45.43172277656366,DESTROYING,4.022,2,CONTINUE,
T5,5,4.382,MYOPIC,2,2,4.022,0.36,60.19083726973547,DESTROYING,3.662,1,CONTINUE,
T5,5,4.382,MYOPIC,3,1,3.662,,,,,1,NO_LOCALLY_FEASIBLE_ACTION,
T5,5,4.383,MYOPIC,1,3,4.383,0.36,45.397852209288274,DESTROYING,4.023,2,CONTINUE,
T5,5,4.383,MYOPIC,2,2,4.023,0.36,60.14155438140617,DESTROYING,3.663,1,CONTINUE,
T5,5,4.383,MYOPIC,3,1,3.663,,,,,1,NO_LOCALLY_FEASIBLE_ACTION,
T5,5,4.384,MYOPIC,1,3,4.384,0.36,45.36401530220222,DESTROYING,4.024,2,CONTINUE,
T5,5,4.384,MYOPIC,2,2,4.024,0.36,60.09232528067336,DESTROYING,3.664,1,CONTINUE,
T5,5,4.384,MYOPIC,3,1,3.664,,,,,1,NO_LOCALLY_FEASIBLE_ACTION,
T5,5,4.385,MYOPIC,1,3,4.385,0.36,45.33021201350202,DESTROYING,4.025,2,CONTINUE,
T5,5,4.385,MYOPIC,2,2,4.025,0.36,60.04314989417697,DESTROYING,3.665,1,CONTINUE,
T5,5,4.385,MYOPIC,3,1,3.665,,,,,1,NO_LOCALLY_FEASIBLE_ACTION,
T5,5,4.386,MYOPIC,1,3,4.386,0.36,45.29644230144643,DESTROYING,4.026,2,CONTINUE,
T5,5,4.386,MYOPIC,2,2,4.026,0.36,59.994028148676975,DESTROYING,3.666,1,CONTINUE,
T5,5,4.386,MYOPIC,3,1,3.666,,,,,1,NO_LOCALLY_FEASIBLE_ACTION,
T5,5,4.387,MYOPIC,1,3,4.387,0.36,45.262706124356384,DESTROYING,4.027,2,CONTINUE,
T5,5,4.387,MYOPIC,2,2,4.027,0.36,59.9449599710532,DESTROYING,3.667,1,CONTINUE,
T5,5,4.387,MYOPIC,3,1,3.667,,,,,1,NO_LOCALLY_FEASIBLE_ACTION,
T5,5,4.388,MYOPIC,1,3,4.388,0.36,45.22900344061496,DESTROYING,4.028,2,CONTINUE,
T5,5,4.388,MYOPIC,2,2,4.028,0.36,59.895945288304915,DESTROYING,3.668,1,CONTINUE,
T5,5,4.388,MYOPIC,3,1,3.668,,,,,1,NO_LOCALLY_FEASIBLE_ACTION,
T5,5,4.389,MYOPIC,1,3,4.389,0.36,45.19533420866706,DESTROYING,4.029,2,CONTINUE,
T5,5,4.389,MYOPIC,2,2,4.029,0.36,59.84698402755085,DESTROYING,3.669,1,CONTINUE,
T5,5,4.389,MYOPIC,3,1,3.669,,,,,1,NO_LOCALLY_FEASIBLE_ACTION,
T5,5,4.39,MYOPIC,1,3,4.39,0.36,45.16169838701954,DESTROYING,4.03,2,CONTINUE,
T5,5,4.39,MYOPIC,2,2,4.03,0.36,59.79807611602888,DESTROYING,3.67,1,CONTINUE,
T5,5,4.39,MYOPIC,3,1,3.67,,,,,1,NO_LOCALLY_FEASIBLE_ACTION,
T5,5,4.391,MYOPIC,1,3,4.391,0.36,45.12809593424104,DESTROYING,4.031,2,CONTINUE,
T5,5,4.391,MYOPIC,2,2,4.031,0.36,59.74922148109571,DESTROYING,3.671,1,CONTINUE,
T5,5,4.391,MYOPIC,3,1,3.671,,,,,1,NO_LOCALLY_FEASIBLE_ACTION,
T5,5,4.392,MYOPIC,1,3,4.392,0.36,45.09452680896169,DESTROYING,4.032,2,CONTINUE,
T5,5,4.392,MYOPIC,2,2,4.032,0.36,59.700420050226654,DESTROYING,3.672,1,CONTINUE,
T5,5,4.392,MYOPIC,3,1,3.672,,,,,1,NO_LOCALLY_FEASIBLE_ACTION,
T5,5,4.393,MYOPIC,1,3,4.393,0.36,45.06099096987327,DESTROYING,4.033,2,CONTINUE,
T5,5,4.393,MYOPIC,2,2,4.033,0.36,59.65167175101557,DESTROYING,3.673,1,CONTINUE,
T5,5,4.393,MYOPIC,3,1,3.673,,,,,1,NO_LOCALLY_FEASIBLE_ACTION,
T5,5,4.394,MYOPIC,1,3,4.394,0.36,45.02748837572899,DESTROYING,4.034,2,CONTINUE,
T5,5,4.394,MYOPIC,2,2,4.034,0.36,59.60297651117456,DESTROYING,3.674,1,CONTINUE,
T5,5,4.394,MYOPIC,3,1,3.674,,,,,1,NO_LOCALLY_FEASIBLE_ACTION,
T5,5,4.395,MYOPIC,1,3,4.395,0.36,44.99401898534328,DESTROYING,4.035,2,CONTINUE,
T5,5,4.395,MYOPIC,2,2,4.035,0.36,59.55433425853356,DESTROYING,3.675,1,CONTINUE,
T5,5,4.395,MYOPIC,3,1,3.675,,,,,1,NO_LOCALLY_FEASIBLE_ACTION,
T5,5,4.396,MYOPIC,1,3,4.396,0.36,44.96058275759192,DESTROYING,4.036,2,CONTINUE,
T5,5,4.396,MYOPIC,2,2,4.036,0.36,59.50574492104035,DESTROYING,3.676,1,CONTINUE,
T5,5,4.396,MYOPIC,3,1,3.676,,,,,1,NO_LOCALLY_FEASIBLE_ACTION,
T5,5,4.397,MYOPIC,1,3,4.397,0.36,44.927179651411635,DESTROYING,4.037,2,CONTINUE,
T5,5,4.397,MYOPIC,2,2,4.037,0.36,59.45720842676034,DESTROYING,3.677,1,CONTINUE,
T5,5,4.397,MYOPIC,3,1,3.677,,,,,1,NO_LOCALLY_FEASIBLE_ACTION,
T5,5,4.398,MYOPIC,1,3,4.398,0.36,44.89380962580027,DESTROYING,4.038,2,CONTINUE,
T5,5,4.398,MYOPIC,2,2,4.038,0.36,59.408724703876146,DESTROYING,3.678,1,CONTINUE,
T5,5,4.398,MYOPIC,3,1,3.678,,,,,1,NO_LOCALLY_FEASIBLE_ACTION,
T5,5,4.399,MYOPIC,1,3,4.399,0.36,44.860472639816585,DESTROYING,4.039,2,CONTINUE,
T5,5,4.399,MYOPIC,2,2,4.039,0.36,59.360293680687484,DESTROYING,3.679,1,CONTINUE,
T5,5,4.399,MYOPIC,3,1,3.679,,,,,1,NO_LOCALLY_FEASIBLE_ACTION,
T5,5,4.4,MYOPIC,1,3,4.4,0.36,44.827168652579985,DESTROYING,4.04,2,CONTINUE,
T5,5,4.4,MYOPIC,2,2,4.04,0.36,59.31191528561094,DESTROYING,3.68,1,CONTINUE,
T5,5,4.4,MYOPIC,3,1,3.68,,,,,1,NO_LOCALLY_FEASIBLE_ACTION,
T5,5,4.401,MYOPIC,1,3,4.401,0.36,44.79389762327068,DESTROYING,4.041,2,CONTINUE,
T5,5,4.401,MYOPIC,2,2,4.041,0.36,59.263589447179825,DESTROYING,3.681,1,CONTINUE,
T5,5,4.401,MYOPIC,3,1,3.681,,,,,1,NO_LOCALLY_FEASIBLE_ACTION,
T5,5,4.402,MYOPIC,1,3,4.402,0.36,44.76065951112946,DESTROYING,4.042,2,CONTINUE,
T5,5,4.402,MYOPIC,2,2,4.042,0.36,59.215316094043835,DESTROYING,3.682,1,CONTINUE,
T5,5,4.402,MYOPIC,3,1,3.682,,,,,1,NO_LOCALLY_FEASIBLE_ACTION,
T5,5,4.403,MYOPIC,1,3,4.403,0.36,44.72745427545751,DESTROYING,4.043,2,CONTINUE,
T5,5,4.403,MYOPIC,2,2,4.043,0.36,59.167095154968806,DESTROYING,3.683,1,CONTINUE,
T5,5,4.403,MYOPIC,3,1,3.683,,,,,1,NO_LOCALLY_FEASIBLE_ACTION,
T5,5,4.404,MYOPIC,1,3,4.404,0.36,44.69428187561646,DESTROYING,4.044,2,CONTINUE,
T5,5,4.404,MYOPIC,2,2,4.044,0.36,59.118926558836634,DESTROYING,3.684,1,CONTINUE,
T5,5,4.404,MYOPIC,3,1,3.684,,,,,1,NO_LOCALLY_FEASIBLE_ACTION,
T5,5,4.405,MYOPIC,1,3,4.405,0.36,44.66114227102813,DESTROYING,4.045,2,CONTINUE,
T5,5,4.405,MYOPIC,2,2,4.045,0.36,59.07081023464499,DESTROYING,3.685,1,CONTINUE,
T5,5,4.405,MYOPIC,3,1,3.685,,,,,1,NO_LOCALLY_FEASIBLE_ACTION,
T5,5,4.406,MYOPIC,1,3,4.406,0.36,44.62803542117457,DESTROYING,4.046,2,CONTINUE,
T5,5,4.406,MYOPIC,2,2,4.046,0.36,59.02274611150704,DESTROYING,3.686,1,CONTINUE,
T5,5,4.406,MYOPIC,3,1,3.686,,,,,1,NO_LOCALLY_FEASIBLE_ACTION,
T5,5,4.407,MYOPIC,1,3,4.407,0.36,44.59496128559787,DESTROYING,4.047,2,CONTINUE,
T5,5,4.407,MYOPIC,2,2,4.047,0.36,58.97473411865128,DESTROYING,3.687,1,CONTINUE,
T5,5,4.407,MYOPIC,3,1,3.687,,,,,1,NO_LOCALLY_FEASIBLE_ACTION,
T5,5,4.408,MYOPIC,1,3,4.408,0.36,44.56191982390002,DESTROYING,4.048,2,CONTINUE,
T5,5,4.408,MYOPIC,2,2,4.048,0.36,58.92677418542132,DESTROYING,3.688,1,CONTINUE,
T5,5,4.408,MYOPIC,3,1,3.688,,,,,1,NO_LOCALLY_FEASIBLE_ACTION,
T5,5,4.409,MYOPIC,1,3,4.409,0.36,44.52891099574296,DESTROYING,4.049,2,CONTINUE,
T5,5,4.409,MYOPIC,2,2,4.049,0.36,58.87886624127572,DESTROYING,3.689,1,CONTINUE,
T5,5,4.409,MYOPIC,3,1,3.689,,,,,1,NO_LOCALLY_FEASIBLE_ACTION,
T5,5,4.41,MYOPIC,1,3,4.41,0.36,44.49593476084829,DESTROYING,4.05,2,CONTINUE,
T5,5,4.41,MYOPIC,2,2,4.05,0.36,58.83101021578763,DESTROYING,3.69,1,CONTINUE,
T5,5,4.41,MYOPIC,3,1,3.69,,,,,1,NO_LOCALLY_FEASIBLE_ACTION,
T5,5,4.411,MYOPIC,1,3,4.411,0.36,44.46299107899725,DESTROYING,4.051,2,CONTINUE,
T5,5,4.411,MYOPIC,2,2,4.051,0.36,58.78320603864467,DESTROYING,3.691,1,CONTINUE,
T5,5,4.411,MYOPIC,3,1,3.691,,,,,1,NO_LOCALLY_FEASIBLE_ACTION,
T5,5,4.412,MYOPIC,1,3,4.412,0.36,44.43007991003068,DESTROYING,4.052,2,CONTINUE,
T5,5,4.412,MYOPIC,2,2,4.052,0.36,58.7354536396487,DESTROYING,3.692,1,CONTINUE,
T5,5,4.412,MYOPIC,3,1,3.692,,,,,1,NO_LOCALLY_FEASIBLE_ACTION,
T5,5,4.413,MYOPIC,1,3,4.413,0.36,44.3972012138488,DESTROYING,4.053,2,CONTINUE,
T5,5,4.413,MYOPIC,2,2,4.053,0.36,58.68775294871562,DESTROYING,3.693,1,CONTINUE,
T5,5,4.413,MYOPIC,3,1,3.693,,,,,1,NO_LOCALLY_FEASIBLE_ACTION,
T5,5,4.414,MYOPIC,1,3,4.414,0.36,44.3643549504112,DESTROYING,4.054,2,CONTINUE,
T5,5,4.414,MYOPIC,2,2,4.054,0.36,58.64010389587514,DESTROYING,3.694,1,CONTINUE,
T5,5,4.414,MYOPIC,3,1,3.694,,,,,1,NO_LOCALLY_FEASIBLE_ACTION,
T5,5,4.415,MYOPIC,1,3,4.415,0.36,44.33154107973671,DESTROYING,4.055,2,CONTINUE,
T5,5,4.415,MYOPIC,2,2,4.055,0.36,58.592506411270506,DESTROYING,3.695,1,CONTINUE,
T5,5,4.415,MYOPIC,3,1,3.695,,,,,1,NO_LOCALLY_FEASIBLE_ACTION,
T5,5,4.416,MYOPIC,1,3,4.416,0.36,44.298759561903246,DESTROYING,4.056,2,CONTINUE,
T5,5,4.416,MYOPIC,2,2,4.056,0.36,58.54496042515837,DESTROYING,3.696,1,CONTINUE,
T5,5,4.416,MYOPIC,3,1,3.696,,,,,1,NO_LOCALLY_FEASIBLE_ACTION,
T5,5,4.417,MYOPIC,1,3,4.417,0.36,44.266010357047755,DESTROYING,4.057,2,CONTINUE,
T5,5,4.417,MYOPIC,2,2,4.057,0.36,58.49746586790855,DESTROYING,3.697,1,CONTINUE,
T5,5,4.417,MYOPIC,3,1,3.697,,,,,1,NO_LOCALLY_FEASIBLE_ACTION,
T5,5,4.418,MYOPIC,1,3,4.418,0.36,44.23329342536616,DESTROYING,4.058,2,CONTINUE,
T5,5,4.418,MYOPIC,2,2,4.058,0.36,58.45002267000382,DESTROYING,3.698,1,CONTINUE,
T5,5,4.418,MYOPIC,3,1,3.698,,,,,1,NO_LOCALLY_FEASIBLE_ACTION,
T5,5,4.419,MYOPIC,1,3,4.419,0.36,44.20060872711316,DESTROYING,4.059,2,CONTINUE,
T5,5,4.419,MYOPIC,2,2,4.059,0.36,58.40263076203965,DESTROYING,3.699,1,CONTINUE,
T5,5,4.419,MYOPIC,3,1,3.699,,,,,1,NO_LOCALLY_FEASIBLE_ACTION,
T5,5,4.42,MYOPIC,1,3,4.42,0.36,44.16795622260222,DESTROYING,4.06,2,CONTINUE,
T5,5,4.42,MYOPIC,2,2,4.06,0.36,58.35529007472402,DESTROYING,3.7,1,CONTINUE,
T5,5,4.42,MYOPIC,3,1,3.7,,,,,1,NO_LOCALLY_FEASIBLE_ACTION,
T5,5,4.421,MYOPIC,1,3,4.421,0.36,44.13533587220534,DESTROYING,4.061,2,CONTINUE,
T5,5,4.421,MYOPIC,2,2,4.061,0.36,58.30800053887728,DESTROYING,3.701,1,CONTINUE,
T5,5,4.421,MYOPIC,3,1,3.701,,,,,1,NO_LOCALLY_FEASIBLE_ACTION,
T5,5,4.422,MYOPIC,1,3,4.422,0.36,44.10274763635313,DESTROYING,4.062,2,CONTINUE,
T5,5,4.422,MYOPIC,2,2,4.062,0.36,58.26076208543178,DESTROYING,3.702,1,CONTINUE,
T5,5,4.422,MYOPIC,3,1,3.702,,,,,1,NO_LOCALLY_FEASIBLE_ACTION,
T5,5,4.423,MYOPIC,1,3,4.423,0.36,44.07019147553461,DESTROYING,4.063,2,CONTINUE,
T5,5,4.423,MYOPIC,2,2,4.063,0.36,58.213574645431834,DESTROYING,3.703,1,CONTINUE,
T5,5,4.423,MYOPIC,3,1,3.703,,,,,1,NO_LOCALLY_FEASIBLE_ACTION,
T5,5,4.424,MYOPIC,1,3,4.424,0.36,44.03766735029706,DESTROYING,4.064,2,CONTINUE,
T5,5,4.424,MYOPIC,2,2,4.064,0.36,58.166438150033386,DESTROYING,3.704,1,CONTINUE,
T5,5,4.424,MYOPIC,3,1,3.704,,,,,1,NO_LOCALLY_FEASIBLE_ACTION,
T5,5,4.425,MYOPIC,1,3,4.425,0.36,44.00517522124601,DESTROYING,4.065,2,CONTINUE,
T5,5,4.425,MYOPIC,2,2,4.065,0.36,58.11935253050383,DESTROYING,3.705,1,CONTINUE,
T5,5,4.425,MYOPIC,3,1,3.705,,,,,1,NO_LOCALLY_FEASIBLE_ACTION,
T5,5,4.426,MYOPIC,1,3,4.426,0.36,43.972715049045185,DESTROYING,4.066,2,CONTINUE,
T5,5,4.426,MYOPIC,2,2,4.066,0.36,58.07231771822184,DESTROYING,3.706,1,CONTINUE,
T5,5,4.426,MYOPIC,3,1,3.706,,,,,1,NO_LOCALLY_FEASIBLE_ACTION,
T5,5,4.427,MYOPIC,1,3,4.427,0.36,43.940286794416174,DESTROYING,4.067,2,CONTINUE,
T5,5,4.427,MYOPIC,2,2,4.067,0.36,58.02533364467711,DESTROYING,3.707,1,CONTINUE,
T5,5,4.427,MYOPIC,3,1,3.707,,,,,1,NO_LOCALLY_FEASIBLE_ACTION,
T5,5,4.428,MYOPIC,1,3,4.428,0.36,43.907890418138614,DESTROYING,4.068,2,CONTINUE,
T5,5,4.428,MYOPIC,2,2,4.068,0.36,57.97840024147011,DESTROYING,3.708,1,CONTINUE,
T5,5,4.428,MYOPIC,3,1,3.708,,,,,1,NO_LOCALLY_FEASIBLE_ACTION,
T5,5,4.429,MYOPIC,1,3,4.429,0.36,43.87552588104985,DESTROYING,4.069,2,CONTINUE,
T5,5,4.429,MYOPIC,2,2,4.069,0.36,57.93151744031205,DESTROYING,3.709,1,CONTINUE,
T5,5,4.429,MYOPIC,3,1,3.709,,,,,1,NO_LOCALLY_FEASIBLE_ACTION,
T5,5,4.43,MYOPIC,1,3,4.43,0.36,43.843193144045095,DESTROYING,4.07,2,CONTINUE,
T5,5,4.43,MYOPIC,2,2,4.07,0.36,57.884685173024444,DESTROYING,3.71,1,CONTINUE,
T5,5,4.43,MYOPIC,3,1,3.71,,,,,1,NO_LOCALLY_FEASIBLE_ACTION,
T5,5,4.431,MYOPIC,1,3,4.431,0.36,43.810892168077054,DESTROYING,4.071,2,CONTINUE,
T5,5,4.431,MYOPIC,2,2,4.071,0.36,57.837903371539085,DESTROYING,3.711,1,CONTINUE,
T5,5,4.431,MYOPIC,3,1,3.711,,,,,1,NO_LOCALLY_FEASIBLE_ACTION,
T5,5,4.432,MYOPIC,1,3,4.432,0.36,43.778622914155996,DESTROYING,4.072,2,CONTINUE,
T5,5,4.432,MYOPIC,2,2,4.072,0.36,57.79117196789761,DESTROYING,3.712,1,CONTINUE,
T5,5,4.432,MYOPIC,3,1,3.712,,,,,1,NO_LOCALLY_FEASIBLE_ACTION,
T5,5,4.433,MYOPIC,1,3,4.433,0.36,43.7463853433496,DESTROYING,4.073,2,CONTINUE,
T5,5,4.433,MYOPIC,2,2,4.073,0.36,57.74449089425169,DESTROYING,3.713,1,CONTINUE,
T5,5,4.433,MYOPIC,3,1,3.713,,,,,1,NO_LOCALLY_FEASIBLE_ACTION,
T5,5,4.434,MYOPIC,1,3,4.434,0.36,43.71417941678293,DESTROYING,4.074,2,CONTINUE,
T5,5,4.434,MYOPIC,2,2,4.074,0.36,57.697860082862384,DESTROYING,3.714,1,CONTINUE,
T5,5,4.434,MYOPIC,3,1,3.714,,,,,1,NO_LOCALLY_FEASIBLE_ACTION,
T5,5,4.435,MYOPIC,1,3,4.435,0.36,43.682005095638175,DESTROYING,4.075,2,CONTINUE,
T5,5,4.435,MYOPIC,2,2,4.075,0.36,57.651279466100135,DESTROYING,3.715,1,CONTINUE,
T5,5,4.435,MYOPIC,3,1,3.715,,,,,1,NO_LOCALLY_FEASIBLE_ACTION,
T5,5,4.436,MYOPIC,1,3,4.436,0.36,43.64986234115474,DESTROYING,4.076,2,CONTINUE,
T5,5,4.436,MYOPIC,2,2,4.076,0.36,57.604748976444654,DESTROYING,3.716,1,CONTINUE,
T5,5,4.436,MYOPIC,3,1,3.716,,,,,1,NO_LOCALLY_FEASIBLE_ACTION,
T5,5,4.437,MYOPIC,1,3,4.437,0.36,43.61775111462897,DESTROYING,4.077,2,CONTINUE,
T5,5,4.437,MYOPIC,2,2,4.077,0.36,57.55826854648456,DESTROYING,3.717,1,CONTINUE,
T5,5,4.437,MYOPIC,3,1,3.717,,,,,1,NO_LOCALLY_FEASIBLE_ACTION,
T5,5,4.438,MYOPIC,1,3,4.438,0.36,43.58567137741422,DESTROYING,4.078,2,CONTINUE,
T5,5,4.438,MYOPIC,2,2,4.078,0.36,57.51183810891722,DESTROYING,3.718,1,CONTINUE,
T5,5,4.438,MYOPIC,3,1,3.718,,,,,1,NO_LOCALLY_FEASIBLE_ACTION,
T5,5,4.439,MYOPIC,1,3,4.439,0.36,43.553623090920695,DESTROYING,4.079,2,CONTINUE,
T5,5,4.439,MYOPIC,2,2,4.079,0.36,57.46545759654853,DESTROYING,3.719,1,CONTINUE,
T5,5,4.439,MYOPIC,3,1,3.719,,,,,1,NO_LOCALLY_FEASIBLE_ACTION,
T5,5,4.44,MYOPIC,1,3,4.44,0.36,43.521606216615226,DESTROYING,4.08,2,CONTINUE,
T5,5,4.44,MYOPIC,2,2,4.08,0.36,57.4191269422928,DESTROYING,3.72,1,CONTINUE,
T5,5,4.44,MYOPIC,3,1,3.72,,,,,1,NO_LOCALLY_FEASIBLE_ACTION,
T5,5,4.441,MYOPIC,1,3,4.441,0.36,43.48962071602136,DESTROYING,4.081,2,CONTINUE,
T5,5,4.441,MYOPIC,2,2,4.081,0.36,57.37284607917246,DESTROYING,3.721,1,CONTINUE,
T5,5,4.441,MYOPIC,3,1,3.721,,,,,1,NO_LOCALLY_FEASIBLE_ACTION,
T5,5,4.442,MYOPIC,1,3,4.442,0.36,43.45766655071922,DESTROYING,4.082,2,CONTINUE,
T5,5,4.442,MYOPIC,2,2,4.082,0.36,57.326614940317846,DESTROYING,3.722,1,CONTINUE,
T5,5,4.442,MYOPIC,3,1,3.722,,,,,1,NO_LOCALLY_FEASIBLE_ACTION,
T5,5,4.443,MYOPIC,1,3,4.443,0.36,43.42574368234526,DESTROYING,4.083,2,CONTINUE,
T5,5,4.443,MYOPIC,2,2,4.083,0.36,57.28043345896708,DESTROYING,3.723,1,CONTINUE,
T5,5,4.443,MYOPIC,3,1,3.723,,,,,1,NO_LOCALLY_FEASIBLE_ACTION,
T5,5,4.444,MYOPIC,1,3,4.444,0.36,43.39385207259243,DESTROYING,4.084,2,CONTINUE,
T5,5,4.444,MYOPIC,2,2,4.084,0.36,57.23430156846579,DESTROYING,3.724,1,CONTINUE,
T5,5,4.444,MYOPIC,3,1,3.724,,,,,1,NO_LOCALLY_FEASIBLE_ACTION,
T5,5,4.445,MYOPIC,1,3,4.445,0.36,43.36199168320975,DESTROYING,4.085,2,CONTINUE,
T5,5,4.445,MYOPIC,2,2,4.085,0.36,57.188219202266936,DESTROYING,3.725,1,CONTINUE,
T5,5,4.445,MYOPIC,3,1,3.725,,,,,1,NO_LOCALLY_FEASIBLE_ACTION,
T5,5,4.446,MYOPIC,1,3,4.446,0.36,43.33016247600254,DESTROYING,4.086,2,CONTINUE,
T5,5,4.446,MYOPIC,2,2,4.086,0.36,57.14218629393066,DESTROYING,3.726,1,CONTINUE,
T5,5,4.446,MYOPIC,3,1,3.726,,,,,1,NO_LOCALLY_FEASIBLE_ACTION,
T5,5,4.447,MYOPIC,1,3,4.447,0.36,43.298364412832186,DESTROYING,4.087,2,CONTINUE,
T5,5,4.447,MYOPIC,2,2,4.087,0.36,57.09620277712396,DESTROYING,3.727,1,CONTINUE,
T5,5,4.447,MYOPIC,3,1,3.727,,,,,1,NO_LOCALLY_FEASIBLE_ACTION,
T5,5,4.448,MYOPIC,1,3,4.448,0.36,43.2665974556159,DESTROYING,4.088,2,CONTINUE,
T5,5,4.448,MYOPIC,2,2,4.088,0.36,57.05026858562059,DESTROYING,3.728,1,CONTINUE,
T5,5,4.448,MYOPIC,3,1,3.728,,,,,1,NO_LOCALLY_FEASIBLE_ACTION,
T5,5,4.449,MYOPIC,1,3,4.449,0.36,43.234861566326884,DESTROYING,4.089,2,CONTINUE,
T5,5,4.449,MYOPIC,2,2,4.089,0.36,57.0043836533009,DESTROYING,3.729,1,CONTINUE,
T5,5,4.449,MYOPIC,3,1,3.729,,,,,1,NO_LOCALLY_FEASIBLE_ACTION,
T5,5,4.45,MYOPIC,1,3,4.45,0.36,43.20315670699411,DESTROYING,4.09,2,CONTINUE,
T5,5,4.45,MYOPIC,2,2,4.09,0.36,56.95854791415147,DESTROYING,3.73,1,CONTINUE,
T5,5,4.45,MYOPIC,3,1,3.73,,,,,1,NO_LOCALLY_FEASIBLE_ACTION,
T5,5,4.451,MYOPIC,1,3,4.451,0.36,43.1714828397021,DESTROYING,4.091,2,CONTINUE,
T5,5,4.451,MYOPIC,2,2,4.091,0.36,56.912761302265054,DESTROYING,3.731,1,CONTINUE,
T5,5,4.451,MYOPIC,3,1,3.731,,,,,1,NO_LOCALLY_FEASIBLE_ACTION,
T5,5,4.452,MYOPIC,1,3,4.452,0.36,43.139839926591144,DESTROYING,4.092,2,CONTINUE,
T5,5,4.452,MYOPIC,2,2,4.092,0.36,56.86702375184036,DESTROYING,3.732,1,CONTINUE,
T5,5,4.452,MYOPIC,3,1,3.732,,,,,1,NO_LOCALLY_FEASIBLE_ACTION,
T5,5,4.453,MYOPIC,1,3,4.453,0.36,43.10822792985685,DESTROYING,4.093,2,CONTINUE,
T5,5,4.453,MYOPIC,2,2,4.093,0.36,56.82133519718181,DESTROYING,3.733,1,CONTINUE,
T5,5,4.453,MYOPIC,3,1,3.733,,,,,1,NO_LOCALLY_FEASIBLE_ACTION,
T5,5,4.454,MYOPIC,1,3,4.454,0.36,43.0766468117503,DESTROYING,4.094,2,CONTINUE,
T5,5,4.454,MYOPIC,2,2,4.094,0.36,56.775695572699355,DESTROYING,3.734,1,CONTINUE,
T5,5,4.454,MYOPIC,3,1,3.734,,,,,1,NO_LOCALLY_FEASIBLE_ACTION,
T5,5,4.455,MYOPIC,1,3,4.455,0.36,43.045096534577894,DESTROYING,4.095,2,CONTINUE,
T5,5,4.455,MYOPIC,2,2,4.095,0.36,56.73010481290829,DESTROYING,3.735,1,CONTINUE,
T5,5,4.455,MYOPIC,3,1,3.735,,,,,1,NO_LOCALLY_FEASIBLE_ACTION,
T5,5,4.456,MYOPIC,1,3,4.456,0.36,43.01357706070116,DESTROYING,4.096,2,CONTINUE,
T5,5,4.456,MYOPIC,2,2,4.096,0.36,56.68456285242903,DESTROYING,3.736,1,CONTINUE,
T5,5,4.456,MYOPIC,3,1,3.736,,,,,1,NO_LOCALLY_FEASIBLE_ACTION,
T5,5,4.457,MYOPIC,1,3,4.457,0.36,42.98208835253676,DESTROYING,4.097,2,CONTINUE,
T5,5,4.457,MYOPIC,2,2,4.097,0.36,56.639069625987005,DESTROYING,3.737,1,CONTINUE,
T5,5,4.457,MYOPIC,3,1,3.737,,,,,1,NO_LOCALLY_FEASIBLE_ACTION,
T5,5,4.458,MYOPIC,1,3,4.458,0.36,42.950630372556446,DESTROYING,4.098,2,CONTINUE,
T5,5,4.458,MYOPIC,2,2,4.098,0.36,56.59362506841227,DESTROYING,3.738,1,CONTINUE,
T5,5,4.458,MYOPIC,3,1,3.738,,,,,1,NO_LOCALLY_FEASIBLE_ACTION,
T5,5,4.459,MYOPIC,1,3,4.459,0.36,42.919203083286774,DESTROYING,4.099,2,CONTINUE,
T5,5,4.459,MYOPIC,2,2,4.099,0.36,56.54822911463953,DESTROYING,3.739,1,CONTINUE,
T5,5,4.459,MYOPIC,3,1,3.739,,,,,1,NO_LOCALLY_FEASIBLE_ACTION,
T5,5,4.46,MYOPIC,1,3,4.46,0.36,42.887806447309195,DESTROYING,4.1,2,CONTINUE,
T5,5,4.46,MYOPIC,2,2,4.1,0.36,56.502881699707814,DESTROYING,3.74,1,CONTINUE,
T5,5,4.46,MYOPIC,3,1,3.74,,,,,1,NO_LOCALLY_FEASIBLE_ACTION,
T5,5,4.461,MYOPIC,1,3,4.461,0.36,42.85644042725985,DESTROYING,4.101,2,CONTINUE,
T5,5,4.461,MYOPIC,2,2,4.101,0.36,56.457582758760324,DESTROYING,3.741,1,CONTINUE,
T5,5,4.461,MYOPIC,3,1,3.741,,,,,1,NO_LOCALLY_FEASIBLE_ACTION,
T5,5,4.462,MYOPIC,1,3,4.462,0.36,42.825104985829554,DESTROYING,4.102,2,CONTINUE,
T5,5,4.462,MYOPIC,2,2,4.102,0.36,56.41233222704422,DESTROYING,3.742,1,CONTINUE,
T5,5,4.462,MYOPIC,3,1,3.742,,,,,1,NO_LOCALLY_FEASIBLE_ACTION,
T5,5,4.463,MYOPIC,1,3,4.463,0.36,42.79380008576369,DESTROYING,4.103,2,CONTINUE,
T5,5,4.463,MYOPIC,2,2,4.103,0.36,56.36713003991038,DESTROYING,3.743,1,CONTINUE,
T5,5,4.463,MYOPIC,3,1,3.743,,,,,1,NO_LOCALLY_FEASIBLE_ACTION,
T5,5,4.464,MYOPIC,1,3,4.464,0.36,42.76252568986201,DESTROYING,4.104,2,CONTINUE,
T5,5,4.464,MYOPIC,2,2,4.104,0.36,56.3219761328133,DESTROYING,3.744,1,CONTINUE,
T5,5,4.464,MYOPIC,3,1,3.744,,,,,1,NO_LOCALLY_FEASIBLE_ACTION,
T5,5,4.465,MYOPIC,1,3,4.465,0.36,42.731281760978696,DESTROYING,4.105,2,CONTINUE,
T5,5,4.465,MYOPIC,2,2,4.105,0.36,56.27687044131094,DESTROYING,3.745,1,CONTINUE,
T5,5,4.465,MYOPIC,3,1,3.745,,,,,1,NO_LOCALLY_FEASIBLE_ACTION,
T5,5,4.466,MYOPIC,1,3,4.466,0.36,42.7000682620222,DESTROYING,4.106,2,CONTINUE,
T5,5,4.466,MYOPIC,2,2,4.106,0.36,56.23181290106433,DESTROYING,3.746,1,CONTINUE,
T5,5,4.466,MYOPIC,3,1,3.746,,,,,1,NO_LOCALLY_FEASIBLE_ACTION,
T5,5,4.467,MYOPIC,1,3,4.467,0.36,42.668885155955095,DESTROYING,4.107,2,CONTINUE,
T5,5,4.467,MYOPIC,2,2,4.107,0.36,56.18680344783754,DESTROYING,3.747,1,CONTINUE,
T5,5,4.467,MYOPIC,3,1,3.747,,,,,1,NO_LOCALLY_FEASIBLE_ACTION,
T5,5,4.468,MYOPIC,1,3,4.468,0.36,42.63773240579409,DESTROYING,4.108,2,CONTINUE,
T5,5,4.468,MYOPIC,2,2,4.108,0.36,56.141842017497424,DESTROYING,3.748,1,CONTINUE,
T5,5,4.468,MYOPIC,3,1,3.748,,,,,1,NO_LOCALLY_FEASIBLE_ACTION,
T5,5,4.469,MYOPIC,1,3,4.469,0.36,42.606609974609825,DESTROYING,4.109,2,CONTINUE,
T5,5,4.469,MYOPIC,2,2,4.109,0.36,56.09692854601351,DESTROYING,3.749,1,CONTINUE,
T5,5,4.469,MYOPIC,3,1,3.749,,,,,1,NO_LOCALLY_FEASIBLE_ACTION,
T5,5,4.47,MYOPIC,1,3,4.47,0.36,42.5755178255269,DESTROYING,4.11,2,CONTINUE,
T5,5,4.47,MYOPIC,2,2,4.11,0.36,56.052062969457715,DESTROYING,3.75,1,CONTINUE,
T5,5,4.47,MYOPIC,3,1,3.75,,,,,1,NO_LOCALLY_FEASIBLE_ACTION,
T5,5,4.471,MYOPIC,1,3,4.471,0.36,42.544455921723696,DESTROYING,4.111,2,CONTINUE,
T5,5,4.471,MYOPIC,2,2,4.111,0.36,56.00724522400413,DESTROYING,3.751,1,CONTINUE,
T5,5,4.471,MYOPIC,3,1,3.751,,,,,1,NO_LOCALLY_FEASIBLE_ACTION,
T5,5,4.472,MYOPIC,1,3,4.472,0.36,42.513424226432306,DESTROYING,4.112,2,CONTINUE,
T5,5,4.472,MYOPIC,2,2,4.112,0.36,55.96247524592898,DESTROYING,3.752,1,CONTINUE,
T5,5,4.472,MYOPIC,3,1,3.752,,,,,1,NO_LOCALLY_FEASIBLE_ACTION,
T5,5,4.473,MYOPIC,1,3,4.473,0.36,42.48242270293845,DESTROYING,4.113,2,CONTINUE,
T5,5,4.473,MYOPIC,2,2,4.113,0.36,55.91775297161024,DESTROYING,3.753,1,CONTINUE,
T5,5,4.473,MYOPIC,3,1,3.753,,,,,1,NO_LOCALLY_FEASIBLE_ACTION,
T5,5,4.474,MYOPIC,1,3,4.474,0.36,42.45145131458139,DESTROYING,4.114,2,CONTINUE,
T5,5,4.474,MYOPIC,2,2,4.114,0.36,55.87307833752768,DESTROYING,3.754,1,CONTINUE,
T5,5,4.474,MYOPIC,3,1,3.754,,,,,1,NO_LOCALLY_FEASIBLE_ACTION,
T5,5,4.475,MYOPIC,1,3,4.475,0.36,42.42051002475378,DESTROYING,4.115,2,CONTINUE,
T5,5,4.475,MYOPIC,2,2,4.115,0.36,55.8284512802624,DESTROYING,3.755,1,CONTINUE,
T5,5,4.475,MYOPIC,3,1,3.755,,,,,1,NO_LOCALLY_FEASIBLE_ACTION,
T5,5,4.476,MYOPIC,1,3,4.476,0.36,42.38959879690173,DESTROYING,4.116,2,CONTINUE,
T5,5,4.476,MYOPIC,2,2,4.116,0.36,55.783871736496856,DESTROYING,3.756,1,CONTINUE,
T5,5,4.476,MYOPIC,3,1,3.756,,,,,1,NO_LOCALLY_FEASIBLE_ACTION,
T5,5,4.477,MYOPIC,1,3,4.477,0.36,42.35871759452447,DESTROYING,4.117,2,CONTINUE,
T5,5,4.477,MYOPIC,2,2,4.117,0.36,55.73933964301458,DESTROYING,3.757,1,CONTINUE,
T5,5,4.477,MYOPIC,3,1,3.757,,,,,1,NO_LOCALLY_FEASIBLE_ACTION,
T5,5,4.478,MYOPIC,1,3,4.478,0.36,42.32786638117453,DESTROYING,4.118,2,CONTINUE,
T5,5,4.478,MYOPIC,2,2,4.118,0.36,55.69485493670001,DESTROYING,3.758,1,CONTINUE,
T5,5,4.478,MYOPIC,3,1,3.758,,,,,1,NO_LOCALLY_FEASIBLE_ACTION,
T5,5,4.479,MYOPIC,1,3,4.479,0.36,42.29704512045743,DESTROYING,4.119,2,CONTINUE,
T5,5,4.479,MYOPIC,2,2,4.119,0.36,55.65041755453831,DESTROYING,3.759,1,CONTINUE,
T5,5,4.479,MYOPIC,3,1,3.759,,,,,1,NO_LOCALLY_FEASIBLE_ACTION,
T5,5,4.48,MYOPIC,1,3,4.48,0.36,42.266253776031725,DESTROYING,4.12,2,CONTINUE,
T5,5,4.48,MYOPIC,2,2,4.12,0.36,55.60602743361519,DESTROYING,3.76,1,CONTINUE,
T5,5,4.48,MYOPIC,3,1,3.76,,,,,1,NO_LOCALLY_FEASIBLE_ACTION,
T5,5,4.481,MYOPIC,1,3,4.481,0.36,42.23549231160882,DESTROYING,4.121,2,CONTINUE,
T5,5,4.481,MYOPIC,2,2,4.121,0.36,55.561684511116574,DESTROYING,3.761,1,CONTINUE,
T5,5,4.481,MYOPIC,3,1,3.761,,,,,1,NO_LOCALLY_FEASIBLE_ACTION,
T5,5,4.482,MYOPIC,1,3,4.482,0.36,42.20476069095303,DESTROYING,4.122,2,CONTINUE,
T5,5,4.482,MYOPIC,2,2,4.122,0.36,55.517388724328754,DESTROYING,3.762,1,CONTINUE,
T5,5,4.482,MYOPIC,3,1,3.762,,,,,1,NO_LOCALLY_FEASIBLE_ACTION,
T5,5,4.483,MYOPIC,1,3,4.483,0.36,42.17405887788127,DESTROYING,4.123,2,CONTINUE,
T5,5,4.483,MYOPIC,2,2,4.123,0.36,55.47314001063783,DESTROYING,3.763,1,CONTINUE,
T5,5,4.483,MYOPIC,3,1,3.763,,,,,1,NO_LOCALLY_FEASIBLE_ACTION,
T5,5,4.484,MYOPIC,1,3,4.484,0.36,42.14338683626317,DESTROYING,4.124,2,CONTINUE,
T5,5,4.484,MYOPIC,2,2,4.124,0.36,55.42893830752971,DESTROYING,3.764,1,CONTINUE,
T5,5,4.484,MYOPIC,3,1,3.764,,,,,1,NO_LOCALLY_FEASIBLE_ACTION,
T5,5,4.485,MYOPIC,1,3,4.485,0.36,42.11274453002082,DESTROYING,4.125,2,CONTINUE,
T5,5,4.485,MYOPIC,2,2,4.125,0.36,55.38478355258995,DESTROYING,3.765,1,CONTINUE,
T5,5,4.485,MYOPIC,3,1,3.765,,,,,1,NO_LOCALLY_FEASIBLE_ACTION,
T5,5,4.486,MYOPIC,1,3,4.486,0.36,42.08213192312884,DESTROYING,4.126,2,CONTINUE,
T5,5,4.486,MYOPIC,2,2,4.126,0.36,55.34067568350351,DESTROYING,3.766,1,CONTINUE,
T5,5,4.486,MYOPIC,3,1,3.766,,,,,1,NO_LOCALLY_FEASIBLE_ACTION,
T5,5,4.487,MYOPIC,1,3,4.487,0.36,42.05154897961419,DESTROYING,4.127,2,CONTINUE,
T5,5,4.487,MYOPIC,2,2,4.127,0.36,55.29661463805452,DESTROYING,3.767,1,CONTINUE,
T5,5,4.487,MYOPIC,3,1,3.767,,,,,1,NO_LOCALLY_FEASIBLE_ACTION,
T5,5,4.488,MYOPIC,1,3,4.488,0.36,42.02099566355607,DESTROYING,4.128,2,CONTINUE,
T5,5,4.488,MYOPIC,2,2,4.128,0.36,55.25260035412625,DESTROYING,3.768,1,CONTINUE,
T5,5,4.488,MYOPIC,3,1,3.768,,,,,1,NO_LOCALLY_FEASIBLE_ACTION,
T5,5,4.489,MYOPIC,1,3,4.489,0.36,41.990471939085936,DESTROYING,4.129,2,CONTINUE,
T5,5,4.489,MYOPIC,2,2,4.129,0.36,55.2086327697007,DESTROYING,3.769,1,CONTINUE,
T5,5,4.489,MYOPIC,3,1,3.769,,,,,1,NO_LOCALLY_FEASIBLE_ACTION,
T5,5,4.49,MYOPIC,1,3,4.49,0.36,41.95997777038725,DESTROYING,4.13,2,CONTINUE,
T5,5,4.49,MYOPIC,2,2,4.13,0.36,55.16471182285864,DESTROYING,3.77,1,CONTINUE,
T5,5,4.49,MYOPIC,3,1,3.77,,,,,1,NO_LOCALLY_FEASIBLE_ACTION,
T5,5,4.491,MYOPIC,1,3,4.491,0.36,41.92951312169553,DESTROYING,4.131,2,CONTINUE,
T5,5,4.491,MYOPIC,2,2,4.131,0.36,55.12083745177936,DESTROYING,3.771,1,CONTINUE,
T5,5,4.491,MYOPIC,3,1,3.771,,,,,1,NO_LOCALLY_FEASIBLE_ACTION,
T5,5,4.492,MYOPIC,1,3,4.492,0.36,41.89907795729826,DESTROYING,4.132,2,CONTINUE,
T5,5,4.492,MYOPIC,2,2,4.132,0.36,55.077009594740375,DESTROYING,3.772,1,CONTINUE,
T5,5,4.492,MYOPIC,3,1,3.772,,,,,1,NO_LOCALLY_FEASIBLE_ACTION,
T5,5,4.493,MYOPIC,1,3,4.493,0.36,41.86867224153463,DESTROYING,4.133,2,CONTINUE,
T5,5,4.493,MYOPIC,2,2,4.133,0.36,55.03322819011733,DESTROYING,3.773,1,CONTINUE,
T5,5,4.493,MYOPIC,3,1,3.773,,,,,1,NO_LOCALLY_FEASIBLE_ACTION,
T5,5,4.494,MYOPIC,1,3,4.494,0.36,41.838295938795724,DESTROYING,4.134,2,CONTINUE,
T5,5,4.494,MYOPIC,2,2,4.134,0.36,54.989493176383924,DESTROYING,3.774,1,CONTINUE,
T5,5,4.494,MYOPIC,3,1,3.774,,,,,1,NO_LOCALLY_FEASIBLE_ACTION,
T5,5,4.495,MYOPIC,1,3,4.495,0.36,41.807949013524194,DESTROYING,4.135,2,CONTINUE,
T5,5,4.495,MYOPIC,2,2,4.135,0.36,54.9458044921115,DESTROYING,3.775,1,CONTINUE,
T5,5,4.495,MYOPIC,3,1,3.775,,,,,1,NO_LOCALLY_FEASIBLE_ACTION,
T5,5,4.496,MYOPIC,1,3,4.496,0.36,41.77763143021424,DESTROYING,4.136,2,CONTINUE,
T5,5,4.496,MYOPIC,2,2,4.136,0.36,54.90216207596903,DESTROYING,3.776,1,CONTINUE,
T5,5,4.496,MYOPIC,3,1,3.776,,,,,1,NO_LOCALLY_FEASIBLE_ACTION,
T5,5,4.497,MYOPIC,1,3,4.497,0.36,41.74734315341166,DESTROYING,4.137,2,CONTINUE,
T5,5,4.497,MYOPIC,2,2,4.137,0.36,54.858565866722884,DESTROYING,3.777,1,CONTINUE,
T5,5,4.497,MYOPIC,3,1,3.777,,,,,1,NO_LOCALLY_FEASIBLE_ACTION,
T5,5,4.498,MYOPIC,1,3,4.498,0.36,41.717084147713486,DESTROYING,4.138,2,CONTINUE,
T5,5,4.498,MYOPIC,2,2,4.138,0.36,54.815015803236726,DESTROYING,3.778,1,CONTINUE,
T5,5,4.498,MYOPIC,3,1,3.778,,,,,1,NO_LOCALLY_FEASIBLE_ACTION,
T5,5,4.499,MYOPIC,1,3,4.499,0.36,41.68685437776819,DESTROYING,4.139,2,CONTINUE,
T5,5,4.499,MYOPIC,2,2,4.139,0.36,54.77151182447112,DESTROYING,3.779,1,CONTINUE,
T5,5,4.499,MYOPIC,3,1,3.779,,,,,1,NO_LOCALLY_FEASIBLE_ACTION,
T5,5,4.5,MYOPIC,1,3,4.5,0.36,41.65665380827547,DESTROYING,4.14,2,CONTINUE,
T5,5,4.5,MYOPIC,2,2,4.14,0.36,54.728053869483595,DESTROYING,3.78,1,CONTINUE,
T5,5,4.5,MYOPIC,3,1,3.78,,,,,1,NO_LOCALLY_FEASIBLE_ACTION,
T5,5,4.501,MYOPIC,1,3,4.501,0.36,41.626482403986,DESTROYING,4.141,2,CONTINUE,
T5,5,4.501,MYOPIC,2,2,4.141,0.36,54.684641877428305,DESTROYING,3.781,1,CONTINUE,
T5,5,4.501,MYOPIC,3,1,3.781,,,,,1,NO_LOCALLY_FEASIBLE_ACTION,
T5,5,4.502,MYOPIC,1,3,4.502,0.36,41.59634012970168,DESTROYING,4.142,2,CONTINUE,
T5,5,4.502,MYOPIC,2,2,4.142,0.36,54.64127578755599,DESTROYING,3.782,1,CONTINUE,
T5,5,4.502,MYOPIC,3,1,3.782,,,,,1,NO_LOCALLY_FEASIBLE_ACTION,
T5,5,4.503,MYOPIC,1,3,4.503,0.36,41.566226950275336,DESTROYING,4.143,2,CONTINUE,
T5,5,4.503,MYOPIC,2,2,4.143,0.36,54.59795553921365,DESTROYING,3.783,1,CONTINUE,
T5,5,4.503,MYOPIC,3,1,3.783,,,,,1,NO_LOCALLY_FEASIBLE_ACTION,
T5,5,4.504,MYOPIC,1,3,4.504,0.36,41.53614283061056,DESTROYING,4.144,2,CONTINUE,
T5,5,4.504,MYOPIC,2,2,4.144,0.36,54.554681071844406,DESTROYING,3.784,1,CONTINUE,
T5,5,4.504,MYOPIC,3,1,3.784,,,,,1,NO_LOCALLY_FEASIBLE_ACTION,
T5,5,4.505,MYOPIC,1,3,4.505,0.36,41.50608773566187,DESTROYING,4.145,2,CONTINUE,
T5,5,4.505,MYOPIC,2,2,4.145,0.36,54.51145232498744,DESTROYING,3.785,1,CONTINUE,
T5,5,4.505,MYOPIC,3,1,3.785,,,,,1,NO_LOCALLY_FEASIBLE_ACTION,
T5,5,4.506,MYOPIC,1,3,4.506,0.36,41.476061630434394,DESTROYING,4.146,2,CONTINUE,
T5,5,4.506,MYOPIC,2,2,4.146,0.36,54.468269238277664,DESTROYING,3.786,1,CONTINUE,
T5,5,4.506,MYOPIC,3,1,3.786,,,,,1,NO_LOCALLY_FEASIBLE_ACTION,
T5,5,4.507,MYOPIC,1,3,4.507,0.36,41.446064479983946,DESTROYING,4.147,2,CONTINUE,
T5,5,4.507,MYOPIC,2,2,4.147,0.36,54.42513175144561,DESTROYING,3.787,1,CONTINUE,
T5,5,4.507,MYOPIC,3,1,3.787,,,,,1,NO_LOCALLY_FEASIBLE_ACTION,
T5,5,4.508,MYOPIC,1,3,4.508,0.36,41.41609624941688,DESTROYING,4.148,2,CONTINUE,
T5,5,4.508,MYOPIC,2,2,4.148,0.36,54.38203980431724,DESTROYING,3.788,1,CONTINUE,
T5,5,4.508,MYOPIC,3,1,3.788,,,,,1,NO_LOCALLY_FEASIBLE_ACTION,
T5,5,4.509,MYOPIC,1,3,4.509,0.36,41.386156903889876,DESTROYING,4.149,2,CONTINUE,
T5,5,4.509,MYOPIC,2,2,4.149,0.36,54.33899333681378,DESTROYING,3.789,1,CONTINUE,
T5,5,4.509,MYOPIC,3,1,3.789,,,,,1,NO_LOCALLY_FEASIBLE_ACTION,
T5,5,4.51,MYOPIC,1,3,4.51,0.36,41.35624640861013,DESTROYING,4.15,2,CONTINUE,
T5,5,4.51,MYOPIC,2,2,4.15,0.36,54.2959922889516,DESTROYING,3.79,1,CONTINUE,
T5,5,4.51,MYOPIC,3,1,3.79,,,,,1,NO_LOCALLY_FEASIBLE_ACTION,
T5,5,4.511,MYOPIC,1,3,4.511,0.36,41.32636472883508,DESTROYING,4.151,2,CONTINUE,
T5,5,4.511,MYOPIC,2,2,4.151,0.36,54.25303660084194,DESTROYING,3.791,1,CONTINUE,
T5,5,4.511,MYOPIC,3,1,3.791,,,,,1,NO_LOCALLY_FEASIBLE_ACTION,
T5,5,4.512,MYOPIC,1,3,4.512,0.36,41.29651182987225,DESTROYING,4.152,2,CONTINUE,
T5,5,4.512,MYOPIC,2,2,4.152,0.36,54.21012621269074,DESTROYING,3.792,1,CONTINUE,
T5,5,4.512,MYOPIC,3,1,3.792,,,,,1,NO_LOCALLY_FEASIBLE_ACTION,
T5,5,4.513,MYOPIC,1,3,4.513,0.36,41.26668767707942,DESTROYING,4.153,2,CONTINUE,
T5,5,4.513,MYOPIC,2,2,4.153,0.36,54.167261064798545,DESTROYING,3.793,1,CONTINUE,
T5,5,4.513,MYOPIC,3,1,3.793,,,,,1,NO_LOCALLY_FEASIBLE_ACTION,
T5,5,4.514,MYOPIC,1,3,4.514,0.36,41.23689223586426,DESTROYING,4.154,2,CONTINUE,
T5,5,4.514,MYOPIC,2,2,4.154,0.36,54.12444109756026,DESTROYING,3.794,1,CONTINUE,
T5,5,4.514,MYOPIC,3,1,3.794,,,,,1,NO_LOCALLY_FEASIBLE_ACTION,
T5,5,4.515,MYOPIC,1,3,4.515,0.36,41.20712547168453,DESTROYING,4.155,2,CONTINUE,
T5,5,4.515,MYOPIC,2,2,4.155,0.36,54.08166625146505,DESTROYING,3.795,1,CONTINUE,
T5,5,4.515,MYOPIC,3,1,3.795,,,,,1,NO_LOCALLY_FEASIBLE_ACTION,
T5,5,4.516,MYOPIC,1,3,4.516,0.36,41.177387350047745,DESTROYING,4.156,2,CONTINUE,
T5,5,4.516,MYOPIC,2,2,4.156,0.36,54.03893646709606,DESTROYING,3.796,1,CONTINUE,
T5,5,4.516,MYOPIC,3,1,3.796,,,,,1,NO_LOCALLY_FEASIBLE_ACTION,
T5,5,4.517,MYOPIC,1,3,4.517,0.36,41.1476778365112,DESTROYING,4.157,2,CONTINUE,
T5,5,4.517,MYOPIC,2,2,4.157,0.36,53.996251685130325,DESTROYING,3.797,1,CONTINUE,
T5,5,4.517,MYOPIC,3,1,3.797,,,,,1,NO_LOCALLY_FEASIBLE_ACTION,
T5,5,4.518,MYOPIC,1,3,4.518,0.36,41.11799689668186,DESTROYING,4.158,2,CONTINUE,
T5,5,4.518,MYOPIC,2,2,4.158,0.36,53.9536118463386,DESTROYING,3.798,1,CONTINUE,
T5,5,4.518,MYOPIC,3,1,3.798,,,,,1,NO_LOCALLY_FEASIBLE_ACTION,
T5,5,4.519,MYOPIC,1,3,4.519,0.36,41.08834449621642,DESTROYING,4.159,2,CONTINUE,
T5,5,4.519,MYOPIC,2,2,4.159,0.36,53.91101689158512,DESTROYING,3.799,1,CONTINUE,
T5,5,4.519,MYOPIC,3,1,3.799,,,,,1,NO_LOCALLY_FEASIBLE_ACTION,
T5,5,4.52,MYOPIC,1,3,4.52,0.36,41.058720600820905,DESTROYING,4.16,2,CONTINUE,
T5,5,4.52,MYOPIC,2,2,4.16,0.36,53.868466761827456,DESTROYING,3.8,1,CONTINUE,
T5,5,4.52,MYOPIC,3,1,3.8,,,,,1,NO_LOCALLY_FEASIBLE_ACTION,
T5,5,4.521,MYOPIC,1,3,4.521,0.36,41.029125176250965,DESTROYING,4.161,2,CONTINUE,
T5,5,4.521,MYOPIC,2,2,4.161,0.36,53.825961398116405,DESTROYING,3.801,1,CONTINUE,
T5,5,4.521,MYOPIC,3,1,3.801,,,,,1,NO_LOCALLY_FEASIBLE_ACTION,
T5,5,4.522,MYOPIC,1,3,4.522,0.36,40.999558188311454,DESTROYING,4.162,2,CONTINUE,
T5,5,4.522,MYOPIC,2,2,4.162,0.36,53.78350074159576,DESTROYING,3.802,1,CONTINUE,
T5,5,4.522,MYOPIC,3,1,3.802,,,,,1,NO_LOCALLY_FEASIBLE_ACTION,
T5,5,4.523,MYOPIC,1,3,4.523,0.36,40.970019602856574,DESTROYING,4.163,2,CONTINUE,
T5,5,4.523,MYOPIC,2,2,4.163,0.36,53.741084733502085,DESTROYING,3.803,1,CONTINUE,
T5,5,4.523,MYOPIC,3,1,3.803,,,,,1,NO_LOCALLY_FEASIBLE_ACTION,
T5,5,4.524,MYOPIC,1,3,4.524,0.36,40.940509385789774,DESTROYING,4.164,2,CONTINUE,
T5,5,4.524,MYOPIC,2,2,4.164,0.36,53.69871331516471,DESTROYING,3.804,1,CONTINUE,
T5,5,4.524,MYOPIC,3,1,3.804,,,,,1,NO_LOCALLY_FEASIBLE_ACTION,
T5,5,4.525,MYOPIC,1,3,4.525,0.36,40.91102750306345,DESTROYING,4.165,2,CONTINUE,
T5,5,4.525,MYOPIC,2,2,4.165,0.36,53.65638642800535,DESTROYING,3.805,1,CONTINUE,
T5,5,4.525,MYOPIC,3,1,3.805,,,,,1,NO_LOCALLY_FEASIBLE_ACTION,
T5,5,4.526,MYOPIC,1,3,4.526,0.36,40.88157392067915,DESTROYING,4.166,2,CONTINUE,
T5,5,4.526,MYOPIC,2,2,4.166,0.36,53.6141040135381,DESTROYING,3.806,1,CONTINUE,
T5,5,4.526,MYOPIC,3,1,3.806,,,,,1,NO_LOCALLY_FEASIBLE_ACTION,
T5,5,4.527,MYOPIC,1,3,4.527,0.36,40.852148604687365,DESTROYING,4.167,2,CONTINUE,
T5,5,4.527,MYOPIC,2,2,4.167,0.36,53.571866013369245,DESTROYING,3.807,1,CONTINUE,
T5,5,4.527,MYOPIC,3,1,3.807,,,,,1,NO_LOCALLY_FEASIBLE_ACTION,
T5,5,4.528,MYOPIC,1,3,4.528,0.36,40.82275152118738,DESTROYING,4.168,2,CONTINUE,
T5,5,4.528,MYOPIC,2,2,4.168,0.36,53.529672369196966,DESTROYING,3.808,1,CONTINUE,
T5,5,4.528,MYOPIC,3,1,3.808,,,,,1,NO_LOCALLY_FEASIBLE_ACTION,
T5,5,4.529,MYOPIC,1,3,4.529,0.36,40.7933826363273,DESTROYING,4.169,2,CONTINUE,
T5,5,4.529,MYOPIC,2,2,4.169,0.36,53.487523022811246,DESTROYING,3.809,1,CONTINUE,
T5,5,4.529,MYOPIC,3,1,3.809,,,,,1,NO_LOCALLY_FEASIBLE_ACTION,
T5,5,4.53,MYOPIC,1,3,4.53,0.36,40.76404191630387,DESTROYING,4.17,2,CONTINUE,
T5,5,4.53,MYOPIC,2,2,4.17,0.36,53.445417916093845,DESTROYING,3.81,1,CONTINUE,
T5,5,4.53,MYOPIC,3,1,3.81,,,,,1,NO_LOCALLY_FEASIBLE_ACTION,
T5,5,4.531,MYOPIC,1,3,4.531,0.36,40.73472932736253,DESTROYING,4.171,2,CONTINUE,
T5,5,4.531,MYOPIC,2,2,4.171,0.36,53.40335699101791,DESTROYING,3.811,1,CONTINUE,
T5,5,4.531,MYOPIC,3,1,3.811,,,,,1,NO_LOCALLY_FEASIBLE_ACTION,
T5,5,4.532,MYOPIC,1,3,4.532,0.36,40.70544483579725,DESTROYING,4.172,2,CONTINUE,
T5,5,4.532,MYOPIC,2,2,4.172,0.36,53.36134018964789,DESTROYING,3.812,1,CONTINUE,
T5,5,4.532,MYOPIC,3,1,3.812,,,,,1,NO_LOCALLY_FEASIBLE_ACTION,
T5,5,4.533,MYOPIC,1,3,4.533,0.36,40.67618840795035,DESTROYING,4.173,2,CONTINUE,
T5,5,4.533,MYOPIC,2,2,4.173,0.36,53.31936745413937,DESTROYING,3.813,1,CONTINUE,
T5,5,4.533,MYOPIC,3,1,3.813,,,,,1,NO_LOCALLY_FEASIBLE_ACTION,
T5,5,4.534,MYOPIC,1,3,4.534,0.36,40.64696001021262,DESTROYING,4.174,2,CONTINUE,
T5,5,4.534,MYOPIC,2,2,4.174,0.36,53.277438726738964,DESTROYING,3.814,1,CONTINUE,
T5,5,4.534,MYOPIC,3,1,3.814,,,,,1,NO_LOCALLY_FEASIBLE_ACTION,
T5,5,4.535,MYOPIC,1,3,4.535,0.36,40.617759609023146,DESTROYING,4.175,2,CONTINUE,
T5,5,4.535,MYOPIC,2,2,4.175,0.36,53.235553949784055,DESTROYING,3.815,1,CONTINUE,
T5,5,4.535,MYOPIC,3,1,3.815,,,,,1,NO_LOCALLY_FEASIBLE_ACTION,
T5,5,4.536,MYOPIC,1,3,4.536,0.36,40.58858717086911,DESTROYING,4.176,2,CONTINUE,
T5,5,4.536,MYOPIC,2,2,4.176,0.36,53.193713065702674,DESTROYING,3.816,1,CONTINUE,
T5,5,4.536,MYOPIC,3,1,3.816,,,,,1,NO_LOCALLY_FEASIBLE_ACTION,
T5,5,4.537,MYOPIC,1,3,4.537,0.36,40.55944266228596,DESTROYING,4.177,2,CONTINUE,
T5,5,4.537,MYOPIC,2,2,4.177,0.36,53.15191601701329,DESTROYING,3.817,1,CONTINUE,
T5,5,4.537,MYOPIC,3,1,3.817,,,,,1,NO_LOCALLY_FEASIBLE_ACTION,
T5,5,4.538,MYOPIC,1,3,4.538,0.36,40.530326049857074,DESTROYING,4.178,2,CONTINUE,
T5,5,4.538,MYOPIC,2,2,4.178,0.36,53.110162746324775,DESTROYING,3.818,1,CONTINUE,
T5,5,4.538,MYOPIC,3,1,3.818,,,,,1,NO_LOCALLY_FEASIBLE_ACTION,
T5,5,4.539,MYOPIC,1,3,4.539,0.36,40.50123730021388,DESTROYING,4.179,2,CONTINUE,
T5,5,4.539,MYOPIC,2,2,4.179,0.36,53.06845319633604,DESTROYING,3.819,1,CONTINUE,
T5,5,4.539,MYOPIC,3,1,3.819,,,,,1,NO_LOCALLY_FEASIBLE_ACTION,
T5,5,4.54,MYOPIC,1,3,4.54,0.36,40.47217638003568,DESTROYING,4.18,2,CONTINUE,
T5,5,4.54,MYOPIC,2,2,4.18,0.36,53.026787309836045,DESTROYING,3.82,1,CONTINUE,
T5,5,4.54,MYOPIC,3,1,3.82,,,,,1,NO_LOCALLY_FEASIBLE_ACTION,
T5,5,4.541,MYOPIC,1,3,4.541,0.36,40.443143256049474,DESTROYING,4.181,2,CONTINUE,
T5,5,4.541,MYOPIC,2,2,4.181,0.36,52.985165029703495,DESTROYING,3.821,1,CONTINUE,
T5,5,4.541,MYOPIC,3,1,3.821,,,,,1,NO_LOCALLY_FEASIBLE_ACTION,
T5,5,4.542,MYOPIC,1,3,4.542,0.36,40.414137895030166,DESTROYING,4.182,2,CONTINUE,
T5,5,4.542,MYOPIC,2,2,4.182,0.36,52.943586298906844,DESTROYING,3.822,1,CONTINUE,
T5,5,4.542,MYOPIC,3,1,3.822,,,,,1,NO_LOCALLY_FEASIBLE_ACTION,
T5,5,4.543,MYOPIC,1,3,4.543,0.36,40.385160263800216,DESTROYING,4.183,2,CONTINUE,
T5,5,4.543,MYOPIC,2,2,4.183,0.36,52.90205106050394,DESTROYING,3.823,1,CONTINUE,
T5,5,4.543,MYOPIC,3,1,3.823,,,,,1,NO_LOCALLY_FEASIBLE_ACTION,
T5,5,4.544,MYOPIC,1,3,4.544,0.36,40.35621032922957,DESTROYING,4.184,2,CONTINUE,
T5,5,4.544,MYOPIC,2,2,4.184,0.36,52.86055925764199,DESTROYING,3.824,1,CONTINUE,
T5,5,4.544,MYOPIC,3,1,3.824,,,,,1,NO_LOCALLY_FEASIBLE_ACTION,
T5,5,4.545,MYOPIC,1,3,4.545,0.36,40.327288058235844,DESTROYING,4.185,2,CONTINUE,
T5,5,4.545,MYOPIC,2,2,4.185,0.36,52.81911083355733,DESTROYING,3.825,1,CONTINUE,
T5,5,4.545,MYOPIC,3,1,3.825,,,,,1,NO_LOCALLY_FEASIBLE_ACTION,
T5,5,4.546,MYOPIC,1,3,4.546,0.36,40.29839341778387,DESTROYING,4.186,2,CONTINUE,
T5,5,4.546,MYOPIC,2,2,4.186,0.36,52.777705731575345,DESTROYING,3.826,1,CONTINUE,
T5,5,4.546,MYOPIC,3,1,3.826,,,,,1,NO_LOCALLY_FEASIBLE_ACTION,
T5,5,4.547,MYOPIC,1,3,4.547,0.36,40.269526374885935,DESTROYING,4.187,2,CONTINUE,
T5,5,4.547,MYOPIC,2,2,4.187,0.36,52.73634389511021,DESTROYING,3.827,1,CONTINUE,
T5,5,4.547,MYOPIC,3,1,3.827,,,,,1,NO_LOCALLY_FEASIBLE_ACTION,
T5,5,4.548,MYOPIC,1,3,4.548,0.36,40.24068689660155,DESTROYING,4.188,2,CONTINUE,
T5,5,4.548,MYOPIC,2,2,4.188,0.36,52.69502526766479,DESTROYING,3.828,1,CONTINUE,
T5,5,4.548,MYOPIC,3,1,3.828,,,,,1,NO_LOCALLY_FEASIBLE_ACTION,
T5,5,4.549,MYOPIC,1,3,4.549,0.36,40.21187495003736,DESTROYING,4.189,2,CONTINUE,
T5,5,4.549,MYOPIC,2,2,4.189,0.36,52.65374979283043,DESTROYING,3.829,1,CONTINUE,
T5,5,4.549,MYOPIC,3,1,3.829,,,,,1,NO_LOCALLY_FEASIBLE_ACTION,
T5,5,4.55,MYOPIC,1,3,4.55,0.36,40.18309050234715,DESTROYING,4.19,2,CONTINUE,
T5,5,4.55,MYOPIC,2,2,4.19,0.36,52.612517414286856,DESTROYING,3.83,1,CONTINUE,
T5,5,4.55,MYOPIC,3,1,3.83,,,,,1,NO_LOCALLY_FEASIBLE_ACTION,
T5,5,4.551,MYOPIC,1,3,4.551,0.36,40.154333520731676,DESTROYING,4.191,2,CONTINUE,
T5,5,4.551,MYOPIC,2,2,4.191,0.36,52.571328075801944,DESTROYING,3.831,1,CONTINUE,
T5,5,4.551,MYOPIC,3,1,3.831,,,,,1,NO_LOCALLY_FEASIBLE_ACTION,
T5,5,4.552,MYOPIC,1,3,4.552,0.36,40.12560397243863,DESTROYING,4.192,2,CONTINUE,
T5,5,4.552,MYOPIC,2,2,4.192,0.36,52.530181721231614,DESTROYING,3.832,1,CONTINUE,
T5,5,4.552,MYOPIC,3,1,3.832,,,,,1,NO_LOCALLY_FEASIBLE_ACTION,
T5,5,4.553,MYOPIC,1,3,4.553,0.36,40.096901824762625,DESTROYING,4.193,2,CONTINUE,
T5,5,4.553,MYOPIC,2,2,4.193,0.36,52.48907829451962,DESTROYING,3.833,1,CONTINUE,
T5,5,4.553,MYOPIC,3,1,3.833,,,,,1,NO_LOCALLY_FEASIBLE_ACTION,
T5,5,4.554,MYOPIC,1,3,4.554,0.36,40.06822704504492,DESTROYING,4.194,2,CONTINUE,
T5,5,4.554,MYOPIC,2,2,4.194,0.36,52.44801773969748,DESTROYING,3.834,1,CONTINUE,
T5,5,4.554,MYOPIC,3,1,3.834,,,,,1,NO_LOCALLY_FEASIBLE_ACTION,
T5,5,4.555,MYOPIC,1,3,4.555,0.36,40.039579600673626,DESTROYING,4.195,2,CONTINUE,
T5,5,4.555,MYOPIC,2,2,4.195,0.36,52.4070000008842,DESTROYING,3.835,1,CONTINUE,
T5,5,4.555,MYOPIC,3,1,3.835,,,,,1,NO_LOCALLY_FEASIBLE_ACTION,
T5,5,4.556,MYOPIC,1,3,4.556,0.36,40.01095945908339,DESTROYING,4.196,2,CONTINUE,
T5,5,4.556,MYOPIC,2,2,4.196,0.36,52.36602502228619,DESTROYING,3.836,1,CONTINUE,
T5,5,4.556,MYOPIC,3,1,3.836,,,,,1,NO_LOCALLY_FEASIBLE_ACTION,
T5,5,4.557,MYOPIC,1,3,4.557,0.36,39.98236658775538,DESTROYING,4.197,2,CONTINUE,
T5,5,4.557,MYOPIC,2,2,4.197,0.36,52.325092748197044,DESTROYING,3.837,1,CONTINUE,
T5,5,4.557,MYOPIC,3,1,3.837,,,,,1,NO_LOCALLY_FEASIBLE_ACTION,
T5,5,4.558,MYOPIC,1,3,4.558,0.36,39.95380095421732,DESTROYING,4.198,2,CONTINUE,
T5,5,4.558,MYOPIC,2,2,4.198,0.36,52.284203122997496,DESTROYING,3.838,1,CONTINUE,
T5,5,4.558,MYOPIC,3,1,3.838,,,,,1,NO_LOCALLY_FEASIBLE_ACTION,
T5,5,4.559,MYOPIC,1,3,4.559,0.36,39.925262526043255,DESTROYING,4.199,2,CONTINUE,
T5,5,4.559,MYOPIC,2,2,4.199,0.36,52.24335609115513,DESTROYING,3.839,1,CONTINUE,
T5,5,4.559,MYOPIC,3,1,3.839,,,,,1,NO_LOCALLY_FEASIBLE_ACTION,
T5,5,4.56,MYOPIC,1,3,4.56,0.36,39.89675127085353,DESTROYING,4.2,2,CONTINUE,
T5,5,4.56,MYOPIC,2,2,4.2,0.36,52.20255159722428,DESTROYING,3.84,1,CONTINUE,
T5,5,4.56,MYOPIC,3,1,3.84,,,,,1,NO_LOCALLY_FEASIBLE_ACTION,
T5,5,4.561,MYOPIC,1,3,4.561,0.36,39.86826715631479,DESTROYING,4.201,2,CONTINUE,
T5,5,4.561,MYOPIC,2,2,4.201,0.36,52.16178958584585,DESTROYING,3.841,1,CONTINUE,
T5,5,4.561,MYOPIC,3,1,3.841,,,,,1,NO_LOCALLY_FEASIBLE_ACTION,
T5,5,4.562,MYOPIC,1,3,4.562,0.36,39.83981015013977,DESTROYING,4.202,2,CONTINUE,
T5,5,4.562,MYOPIC,2,2,4.202,0.36,52.12107000174724,DESTROYING,3.842,1,CONTINUE,
T5,5,4.562,MYOPIC,3,1,3.842,,,,,1,NO_LOCALLY_FEASIBLE_ACTION,
T5,5,4.563,MYOPIC,1,3,4.563,0.36,39.81138022008733,DESTROYING,4.203,2,CONTINUE,
T5,5,4.563,MYOPIC,2,2,4.203,0.36,52.0803927897421,DESTROYING,3.843,1,CONTINUE,
T5,5,4.563,MYOPIC,3,1,3.843,,,,,1,NO_LOCALLY_FEASIBLE_ACTION,
T5,5,4.564,MYOPIC,1,3,4.564,0.36,39.78297733396235,DESTROYING,4.204,2,CONTINUE,
T5,5,4.564,MYOPIC,2,2,4.204,0.36,52.03975789473015,DESTROYING,3.844,1,CONTINUE,
T5,5,4.564,MYOPIC,3,1,3.844,,,,,1,NO_LOCALLY_FEASIBLE_ACTION,
T5,5,4.565,MYOPIC,1,3,4.565,0.36,39.75460145961555,DESTROYING,4.205,2,CONTINUE,
T5,5,4.565,MYOPIC,2,2,4.205,0.36,51.99916526169709,DESTROYING,3.845,1,CONTINUE,
T5,5,4.565,MYOPIC,3,1,3.845,,,,,1,NO_LOCALLY_FEASIBLE_ACTION,
T5,5,4.566,MYOPIC,1,3,4.566,0.36,39.72625256494357,DESTROYING,4.206,2,CONTINUE,
T5,5,4.566,MYOPIC,2,2,4.206,0.36,51.95861483571447,DESTROYING,3.846,1,CONTINUE,
T5,5,4.566,MYOPIC,3,1,3.846,,,,,1,NO_LOCALLY_FEASIBLE_ACTION,
T5,5,4.567,MYOPIC,1,3,4.567,0.36,39.697930617888886,DESTROYING,4.207,2,CONTINUE,
T5,5,4.567,MYOPIC,2,2,4.207,0.36,51.91810656193943,DESTROYING,3.847,1,CONTINUE,
T5,5,4.567,MYOPIC,3,1,3.847,,,,,1,NO_LOCALLY_FEASIBLE_ACTION,
T5,5,4.568,MYOPIC,1,3,4.568,0.36,39.669635586439504,DESTROYING,4.208,2,CONTINUE,
T5,5,4.568,MYOPIC,2,2,4.208,0.36,51.87764038561463,DESTROYING,3.848,1,CONTINUE,
T5,5,4.568,MYOPIC,3,1,3.848,,,,,1,NO_LOCALLY_FEASIBLE_ACTION,
T5,5,4.569,MYOPIC,1,3,4.569,0.36,39.64136743862921,DESTROYING,4.209,2,CONTINUE,
T5,5,4.569,MYOPIC,2,2,4.209,0.36,51.83721625206807,DESTROYING,3.849,1,CONTINUE,
T5,5,4.569,MYOPIC,3,1,3.849,,,,,1,NO_LOCALLY_FEASIBLE_ACTION,
T5,5,4.57,MYOPIC,1,3,4.57,0.36,39.61312614253726,DESTROYING,4.21,2,CONTINUE,
T5,5,4.57,MYOPIC,2,2,4.21,0.36,51.79683410671292,DESTROYING,3.85,1,CONTINUE,
T5,5,4.57,MYOPIC,3,1,3.85,,,,,1,NO_LOCALLY_FEASIBLE_ACTION,
T5,5,4.571,MYOPIC,1,3,4.571,0.36,39.58491166628836,DESTROYING,4.211,2,CONTINUE,
T5,5,4.571,MYOPIC,2,2,4.211,0.36,51.756493895047356,DESTROYING,3.851,1,CONTINUE,
T5,5,4.571,MYOPIC,3,1,3.851,,,,,1,NO_LOCALLY_FEASIBLE_ACTION,
T5,5,4.572,MYOPIC,1,3,4.572,0.36,39.55672397805272,DESTROYING,4.212,2,CONTINUE,
T5,5,4.572,MYOPIC,2,2,4.212,0.36,51.71619556265447,DESTROYING,3.852,1,CONTINUE,
T5,5,4.572,MYOPIC,3,1,3.852,,,,,1,NO_LOCALLY_FEASIBLE_ACTION,
T5,5,4.573,MYOPIC,1,3,4.573,0.36,39.528563046045726,DESTROYING,4.213,2,CONTINUE,
T5,5,4.573,MYOPIC,2,2,4.213,0.36,51.675939055202036,DESTROYING,3.853,1,CONTINUE,
T5,5,4.573,MYOPIC,3,1,3.853,,,,,1,NO_LOCALLY_FEASIBLE_ACTION,
T5,5,4.574,MYOPIC,1,3,4.574,0.36,39.500428838528094,DESTROYING,4.214,2,CONTINUE,
T5,5,4.574,MYOPIC,2,2,4.214,0.36,51.63572431844241,DESTROYING,3.854,1,CONTINUE,
T5,5,4.574,MYOPIC,3,1,3.854,,,,,1,NO_LOCALLY_FEASIBLE_ACTION,
T5,5,4.575,MYOPIC,1,3,4.575,0.36,39.47232132380577,DESTROYING,4.215,2,CONTINUE,
T5,5,4.575,MYOPIC,2,2,4.215,0.36,51.59555129821238,DESTROYING,3.855,1,CONTINUE,
T5,5,4.575,MYOPIC,3,1,3.855,,,,,1,NO_LOCALLY_FEASIBLE_ACTION,
T5,5,4.576,MYOPIC,1,3,4.576,0.36,39.44424047022963,DESTROYING,4.216,2,CONTINUE,
T5,5,4.576,MYOPIC,2,2,4.216,0.36,51.55541994043291,DESTROYING,3.856,1,CONTINUE,
T5,5,4.576,MYOPIC,3,1,3.856,,,,,1,NO_LOCALLY_FEASIBLE_ACTION,
T5,5,4.577,MYOPIC,1,3,4.577,0.36,39.41618624619572,DESTROYING,4.217,2,CONTINUE,
T5,5,4.577,MYOPIC,2,2,4.217,0.36,51.515330191109136,DESTROYING,3.857,1,CONTINUE,
T5,5,4.577,MYOPIC,3,1,3.857,,,,,1,NO_LOCALLY_FEASIBLE_ACTION,
T5,5,4.578,MYOPIC,1,3,4.578,0.36,39.38815862014494,DESTROYING,4.218,2,CONTINUE,
T5,5,4.578,MYOPIC,2,2,4.218,0.36,51.475281996330175,DESTROYING,3.858,1,CONTINUE,
T5,5,4.578,MYOPIC,3,1,3.858,,,,,1,NO_LOCALLY_FEASIBLE_ACTION,
T5,5,4.579,MYOPIC,1,3,4.579,0.36,39.360157560563124,DESTROYING,4.219,2,CONTINUE,
T5,5,4.579,MYOPIC,2,2,4.219,0.36,51.43527530226886,DESTROYING,3.859,1,CONTINUE,
T5,5,4.579,MYOPIC,3,1,3.859,,,,,1,NO_LOCALLY_FEASIBLE_ACTION,
T5,5,4.58,MYOPIC,1,3,4.58,0.36,39.33218303598084,DESTROYING,4.22,2,CONTINUE,
T5,5,4.58,MYOPIC,2,2,4.22,0.36,51.39531005518171,DESTROYING,3.86,1,CONTINUE,
T5,5,4.58,MYOPIC,3,1,3.86,,,,,1,NO_LOCALLY_FEASIBLE_ACTION,
T5,5,4.581,MYOPIC,1,3,4.581,0.36,39.30423501497342,DESTROYING,4.221,2,CONTINUE,
T5,5,4.581,MYOPIC,2,2,4.221,0.36,51.35538620140876,DESTROYING,3.861,1,CONTINUE,
T5,5,4.581,MYOPIC,3,1,3.861,,,,,1,NO_LOCALLY_FEASIBLE_ACTION,
T5,5,4.582,MYOPIC,1,3,4.582,0.36,39.27631346616083,DESTROYING,4.222,2,CONTINUE,
T5,5,4.582,MYOPIC,2,2,4.222,0.36,51.315503687373365,DESTROYING,3.862,1,CONTINUE,
T5,5,4.582,MYOPIC,3,1,3.862,,,,,1,NO_LOCALLY_FEASIBLE_ACTION,
T5,5,4.583,MYOPIC,1,3,4.583,0.36,39.248418358207665,DESTROYING,4.223,2,CONTINUE,
T5,5,4.583,MYOPIC,2,2,4.223,0.36,51.275662459582094,DESTROYING,3.863,1,CONTINUE,
T5,5,4.583,MYOPIC,3,1,3.863,,,,,1,NO_LOCALLY_FEASIBLE_ACTION,
T5,5,4.584,MYOPIC,1,3,4.584,0.36,39.22054965982289,DESTROYING,4.224,2,CONTINUE,
T5,5,4.584,MYOPIC,2,2,4.224,0.36,51.2358624646245,DESTROYING,3.864,1,CONTINUE,
T5,5,4.584,MYOPIC,3,1,3.864,,,,,1,NO_LOCALLY_FEASIBLE_ACTION,
T5,5,4.585,MYOPIC,1,3,4.585,0.36,39.19270733976004,DESTROYING,4.225,2,CONTINUE,
T5,5,4.585,MYOPIC,2,2,4.225,0.36,51.196103649173104,DESTROYING,3.865,1,CONTINUE,
T5,5,4.585,MYOPIC,3,1,3.865,,,,,1,NO_LOCALLY_FEASIBLE_ACTION,
T5,5,4.586,MYOPIC,1,3,4.586,0.36,39.16489136681687,DESTROYING,4.226,2,CONTINUE,
T5,5,4.586,MYOPIC,2,2,4.226,0.36,51.15638595998316,DESTROYING,3.866,1,CONTINUE,
T5,5,4.586,MYOPIC,3,1,3.866,,,,,1,NO_LOCALLY_FEASIBLE_ACTION,
T5,5,4.587,MYOPIC,1,3,4.587,0.36,39.13710170983555,DESTROYING,4.227,2,CONTINUE,
T5,5,4.587,MYOPIC,2,2,4.227,0.36,51.11670934389245,DESTROYING,3.867,1,CONTINUE,
T5,5,4.587,MYOPIC,3,1,3.867,,,,,1,NO_LOCALLY_FEASIBLE_ACTION,
T5,5,4.588,MYOPIC,1,3,4.588,0.36,39.10933833770236,DESTROYING,4.228,2,CONTINUE,
T5,5,4.588,MYOPIC,2,2,4.228,0.36,51.077073747821274,DESTROYING,3.868,1,CONTINUE,
T5,5,4.588,MYOPIC,3,1,3.868,,,,,1,NO_LOCALLY_FEASIBLE_ACTION,
T5,5,4.589,MYOPIC,1,3,4.589,0.36,39.08160121934772,DESTROYING,4.229,2,CONTINUE,
T5,5,4.589,MYOPIC,2,2,4.229,0.36,51.03747911877214,DESTROYING,3.869,1,CONTINUE,
T5,5,4.589,MYOPIC,3,1,3.869,,,,,1,NO_LOCALLY_FEASIBLE_ACTION,
T5,5,4.59,MYOPIC,1,3,4.59,0.36,39.05389032374616,DESTROYING,4.23,2,CONTINUE,
T5,5,4.59,MYOPIC,2,2,4.23,0.36,50.99792540382983,DESTROYING,3.87,1,CONTINUE,
T5,5,4.59,MYOPIC,3,1,3.87,,,,,1,NO_LOCALLY_FEASIBLE_ACTION,
T5,5,4.591,MYOPIC,1,3,4.591,0.36,39.02620561991619,DESTROYING,4.231,2,CONTINUE,
T5,5,4.591,MYOPIC,2,2,4.231,0.36,50.958412550161015,DESTROYING,3.871,1,CONTINUE,
T5,5,4.591,MYOPIC,3,1,3.871,,,,,1,NO_LOCALLY_FEASIBLE_ACTION,
T5,5,4.592,MYOPIC,1,3,4.592,0.36,38.998547076920154,DESTROYING,4.232,2,CONTINUE,
T5,5,4.592,MYOPIC,2,2,4.232,0.36,50.918940505014255,DESTROYING,3.872,1,CONTINUE,
T5,5,4.592,MYOPIC,3,1,3.872,,,,,1,NO_LOCALLY_FEASIBLE_ACTION,
T5,5,4.593,MYOPIC,1,3,4.593,0.36,38.970914663864356,DESTROYING,4.233,2,CONTINUE,
T5,5,4.593,MYOPIC,2,2,4.233,0.36,50.87950921571976,DESTROYING,3.873,1,CONTINUE,
T5,5,4.593,MYOPIC,3,1,3.873,,,,,1,NO_LOCALLY_FEASIBLE_ACTION,
T5,5,4.594,MYOPIC,1,3,4.594,0.36,38.94330834989874,DESTROYING,4.234,2,CONTINUE,
T5,5,4.594,MYOPIC,2,2,4.234,0.36,50.84011862968941,DESTROYING,3.874,1,CONTINUE,
T5,5,4.594,MYOPIC,3,1,3.874,,,,,1,NO_LOCALLY_FEASIBLE_ACTION,
T5,5,4.595,MYOPIC,1,3,4.595,0.36,38.91572810421705,DESTROYING,4.235,2,CONTINUE,
T5,5,4.595,MYOPIC,2,2,4.235,0.36,50.80076869441637,DESTROYING,3.875,1,CONTINUE,
T5,5,4.595,MYOPIC,3,1,3.875,,,,,1,NO_LOCALLY_FEASIBLE_ACTION,
T5,5,4.596,MYOPIC,1,3,4.596,0.36,38.88817389605667,DESTROYING,4.236,2,CONTINUE,
T5,5,4.596,MYOPIC,2,2,4.236,0.36,50.761459357475125,DESTROYING,3.876,1,CONTINUE,
T5,5,4.596,MYOPIC,3,1,3.876,,,,,1,NO_LOCALLY_FEASIBLE_ACTION,
T5,5,4.597,MYOPIC,1,3,4.597,0.36,38.86064569469842,DESTROYING,4.237,2,CONTINUE,
T5,5,4.597,MYOPIC,2,2,4.237,0.36,50.72219056652126,DESTROYING,3.877,1,CONTINUE,
T5,5,4.597,MYOPIC,3,1,3.877,,,,,1,NO_LOCALLY_FEASIBLE_ACTION,
T5,5,4.598,MYOPIC,1,3,4.598,0.36,38.833143469466684,DESTROYING,4.238,2,CONTINUE,
T5,5,4.598,MYOPIC,2,2,4.238,0.36,50.68296226929129,DESTROYING,3.878,1,CONTINUE,
T5,5,4.598,MYOPIC,3,1,3.878,,,,,1,NO_LOCALLY_FEASIBLE_ACTION,
T5,5,4.18,RPRA,1,3,4.18,0.36,53.026787309836045,PRESERVING,3.82,2,CONTINUE,
T5,5,4.18,RPRA,2,2,3.82,0.36,71.36037244201924,PRESERVING,3.46,1,CONTINUE,
T5,5,4.18,RPRA,3,1,3.46,0.36,99.22025135628195,PRESERVING,3.1,0,TERMINAL_REACHED,
T5,5,4.181,RPRA,1,3,4.181,0.36,52.985165029703495,PRESERVING,3.821,2,CONTINUE,
T5,5,4.181,RPRA,2,2,3.821,0.36,71.29853503433206,PRESERVING,3.461,1,CONTINUE,
T5,5,4.181,RPRA,3,1,3.461,0.36,99.12429367303372,PRESERVING,3.101,0,TERMINAL_REACHED,
T5,5,4.182,RPRA,1,3,4.182,0.36,52.943586298906844,PRESERVING,3.822,2,CONTINUE,
T5,5,4.182,RPRA,2,2,3.822,0.36,71.23676905304204,PRESERVING,3.462,1,CONTINUE,
T5,5,4.182,RPRA,3,1,3.462,0.36,99.02845968643378,PRESERVING,3.102,0,TERMINAL_REACHED,
T5,5,4.183,RPRA,1,3,4.183,0.36,52.90205106050394,PRESERVING,3.823,2,CONTINUE,
T5,5,4.183,RPRA,2,2,3.823,0.36,71.17507439505117,PRESERVING,3.463,1,CONTINUE,
T5,5,4.183,RPRA,3,1,3.463,0.36,98.93274919722856,PRESERVING,3.103,0,TERMINAL_REACHED,
T5,5,4.184,RPRA,1,3,4.184,0.36,52.86055925764199,PRESERVING,3.824,2,CONTINUE,
T5,5,4.184,RPRA,2,2,3.824,0.36,71.11345095743972,PRESERVING,3.464,1,CONTINUE,
T5,5,4.184,RPRA,3,1,3.464,0.36,98.83716200654949,PRESERVING,3.104,0,TERMINAL_REACHED,
T5,5,4.185,RPRA,1,3,4.185,0.36,52.81911083355733,PRESERVING,3.825,2,CONTINUE,
T5,5,4.185,RPRA,2,2,3.825,0.36,71.05189863746628,PRESERVING,3.465,1,CONTINUE,
T5,5,4.185,RPRA,3,1,3.465,0.36,98.74169791591217,PRESERVING,3.105,0,TERMINAL_REACHED,
T5,5,4.186,RPRA,1,3,4.186,0.36,52.777705731575345,PRESERVING,3.826,2,CONTINUE,
T5,5,4.186,RPRA,2,2,3.826,0.36,70.99041733256718,PRESERVING,3.466,1,CONTINUE,
T5,5,4.186,RPRA,3,1,3.466,0.361,99.07482056913435,PRESERVING,3.105,0,TERMINAL_REACHED,
T5,5,4.187,RPRA,1,3,4.187,0.36,52.73634389511021,PRESERVING,3.827,2,CONTINUE,
T5,5,4.187,RPRA,2,2,3.827,0.36,70.92900694035627,PRESERVING,3.467,1,CONTINUE,
T5,5,4.187,RPRA,3,1,3.467,0.362,99.40817629825438,PRESERVING,3.105,0,TERMINAL_REACHED,
T5,5,4.188,RPRA,1,3,4.188,0.36,52.69502526766479,PRESERVING,3.828,2,CONTINUE,
T5,5,4.188,RPRA,2,2,3.828,0.36,70.86766735862443,PRESERVING,3.468,1,CONTINUE,
T5,5,4.188,RPRA,3,1,3.468,0.363,99.74176471194103,PRESERVING,3.105,0,TERMINAL_REACHED,
T5,5,4.189,RPRA,1,3,4.189,0.36,52.65374979283043,PRESERVING,3.829,2,CONTINUE,
T5,5,4.189,RPRA,2,2,3.829,0.361,71.10675201967895,PRESERVING,3.468,1,CONTINUE,
T5,5,4.189,RPRA,3,1,3.468,0.363,99.74176471194103,PRESERVING,3.105,0,TERMINAL_REACHED,
T5,5,4.19,RPRA,1,3,4.19,0.36,52.612517414286856,PRESERVING,3.83,2,CONTINUE,
T5,5,4.19,RPRA,2,2,3.83,0.362,71.34600396107747,PRESERVING,3.468,1,CONTINUE,
T5,5,4.19,RPRA,3,1,3.468,0.363,99.74176471194103,PRESERVING,3.105,0,TERMINAL_REACHED,
T5,5,4.191,RPRA,1,3,4.191,0.36,52.571328075801944,PRESERVING,3.831,2,CONTINUE,
T5,5,4.191,RPRA,2,2,3.831,0.363,71.58542290195865,PRESERVING,3.468,1,CONTINUE,
T5,5,4.191,RPRA,3,1,3.468,0.363,99.74176471194103,PRESERVING,3.105,0,TERMINAL_REACHED,
T5,5,4.192,RPRA,1,3,4.192,0.36,52.530181721231614,PRESERVING,3.832,2,CONTINUE,
T5,5,4.192,RPRA,2,2,3.832,0.364,71.82500856258642,PRESERVING,3.468,1,CONTINUE,
T5,5,4.192,RPRA,3,1,3.468,0.363,99.74176471194103,PRESERVING,3.105,0,TERMINAL_REACHED,
T5,5,4.193,RPRA,1,3,4.193,0.36,52.48907829451962,PRESERVING,3.833,2,CONTINUE,
T5,5,4.193,RPRA,2,2,3.833,0.365,72.06476066434234,PRESERVING,3.468,1,CONTINUE,
T5,5,4.193,RPRA,3,1,3.468,0.363,99.74176471194103,PRESERVING,3.105,0,TERMINAL_REACHED,
T5,5,4.194,RPRA,1,3,4.194,0.36,52.44801773969748,PRESERVING,3.834,2,CONTINUE,
T5,5,4.194,RPRA,2,2,3.834,0.366,72.30467892971815,PRESERVING,3.468,1,CONTINUE,
T5,5,4.194,RPRA,3,1,3.468,0.363,99.74176471194103,PRESERVING,3.105,0,TERMINAL_REACHED,
T5,5,4.195,RPRA,1,3,4.195,0.36,52.4070000008842,PRESERVING,3.835,2,CONTINUE,
T5,5,4.195,RPRA,2,2,3.835,0.367,72.54476308230818,PRESERVING,3.468,1,CONTINUE,
T5,5,4.195,RPRA,3,1,3.468,0.363,99.74176471194103,PRESERVING,3.105,0,TERMINAL_REACHED,
T5,5,4.196,RPRA,1,3,4.196,0.36,52.36602502228619,PRESERVING,3.836,2,CONTINUE,
T5,5,4.196,RPRA,2,2,3.836,0.368,72.78501284680084,PRESERVING,3.468,1,CONTINUE,
T5,5,4.196,RPRA,3,1,3.468,0.363,99.74176471194103,PRESERVING,3.105,0,TERMINAL_REACHED,
T5,5,4.197,RPRA,1,3,4.197,0.36,52.325092748197044,PRESERVING,3.837,2,CONTINUE,
T5,5,4.197,RPRA,2,2,3.837,0.369,73.02542794897319,PRESERVING,3.468,1,CONTINUE,
T5,5,4.197,RPRA,3,1,3.468,0.363,99.74176471194103,PRESERVING,3.105,0,TERMINAL_REACHED,
T5,5,4.198,RPRA,1,3,4.198,0.36,52.284203122997496,PRESERVING,3.838,2,CONTINUE,
T5,5,4.198,RPRA,2,2,3.838,0.37,73.26600811568211,PRESERVING,3.468,1,CONTINUE,
T5,5,4.198,RPRA,3,1,3.468,0.363,99.74176471194103,PRESERVING,3.105,0,TERMINAL_REACHED,
T5,5,4.199,RPRA,1,3,4.199,0.36,52.24335609115513,PRESERVING,3.839,2,CONTINUE,
T5,5,4.199,RPRA,2,2,3.839,0.371,73.50675307485788,PRESERVING,3.468,1,CONTINUE,
T5,5,4.199,RPRA,3,1,3.468,0.363,99.74176471194103,PRESERVING,3.105,0,TERMINAL_REACHED,
T5,5,4.2,RPRA,1,3,4.2,0.36,52.20255159722428,PRESERVING,3.84,2,CONTINUE,
T5,5,4.2,RPRA,2,2,3.84,0.372,73.7476625554962,PRESERVING,3.468,1,CONTINUE,
T5,5,4.2,RPRA,3,1,3.468,0.363,99.74176471194103,PRESERVING,3.105,0,TERMINAL_REACHED,
T5,5,4.201,RPRA,1,3,4.201,0.36,52.16178958584585,PRESERVING,3.841,2,CONTINUE,
T5,5,4.201,RPRA,2,2,3.841,0.373,73.9887362876511,PRESERVING,3.468,1,CONTINUE,
T5,5,4.201,RPRA,3,1,3.468,0.363,99.74176471194103,PRESERVING,3.105,0,TERMINAL_REACHED,
T5,5,4.202,RPRA,1,3,4.202,0.36,52.12107000174724,PRESERVING,3.842,2,CONTINUE,
T5,5,4.202,RPRA,2,2,3.842,0.374,74.22997400242895,PRESERVING,3.468,1,CONTINUE,
T5,5,4.202,RPRA,3,1,3.468,0.363,99.74176471194103,PRESERVING,3.105,0,TERMINAL_REACHED,
T5,5,4.203,RPRA,1,3,4.203,0.36,52.0803927897421,PRESERVING,3.843,2,CONTINUE,
T5,5,4.203,RPRA,2,2,3.843,0.375,74.47137543198053,PRESERVING,3.468,1,CONTINUE,
T5,5,4.203,RPRA,3,1,3.468,0.363,99.74176471194103,PRESERVING,3.105,0,TERMINAL_REACHED,
T5,5,4.204,RPRA,1,3,4.204,0.36,52.03975789473015,PRESERVING,3.844,2,CONTINUE,
T5,5,4.204,RPRA,2,2,3.844,0.376,74.71294030949403,PRESERVING,3.468,1,CONTINUE,
T5,5,4.204,RPRA,3,1,3.468,0.363,99.74176471194103,PRESERVING,3.105,0,TERMINAL_REACHED,
T5,5,4.205,RPRA,1,3,4.205,0.36,51.99916526169709,PRESERVING,3.845,2,CONTINUE,
T5,5,4.205,RPRA,2,2,3.845,0.377,74.95466836918891,PRESERVING,3.468,1,CONTINUE,
T5,5,4.205,RPRA,3,1,3.468,0.363,99.74176471194103,PRESERVING,3.105,0,TERMINAL_REACHED,
T5,5,4.206,RPRA,1,3,4.206,0.36,51.95861483571447,PRESERVING,3.846,2,CONTINUE,
T5,5,4.206,RPRA,2,2,3.846,0.378,75.19655934630819,PRESERVING,3.468,1,CONTINUE,
T5,5,4.206,RPRA,3,1,3.468,0.363,99.74176471194103,PRESERVING,3.105,0,TERMINAL_REACHED,
T5,5,4.207,RPRA,1,3,4.207,0.36,51.91810656193943,PRESERVING,3.847,2,CONTINUE,
T5,5,4.207,RPRA,2,2,3.847,0.379,75.43861297711301,PRESERVING,3.468,1,CONTINUE,
T5,5,4.207,RPRA,3,1,3.468,0.363,99.74176471194103,PRESERVING,3.105,0,TERMINAL_REACHED,
T5,5,4.208,RPRA,1,3,4.208,0.36,51.87764038561463,PRESERVING,3.848,2,CONTINUE,
T5,5,4.208,RPRA,2,2,3.848,0.38,75.6808289988737,PRESERVING,3.468,1,CONTINUE,
T5,5,4.208,RPRA,3,1,3.468,0.363,99.74176471194103,PRESERVING,3.105,0,TERMINAL_REACHED,
T5,5,4.209,RPRA,1,3,4.209,0.36,51.83721625206807,PRESERVING,3.849,2,CONTINUE,
T5,5,4.209,RPRA,2,2,3.849,0.381,75.92320714986555,PRESERVING,3.468,1,CONTINUE,
T5,5,4.209,RPRA,3,1,3.468,0.363,99.74176471194103,PRESERVING,3.105,0,TERMINAL_REACHED,
T5,5,4.21,RPRA,1,3,4.21,0.36,51.79683410671292,PRESERVING,3.85,2,CONTINUE,
T5,5,4.21,RPRA,2,2,3.85,0.382,76.16574716936152,PRESERVING,3.468,1,CONTINUE,
T5,5,4.21,RPRA,3,1,3.468,0.363,99.74176471194103,PRESERVING,3.105,0,TERMINAL_REACHED,
T5,5,4.211,RPRA,1,3,4.211,0.36,51.756493895047356,PRESERVING,3.851,2,CONTINUE,
T5,5,4.211,RPRA,2,2,3.851,0.383,76.40844879762486,PRESERVING,3.468,1,CONTINUE,
T5,5,4.211,RPRA,3,1,3.468,0.363,99.74176471194103,PRESERVING,3.105,0,TERMINAL_REACHED,
T5,5,4.212,RPRA,1,3,4.212,0.36,51.71619556265447,PRESERVING,3.852,2,CONTINUE,
T5,5,4.212,RPRA,2,2,3.852,0.384,76.65131177590415,PRESERVING,3.468,1,CONTINUE,
T5,5,4.212,RPRA,3,1,3.468,0.363,99.74176471194103,PRESERVING,3.105,0,TERMINAL_REACHED,
T5,5,4.213,RPRA,1,3,4.213,0.36,51.675939055202036,PRESERVING,3.853,2,CONTINUE,
T5,5,4.213,RPRA,2,2,3.853,0.385,76.89433584642467,PRESERVING,3.468,1,CONTINUE,
T5,5,4.213,RPRA,3,1,3.468,0.363,99.74176471194103,PRESERVING,3.105,0,TERMINAL_REACHED,
T5,5,4.214,RPRA,1,3,4.214,0.36,51.63572431844241,PRESERVING,3.854,2,CONTINUE,
T5,5,4.214,RPRA,2,2,3.854,0.386,77.13752075238466,PRESERVING,3.468,1,CONTINUE,
T5,5,4.214,RPRA,3,1,3.468,0.363,99.74176471194103,PRESERVING,3.105,0,TERMINAL_REACHED,
T5,5,4.215,RPRA,1,3,4.215,0.36,51.59555129821238,PRESERVING,3.855,2,CONTINUE,
T5,5,4.215,RPRA,2,2,3.855,0.387,77.38086623794791,PRESERVING,3.468,1,CONTINUE,
T5,5,4.215,RPRA,3,1,3.468,0.363,99.74176471194103,PRESERVING,3.105,0,TERMINAL_REACHED,
T5,5,4.216,RPRA,1,3,4.216,0.36,51.55541994043291,PRESERVING,3.856,2,CONTINUE,
T5,5,4.216,RPRA,2,2,3.856,0.388,77.62437204823705,PRESERVING,3.468,1,CONTINUE,
T5,5,4.216,RPRA,3,1,3.468,0.363,99.74176471194103,PRESERVING,3.105,0,TERMINAL_REACHED,
T5,5,4.217,RPRA,1,3,4.217,0.36,51.515330191109136,PRESERVING,3.857,2,CONTINUE,
T5,5,4.217,RPRA,2,2,3.857,0.389,77.86803792932825,PRESERVING,3.468,1,CONTINUE,
T5,5,4.217,RPRA,3,1,3.468,0.363,99.74176471194103,PRESERVING,3.105,0,TERMINAL_REACHED,
T5,5,4.218,RPRA,1,3,4.218,0.36,51.475281996330175,PRESERVING,3.858,2,CONTINUE,
T5,5,4.218,RPRA,2,2,3.858,0.39,78.11186362824472,PRESERVING,3.468,1,CONTINUE,
T5,5,4.218,RPRA,3,1,3.468,0.363,99.74176471194103,PRESERVING,3.105,0,TERMINAL_REACHED,
T5,5,4.219,RPRA,1,3,4.219,0.36,51.43527530226886,PRESERVING,3.859,2,CONTINUE,
T5,5,4.219,RPRA,2,2,3.859,0.391,78.35584889295093,PRESERVING,3.468,1,CONTINUE,
T5,5,4.219,RPRA,3,1,3.468,0.363,99.74176471194103,PRESERVING,3.105,0,TERMINAL_REACHED,
T5,5,4.22,RPRA,1,3,4.22,0.36,51.39531005518171,PRESERVING,3.86,2,CONTINUE,
T5,5,4.22,RPRA,2,2,3.86,0.392,78.59999347234545,PRESERVING,3.468,1,CONTINUE,
T5,5,4.22,RPRA,3,1,3.468,0.363,99.74176471194103,PRESERVING,3.105,0,TERMINAL_REACHED,
T5,5,4.221,RPRA,1,3,4.221,0.36,51.35538620140876,PRESERVING,3.861,2,CONTINUE,
T5,5,4.221,RPRA,2,2,3.861,0.393,78.84429711625707,PRESERVING,3.468,1,CONTINUE,
T5,5,4.221,RPRA,3,1,3.468,0.363,99.74176471194103,PRESERVING,3.105,0,TERMINAL_REACHED,
T5,5,4.222,RPRA,1,3,4.222,0.36,51.315503687373365,PRESERVING,3.862,2,CONTINUE,
T5,5,4.222,RPRA,2,2,3.862,0.394,79.08875957543745,PRESERVING,3.468,1,CONTINUE,
T5,5,4.222,RPRA,3,1,3.468,0.363,99.74176471194103,PRESERVING,3.105,0,TERMINAL_REACHED,
T5,5,4.223,RPRA,1,3,4.223,0.36,51.275662459582094,PRESERVING,3.863,2,CONTINUE,
T5,5,4.223,RPRA,2,2,3.863,0.395,79.33338060155559,PRESERVING,3.468,1,CONTINUE,
T5,5,4.223,RPRA,3,1,3.468,0.363,99.74176471194103,PRESERVING,3.105,0,TERMINAL_REACHED,
T5,5,4.224,RPRA,1,3,4.224,0.36,51.2358624646245,PRESERVING,3.864,2,CONTINUE,
T5,5,4.224,RPRA,2,2,3.864,0.396,79.57815994719287,PRESERVING,3.468,1,CONTINUE,
T5,5,4.224,RPRA,3,1,3.468,0.363,99.74176471194103,PRESERVING,3.105,0,TERMINAL_REACHED,
T5,5,4.225,RPRA,1,3,4.225,0.36,51.196103649173104,PRESERVING,3.865,2,CONTINUE,
T5,5,4.225,RPRA,2,2,3.865,0.397,79.82309736583514,PRESERVING,3.468,1,CONTINUE,
T5,5,4.225,RPRA,3,1,3.468,0.363,99.74176471194103,PRESERVING,3.105,0,TERMINAL_REACHED,
T5,5,4.226,RPRA,1,3,4.226,0.36,51.15638595998316,PRESERVING,3.866,2,CONTINUE,
T5,5,4.226,RPRA,2,2,3.866,0.398,80.0681926118695,PRESERVING,3.468,1,CONTINUE,
T5,5,4.226,RPRA,3,1,3.468,0.363,99.74176471194103,PRESERVING,3.105,0,TERMINAL_REACHED,
T5,5,4.227,RPRA,1,3,4.227,0.36,51.11670934389245,PRESERVING,3.867,2,CONTINUE,
T5,5,4.227,RPRA,2,2,3.867,0.399,80.31344544057772,PRESERVING,3.468,1,CONTINUE,
T5,5,4.227,RPRA,3,1,3.468,0.363,99.74176471194103,PRESERVING,3.105,0,TERMINAL_REACHED,
T5,5,4.228,RPRA,1,3,4.228,0.36,51.077073747821274,PRESERVING,3.868,2,CONTINUE,
T5,5,4.228,RPRA,2,2,3.868,0.4,80.55885560813044,PRESERVING,3.468,1,CONTINUE,
T5,5,4.228,RPRA,3,1,3.468,0.363,99.74176471194103,PRESERVING,3.105,0,TERMINAL_REACHED,
T5,5,4.229,RPRA,1,3,4.229,0.36,51.03747911877214,PRESERVING,3.869,2,CONTINUE,
T5,5,4.229,RPRA,2,2,3.869,0.401,80.8044228715817,PRESERVING,3.468,1,CONTINUE,
T5,5,4.229,RPRA,3,1,3.468,0.363,99.74176471194103,PRESERVING,3.105,0,TERMINAL_REACHED,
T5,5,4.23,RPRA,1,3,4.23,0.36,50.99792540382983,PRESERVING,3.87,2,CONTINUE,
T5,5,4.23,RPRA,2,2,3.87,0.402,81.05014698886387,PRESERVING,3.468,1,CONTINUE,
T5,5,4.23,RPRA,3,1,3.468,0.363,99.74176471194103,PRESERVING,3.105,0,TERMINAL_REACHED,
T5,5,4.231,RPRA,1,3,4.231,0.36,50.958412550161015,PRESERVING,3.871,2,CONTINUE,
T5,5,4.231,RPRA,2,2,3.871,0.403,81.29602771878196,PRESERVING,3.468,1,CONTINUE,
T5,5,4.231,RPRA,3,1,3.468,0.363,99.74176471194103,PRESERVING,3.105,0,TERMINAL_REACHED,
T5,5,4.232,RPRA,1,3,4.232,0.36,50.918940505014255,PRESERVING,3.872,2,CONTINUE,
T5,5,4.232,RPRA,2,2,3.872,0.404,81.54206482100723,PRESERVING,3.468,1,CONTINUE,
T5,5,4.232,RPRA,3,1,3.468,0.363,99.74176471194103,PRESERVING,3.105,0,TERMINAL_REACHED,
T5,5,4.233,RPRA,1,3,4.233,0.36,50.87950921571976,PRESERVING,3.873,2,CONTINUE,
T5,5,4.233,RPRA,2,2,3.873,0.405,81.78825805607404,PRESERVING,3.468,1,CONTINUE,
T5,5,4.233,RPRA,3,1,3.468,0.363,99.74176471194103,PRESERVING,3.105,0,TERMINAL_REACHED,
T5,5,4.234,RPRA,1,3,4.234,0.36,50.84011862968941,PRESERVING,3.874,2,CONTINUE,
T5,5,4.234,RPRA,2,2,3.874,0.406,82.03460718537295,PRESERVING,3.468,1,CONTINUE,
T5,5,4.234,RPRA,3,1,3.468,0.363,99.74176471194103,PRESERVING,3.105,0,TERMINAL_REACHED,
T5,5,4.235,RPRA,1,3,4.235,0.36,50.80076869441637,PRESERVING,3.875,2,CONTINUE,
T5,5,4.235,RPRA,2,2,3.875,0.407,82.28111197114575,PRESERVING,3.468,1,CONTINUE,
T5,5,4.235,RPRA,3,1,3.468,0.363,99.74176471194103,PRESERVING,3.105,0,TERMINAL_REACHED,
T5,5,4.236,RPRA,1,3,4.236,0.36,50.761459357475125,PRESERVING,3.876,2,CONTINUE,
T5,5,4.236,RPRA,2,2,3.876,0.408,82.5277721764805,PRESERVING,3.468,1,CONTINUE,
T5,5,4.236,RPRA,3,1,3.468,0.363,99.74176471194103,PRESERVING,3.105,0,TERMINAL_REACHED,
T5,5,4.237,RPRA,1,3,4.237,0.36,50.72219056652126,PRESERVING,3.877,2,CONTINUE,
T5,5,4.237,RPRA,2,2,3.877,0.409,82.77458756530667,PRESERVING,3.468,1,CONTINUE,
T5,5,4.237,RPRA,3,1,3.468,0.363,99.74176471194103,PRESERVING,3.105,0,TERMINAL_REACHED,
T5,5,4.238,RPRA,1,3,4.238,0.36,50.68296226929129,PRESERVING,3.878,2,CONTINUE,
T5,5,4.238,RPRA,2,2,3.878,0.41,83.02155790238825,PRESERVING,3.468,1,CONTINUE,
T5,5,4.238,RPRA,3,1,3.468,0.363,99.74176471194103,PRESERVING,3.105,0,TERMINAL_REACHED,
T5,5,4.239,RPRA,1,3,4.239,0.36,50.64377441360266,PRESERVING,3.879,2,CONTINUE,
T5,5,4.239,RPRA,2,2,3.879,0.411,83.26868295332144,PRESERVING,3.468,1,CONTINUE,
T5,5,4.239,RPRA,3,1,3.468,0.363,99.74176471194103,PRESERVING,3.105,0,TERMINAL_REACHED,
T5,5,4.24,RPRA,1,3,4.24,0.36,50.604626947353346,PRESERVING,3.88,2,CONTINUE,
T5,5,4.24,RPRA,2,2,3.88,0.412,83.51596248452769,PRESERVING,3.468,1,CONTINUE,
T5,5,4.24,RPRA,3,1,3.468,0.363,99.74176471194103,PRESERVING,3.105,0,TERMINAL_REACHED,
T5,5,4.241,RPRA,1,3,4.241,0.36,50.56551981852196,PRESERVING,3.881,2,CONTINUE,
T5,5,4.241,RPRA,2,2,3.881,0.413,83.76339626324925,PRESERVING,3.468,1,CONTINUE,
T5,5,4.241,RPRA,3,1,3.468,0.363,99.74176471194103,PRESERVING,3.105,0,TERMINAL_REACHED,
T5,5,4.242,RPRA,1,3,4.242,0.36,50.526452975167395,PRESERVING,3.882,2,CONTINUE,
T5,5,4.242,RPRA,2,2,3.882,0.414,84.0109840575445,PRESERVING,3.468,1,CONTINUE,
T5,5,4.242,RPRA,3,1,3.468,0.363,99.74176471194103,PRESERVING,3.105,0,TERMINAL_REACHED,
T5,5,4.243,RPRA,1,3,4.243,0.36,50.487426365428945,PRESERVING,3.883,2,CONTINUE,
T5,5,4.243,RPRA,2,2,3.883,0.415,84.2587256362826,PRESERVING,3.468,1,CONTINUE,
T5,5,4.243,RPRA,3,1,3.468,0.363,99.74176471194103,PRESERVING,3.105,0,TERMINAL_REACHED,
T5,5,4.244,RPRA,1,3,4.244,0.36,50.44843993752582,PRESERVING,3.884,2,CONTINUE,
T5,5,4.244,RPRA,2,2,3.884,0.416,84.50662076913831,PRESERVING,3.468,1,CONTINUE,
T5,5,4.244,RPRA,3,1,3.468,0.363,99.74176471194103,PRESERVING,3.105,0,TERMINAL_REACHED,
T5,5,4.245,RPRA,1,3,4.245,0.36,50.40949363975729,PRESERVING,3.885,2,CONTINUE,
T5,5,4.245,RPRA,2,2,3.885,0.417,84.7546692265883,PRESERVING,3.468,1,CONTINUE,
T5,5,4.245,RPRA,3,1,3.468,0.363,99.74176471194103,PRESERVING,3.105,0,TERMINAL_REACHED,
T5,5,4.246,RPRA,1,3,4.246,0.36,50.37058742050237,PRESERVING,3.886,2,CONTINUE,
T5,5,4.246,RPRA,2,2,3.886,0.418,85.00287077990568,PRESERVING,3.468,1,CONTINUE,
T5,5,4.246,RPRA,3,1,3.468,0.363,99.74176471194103,PRESERVING,3.105,0,TERMINAL_REACHED,
T5,5,4.247,RPRA,1,3,4.247,0.36,50.3317212282198,PRESERVING,3.887,2,CONTINUE,
T5,5,4.247,RPRA,2,2,3.887,0.419,85.25122520115514,PRESERVING,3.468,1,CONTINUE,
T5,5,4.247,RPRA,3,1,3.468,0.363,99.74176471194103,PRESERVING,3.105,0,TERMINAL_REACHED,
T5,5,4.248,RPRA,1,3,4.248,0.36,50.29289501144779,PRESERVING,3.888,2,CONTINUE,
T5,5,4.248,RPRA,2,2,3.888,0.42,85.49973226318879,PRESERVING,3.468,1,CONTINUE,
T5,5,4.248,RPRA,3,1,3.468,0.363,99.74176471194103,PRESERVING,3.105,0,TERMINAL_REACHED,
T5,5,4.249,RPRA,1,3,4.249,0.36,50.25410871880395,PRESERVING,3.889,2,CONTINUE,
T5,5,4.249,RPRA,2,2,3.889,0.421,85.74839173964087,PRESERVING,3.468,1,CONTINUE,
T5,5,4.249,RPRA,3,1,3.468,0.363,99.74176471194103,PRESERVING,3.105,0,TERMINAL_REACHED,
T5,5,4.25,RPRA,1,3,4.25,0.36,50.215362298985056,PRESERVING,3.89,2,CONTINUE,
T5,5,4.25,RPRA,2,2,3.89,0.422,85.99720340492291,PRESERVING,3.468,1,CONTINUE,
T5,5,4.25,RPRA,3,1,3.468,0.363,99.74176471194103,PRESERVING,3.105,0,TERMINAL_REACHED,
T5,5,4.251,RPRA,1,3,4.251,0.36,50.17665570076711,PRESERVING,3.891,2,CONTINUE,
T5,5,4.251,RPRA,2,2,3.891,0.423,86.24616703422058,PRESERVING,3.468,1,CONTINUE,
T5,5,4.251,RPRA,3,1,3.468,0.363,99.74176471194103,PRESERVING,3.105,0,TERMINAL_REACHED,
T5,5,4.252,RPRA,1,3,4.252,0.36,50.13798887300495,PRESERVING,3.892,2,CONTINUE,
T5,5,4.252,RPRA,2,2,3.892,0.424,86.49528240348755,PRESERVING,3.468,1,CONTINUE,
T5,5,4.252,RPRA,3,1,3.468,0.363,99.74176471194103,PRESERVING,3.105,0,TERMINAL_REACHED,
T5,5,4.253,RPRA,1,3,4.253,0.36,50.09936176463223,PRESERVING,3.893,2,CONTINUE,
T5,5,4.253,RPRA,2,2,3.893,0.425,86.74454928944219,PRESERVING,3.468,1,CONTINUE,
T5,5,4.253,RPRA,3,1,3.468,0.363,99.74176471194103,PRESERVING,3.105,0,TERMINAL_REACHED,
T5,5,4.254,RPRA,1,3,4.254,0.36,50.06077432466129,PRESERVING,3.894,2,CONTINUE,
T5,5,4.254,RPRA,2,2,3.894,0.426,86.99396746956214,PRESERVING,3.468,1,CONTINUE,
T5,5,4.254,RPRA,3,1,3.468,0.363,99.74176471194103,PRESERVING,3.105,0,TERMINAL_REACHED,
T5,5,4.255,RPRA,1,3,4.255,0.36,50.02222650218303,PRESERVING,3.895,2,CONTINUE,
T5,5,4.255,RPRA,2,2,3.895,0.427,87.24353672208078,PRESERVING,3.468,1,CONTINUE,
T5,5,4.255,RPRA,3,1,3.468,0.363,99.74176471194103,PRESERVING,3.105,0,TERMINAL_REACHED,
T5,5,4.256,RPRA,1,3,4.256,0.36,49.983718246366685,PRESERVING,3.896,2,CONTINUE,
T5,5,4.256,RPRA,2,2,3.896,0.428,87.4932568259813,PRESERVING,3.468,1,CONTINUE,
T5,5,4.256,RPRA,3,1,3.468,0.363,99.74176471194103,PRESERVING,3.105,0,TERMINAL_REACHED,
T5,5,4.257,RPRA,1,3,4.257,0.36,49.94524950645972,PRESERVING,3.897,2,CONTINUE,
T5,5,4.257,RPRA,2,2,3.897,0.429,87.74312756099442,PRESERVING,3.468,1,CONTINUE,
T5,5,4.257,RPRA,3,1,3.468,0.363,99.74176471194103,PRESERVING,3.105,0,TERMINAL_REACHED,
T5,5,4.258,RPRA,1,3,4.258,0.36,49.906820231787734,PRESERVING,3.898,2,CONTINUE,
T5,5,4.258,RPRA,2,2,3.898,0.43,87.99314870759261,PRESERVING,3.468,1,CONTINUE,
T5,5,4.258,RPRA,3,1,3.468,0.363,99.74176471194103,PRESERVING,3.105,0,TERMINAL_REACHED,
T5,5,4.259,RPRA,1,3,4.259,0.36,49.86843037175427,PRESERVING,3.899,2,CONTINUE,
T5,5,4.259,RPRA,2,2,3.899,0.431,88.24332004698641,PRESERVING,3.468,1,CONTINUE,
T5,5,4.259,RPRA,3,1,3.468,0.363,99.74176471194103,PRESERVING,3.105,0,TERMINAL_REACHED,
T5,5,4.26,RPRA,1,3,4.26,0.36,49.83007987584073,PRESERVING,3.9,2,CONTINUE,
T5,5,4.26,RPRA,2,2,3.9,0.432,88.49364136111987,PRESERVING,3.468,1,CONTINUE,
T5,5,4.26,RPRA,3,1,3.468,0.363,99.74176471194103,PRESERVING,3.105,0,TERMINAL_REACHED,
T5,5,4.261,RPRA,1,3,4.261,0.36,49.79176869360613,PRESERVING,3.901,2,CONTINUE,
T5,5,4.261,RPRA,2,2,3.901,0.433,88.74411243266668,PRESERVING,3.468,1,CONTINUE,
T5,5,4.261,RPRA,3,1,3.468,0.363,99.74176471194103,PRESERVING,3.105,0,TERMINAL_REACHED,
T5,5,4.262,RPRA,1,3,4.262,0.36,49.75349677468705,PRESERVING,3.902,2,CONTINUE,
T5,5,4.262,RPRA,2,2,3.902,0.434,88.99473304502493,PRESERVING,3.468,1,CONTINUE,
T5,5,4.262,RPRA,3,1,3.468,0.363,99.74176471194103,PRESERVING,3.105,0,TERMINAL_REACHED,
T5,5,4.263,RPRA,1,3,4.263,0.36,49.71526406879751,PRESERVING,3.903,2,CONTINUE,
T5,5,4.263,RPRA,2,2,3.903,0.435,89.2455029823146,PRESERVING,3.468,1,CONTINUE,
T5,5,4.263,RPRA,3,1,3.468,0.363,99.74176471194103,PRESERVING,3.105,0,TERMINAL_REACHED,
T5,5,4.264,RPRA,1,3,4.264,0.36,49.67707052572877,PRESERVING,3.904,2,CONTINUE,
T5,5,4.264,RPRA,2,2,3.904,0.436,89.49642202937245,PRESERVING,3.468,1,CONTINUE,
T5,5,4.264,RPRA,3,1,3.468,0.363,99.74176471194103,PRESERVING,3.105,0,TERMINAL_REACHED,
T5,5,4.265,RPRA,1,3,4.265,0.36,49.638916095349224,PRESERVING,3.905,2,CONTINUE,
T5,5,4.265,RPRA,2,2,3.905,0.437,89.74748997174798,PRESERVING,3.468,1,CONTINUE,
T5,5,4.265,RPRA,3,1,3.468,0.363,99.74176471194103,PRESERVING,3.105,0,TERMINAL_REACHED,
T5,5,4.266,RPRA,1,3,4.266,0.36,49.60080072760419,PRESERVING,3.906,2,CONTINUE,
T5,5,4.266,RPRA,2,2,3.906,0.438,89.99870659569949,PRESERVING,3.468,1,CONTINUE,
T5,5,4.266,RPRA,3,1,3.468,0.363,99.74176471194103,PRESERVING,3.105,0,TERMINAL_REACHED,
T5,5,4.267,RPRA,1,3,4.267,0.36,49.56272437251595,PRESERVING,3.907,2,CONTINUE,
T5,5,4.267,RPRA,2,2,3.907,0.439,90.25007168819043,PRESERVING,3.468,1,CONTINUE,
T5,5,4.267,RPRA,3,1,3.468,0.363,99.74176471194103,PRESERVING,3.105,0,TERMINAL_REACHED,
T5,5,4.268,RPRA,1,3,4.268,0.36,49.52468698018341,PRESERVING,3.908,2,CONTINUE,
T5,5,4.268,RPRA,2,2,3.908,0.44,90.50158503688408,PRESERVING,3.468,1,CONTINUE,
T5,5,4.268,RPRA,3,1,3.468,0.363,99.74176471194103,PRESERVING,3.105,0,TERMINAL_REACHED,
T5,5,4.269,RPRA,1,3,4.269,0.36,49.48668850078208,PRESERVING,3.909,2,CONTINUE,
T5,5,4.269,RPRA,2,2,3.909,0.441,90.75324643014147,PRESERVING,3.468,1,CONTINUE,
T5,5,4.269,RPRA,3,1,3.468,0.363,99.74176471194103,PRESERVING,3.105,0,TERMINAL_REACHED,
T5,5,4.27,RPRA,1,3,4.27,0.36,49.4487288845639,PRESERVING,3.91,2,CONTINUE,
T5,5,4.27,RPRA,2,2,3.91,0.442,91.00505565701619,PRESERVING,3.468,1,CONTINUE,
T5,5,4.27,RPRA,3,1,3.468,0.363,99.74176471194103,PRESERVING,3.105,0,TERMINAL_REACHED,
T5,5,4.271,RPRA,1,3,4.271,0.36,49.41080808185711,PRESERVING,3.911,2,CONTINUE,
T5,5,4.271,RPRA,2,2,3.911,0.443,91.25701250725085,PRESERVING,3.468,1,CONTINUE,
T5,5,4.271,RPRA,3,1,3.468,0.363,99.74176471194103,PRESERVING,3.105,0,TERMINAL_REACHED,
T5,5,4.272,RPRA,1,3,4.272,0.36,49.37292604306616,PRESERVING,3.912,2,CONTINUE,
T5,5,4.272,RPRA,2,2,3.912,0.444,91.50911677127334,PRESERVING,3.468,1,CONTINUE,
T5,5,4.272,RPRA,3,1,3.468,0.363,99.74176471194103,PRESERVING,3.105,0,TERMINAL_REACHED,
T5,5,4.273,RPRA,1,3,4.273,0.36,49.335082718671444,PRESERVING,3.913,2,CONTINUE,
T5,5,4.273,RPRA,2,2,3.913,0.445,91.76136824019297,PRESERVING,3.468,1,CONTINUE,
T5,5,4.273,RPRA,3,1,3.468,0.363,99.74176471194103,PRESERVING,3.105,0,TERMINAL_REACHED,
T5,5,4.274,RPRA,1,3,4.274,0.36,49.29727805922929,PRESERVING,3.914,2,CONTINUE,
T5,5,4.274,RPRA,2,2,3.914,0.446,92.01376670579552,PRESERVING,3.468,1,CONTINUE,
T5,5,4.274,RPRA,3,1,3.468,0.363,99.74176471194103,PRESERVING,3.105,0,TERMINAL_REACHED,
T5,5,4.275,RPRA,1,3,4.275,0.36,49.25951201537183,PRESERVING,3.915,2,CONTINUE,
T5,5,4.275,RPRA,2,2,3.915,0.447,92.26631196054193,PRESERVING,3.468,1,CONTINUE,
T5,5,4.275,RPRA,3,1,3.468,0.363,99.74176471194103,PRESERVING,3.105,0,TERMINAL_REACHED,
T5,5,4.276,RPRA,1,3,4.276,0.36,49.221784537806734,PRESERVING,3.916,2,CONTINUE,
T5,5,4.276,RPRA,2,2,3.916,0.448,92.51900379756216,PRESERVING,3.468,1,CONTINUE,
T5,5,4.276,RPRA,3,1,3.468,0.363,99.74176471194103,PRESERVING,3.105,0,TERMINAL_REACHED,
T5,5,4.277,RPRA,1,3,4.277,0.36,49.18409557731721,PRESERVING,3.917,2,CONTINUE,
T5,5,4.277,RPRA,2,2,3.917,0.449,92.77184201065295,PRESERVING,3.468,1,CONTINUE,
T5,5,4.277,RPRA,3,1,3.468,0.363,99.74176471194103,PRESERVING,3.105,0,TERMINAL_REACHED,
T5,5,4.278,RPRA,1,3,4.278,0.36,49.14644508476175,PRESERVING,3.918,2,CONTINUE,
T5,5,4.278,RPRA,2,2,3.918,0.45,93.02482639427338,PRESERVING,3.468,1,CONTINUE,
T5,5,4.278,RPRA,3,1,3.468,0.363,99.74176471194103,PRESERVING,3.105,0,TERMINAL_REACHED,
T5,5,4.279,RPRA,1,3,4.279,0.36,49.108833011074196,PRESERVING,3.919,2,CONTINUE,
T5,5,4.279,RPRA,2,2,3.919,0.451,93.27795674354176,PRESERVING,3.468,1,CONTINUE,
T5,5,4.279,RPRA,3,1,3.468,0.363,99.74176471194103,PRESERVING,3.105,0,TERMINAL_REACHED,
T5,5,4.28,RPRA,1,3,4.28,0.36,49.071259307263354,PRESERVING,3.92,2,CONTINUE,
T5,5,4.28,RPRA,2,2,3.92,0.452,93.53123285423072,PRESERVING,3.468,1,CONTINUE,
T5,5,4.28,RPRA,3,1,3.468,0.363,99.74176471194103,PRESERVING,3.105,0,TERMINAL_REACHED,
T5,5,4.281,RPRA,1,3,4.281,0.36,49.03372392441303,PRESERVING,3.921,2,CONTINUE,
T5,5,4.281,RPRA,2,2,3.921,0.453,93.78465452276578,PRESERVING,3.468,1,CONTINUE,
T5,5,4.281,RPRA,3,1,3.468,0.363,99.74176471194103,PRESERVING,3.105,0,TERMINAL_REACHED,
T5,5,4.282,RPRA,1,3,4.282,0.36,48.99622681368178,PRESERVING,3.922,2,CONTINUE,
T5,5,4.282,RPRA,2,2,3.922,0.454,94.03822154621966,PRESERVING,3.468,1,CONTINUE,
T5,5,4.282,RPRA,3,1,3.468,0.363,99.74176471194103,PRESERVING,3.105,0,TERMINAL_REACHED,
T5,5,4.283,RPRA,1,3,4.283,0.36,48.958767926302954,PRESERVING,3.923,2,CONTINUE,
T5,5,4.283,RPRA,2,2,3.923,0.455,94.29193372231036,PRESERVING,3.468,1,CONTINUE,
T5,5,4.283,RPRA,3,1,3.468,0.363,99.74176471194103,PRESERVING,3.105,0,TERMINAL_REACHED,
T5,5,4.284,RPRA,1,3,4.284,0.36,48.92134721358435,PRESERVING,3.924,2,CONTINUE,
T5,5,4.284,RPRA,2,2,3.924,0.456,94.54579084939643,PRESERVING,3.468,1,CONTINUE,
T5,5,4.284,RPRA,3,1,3.468,0.363,99.74176471194103,PRESERVING,3.105,0,TERMINAL_REACHED,
T5,5,4.285,RPRA,1,3,4.285,0.36,48.88396462690824,PRESERVING,3.925,2,CONTINUE,
T5,5,4.285,RPRA,2,2,3.925,0.457,94.79979272647451,PRESERVING,3.468,1,CONTINUE,
T5,5,4.285,RPRA,3,1,3.468,0.363,99.74176471194103,PRESERVING,3.105,0,TERMINAL_REACHED,
T5,5,4.286,RPRA,1,3,4.286,0.36,48.84662011773112,PRESERVING,3.926,2,CONTINUE,
T5,5,4.286,RPRA,2,2,3.926,0.458,95.05393915317414,PRESERVING,3.468,1,CONTINUE,
T5,5,4.286,RPRA,3,1,3.468,0.363,99.74176471194103,PRESERVING,3.105,0,TERMINAL_REACHED,
T5,5,4.287,RPRA,1,3,4.287,0.36,48.80931363758369,PRESERVING,3.927,2,CONTINUE,
T5,5,4.287,RPRA,2,2,3.927,0.459,95.30822992975672,PRESERVING,3.468,1,CONTINUE,
T5,5,4.287,RPRA,3,1,3.468,0.363,99.74176471194103,PRESERVING,3.105,0,TERMINAL_REACHED,
T5,5,4.288,RPRA,1,3,4.288,0.36,48.77204513807068,PRESERVING,3.928,2,CONTINUE,
T5,5,4.288,RPRA,2,2,3.928,0.46,95.56266485711026,PRESERVING,3.468,1,CONTINUE,
T5,5,4.288,RPRA,3,1,3.468,0.363,99.74176471194103,PRESERVING,3.105,0,TERMINAL_REACHED,
T5,5,4.289,RPRA,1,3,4.289,0.36,48.73481457087064,PRESERVING,3.929,2,CONTINUE,
T5,5,4.289,RPRA,2,2,3.929,0.461,95.81724373674705,PRESERVING,3.468,1,CONTINUE,
T5,5,4.289,RPRA,3,1,3.468,0.363,99.74176471194103,PRESERVING,3.105,0,TERMINAL_REACHED,
T5,5,4.29,RPRA,1,3,4.29,0.36,48.69762188773589,PRESERVING,3.93,2,CONTINUE,
T5,5,4.29,RPRA,2,2,3.93,0.462,96.07196637079937,PRESERVING,3.468,1,CONTINUE,
T5,5,4.29,RPRA,3,1,3.468,0.363,99.74176471194103,PRESERVING,3.105,0,TERMINAL_REACHED,
T5,5,4.291,RPRA,1,3,4.291,0.36,48.660467040492456,PRESERVING,3.931,2,CONTINUE,
T5,5,4.291,RPRA,2,2,3.931,0.463,96.32683256201734,PRESERVING,3.468,1,CONTINUE,
T5,5,4.291,RPRA,3,1,3.468,0.363,99.74176471194103,PRESERVING,3.105,0,TERMINAL_REACHED,
T5,5,4.292,RPRA,1,3,4.292,0.36,48.62334998103975,PRESERVING,3.932,2,CONTINUE,
T5,5,4.292,RPRA,2,2,3.932,0.464,96.58184211376357,PRESERVING,3.468,1,CONTINUE,
T5,5,4.292,RPRA,3,1,3.468,0.363,99.74176471194103,PRESERVING,3.105,0,TERMINAL_REACHED,
T5,5,4.293,RPRA,1,3,4.293,0.36,48.586270661350575,PRESERVING,3.933,2,CONTINUE,
T5,5,4.293,RPRA,2,2,3.933,0.465,96.83699483001242,PRESERVING,3.468,1,CONTINUE,
T5,5,4.293,RPRA,3,1,3.468,0.363,99.74176471194103,PRESERVING,3.105,0,TERMINAL_REACHED,
T5,5,4.294,RPRA,1,3,4.294,0.36,48.549229033471015,PRESERVING,3.934,2,CONTINUE,
T5,5,4.294,RPRA,2,2,3.934,0.466,97.09229051534527,PRESERVING,3.468,1,CONTINUE,
T5,5,4.294,RPRA,3,1,3.468,0.363,99.74176471194103,PRESERVING,3.105,0,TERMINAL_REACHED,
T5,5,4.295,RPRA,1,3,4.295,0.36,48.51222504952019,PRESERVING,3.935,2,CONTINUE,
T5,5,4.295,RPRA,2,2,3.935,0.467,97.34772897494732,PRESERVING,3.468,1,CONTINUE,
T5,5,4.295,RPRA,3,1,3.468,0.363,99.74176471194103,PRESERVING,3.105,0,TERMINAL_REACHED,
T5,5,4.296,RPRA,1,3,4.296,0.36,48.47525866169025,PRESERVING,3.936,2,CONTINUE,
T5,5,4.296,RPRA,2,2,3.936,0.468,97.60331001460479,PRESERVING,3.468,1,CONTINUE,
T5,5,4.296,RPRA,3,1,3.468,0.363,99.74176471194103,PRESERVING,3.105,0,TERMINAL_REACHED,
T5,5,4.297,RPRA,1,3,4.297,0.36,48.43832982224611,PRESERVING,3.937,2,CONTINUE,
T5,5,4.297,RPRA,2,2,3.937,0.469,97.85903344070182,PRESERVING,3.468,1,CONTINUE,
T5,5,4.297,RPRA,3,1,3.468,0.363,99.74176471194103,PRESERVING,3.105,0,TERMINAL_REACHED,
T5,5,4.298,RPRA,1,3,4.298,0.36,48.40143848352548,PRESERVING,3.938,2,CONTINUE,
T5,5,4.298,RPRA,2,2,3.938,0.47,98.11489906021565,PRESERVING,3.468,1,CONTINUE,
T5,5,4.298,RPRA,3,1,3.468,0.363,99.74176471194103,PRESERVING,3.105,0,TERMINAL_REACHED,
T5,5,4.299,RPRA,1,3,4.299,0.36,48.364584597938595,PRESERVING,3.939,2,CONTINUE,
T5,5,4.299,RPRA,2,2,3.939,0.471,98.3709066807165,PRESERVING,3.468,1,CONTINUE,
T5,5,4.299,RPRA,3,1,3.468,0.363,99.74176471194103,PRESERVING,3.105,0,TERMINAL_REACHED,
T5,5,4.3,RPRA,1,3,4.3,0.36,48.32776811796816,PRESERVING,3.94,2,CONTINUE,
T5,5,4.3,RPRA,2,2,3.94,0.472,98.627056110362,PRESERVING,3.468,1,CONTINUE,
T5,5,4.3,RPRA,3,1,3.468,0.363,99.74176471194103,PRESERVING,3.105,0,TERMINAL_REACHED,
T5,5,4.301,RPRA,1,3,4.301,0.36,48.29098899616919,PRESERVING,3.941,2,CONTINUE,
T5,5,4.301,RPRA,2,2,3.941,0.473,98.88334715789499,PRESERVING,3.468,1,CONTINUE,
T5,5,4.301,RPRA,3,1,3.468,0.363,99.74176471194103,PRESERVING,3.105,0,TERMINAL_REACHED,
T5,5,4.302,RPRA,1,3,4.302,0.36,48.254247185168936,PRESERVING,3.942,2,CONTINUE,
T5,5,4.302,RPRA,2,2,3.942,0.474,99.13977963264051,PRESERVING,3.468,1,CONTINUE,
T5,5,4.302,RPRA,3,1,3.468,0.363,99.74176471194103,PRESERVING,3.105,0,TERMINAL_REACHED,
T5,5,4.303,RPRA,1,3,4.303,0.36,48.217542637666696,PRESERVING,3.943,2,CONTINUE,
T5,5,4.303,RPRA,2,2,3.943,0.475,99.39635334450236,PRESERVING,3.468,1,CONTINUE,
T5,5,4.303,RPRA,3,1,3.468,0.363,99.74176471194103,PRESERVING,3.105,0,TERMINAL_REACHED,
T5,5,4.304,RPRA,1,3,4.304,0.36,48.1808753064337,PRESERVING,3.944,2,CONTINUE,
T5,5,4.304,RPRA,2,2,3.944,0.476,99.65306810396076,PRESERVING,3.468,1,CONTINUE,
T5,5,4.304,RPRA,3,1,3.468,0.363,99.74176471194103,PRESERVING,3.105,0,TERMINAL_REACHED,
T5,5,4.305,RPRA,1,3,4.305,0.36,48.144245144312976,PRESERVING,3.945,2,CONTINUE,
T5,5,4.305,RPRA,2,2,3.945,0.477,99.9099237220678,PRESERVING,3.468,1,CONTINUE,
T5,5,4.305,RPRA,3,1,3.468,0.363,99.74176471194103,PRESERVING,3.105,0,TERMINAL_REACHED,
T5,5,4.306,RPRA,1,3,4.306,0.361,48.306668305129094,PRESERVING,3.945,2,CONTINUE,
T5,5,4.306,RPRA,2,2,3.945,0.477,99.9099237220678,PRESERVING,3.468,1,CONTINUE,
T5,5,4.306,RPRA,3,1,3.468,0.363,99.74176471194103,PRESERVING,3.105,0,TERMINAL_REACHED,
T5,5,4.307,RPRA,1,3,4.307,0.362,48.46920510854403,PRESERVING,3.945,2,CONTINUE,
T5,5,4.307,RPRA,2,2,3.945,0.477,99.9099237220678,PRESERVING,3.468,1,CONTINUE,
T5,5,4.307,RPRA,3,1,3.468,0.363,99.74176471194103,PRESERVING,3.105,0,TERMINAL_REACHED,
T5,5,4.308,RPRA,1,3,4.308,0.363,48.63185536375344,PRESERVING,3.945,2,CONTINUE,
T5,5,4.308,RPRA,2,2,3.945,0.477,99.9099237220678,PRESERVING,3.468,1,CONTINUE,
T5,5,4.308,RPRA,3,1,3.468,0.363,99.74176471194103,PRESERVING,3.105,0,TERMINAL_REACHED,
T5,5,4.309,RPRA,1,3,4.309,0.364,48.79461888071745,PRESERVING,3.945,2,CONTINUE,
T5,5,4.309,RPRA,2,2,3.945,0.477,99.9099237220678,PRESERVING,3.468,1,CONTINUE,
T5,5,4.309,RPRA,3,1,3.468,0.363,99.74176471194103,PRESERVING,3.105,0,TERMINAL_REACHED,
T5,5,4.31,RPRA,1,3,4.31,0.365,48.95749547015548,PRESERVING,3.945,2,CONTINUE,
T5,5,4.31,RPRA,2,2,3.945,0.477,99.9099237220678,PRESERVING,3.468,1,CONTINUE,
T5,5,4.31,RPRA,3,1,3.468,0.363,99.74176471194103,PRESERVING,3.105,0,TERMINAL_REACHED,
T5,5,4.311,RPRA,1,3,4.311,0.366,49.120484943541115,PRESERVING,3.945,2,CONTINUE,
T5,5,4.311,RPRA,2,2,3.945,0.477,99.9099237220678,PRESERVING,3.468,1,CONTINUE,
T5,5,4.311,RPRA,3,1,3.468,0.363,99.74176471194103,PRESERVING,3.105,0,TERMINAL_REACHED,
T5,5,4.312,RPRA,1,3,4.312,0.367,49.283587113097035,PRESERVING,3.945,2,CONTINUE,
T5,5,4.312,RPRA,2,2,3.945,0.477,99.9099237220678,PRESERVING,3.468,1,CONTINUE,
T5,5,4.312,RPRA,3,1,3.468,0.363,99.74176471194103,PRESERVING,3.105,0,TERMINAL_REACHED,
T5,5,4.313,RPRA,1,3,4.313,0.368,49.44680179178916,PRESERVING,3.945,2,CONTINUE,
T5,5,4.313,RPRA,2,2,3.945,0.477,99.9099237220678,PRESERVING,3.468,1,CONTINUE,
T5,5,4.313,RPRA,3,1,3.468,0.363,99.74176471194103,PRESERVING,3.105,0,TERMINAL_REACHED,
T5,5,4.314,RPRA,1,3,4.314,0.369,49.610128793322986,PRESERVING,3.945,2,CONTINUE,
T5,5,4.314,RPRA,2,2,3.945,0.477,99.9099237220678,PRESERVING,3.468,1,CONTINUE,
T5,5,4.314,RPRA,3,1,3.468,0.363,99.74176471194103,PRESERVING,3.105,0,TERMINAL_REACHED,
T5,5,4.315,RPRA,1,3,4.315,0.37,49.7735679321376,PRESERVING,3.945,2,CONTINUE,
T5,5,4.315,RPRA,2,2,3.945,0.477,99.9099237220678,PRESERVING,3.468,1,CONTINUE,
T5,5,4.315,RPRA,3,1,3.468,0.363,99.74176471194103,PRESERVING,3.105,0,TERMINAL_REACHED,
T5,5,4.316,RPRA,1,3,4.316,0.371,49.93711902340129,PRESERVING,3.945,2,CONTINUE,
T5,5,4.316,RPRA,2,2,3.945,0.477,99.9099237220678,PRESERVING,3.468,1,CONTINUE,
T5,5,4.316,RPRA,3,1,3.468,0.363,99.74176471194103,PRESERVING,3.105,0,TERMINAL_REACHED,
T5,5,4.317,RPRA,1,3,4.317,0.372,50.10078188300619,PRESERVING,3.945,2,CONTINUE,
T5,5,4.317,RPRA,2,2,3.945,0.477,99.9099237220678,PRESERVING,3.468,1,CONTINUE,
T5,5,4.317,RPRA,3,1,3.468,0.363,99.74176471194103,PRESERVING,3.105,0,TERMINAL_REACHED,
T5,5,4.318,RPRA,1,3,4.318,0.373,50.26455632756334,PRESERVING,3.945,2,CONTINUE,
T5,5,4.318,RPRA,2,2,3.945,0.477,99.9099237220678,PRESERVING,3.468,1,CONTINUE,
T5,5,4.318,RPRA,3,1,3.468,0.363,99.74176471194103,PRESERVING,3.105,0,TERMINAL_REACHED,
T5,5,4.319,RPRA,1,3,4.319,0.374,50.42844217439874,PRESERVING,3.945,2,CONTINUE,
T5,5,4.319,RPRA,2,2,3.945,0.477,99.9099237220678,PRESERVING,3.468,1,CONTINUE,
T5,5,4.319,RPRA,3,1,3.468,0.363,99.74176471194103,PRESERVING,3.105,0,TERMINAL_REACHED,
T5,5,4.32,RPRA,1,3,4.32,0.375,50.592439241547936,PRESERVING,3.945,2,CONTINUE,
T5,5,4.32,RPRA,2,2,3.945,0.477,99.9099237220678,PRESERVING,3.468,1,CONTINUE,
T5,5,4.32,RPRA,3,1,3.468,0.363,99.74176471194103,PRESERVING,3.105,0,TERMINAL_REACHED,
T5,5,4.321,RPRA,1,3,4.321,0.376,50.756547347751194,PRESERVING,3.945,2,CONTINUE,
T5,5,4.321,RPRA,2,2,3.945,0.477,99.9099237220678,PRESERVING,3.468,1,CONTINUE,
T5,5,4.321,RPRA,3,1,3.468,0.363,99.74176471194103,PRESERVING,3.105,0,TERMINAL_REACHED,
T5,5,4.322,RPRA,1,3,4.322,0.377,50.92076631244939,PRESERVING,3.945,2,CONTINUE,
T5,5,4.322,RPRA,2,2,3.945,0.477,99.9099237220678,PRESERVING,3.468,1,CONTINUE,
T5,5,4.322,RPRA,3,1,3.468,0.363,99.74176471194103,PRESERVING,3.105,0,TERMINAL_REACHED,
T5,5,4.323,RPRA,1,3,4.323,0.378,51.085095955778776,PRESERVING,3.945,2,CONTINUE,
T5,5,4.323,RPRA,2,2,3.945,0.477,99.9099237220678,PRESERVING,3.468,1,CONTINUE,
T5,5,4.323,RPRA,3,1,3.468,0.363,99.74176471194103,PRESERVING,3.105,0,TERMINAL_REACHED,
T5,5,4.324,RPRA,1,3,4.324,0.379,51.24953609856724,PRESERVING,3.945,2,CONTINUE,
T5,5,4.324,RPRA,2,2,3.945,0.477,99.9099237220678,PRESERVING,3.468,1,CONTINUE,
T5,5,4.324,RPRA,3,1,3.468,0.363,99.74176471194103,PRESERVING,3.105,0,TERMINAL_REACHED,
T5,5,4.325,RPRA,1,3,4.325,0.38,51.41408656232832,PRESERVING,3.945,2,CONTINUE,
T5,5,4.325,RPRA,2,2,3.945,0.477,99.9099237220678,PRESERVING,3.468,1,CONTINUE,
T5,5,4.325,RPRA,3,1,3.468,0.363,99.74176471194103,PRESERVING,3.105,0,TERMINAL_REACHED,
T5,5,4.326,RPRA,1,3,4.326,0.381,51.57874716925821,PRESERVING,3.945,2,CONTINUE,
T5,5,4.326,RPRA,2,2,3.945,0.477,99.9099237220678,PRESERVING,3.468,1,CONTINUE,
T5,5,4.326,RPRA,3,1,3.468,0.363,99.74176471194103,PRESERVING,3.105,0,TERMINAL_REACHED,
T5,5,4.327,RPRA,1,3,4.327,0.382,51.74351774223093,PRESERVING,3.945,2,CONTINUE,
T5,5,4.327,RPRA,2,2,3.945,0.477,99.9099237220678,PRESERVING,3.468,1,CONTINUE,
T5,5,4.327,RPRA,3,1,3.468,0.363,99.74176471194103,PRESERVING,3.105,0,TERMINAL_REACHED,
T5,5,4.328,RPRA,1,3,4.328,0.383,51.908398104793214,PRESERVING,3.945,2,CONTINUE,
T5,5,4.328,RPRA,2,2,3.945,0.477,99.9099237220678,PRESERVING,3.468,1,CONTINUE,
T5,5,4.328,RPRA,3,1,3.468,0.363,99.74176471194103,PRESERVING,3.105,0,TERMINAL_REACHED,
T5,5,4.329,RPRA,1,3,4.329,0.384,52.073388081161234,PRESERVING,3.945,2,CONTINUE,
T5,5,4.329,RPRA,2,2,3.945,0.477,99.9099237220678,PRESERVING,3.468,1,CONTINUE,
T5,5,4.329,RPRA,3,1,3.468,0.363,99.74176471194103,PRESERVING,3.105,0,TERMINAL_REACHED,
T5,5,4.33,RPRA,1,3,4.33,0.385,52.23848749621465,PRESERVING,3.945,2,CONTINUE,
T5,5,4.33,RPRA,2,2,3.945,0.477,99.9099237220678,PRESERVING,3.468,1,CONTINUE,
T5,5,4.33,RPRA,3,1,3.468,0.363,99.74176471194103,PRESERVING,3.105,0,TERMINAL_REACHED,
T5,5,4.331,RPRA,1,3,4.331,0.386,52.40369617549412,PRESERVING,3.945,2,CONTINUE,
T5,5,4.331,RPRA,2,2,3.945,0.477,99.9099237220678,PRESERVING,3.468,1,CONTINUE,
T5,5,4.331,RPRA,3,1,3.468,0.363,99.74176471194103,PRESERVING,3.105,0,TERMINAL_REACHED,
T5,5,4.332,RPRA,1,3,4.332,0.387,52.56901394519623,PRESERVING,3.945,2,CONTINUE,
T5,5,4.332,RPRA,2,2,3.945,0.477,99.9099237220678,PRESERVING,3.468,1,CONTINUE,
T5,5,4.332,RPRA,3,1,3.468,0.363,99.74176471194103,PRESERVING,3.105,0,TERMINAL_REACHED,
T5,5,4.333,RPRA,1,3,4.333,0.388,52.73444063216899,PRESERVING,3.945,2,CONTINUE,
T5,5,4.333,RPRA,2,2,3.945,0.477,99.9099237220678,PRESERVING,3.468,1,CONTINUE,
T5,5,4.333,RPRA,3,1,3.468,0.363,99.74176471194103,PRESERVING,3.105,0,TERMINAL_REACHED,
T5,5,4.334,RPRA,1,3,4.334,0.389,52.89997606390818,PRESERVING,3.945,2,CONTINUE,
T5,5,4.334,RPRA,2,2,3.945,0.477,99.9099237220678,PRESERVING,3.468,1,CONTINUE,
T5,5,4.334,RPRA,3,1,3.468,0.363,99.74176471194103,PRESERVING,3.105,0,TERMINAL_REACHED,
T5,5,4.335,RPRA,1,3,4.335,0.39,53.06562006855298,PRESERVING,3.945,2,CONTINUE,
T5,5,4.335,RPRA,2,2,3.945,0.477,99.9099237220678,PRESERVING,3.468,1,CONTINUE,
T5,5,4.335,RPRA,3,1,3.468,0.363,99.74176471194103,PRESERVING,3.105,0,TERMINAL_REACHED,
T5,5,4.336,RPRA,1,3,4.336,0.391,53.23137247488199,PRESERVING,3.945,2,CONTINUE,
T5,5,4.336,RPRA,2,2,3.945,0.477,99.9099237220678,PRESERVING,3.468,1,CONTINUE,
T5,5,4.336,RPRA,3,1,3.468,0.363,99.74176471194103,PRESERVING,3.105,0,TERMINAL_REACHED,
T5,5,4.337,RPRA,1,3,4.337,0.392,53.397233112308406,PRESERVING,3.945,2,CONTINUE,
T5,5,4.337,RPRA,2,2,3.945,0.477,99.9099237220678,PRESERVING,3.468,1,CONTINUE,
T5,5,4.337,RPRA,3,1,3.468,0.363,99.74176471194103,PRESERVING,3.105,0,TERMINAL_REACHED,
T5,5,4.338,RPRA,1,3,4.338,0.393,53.56320181087739,PRESERVING,3.945,2,CONTINUE,
T5,5,4.338,RPRA,2,2,3.945,0.477,99.9099237220678,PRESERVING,3.468,1,CONTINUE,
T5,5,4.338,RPRA,3,1,3.468,0.363,99.74176471194103,PRESERVING,3.105,0,TERMINAL_REACHED,
T5,5,4.339,RPRA,1,3,4.339,0.394,53.72927840126102,PRESERVING,3.945,2,CONTINUE,
T5,5,4.339,RPRA,2,2,3.945,0.477,99.9099237220678,PRESERVING,3.468,1,CONTINUE,
T5,5,4.339,RPRA,3,1,3.468,0.363,99.74176471194103,PRESERVING,3.105,0,TERMINAL_REACHED,
T5,5,4.34,RPRA,1,3,4.34,0.395,53.89546271475461,PRESERVING,3.945,2,CONTINUE,
T5,5,4.34,RPRA,2,2,3.945,0.477,99.9099237220678,PRESERVING,3.468,1,CONTINUE,
T5,5,4.34,RPRA,3,1,3.468,0.363,99.74176471194103,PRESERVING,3.105,0,TERMINAL_REACHED,
T5,5,4.341,RPRA,1,3,4.341,0.396,54.061754583273284,PRESERVING,3.945,2,CONTINUE,
T5,5,4.341,RPRA,2,2,3.945,0.477,99.9099237220678,PRESERVING,3.468,1,CONTINUE,
T5,5,4.341,RPRA,3,1,3.468,0.363,99.74176471194103,PRESERVING,3.105,0,TERMINAL_REACHED,
T5,5,4.342,RPRA,1,3,4.342,0.397,54.22815383934663,PRESERVING,3.945,2,CONTINUE,
T5,5,4.342,RPRA,2,2,3.945,0.477,99.9099237220678,PRESERVING,3.468,1,CONTINUE,
T5,5,4.342,RPRA,3,1,3.468,0.363,99.74176471194103,PRESERVING,3.105,0,TERMINAL_REACHED,
T5,5,4.343,RPRA,1,3,4.343,0.398,54.39466031611652,PRESERVING,3.945,2,CONTINUE,
T5,5,4.343,RPRA,2,2,3.945,0.477,99.9099237220678,PRESERVING,3.468,1,CONTINUE,
T5,5,4.343,RPRA,3,1,3.468,0.363,99.74176471194103,PRESERVING,3.105,0,TERMINAL_REACHED,
T5,5,4.344,RPRA,1,3,4.344,0.399,54.561273847332565,PRESERVING,3.945,2,CONTINUE,
T5,5,4.344,RPRA,2,2,3.945,0.477,99.9099237220678,PRESERVING,3.468,1,CONTINUE,
T5,5,4.344,RPRA,3,1,3.468,0.363,99.74176471194103,PRESERVING,3.105,0,TERMINAL_REACHED,
T5,5,4.345,RPRA,1,3,4.345,0.4,54.7279942673483,PRESERVING,3.945,2,CONTINUE,
T5,5,4.345,RPRA,2,2,3.945,0.477,99.9099237220678,PRESERVING,3.468,1,CONTINUE,
T5,5,4.345,RPRA,3,1,3.468,0.363,99.74176471194103,PRESERVING,3.105,0,TERMINAL_REACHED,
T5,5,4.346,RPRA,1,3,4.346,0.401,54.89482141111736,PRESERVING,3.945,2,CONTINUE,
T5,5,4.346,RPRA,2,2,3.945,0.477,99.9099237220678,PRESERVING,3.468,1,CONTINUE,
T5,5,4.346,RPRA,3,1,3.468,0.363,99.74176471194103,PRESERVING,3.105,0,TERMINAL_REACHED,
T5,5,4.347,RPRA,1,3,4.347,0.402,55.061755114190106,PRESERVING,3.945,2,CONTINUE,
T5,5,4.347,RPRA,2,2,3.945,0.477,99.9099237220678,PRESERVING,3.468,1,CONTINUE,
T5,5,4.347,RPRA,3,1,3.468,0.363,99.74176471194103,PRESERVING,3.105,0,TERMINAL_REACHED,
T5,5,4.348,RPRA,1,3,4.348,0.403,55.2287952127097,PRESERVING,3.945,2,CONTINUE,
T5,5,4.348,RPRA,2,2,3.945,0.477,99.9099237220678,PRESERVING,3.468,1,CONTINUE,
T5,5,4.348,RPRA,3,1,3.468,0.363,99.74176471194103,PRESERVING,3.105,0,TERMINAL_REACHED,
T5,5,4.349,RPRA,1,3,4.349,0.404,55.39594154340784,PRESERVING,3.945,2,CONTINUE,
T5,5,4.349,RPRA,2,2,3.945,0.477,99.9099237220678,PRESERVING,3.468,1,CONTINUE,
T5,5,4.349,RPRA,3,1,3.468,0.363,99.74176471194103,PRESERVING,3.105,0,TERMINAL_REACHED,
T5,5,4.35,RPRA,1,3,4.35,0.405,55.56319394360252,PRESERVING,3.945,2,CONTINUE,
T5,5,4.35,RPRA,2,2,3.945,0.477,99.9099237220678,PRESERVING,3.468,1,CONTINUE,
T5,5,4.35,RPRA,3,1,3.468,0.363,99.74176471194103,PRESERVING,3.105,0,TERMINAL_REACHED,
T5,5,4.351,RPRA,1,3,4.351,0.406,55.73055225119342,PRESERVING,3.945,2,CONTINUE,
T5,5,4.351,RPRA,2,2,3.945,0.477,99.9099237220678,PRESERVING,3.468,1,CONTINUE,
T5,5,4.351,RPRA,3,1,3.468,0.363,99.74176471194103,PRESERVING,3.105,0,TERMINAL_REACHED,
T5,5,4.352,RPRA,1,3,4.352,0.407,55.89801630465853,PRESERVING,3.945,2,CONTINUE,
T5,5,4.352,RPRA,2,2,3.945,0.477,99.9099237220678,PRESERVING,3.468,1,CONTINUE,
T5,5,4.352,RPRA,3,1,3.468,0.363,99.74176471194103,PRESERVING,3.105,0,TERMINAL_REACHED,
T5,5,4.353,RPRA,1,3,4.353,0.408,56.06558594305072,PRESERVING,3.945,2,CONTINUE,
T5,5,4.353,RPRA,2,2,3.945,0.477,99.9099237220678,PRESERVING,3.468,1,CONTINUE,
T5,5,4.353,RPRA,3,1,3.468,0.363,99.74176471194103,PRESERVING,3.105,0,TERMINAL_REACHED,
T5,5,4.354,RPRA,1,3,4.354,0.409,56.2332610059945,PRESERVING,3.945,2,CONTINUE,
T5,5,4.354,RPRA,2,2,3.945,0.477,99.9099237220678,PRESERVING,3.468,1,CONTINUE,
T5,5,4.354,RPRA,3,1,3.468,0.363,99.74176471194103,PRESERVING,3.105,0,TERMINAL_REACHED,
T5,5,4.355,RPRA,1,3,4.355,0.41,56.40104133368131,PRESERVING,3.945,2,CONTINUE,
T5,5,4.355,RPRA,2,2,3.945,0.477,99.9099237220678,PRESERVING,3.468,1,CONTINUE,
T5,5,4.355,RPRA,3,1,3.468,0.363,99.74176471194103,PRESERVING,3.105,0,TERMINAL_REACHED,
T5,5,4.356,RPRA,1,3,4.356,0.411,56.56892676686793,PRESERVING,3.945,2,CONTINUE,
T5,5,4.356,RPRA,2,2,3.945,0.477,99.9099237220678,PRESERVING,3.468,1,CONTINUE,
T5,5,4.356,RPRA,3,1,3.468,0.363,99.74176471194103,PRESERVING,3.105,0,TERMINAL_REACHED,
T5,5,4.357,RPRA,1,3,4.357,0.412,56.73691714687182,PRESERVING,3.945,2,CONTINUE,
T5,5,4.357,RPRA,2,2,3.945,0.477,99.9099237220678,PRESERVING,3.468,1,CONTINUE,
T5,5,4.357,RPRA,3,1,3.468,0.363,99.74176471194103,PRESERVING,3.105,0,TERMINAL_REACHED,
T5,5,4.358,RPRA,1,3,4.358,0.413,56.90501231556802,PRESERVING,3.945,2,CONTINUE,
T5,5,4.358,RPRA,2,2,3.945,0.477,99.9099237220678,PRESERVING,3.468,1,CONTINUE,
T5,5,4.358,RPRA,3,1,3.468,0.363,99.74176471194103,PRESERVING,3.105,0,TERMINAL_REACHED,
T5,5,4.359,RPRA,1,3,4.359,0.414,57.073212115386035,PRESERVING,3.945,2,CONTINUE,
T5,5,4.359,RPRA,2,2,3.945,0.477,99.9099237220678,PRESERVING,3.468,1,CONTINUE,
T5,5,4.359,RPRA,3,1,3.468,0.363,99.74176471194103,PRESERVING,3.105,0,TERMINAL_REACHED,
T5,5,4.36,RPRA,1,3,4.36,0.415,57.24151638930616,PRESERVING,3.945,2,CONTINUE,
T5,5,4.36,RPRA,2,2,3.945,0.477,99.9099237220678,PRESERVING,3.468,1,CONTINUE,
T5,5,4.36,RPRA,3,1,3.468,0.363,99.74176471194103,PRESERVING,3.105,0,TERMINAL_REACHED,
T5,5,4.361,RPRA,1,3,4.361,0.416,57.40992498085598,PRESERVING,3.945,2,CONTINUE,
T5,5,4.361,RPRA,2,2,3.945,0.477,99.9099237220678,PRESERVING,3.468,1,CONTINUE,
T5,5,4.361,RPRA,3,1,3.468,0.363,99.74176471194103,PRESERVING,3.105,0,TERMINAL_REACHED,
T5,5,4.362,RPRA,1,3,4.362,0.417,57.57843773410789,PRESERVING,3.945,2,CONTINUE,
T5,5,4.362,RPRA,2,2,3.945,0.477,99.9099237220678,PRESERVING,3.468,1,CONTINUE,
T5,5,4.362,RPRA,3,1,3.468,0.363,99.74176471194103,PRESERVING,3.105,0,TERMINAL_REACHED,
T5,5,4.363,RPRA,1,3,4.363,0.418,57.747054493675265,PRESERVING,3.945,2,CONTINUE,
T5,5,4.363,RPRA,2,2,3.945,0.477,99.9099237220678,PRESERVING,3.468,1,CONTINUE,
T5,5,4.363,RPRA,3,1,3.468,0.363,99.74176471194103,PRESERVING,3.105,0,TERMINAL_REACHED,
T5,5,4.364,RPRA,1,3,4.364,0.419,57.91577510470936,PRESERVING,3.945,2,CONTINUE,
T5,5,4.364,RPRA,2,2,3.945,0.477,99.9099237220678,PRESERVING,3.468,1,CONTINUE,
T5,5,4.364,RPRA,3,1,3.468,0.363,99.74176471194103,PRESERVING,3.105,0,TERMINAL_REACHED,
T5,5,4.365,RPRA,1,3,4.365,0.42,58.084599412896274,PRESERVING,3.945,2,CONTINUE,
T5,5,4.365,RPRA,2,2,3.945,0.477,99.9099237220678,PRESERVING,3.468,1,CONTINUE,
T5,5,4.365,RPRA,3,1,3.468,0.363,99.74176471194103,PRESERVING,3.105,0,TERMINAL_REACHED,
T5,5,4.366,RPRA,1,3,4.366,0.421,58.25352726445353,PRESERVING,3.945,2,CONTINUE,
T5,5,4.366,RPRA,2,2,3.945,0.477,99.9099237220678,PRESERVING,3.468,1,CONTINUE,
T5,5,4.366,RPRA,3,1,3.468,0.363,99.74176471194103,PRESERVING,3.105,0,TERMINAL_REACHED,
T5,5,4.367,RPRA,1,3,4.367,0.422,58.422558506126606,PRESERVING,3.945,2,CONTINUE,
T5,5,4.367,RPRA,2,2,3.945,0.477,99.9099237220678,PRESERVING,3.468,1,CONTINUE,
T5,5,4.367,RPRA,3,1,3.468,0.363,99.74176471194103,PRESERVING,3.105,0,TERMINAL_REACHED,
T5,5,4.368,RPRA,1,3,4.368,0.423,58.591692985186974,PRESERVING,3.945,2,CONTINUE,
T5,5,4.368,RPRA,2,2,3.945,0.477,99.9099237220678,PRESERVING,3.468,1,CONTINUE,
T5,5,4.368,RPRA,3,1,3.468,0.363,99.74176471194103,PRESERVING,3.105,0,TERMINAL_REACHED,
T5,5,4.369,RPRA,1,3,4.369,0.424,58.76093054942785,PRESERVING,3.945,2,CONTINUE,
T5,5,4.369,RPRA,2,2,3.945,0.477,99.9099237220678,PRESERVING,3.468,1,CONTINUE,
T5,5,4.369,RPRA,3,1,3.468,0.363,99.74176471194103,PRESERVING,3.105,0,TERMINAL_REACHED,
T5,5,4.37,RPRA,1,3,4.37,0.425,58.93027104716189,PRESERVING,3.945,2,CONTINUE,
T5,5,4.37,RPRA,2,2,3.945,0.477,99.9099237220678,PRESERVING,3.468,1,CONTINUE,
T5,5,4.37,RPRA,3,1,3.468,0.363,99.74176471194103,PRESERVING,3.105,0,TERMINAL_REACHED,
T5,5,4.371,RPRA,1,3,4.371,0.426,59.09971432721759,PRESERVING,3.945,2,CONTINUE,
T5,5,4.371,RPRA,2,2,3.945,0.477,99.9099237220678,PRESERVING,3.468,1,CONTINUE,
T5,5,4.371,RPRA,3,1,3.468,0.363,99.74176471194103,PRESERVING,3.105,0,TERMINAL_REACHED,
T5,5,4.372,RPRA,1,3,4.372,0.427,59.26926023893694,PRESERVING,3.945,2,CONTINUE,
T5,5,4.372,RPRA,2,2,3.945,0.477,99.9099237220678,PRESERVING,3.468,1,CONTINUE,
T5,5,4.372,RPRA,3,1,3.468,0.363,99.74176471194103,PRESERVING,3.105,0,TERMINAL_REACHED,
T5,5,4.373,RPRA,1,3,4.373,0.428,59.4389086321712,PRESERVING,3.945,2,CONTINUE,
T5,5,4.373,RPRA,2,2,3.945,0.477,99.9099237220678,PRESERVING,3.468,1,CONTINUE,
T5,5,4.373,RPRA,3,1,3.468,0.363,99.74176471194103,PRESERVING,3.105,0,TERMINAL_REACHED,
T5,5,4.374,RPRA,1,3,4.374,0.429,59.6086593572795,PRESERVING,3.945,2,CONTINUE,
T5,5,4.374,RPRA,2,2,3.945,0.477,99.9099237220678,PRESERVING,3.468,1,CONTINUE,
T5,5,4.374,RPRA,3,1,3.468,0.363,99.74176471194103,PRESERVING,3.105,0,TERMINAL_REACHED,
T5,5,4.375,RPRA,1,3,4.375,0.43,59.778512265124945,PRESERVING,3.945,2,CONTINUE,
T5,5,4.375,RPRA,2,2,3.945,0.477,99.9099237220678,PRESERVING,3.468,1,CONTINUE,
T5,5,4.375,RPRA,3,1,3.468,0.363,99.74176471194103,PRESERVING,3.105,0,TERMINAL_REACHED,
T5,5,4.376,RPRA,1,3,4.376,0.431,59.94846720707196,PRESERVING,3.945,2,CONTINUE,
T5,5,4.376,RPRA,2,2,3.945,0.477,99.9099237220678,PRESERVING,3.468,1,CONTINUE,
T5,5,4.376,RPRA,3,1,3.468,0.363,99.74176471194103,PRESERVING,3.105,0,TERMINAL_REACHED,
T5,5,4.377,RPRA,1,3,4.377,0.432,60.11852403498336,PRESERVING,3.945,2,CONTINUE,
T5,5,4.377,RPRA,2,2,3.945,0.477,99.9099237220678,PRESERVING,3.468,1,CONTINUE,
T5,5,4.377,RPRA,3,1,3.468,0.363,99.74176471194103,PRESERVING,3.105,0,TERMINAL_REACHED,
T5,5,4.378,RPRA,1,3,4.378,0.433,60.28868260121759,PRESERVING,3.945,2,CONTINUE,
T5,5,4.378,RPRA,2,2,3.945,0.477,99.9099237220678,PRESERVING,3.468,1,CONTINUE,
T5,5,4.378,RPRA,3,1,3.468,0.363,99.74176471194103,PRESERVING,3.105,0,TERMINAL_REACHED,
T5,5,4.379,RPRA,1,3,4.379,0.434,60.45894275862528,PRESERVING,3.945,2,CONTINUE,
T5,5,4.379,RPRA,2,2,3.945,0.477,99.9099237220678,PRESERVING,3.468,1,CONTINUE,
T5,5,4.379,RPRA,3,1,3.468,0.363,99.74176471194103,PRESERVING,3.105,0,TERMINAL_REACHED,
T5,5,4.38,RPRA,1,3,4.38,0.435,60.629304360547366,PRESERVING,3.945,2,CONTINUE,
T5,5,4.38,RPRA,2,2,3.945,0.477,99.9099237220678,PRESERVING,3.468,1,CONTINUE,
T5,5,4.38,RPRA,3,1,3.468,0.363,99.74176471194103,PRESERVING,3.105,0,TERMINAL_REACHED,
T5,5,4.381,RPRA,1,3,4.381,0.436,60.79976726081186,PRESERVING,3.945,2,CONTINUE,
T5,5,4.381,RPRA,2,2,3.945,0.477,99.9099237220678,PRESERVING,3.468,1,CONTINUE,
T5,5,4.381,RPRA,3,1,3.468,0.363,99.74176471194103,PRESERVING,3.105,0,TERMINAL_REACHED,
T5,5,4.382,RPRA,1,3,4.382,0.437,60.97033131373091,PRESERVING,3.945,2,CONTINUE,
T5,5,4.382,RPRA,2,2,3.945,0.477,99.9099237220678,PRESERVING,3.468,1,CONTINUE,
T5,5,4.382,RPRA,3,1,3.468,0.363,99.74176471194103,PRESERVING,3.105,0,TERMINAL_REACHED,
T5,5,4.383,RPRA,1,3,4.383,0.438,61.14099637409819,PRESERVING,3.945,2,CONTINUE,
T5,5,4.383,RPRA,2,2,3.945,0.477,99.9099237220678,PRESERVING,3.468,1,CONTINUE,
T5,5,4.383,RPRA,3,1,3.468,0.363,99.74176471194103,PRESERVING,3.105,0,TERMINAL_REACHED,
T5,5,4.384,RPRA,1,3,4.384,0.439,61.31176229718645,PRESERVING,3.945,2,CONTINUE,
T5,5,4.384,RPRA,2,2,3.945,0.477,99.9099237220678,PRESERVING,3.468,1,CONTINUE,
T5,5,4.384,RPRA,3,1,3.468,0.363,99.74176471194103,PRESERVING,3.105,0,TERMINAL_REACHED,
T5,5,4.385,RPRA,1,3,4.385,0.44,61.48262893874382,PRESERVING,3.945,2,CONTINUE,
T5,5,4.385,RPRA,2,2,3.945,0.477,99.9099237220678,PRESERVING,3.468,1,CONTINUE,
T5,5,4.385,RPRA,3,1,3.468,0.363,99.74176471194103,PRESERVING,3.105,0,TERMINAL_REACHED,
T5,5,4.386,RPRA,1,3,4.386,0.441,61.653596154992535,PRESERVING,3.945,2,CONTINUE,
T5,5,4.386,RPRA,2,2,3.945,0.477,99.9099237220678,PRESERVING,3.468,1,CONTINUE,
T5,5,4.386,RPRA,3,1,3.468,0.363,99.74176471194103,PRESERVING,3.105,0,TERMINAL_REACHED,
T5,5,4.387,RPRA,1,3,4.387,0.442,61.82466380262523,PRESERVING,3.945,2,CONTINUE,
T5,5,4.387,RPRA,2,2,3.945,0.477,99.9099237220678,PRESERVING,3.468,1,CONTINUE,
T5,5,4.387,RPRA,3,1,3.468,0.363,99.74176471194103,PRESERVING,3.105,0,TERMINAL_REACHED,
T5,5,4.388,RPRA,1,3,4.388,0.443,61.99583173880268,PRESERVING,3.945,2,CONTINUE,
T5,5,4.388,RPRA,2,2,3.945,0.477,99.9099237220678,PRESERVING,3.468,1,CONTINUE,
T5,5,4.388,RPRA,3,1,3.468,0.363,99.74176471194103,PRESERVING,3.105,0,TERMINAL_REACHED,
T5,5,4.389,RPRA,1,3,4.389,0.444,62.16709982115121,PRESERVING,3.945,2,CONTINUE,
T5,5,4.389,RPRA,2,2,3.945,0.477,99.9099237220678,PRESERVING,3.468,1,CONTINUE,
T5,5,4.389,RPRA,3,1,3.468,0.363,99.74176471194103,PRESERVING,3.105,0,TERMINAL_REACHED,
T5,5,4.39,RPRA,1,3,4.39,0.445,62.33846790776007,PRESERVING,3.945,2,CONTINUE,
T5,5,4.39,RPRA,2,2,3.945,0.477,99.9099237220678,PRESERVING,3.468,1,CONTINUE,
T5,5,4.39,RPRA,3,1,3.468,0.363,99.74176471194103,PRESERVING,3.105,0,TERMINAL_REACHED,
T5,5,4.391,RPRA,1,3,4.391,0.446,62.50993585717804,PRESERVING,3.945,2,CONTINUE,
T5,5,4.391,RPRA,2,2,3.945,0.477,99.9099237220678,PRESERVING,3.468,1,CONTINUE,
T5,5,4.391,RPRA,3,1,3.468,0.363,99.74176471194103,PRESERVING,3.105,0,TERMINAL_REACHED,
T5,5,4.392,RPRA,1,3,4.392,0.447,62.68150352841259,PRESERVING,3.945,2,CONTINUE,
T5,5,4.392,RPRA,2,2,3.945,0.477,99.9099237220678,PRESERVING,3.468,1,CONTINUE,
T5,5,4.392,RPRA,3,1,3.468,0.363,99.74176471194103,PRESERVING,3.105,0,TERMINAL_REACHED,
T5,5,4.393,RPRA,1,3,4.393,0.448,62.8531707809257,PRESERVING,3.945,2,CONTINUE,
T5,5,4.393,RPRA,2,2,3.945,0.477,99.9099237220678,PRESERVING,3.468,1,CONTINUE,
T5,5,4.393,RPRA,3,1,3.468,0.363,99.74176471194103,PRESERVING,3.105,0,TERMINAL_REACHED,
T5,5,4.394,RPRA,1,3,4.394,0.449,63.02493747463235,PRESERVING,3.945,2,CONTINUE,
T5,5,4.394,RPRA,2,2,3.945,0.477,99.9099237220678,PRESERVING,3.468,1,CONTINUE,
T5,5,4.394,RPRA,3,1,3.468,0.363,99.74176471194103,PRESERVING,3.105,0,TERMINAL_REACHED,
T5,5,4.395,RPRA,1,3,4.395,0.45,63.196803469897425,PRESERVING,3.945,2,CONTINUE,
T5,5,4.395,RPRA,2,2,3.945,0.477,99.9099237220678,PRESERVING,3.468,1,CONTINUE,
T5,5,4.395,RPRA,3,1,3.468,0.363,99.74176471194103,PRESERVING,3.105,0,TERMINAL_REACHED,
T5,5,4.396,RPRA,1,3,4.396,0.451,63.368768627533726,PRESERVING,3.945,2,CONTINUE,
T5,5,4.396,RPRA,2,2,3.945,0.477,99.9099237220678,PRESERVING,3.468,1,CONTINUE,
T5,5,4.396,RPRA,3,1,3.468,0.363,99.74176471194103,PRESERVING,3.105,0,TERMINAL_REACHED,
T5,5,4.397,RPRA,1,3,4.397,0.452,63.54083280879852,PRESERVING,3.945,2,CONTINUE,
T5,5,4.397,RPRA,2,2,3.945,0.477,99.9099237220678,PRESERVING,3.468,1,CONTINUE,
T5,5,4.397,RPRA,3,1,3.468,0.363,99.74176471194103,PRESERVING,3.105,0,TERMINAL_REACHED,
T5,5,4.398,RPRA,1,3,4.398,0.453,63.71299587539264,PRESERVING,3.945,2,CONTINUE,
T5,5,4.398,RPRA,2,2,3.945,0.477,99.9099237220678,PRESERVING,3.468,1,CONTINUE,
T5,5,4.398,RPRA,3,1,3.468,0.363,99.74176471194103,PRESERVING,3.105,0,TERMINAL_REACHED,
T5,5,4.399,RPRA,1,3,4.399,0.454,63.88525768945659,PRESERVING,3.945,2,CONTINUE,
T5,5,4.399,RPRA,2,2,3.945,0.477,99.9099237220678,PRESERVING,3.468,1,CONTINUE,
T5,5,4.399,RPRA,3,1,3.468,0.363,99.74176471194103,PRESERVING,3.105,0,TERMINAL_REACHED,
T5,5,4.4,RPRA,1,3,4.4,0.455,64.05761811356926,PRESERVING,3.945,2,CONTINUE,
T5,5,4.4,RPRA,2,2,3.945,0.477,99.9099237220678,PRESERVING,3.468,1,CONTINUE,
T5,5,4.4,RPRA,3,1,3.468,0.363,99.74176471194103,PRESERVING,3.105,0,TERMINAL_REACHED,
T5,5,4.401,RPRA,1,3,4.401,0.456,64.23007701074467,PRESERVING,3.945,2,CONTINUE,
T5,5,4.401,RPRA,2,2,3.945,0.477,99.9099237220678,PRESERVING,3.468,1,CONTINUE,
T5,5,4.401,RPRA,3,1,3.468,0.363,99.74176471194103,PRESERVING,3.105,0,TERMINAL_REACHED,
T5,5,4.402,RPRA,1,3,4.402,0.457,64.40263424443037,PRESERVING,3.945,2,CONTINUE,
T5,5,4.402,RPRA,2,2,3.945,0.477,99.9099237220678,PRESERVING,3.468,1,CONTINUE,
T5,5,4.402,RPRA,3,1,3.468,0.363,99.74176471194103,PRESERVING,3.105,0,TERMINAL_REACHED,
T5,5,4.403,RPRA,1,3,4.403,0.458,64.57528967850388,PRESERVING,3.945,2,CONTINUE,
T5,5,4.403,RPRA,2,2,3.945,0.477,99.9099237220678,PRESERVING,3.468,1,CONTINUE,
T5,5,4.403,RPRA,3,1,3.468,0.363,99.74176471194103,PRESERVING,3.105,0,TERMINAL_REACHED,
T5,5,4.404,RPRA,1,3,4.404,0.459,64.74804317727185,PRESERVING,3.945,2,CONTINUE,
T5,5,4.404,RPRA,2,2,3.945,0.477,99.9099237220678,PRESERVING,3.468,1,CONTINUE,
T5,5,4.404,RPRA,3,1,3.468,0.363,99.74176471194103,PRESERVING,3.105,0,TERMINAL_REACHED,
T5,5,4.405,RPRA,1,3,4.405,0.46,64.92089460546683,PRESERVING,3.945,2,CONTINUE,
T5,5,4.405,RPRA,2,2,3.945,0.477,99.9099237220678,PRESERVING,3.468,1,CONTINUE,
T5,5,4.405,RPRA,3,1,3.468,0.363,99.74176471194103,PRESERVING,3.105,0,TERMINAL_REACHED,
T5,5,4.406,RPRA,1,3,4.406,0.461,65.0938438282453,PRESERVING,3.945,2,CONTINUE,
T5,5,4.406,RPRA,2,2,3.945,0.477,99.9099237220678,PRESERVING,3.468,1,CONTINUE,
T5,5,4.406,RPRA,3,1,3.468,0.363,99.74176471194103,PRESERVING,3.105,0,TERMINAL_REACHED,
T5,5,4.407,RPRA,1,3,4.407,0.462,65.26689071118507,PRESERVING,3.945,2,CONTINUE,
T5,5,4.407,RPRA,2,2,3.945,0.477,99.9099237220678,PRESERVING,3.468,1,CONTINUE,
T5,5,4.407,RPRA,3,1,3.468,0.363,99.74176471194103,PRESERVING,3.105,0,TERMINAL_REACHED,
T5,5,4.408,RPRA,1,3,4.408,0.463,65.44003512028351,PRESERVING,3.945,2,CONTINUE,
T5,5,4.408,RPRA,2,2,3.945,0.477,99.9099237220678,PRESERVING,3.468,1,CONTINUE,
T5,5,4.408,RPRA,3,1,3.468,0.363,99.74176471194103,PRESERVING,3.105,0,TERMINAL_REACHED,
T5,5,4.409,RPRA,1,3,4.409,0.464,65.61327692195427,PRESERVING,3.945,2,CONTINUE,
T5,5,4.409,RPRA,2,2,3.945,0.477,99.9099237220678,PRESERVING,3.468,1,CONTINUE,
T5,5,4.409,RPRA,3,1,3.468,0.363,99.74176471194103,PRESERVING,3.105,0,TERMINAL_REACHED,
T5,5,4.41,RPRA,1,3,4.41,0.465,65.78661598302648,PRESERVING,3.945,2,CONTINUE,
T5,5,4.41,RPRA,2,2,3.945,0.477,99.9099237220678,PRESERVING,3.468,1,CONTINUE,
T5,5,4.41,RPRA,3,1,3.468,0.363,99.74176471194103,PRESERVING,3.105,0,TERMINAL_REACHED,
T5,5,4.411,RPRA,1,3,4.411,0.466,65.9600521707417,PRESERVING,3.945,2,CONTINUE,
T5,5,4.411,RPRA,2,2,3.945,0.477,99.9099237220678,PRESERVING,3.468,1,CONTINUE,
T5,5,4.411,RPRA,3,1,3.468,0.363,99.74176471194103,PRESERVING,3.105,0,TERMINAL_REACHED,
T5,5,4.412,RPRA,1,3,4.412,0.467,66.13358535275167,PRESERVING,3.945,2,CONTINUE,
T5,5,4.412,RPRA,2,2,3.945,0.477,99.9099237220678,PRESERVING,3.468,1,CONTINUE,
T5,5,4.412,RPRA,3,1,3.468,0.363,99.74176471194103,PRESERVING,3.105,0,TERMINAL_REACHED,
T5,5,4.413,RPRA,1,3,4.413,0.468,66.30721539711647,PRESERVING,3.945,2,CONTINUE,
T5,5,4.413,RPRA,2,2,3.945,0.477,99.9099237220678,PRESERVING,3.468,1,CONTINUE,
T5,5,4.413,RPRA,3,1,3.468,0.363,99.74176471194103,PRESERVING,3.105,0,TERMINAL_REACHED,
T5,5,4.414,RPRA,1,3,4.414,0.469,66.48094217230233,PRESERVING,3.945,2,CONTINUE,
T5,5,4.414,RPRA,2,2,3.945,0.477,99.9099237220678,PRESERVING,3.468,1,CONTINUE,
T5,5,4.414,RPRA,3,1,3.468,0.363,99.74176471194103,PRESERVING,3.105,0,TERMINAL_REACHED,
T5,5,4.415,RPRA,1,3,4.415,0.47,66.65476554717847,PRESERVING,3.945,2,CONTINUE,
T5,5,4.415,RPRA,2,2,3.945,0.477,99.9099237220678,PRESERVING,3.468,1,CONTINUE,
T5,5,4.415,RPRA,3,1,3.468,0.363,99.74176471194103,PRESERVING,3.105,0,TERMINAL_REACHED,
T5,5,4.416,RPRA,1,3,4.416,0.471,66.82868539101692,PRESERVING,3.945,2,CONTINUE,
T5,5,4.416,RPRA,2,2,3.945,0.477,99.9099237220678,PRESERVING,3.468,1,CONTINUE,
T5,5,4.416,RPRA,3,1,3.468,0.363,99.74176471194103,PRESERVING,3.105,0,TERMINAL_REACHED,
T5,5,4.417,RPRA,1,3,4.417,0.472,67.0027015734887,PRESERVING,3.945,2,CONTINUE,
T5,5,4.417,RPRA,2,2,3.945,0.477,99.9099237220678,PRESERVING,3.468,1,CONTINUE,
T5,5,4.417,RPRA,3,1,3.468,0.363,99.74176471194103,PRESERVING,3.105,0,TERMINAL_REACHED,
T5,5,4.418,RPRA,1,3,4.418,0.473,67.17681396466251,PRESERVING,3.945,2,CONTINUE,
T5,5,4.418,RPRA,2,2,3.945,0.477,99.9099237220678,PRESERVING,3.468,1,CONTINUE,
T5,5,4.418,RPRA,3,1,3.468,0.363,99.74176471194103,PRESERVING,3.105,0,TERMINAL_REACHED,
T5,5,4.419,RPRA,1,3,4.419,0.474,67.35102243500253,PRESERVING,3.945,2,CONTINUE,
T5,5,4.419,RPRA,2,2,3.945,0.477,99.9099237220678,PRESERVING,3.468,1,CONTINUE,
T5,5,4.419,RPRA,3,1,3.468,0.363,99.74176471194103,PRESERVING,3.105,0,TERMINAL_REACHED,
T5,5,4.42,RPRA,1,3,4.42,0.475,67.52532685536609,PRESERVING,3.945,2,CONTINUE,
T5,5,4.42,RPRA,2,2,3.945,0.477,99.9099237220678,PRESERVING,3.468,1,CONTINUE,
T5,5,4.42,RPRA,3,1,3.468,0.363,99.74176471194103,PRESERVING,3.105,0,TERMINAL_REACHED,
T5,5,4.421,RPRA,1,3,4.421,0.476,67.69972709700215,PRESERVING,3.945,2,CONTINUE,
T5,5,4.421,RPRA,2,2,3.945,0.477,99.9099237220678,PRESERVING,3.468,1,CONTINUE,
T5,5,4.421,RPRA,3,1,3.468,0.363,99.74176471194103,PRESERVING,3.105,0,TERMINAL_REACHED,
T5,5,4.422,RPRA,1,3,4.422,0.477,67.8742230315482,PRESERVING,3.945,2,CONTINUE,
T5,5,4.422,RPRA,2,2,3.945,0.477,99.9099237220678,PRESERVING,3.468,1,CONTINUE,
T5,5,4.422,RPRA,3,1,3.468,0.363,99.74176471194103,PRESERVING,3.105,0,TERMINAL_REACHED,
T5,5,4.423,RPRA,1,3,4.423,0.478,68.04881453102954,PRESERVING,3.945,2,CONTINUE,
T5,5,4.423,RPRA,2,2,3.945,0.477,99.9099237220678,PRESERVING,3.468,1,CONTINUE,
T5,5,4.423,RPRA,3,1,3.468,0.363,99.74176471194103,PRESERVING,3.105,0,TERMINAL_REACHED,
T5,5,4.424,RPRA,1,3,4.424,0.479,68.2235014678567,PRESERVING,3.945,2,CONTINUE,
T5,5,4.424,RPRA,2,2,3.945,0.477,99.9099237220678,PRESERVING,3.468,1,CONTINUE,
T5,5,4.424,RPRA,3,1,3.468,0.363,99.74176471194103,PRESERVING,3.105,0,TERMINAL_REACHED,
T5,5,4.425,RPRA,1,3,4.425,0.48,68.39828371482298,PRESERVING,3.945,2,CONTINUE,
T5,5,4.425,RPRA,2,2,3.945,0.477,99.9099237220678,PRESERVING,3.468,1,CONTINUE,
T5,5,4.425,RPRA,3,1,3.468,0.363,99.74176471194103,PRESERVING,3.105,0,TERMINAL_REACHED,
T5,5,4.426,RPRA,1,3,4.426,0.481,68.57316114510351,PRESERVING,3.945,2,CONTINUE,
T5,5,4.426,RPRA,2,2,3.945,0.477,99.9099237220678,PRESERVING,3.468,1,CONTINUE,
T5,5,4.426,RPRA,3,1,3.468,0.363,99.74176471194103,PRESERVING,3.105,0,TERMINAL_REACHED,
T5,5,4.427,RPRA,1,3,4.427,0.482,68.74813363225184,PRESERVING,3.945,2,CONTINUE,
T5,5,4.427,RPRA,2,2,3.945,0.477,99.9099237220678,PRESERVING,3.468,1,CONTINUE,
T5,5,4.427,RPRA,3,1,3.468,0.363,99.74176471194103,PRESERVING,3.105,0,TERMINAL_REACHED,
T5,5,4.428,RPRA,1,3,4.428,0.483,68.9232010501994,PRESERVING,3.945,2,CONTINUE,
T5,5,4.428,RPRA,2,2,3.945,0.477,99.9099237220678,PRESERVING,3.468,1,CONTINUE,
T5,5,4.428,RPRA,3,1,3.468,0.363,99.74176471194103,PRESERVING,3.105,0,TERMINAL_REACHED,
T5,5,4.429,RPRA,1,3,4.429,0.484,69.09836327325299,PRESERVING,3.945,2,CONTINUE,
T5,5,4.429,RPRA,2,2,3.945,0.477,99.9099237220678,PRESERVING,3.468,1,CONTINUE,
T5,5,4.429,RPRA,3,1,3.468,0.363,99.74176471194103,PRESERVING,3.105,0,TERMINAL_REACHED,
T5,5,4.43,RPRA,1,3,4.43,0.485,69.27362017609265,PRESERVING,3.945,2,CONTINUE,
T5,5,4.43,RPRA,2,2,3.945,0.477,99.9099237220678,PRESERVING,3.468,1,CONTINUE,
T5,5,4.43,RPRA,3,1,3.468,0.363,99.74176471194103,PRESERVING,3.105,0,TERMINAL_REACHED,
T5,5,4.431,RPRA,1,3,4.431,0.486,69.44897163376986,PRESERVING,3.945,2,CONTINUE,
T5,5,4.431,RPRA,2,2,3.945,0.477,99.9099237220678,PRESERVING,3.468,1,CONTINUE,
T5,5,4.431,RPRA,3,1,3.468,0.363,99.74176471194103,PRESERVING,3.105,0,TERMINAL_REACHED,
T5,5,4.432,RPRA,1,3,4.432,0.487,69.62441752170609,PRESERVING,3.945,2,CONTINUE,
T5,5,4.432,RPRA,2,2,3.945,0.477,99.9099237220678,PRESERVING,3.468,1,CONTINUE,
T5,5,4.432,RPRA,3,1,3.468,0.363,99.74176471194103,PRESERVING,3.105,0,TERMINAL_REACHED,
T5,5,4.433,RPRA,1,3,4.433,0.488,69.79995771569031,PRESERVING,3.945,2,CONTINUE,
T5,5,4.433,RPRA,2,2,3.945,0.477,99.9099237220678,PRESERVING,3.468,1,CONTINUE,
T5,5,4.433,RPRA,3,1,3.468,0.363,99.74176471194103,PRESERVING,3.105,0,TERMINAL_REACHED,
T5,5,4.434,RPRA,1,3,4.434,0.489,69.97559209187686,PRESERVING,3.945,2,CONTINUE,
T5,5,4.434,RPRA,2,2,3.945,0.477,99.9099237220678,PRESERVING,3.468,1,CONTINUE,
T5,5,4.434,RPRA,3,1,3.468,0.363,99.74176471194103,PRESERVING,3.105,0,TERMINAL_REACHED,
T5,5,4.435,RPRA,1,3,4.435,0.49,70.15132052678486,PRESERVING,3.945,2,CONTINUE,
T5,5,4.435,RPRA,2,2,3.945,0.477,99.9099237220678,PRESERVING,3.468,1,CONTINUE,
T5,5,4.435,RPRA,3,1,3.468,0.363,99.74176471194103,PRESERVING,3.105,0,TERMINAL_REACHED,
T5,5,4.436,RPRA,1,3,4.436,0.491,70.32714289729522,PRESERVING,3.945,2,CONTINUE,
T5,5,4.436,RPRA,2,2,3.945,0.477,99.9099237220678,PRESERVING,3.468,1,CONTINUE,
T5,5,4.436,RPRA,3,1,3.468,0.363,99.74176471194103,PRESERVING,3.105,0,TERMINAL_REACHED,
T5,5,4.437,RPRA,1,3,4.437,0.492,70.50305908064918,PRESERVING,3.945,2,CONTINUE,
T5,5,4.437,RPRA,2,2,3.945,0.477,99.9099237220678,PRESERVING,3.468,1,CONTINUE,
T5,5,4.437,RPRA,3,1,3.468,0.363,99.74176471194103,PRESERVING,3.105,0,TERMINAL_REACHED,
T5,5,4.438,RPRA,1,3,4.438,0.493,70.67906895444692,PRESERVING,3.945,2,CONTINUE,
T5,5,4.438,RPRA,2,2,3.945,0.477,99.9099237220678,PRESERVING,3.468,1,CONTINUE,
T5,5,4.438,RPRA,3,1,3.468,0.363,99.74176471194103,PRESERVING,3.105,0,TERMINAL_REACHED,
T5,5,4.439,RPRA,1,3,4.439,0.494,70.8551723966442,PRESERVING,3.945,2,CONTINUE,
T5,5,4.439,RPRA,2,2,3.945,0.477,99.9099237220678,PRESERVING,3.468,1,CONTINUE,
T5,5,4.439,RPRA,3,1,3.468,0.363,99.74176471194103,PRESERVING,3.105,0,TERMINAL_REACHED,
T5,5,4.44,RPRA,1,3,4.44,0.495,71.03136928555287,PRESERVING,3.945,2,CONTINUE,
T5,5,4.44,RPRA,2,2,3.945,0.477,99.9099237220678,PRESERVING,3.468,1,CONTINUE,
T5,5,4.44,RPRA,3,1,3.468,0.363,99.74176471194103,PRESERVING,3.105,0,TERMINAL_REACHED,
T5,5,4.441,RPRA,1,3,4.441,0.496,71.2076594998373,PRESERVING,3.945,2,CONTINUE,
T5,5,4.441,RPRA,2,2,3.945,0.477,99.9099237220678,PRESERVING,3.468,1,CONTINUE,
T5,5,4.441,RPRA,3,1,3.468,0.363,99.74176471194103,PRESERVING,3.105,0,TERMINAL_REACHED,
T5,5,4.442,RPRA,1,3,4.442,0.497,71.38404291851342,PRESERVING,3.945,2,CONTINUE,
T5,5,4.442,RPRA,2,2,3.945,0.477,99.9099237220678,PRESERVING,3.468,1,CONTINUE,
T5,5,4.442,RPRA,3,1,3.468,0.363,99.74176471194103,PRESERVING,3.105,0,TERMINAL_REACHED,
T5,5,4.443,RPRA,1,3,4.443,0.498,71.56051942094668,PRESERVING,3.945,2,CONTINUE,
T5,5,4.443,RPRA,2,2,3.945,0.477,99.9099237220678,PRESERVING,3.468,1,CONTINUE,
T5,5,4.443,RPRA,3,1,3.468,0.363,99.74176471194103,PRESERVING,3.105,0,TERMINAL_REACHED,
T5,5,4.444,RPRA,1,3,4.444,0.499,71.73708888685037,PRESERVING,3.945,2,CONTINUE,
T5,5,4.444,RPRA,2,2,3.945,0.477,99.9099237220678,PRESERVING,3.468,1,CONTINUE,
T5,5,4.444,RPRA,3,1,3.468,0.363,99.74176471194103,PRESERVING,3.105,0,TERMINAL_REACHED,
T5,5,4.445,RPRA,1,3,4.445,0.5,71.91375119628421,PRESERVING,3.945,2,CONTINUE,
T5,5,4.445,RPRA,2,2,3.945,0.477,99.9099237220678,PRESERVING,3.468,1,CONTINUE,
T5,5,4.445,RPRA,3,1,3.468,0.363,99.74176471194103,PRESERVING,3.105,0,TERMINAL_REACHED,
T5,5,4.446,RPRA,1,3,4.446,0.501,72.0905062296515,PRESERVING,3.945,2,CONTINUE,
T5,5,4.446,RPRA,2,2,3.945,0.477,99.9099237220678,PRESERVING,3.468,1,CONTINUE,
T5,5,4.446,RPRA,3,1,3.468,0.363,99.74176471194103,PRESERVING,3.105,0,TERMINAL_REACHED,
T5,5,4.447,RPRA,1,3,4.447,0.502,72.26735386769913,PRESERVING,3.945,2,CONTINUE,
T5,5,4.447,RPRA,2,2,3.945,0.477,99.9099237220678,PRESERVING,3.468,1,CONTINUE,
T5,5,4.447,RPRA,3,1,3.468,0.363,99.74176471194103,PRESERVING,3.105,0,TERMINAL_REACHED,
T5,5,4.448,RPRA,1,3,4.448,0.503,72.44429399151458,PRESERVING,3.945,2,CONTINUE,
T5,5,4.448,RPRA,2,2,3.945,0.477,99.9099237220678,PRESERVING,3.468,1,CONTINUE,
T5,5,4.448,RPRA,3,1,3.468,0.363,99.74176471194103,PRESERVING,3.105,0,TERMINAL_REACHED,
T5,5,4.449,RPRA,1,3,4.449,0.504,72.62132648252474,PRESERVING,3.945,2,CONTINUE,
T5,5,4.449,RPRA,2,2,3.945,0.477,99.9099237220678,PRESERVING,3.468,1,CONTINUE,
T5,5,4.449,RPRA,3,1,3.468,0.363,99.74176471194103,PRESERVING,3.105,0,TERMINAL_REACHED,
T5,5,4.45,RPRA,1,3,4.45,0.505,72.79845122249435,PRESERVING,3.945,2,CONTINUE,
T5,5,4.45,RPRA,2,2,3.945,0.477,99.9099237220678,PRESERVING,3.468,1,CONTINUE,
T5,5,4.45,RPRA,3,1,3.468,0.363,99.74176471194103,PRESERVING,3.105,0,TERMINAL_REACHED,
T5,5,4.451,RPRA,1,3,4.451,0.506,72.97566809352347,PRESERVING,3.945,2,CONTINUE,
T5,5,4.451,RPRA,2,2,3.945,0.477,99.9099237220678,PRESERVING,3.468,1,CONTINUE,
T5,5,4.451,RPRA,3,1,3.468,0.363,99.74176471194103,PRESERVING,3.105,0,TERMINAL_REACHED,
T5,5,4.452,RPRA,1,3,4.452,0.507,73.1529769780471,PRESERVING,3.945,2,CONTINUE,
T5,5,4.452,RPRA,2,2,3.945,0.477,99.9099237220678,PRESERVING,3.468,1,CONTINUE,
T5,5,4.452,RPRA,3,1,3.468,0.363,99.74176471194103,PRESERVING,3.105,0,TERMINAL_REACHED,
T5,5,4.453,RPRA,1,3,4.453,0.508,73.33037775883285,PRESERVING,3.945,2,CONTINUE,
T5,5,4.453,RPRA,2,2,3.945,0.477,99.9099237220678,PRESERVING,3.468,1,CONTINUE,
T5,5,4.453,RPRA,3,1,3.468,0.363,99.74176471194103,PRESERVING,3.105,0,TERMINAL_REACHED,
T5,5,4.454,RPRA,1,3,4.454,0.509,73.5078703189793,PRESERVING,3.945,2,CONTINUE,
T5,5,4.454,RPRA,2,2,3.945,0.477,99.9099237220678,PRESERVING,3.468,1,CONTINUE,
T5,5,4.454,RPRA,3,1,3.468,0.363,99.74176471194103,PRESERVING,3.105,0,TERMINAL_REACHED,
T5,5,4.455,RPRA,1,3,4.455,0.51,73.68545454191457,PRESERVING,3.945,2,CONTINUE,
T5,5,4.455,RPRA,2,2,3.945,0.477,99.9099237220678,PRESERVING,3.468,1,CONTINUE,
T5,5,4.455,RPRA,3,1,3.468,0.363,99.74176471194103,PRESERVING,3.105,0,TERMINAL_REACHED,
T5,5,4.456,RPRA,1,3,4.456,0.511,73.86313031139446,PRESERVING,3.945,2,CONTINUE,
T5,5,4.456,RPRA,2,2,3.945,0.477,99.9099237220678,PRESERVING,3.468,1,CONTINUE,
T5,5,4.456,RPRA,3,1,3.468,0.363,99.74176471194103,PRESERVING,3.105,0,TERMINAL_REACHED,
T5,5,4.457,RPRA,1,3,4.457,0.512,74.04089751150157,PRESERVING,3.945,2,CONTINUE,
T5,5,4.457,RPRA,2,2,3.945,0.477,99.9099237220678,PRESERVING,3.468,1,CONTINUE,
T5,5,4.457,RPRA,3,1,3.468,0.363,99.74176471194103,PRESERVING,3.105,0,TERMINAL_REACHED,
T5,5,4.458,RPRA,1,3,4.458,0.513,74.21875602664215,PRESERVING,3.945,2,CONTINUE,
T5,5,4.458,RPRA,2,2,3.945,0.477,99.9099237220678,PRESERVING,3.468,1,CONTINUE,
T5,5,4.458,RPRA,3,1,3.468,0.363,99.74176471194103,PRESERVING,3.105,0,TERMINAL_REACHED,
T5,5,4.459,RPRA,1,3,4.459,0.514,74.39670574154653,PRESERVING,3.945,2,CONTINUE,
T5,5,4.459,RPRA,2,2,3.945,0.477,99.9099237220678,PRESERVING,3.468,1,CONTINUE,
T5,5,4.459,RPRA,3,1,3.468,0.363,99.74176471194103,PRESERVING,3.105,0,TERMINAL_REACHED,
T5,5,4.46,RPRA,1,3,4.46,0.515,74.5747465412661,PRESERVING,3.945,2,CONTINUE,
T5,5,4.46,RPRA,2,2,3.945,0.477,99.9099237220678,PRESERVING,3.468,1,CONTINUE,
T5,5,4.46,RPRA,3,1,3.468,0.363,99.74176471194103,PRESERVING,3.105,0,TERMINAL_REACHED,
T5,5,4.461,RPRA,1,3,4.461,0.516,74.75287831117245,PRESERVING,3.945,2,CONTINUE,
T5,5,4.461,RPRA,2,2,3.945,0.477,99.9099237220678,PRESERVING,3.468,1,CONTINUE,
T5,5,4.461,RPRA,3,1,3.468,0.363,99.74176471194103,PRESERVING,3.105,0,TERMINAL_REACHED,
T5,5,4.462,RPRA,1,3,4.462,0.517,74.93110093695586,PRESERVING,3.945,2,CONTINUE,
T5,5,4.462,RPRA,2,2,3.945,0.477,99.9099237220678,PRESERVING,3.468,1,CONTINUE,
T5,5,4.462,RPRA,3,1,3.468,0.363,99.74176471194103,PRESERVING,3.105,0,TERMINAL_REACHED,
T5,5,4.463,RPRA,1,3,4.463,0.518,75.1094143046225,PRESERVING,3.945,2,CONTINUE,
T5,5,4.463,RPRA,2,2,3.945,0.477,99.9099237220678,PRESERVING,3.468,1,CONTINUE,
T5,5,4.463,RPRA,3,1,3.468,0.363,99.74176471194103,PRESERVING,3.105,0,TERMINAL_REACHED,
T5,5,4.464,RPRA,1,3,4.464,0.519,75.2878183004952,PRESERVING,3.945,2,CONTINUE,
T5,5,4.464,RPRA,2,2,3.945,0.477,99.9099237220678,PRESERVING,3.468,1,CONTINUE,
T5,5,4.464,RPRA,3,1,3.468,0.363,99.74176471194103,PRESERVING,3.105,0,TERMINAL_REACHED,
T5,5,4.465,RPRA,1,3,4.465,0.52,75.46631281120997,PRESERVING,3.945,2,CONTINUE,
T5,5,4.465,RPRA,2,2,3.945,0.477,99.9099237220678,PRESERVING,3.468,1,CONTINUE,
T5,5,4.465,RPRA,3,1,3.468,0.363,99.74176471194103,PRESERVING,3.105,0,TERMINAL_REACHED,
T5,5,4.466,RPRA,1,3,4.466,0.521,75.64489772371554,PRESERVING,3.945,2,CONTINUE,
T5,5,4.466,RPRA,2,2,3.945,0.477,99.9099237220678,PRESERVING,3.468,1,CONTINUE,
T5,5,4.466,RPRA,3,1,3.468,0.363,99.74176471194103,PRESERVING,3.105,0,TERMINAL_REACHED,
T5,5,4.467,RPRA,1,3,4.467,0.522,75.8235729252713,PRESERVING,3.945,2,CONTINUE,
T5,5,4.467,RPRA,2,2,3.945,0.477,99.9099237220678,PRESERVING,3.468,1,CONTINUE,
T5,5,4.467,RPRA,3,1,3.468,0.363,99.74176471194103,PRESERVING,3.105,0,TERMINAL_REACHED,
T5,5,4.468,RPRA,1,3,4.468,0.523,76.00233830344634,PRESERVING,3.945,2,CONTINUE,
T5,5,4.468,RPRA,2,2,3.945,0.477,99.9099237220678,PRESERVING,3.468,1,CONTINUE,
T5,5,4.468,RPRA,3,1,3.468,0.363,99.74176471194103,PRESERVING,3.105,0,TERMINAL_REACHED,
T5,5,4.469,RPRA,1,3,4.469,0.524,76.1811937461177,PRESERVING,3.945,2,CONTINUE,
T5,5,4.469,RPRA,2,2,3.945,0.477,99.9099237220678,PRESERVING,3.468,1,CONTINUE,
T5,5,4.469,RPRA,3,1,3.468,0.363,99.74176471194103,PRESERVING,3.105,0,TERMINAL_REACHED,
T5,5,4.47,RPRA,1,3,4.47,0.525,76.36013914146832,PRESERVING,3.945,2,CONTINUE,
T5,5,4.47,RPRA,2,2,3.945,0.477,99.9099237220678,PRESERVING,3.468,1,CONTINUE,
T5,5,4.47,RPRA,3,1,3.468,0.363,99.74176471194103,PRESERVING,3.105,0,TERMINAL_REACHED,
T5,5,4.471,RPRA,1,3,4.471,0.526,76.53917437798705,PRESERVING,3.945,2,CONTINUE,
T5,5,4.471,RPRA,2,2,3.945,0.477,99.9099237220678,PRESERVING,3.468,1,CONTINUE,
T5,5,4.471,RPRA,3,1,3.468,0.363,99.74176471194103,PRESERVING,3.105,0,TERMINAL_REACHED,
T5,5,4.472,RPRA,1,3,4.472,0.527,76.71829934446569,PRESERVING,3.945,2,CONTINUE,
T5,5,4.472,RPRA,2,2,3.945,0.477,99.9099237220678,PRESERVING,3.468,1,CONTINUE,
T5,5,4.472,RPRA,3,1,3.468,0.363,99.74176471194103,PRESERVING,3.105,0,TERMINAL_REACHED,
T5,5,4.473,RPRA,1,3,4.473,0.528,76.89751392999872,PRESERVING,3.945,2,CONTINUE,
T5,5,4.473,RPRA,2,2,3.945,0.477,99.9099237220678,PRESERVING,3.468,1,CONTINUE,
T5,5,4.473,RPRA,3,1,3.468,0.363,99.74176471194103,PRESERVING,3.105,0,TERMINAL_REACHED,
T5,5,4.474,RPRA,1,3,4.474,0.529,77.07681802398142,PRESERVING,3.945,2,CONTINUE,
T5,5,4.474,RPRA,2,2,3.945,0.477,99.9099237220678,PRESERVING,3.468,1,CONTINUE,
T5,5,4.474,RPRA,3,1,3.468,0.363,99.74176471194103,PRESERVING,3.105,0,TERMINAL_REACHED,
T5,5,4.475,RPRA,1,3,4.475,0.53,77.2562115161076,PRESERVING,3.945,2,CONTINUE,
T5,5,4.475,RPRA,2,2,3.945,0.477,99.9099237220678,PRESERVING,3.468,1,CONTINUE,
T5,5,4.475,RPRA,3,1,3.468,0.363,99.74176471194103,PRESERVING,3.105,0,TERMINAL_REACHED,
T5,5,4.476,RPRA,1,3,4.476,0.531,77.43569429636976,PRESERVING,3.945,2,CONTINUE,
T5,5,4.476,RPRA,2,2,3.945,0.477,99.9099237220678,PRESERVING,3.468,1,CONTINUE,
T5,5,4.476,RPRA,3,1,3.468,0.363,99.74176471194103,PRESERVING,3.105,0,TERMINAL_REACHED,
T5,5,4.477,RPRA,1,3,4.477,0.532,77.61526625505694,PRESERVING,3.945,2,CONTINUE,
T5,5,4.477,RPRA,2,2,3.945,0.477,99.9099237220678,PRESERVING,3.468,1,CONTINUE,
T5,5,4.477,RPRA,3,1,3.468,0.363,99.74176471194103,PRESERVING,3.105,0,TERMINAL_REACHED,
T5,5,4.478,RPRA,1,3,4.478,0.533,77.79492728275314,PRESERVING,3.945,2,CONTINUE,
T5,5,4.478,RPRA,2,2,3.945,0.477,99.9099237220678,PRESERVING,3.468,1,CONTINUE,
T5,5,4.478,RPRA,3,1,3.468,0.363,99.74176471194103,PRESERVING,3.105,0,TERMINAL_REACHED,
T5,5,4.479,RPRA,1,3,4.479,0.534,77.97467727033612,PRESERVING,3.945,2,CONTINUE,
T5,5,4.479,RPRA,2,2,3.945,0.477,99.9099237220678,PRESERVING,3.468,1,CONTINUE,
T5,5,4.479,RPRA,3,1,3.468,0.363,99.74176471194103,PRESERVING,3.105,0,TERMINAL_REACHED,
T5,5,4.48,RPRA,1,3,4.48,0.535,78.15451610897635,PRESERVING,3.945,2,CONTINUE,
T5,5,4.48,RPRA,2,2,3.945,0.477,99.9099237220678,PRESERVING,3.468,1,CONTINUE,
T5,5,4.48,RPRA,3,1,3.468,0.363,99.74176471194103,PRESERVING,3.105,0,TERMINAL_REACHED,
T5,5,4.481,RPRA,1,3,4.481,0.536,78.33444369013536,PRESERVING,3.945,2,CONTINUE,
T5,5,4.481,RPRA,2,2,3.945,0.477,99.9099237220678,PRESERVING,3.468,1,CONTINUE,
T5,5,4.481,RPRA,3,1,3.468,0.363,99.74176471194103,PRESERVING,3.105,0,TERMINAL_REACHED,
T5,5,4.482,RPRA,1,3,4.482,0.537,78.51445990556368,PRESERVING,3.945,2,CONTINUE,
T5,5,4.482,RPRA,2,2,3.945,0.477,99.9099237220678,PRESERVING,3.468,1,CONTINUE,
T5,5,4.482,RPRA,3,1,3.468,0.363,99.74176471194103,PRESERVING,3.105,0,TERMINAL_REACHED,
T5,5,4.483,RPRA,1,3,4.483,0.538,78.69456464730119,PRESERVING,3.945,2,CONTINUE,
T5,5,4.483,RPRA,2,2,3.945,0.477,99.9099237220678,PRESERVING,3.468,1,CONTINUE,
T5,5,4.483,RPRA,3,1,3.468,0.363,99.74176471194103,PRESERVING,3.105,0,TERMINAL_REACHED,
T5,5,4.484,RPRA,1,3,4.484,0.539,78.87475780767426,PRESERVING,3.945,2,CONTINUE,
T5,5,4.484,RPRA,2,2,3.945,0.477,99.9099237220678,PRESERVING,3.468,1,CONTINUE,
T5,5,4.484,RPRA,3,1,3.468,0.363,99.74176471194103,PRESERVING,3.105,0,TERMINAL_REACHED,
T5,5,4.485,RPRA,1,3,4.485,0.54,79.0550392792951,PRESERVING,3.945,2,CONTINUE,
T5,5,4.485,RPRA,2,2,3.945,0.477,99.9099237220678,PRESERVING,3.468,1,CONTINUE,
T5,5,4.485,RPRA,3,1,3.468,0.363,99.74176471194103,PRESERVING,3.105,0,TERMINAL_REACHED,
T5,5,4.486,RPRA,1,3,4.486,0.541,79.23540895506089,PRESERVING,3.945,2,CONTINUE,
T5,5,4.486,RPRA,2,2,3.945,0.477,99.9099237220678,PRESERVING,3.468,1,CONTINUE,
T5,5,4.486,RPRA,3,1,3.468,0.363,99.74176471194103,PRESERVING,3.105,0,TERMINAL_REACHED,
T5,5,4.487,RPRA,1,3,4.487,0.542,79.41586672815086,PRESERVING,3.945,2,CONTINUE,
T5,5,4.487,RPRA,2,2,3.945,0.477,99.9099237220678,PRESERVING,3.468,1,CONTINUE,
T5,5,4.487,RPRA,3,1,3.468,0.363,99.74176471194103,PRESERVING,3.105,0,TERMINAL_REACHED,
T5,5,4.488,RPRA,1,3,4.488,0.543,79.59641249202677,PRESERVING,3.945,2,CONTINUE,
T5,5,4.488,RPRA,2,2,3.945,0.477,99.9099237220678,PRESERVING,3.468,1,CONTINUE,
T5,5,4.488,RPRA,3,1,3.468,0.363,99.74176471194103,PRESERVING,3.105,0,TERMINAL_REACHED,
T5,5,4.489,RPRA,1,3,4.489,0.544,79.77704614043088,PRESERVING,3.945,2,CONTINUE,
T5,5,4.489,RPRA,2,2,3.945,0.477,99.9099237220678,PRESERVING,3.468,1,CONTINUE,
T5,5,4.489,RPRA,3,1,3.468,0.363,99.74176471194103,PRESERVING,3.105,0,TERMINAL_REACHED,
T5,5,4.49,RPRA,1,3,4.49,0.545,79.95776756738456,PRESERVING,3.945,2,CONTINUE,
T5,5,4.49,RPRA,2,2,3.945,0.477,99.9099237220678,PRESERVING,3.468,1,CONTINUE,
T5,5,4.49,RPRA,3,1,3.468,0.363,99.74176471194103,PRESERVING,3.105,0,TERMINAL_REACHED,
T5,5,4.491,RPRA,1,3,4.491,0.546,80.13857666718718,PRESERVING,3.945,2,CONTINUE,
T5,5,4.491,RPRA,2,2,3.945,0.477,99.9099237220678,PRESERVING,3.468,1,CONTINUE,
T5,5,4.491,RPRA,3,1,3.468,0.363,99.74176471194103,PRESERVING,3.105,0,TERMINAL_REACHED,
T5,5,4.492,RPRA,1,3,4.492,0.547,80.31947333441488,PRESERVING,3.945,2,CONTINUE,
T5,5,4.492,RPRA,2,2,3.945,0.477,99.9099237220678,PRESERVING,3.468,1,CONTINUE,
T5,5,4.492,RPRA,3,1,3.468,0.363,99.74176471194103,PRESERVING,3.105,0,TERMINAL_REACHED,
T5,5,4.493,RPRA,1,3,4.493,0.548,80.50045746391956,PRESERVING,3.945,2,CONTINUE,
T5,5,4.493,RPRA,2,2,3.945,0.477,99.9099237220678,PRESERVING,3.468,1,CONTINUE,
T5,5,4.493,RPRA,3,1,3.468,0.363,99.74176471194103,PRESERVING,3.105,0,TERMINAL_REACHED,
T5,5,4.494,RPRA,1,3,4.494,0.549,80.68152895082633,PRESERVING,3.945,2,CONTINUE,
T5,5,4.494,RPRA,2,2,3.945,0.477,99.9099237220678,PRESERVING,3.468,1,CONTINUE,
T5,5,4.494,RPRA,3,1,3.468,0.363,99.74176471194103,PRESERVING,3.105,0,TERMINAL_REACHED,
T5,5,4.495,RPRA,1,3,4.495,0.55,80.86268769053429,PRESERVING,3.945,2,CONTINUE,
T5,5,4.495,RPRA,2,2,3.945,0.477,99.9099237220678,PRESERVING,3.468,1,CONTINUE,
T5,5,4.495,RPRA,3,1,3.468,0.363,99.74176471194103,PRESERVING,3.105,0,TERMINAL_REACHED,
T5,5,4.496,RPRA,1,3,4.496,0.551,81.04393357871382,PRESERVING,3.945,2,CONTINUE,
T5,5,4.496,RPRA,2,2,3.945,0.477,99.9099237220678,PRESERVING,3.468,1,CONTINUE,
T5,5,4.496,RPRA,3,1,3.468,0.363,99.74176471194103,PRESERVING,3.105,0,TERMINAL_REACHED,
T5,5,4.497,RPRA,1,3,4.497,0.552,81.22526651130606,PRESERVING,3.945,2,CONTINUE,
T5,5,4.497,RPRA,2,2,3.945,0.477,99.9099237220678,PRESERVING,3.468,1,CONTINUE,
T5,5,4.497,RPRA,3,1,3.468,0.363,99.74176471194103,PRESERVING,3.105,0,TERMINAL_REACHED,
T5,5,4.498,RPRA,1,3,4.498,0.553,81.40668638452152,PRESERVING,3.945,2,CONTINUE,
T5,5,4.498,RPRA,2,2,3.945,0.477,99.9099237220678,PRESERVING,3.468,1,CONTINUE,
T5,5,4.498,RPRA,3,1,3.468,0.363,99.74176471194103,PRESERVING,3.105,0,TERMINAL_REACHED,
T5,5,4.499,RPRA,1,3,4.499,0.554,81.58819309483808,PRESERVING,3.945,2,CONTINUE,
T5,5,4.499,RPRA,2,2,3.945,0.477,99.9099237220678,PRESERVING,3.468,1,CONTINUE,
T5,5,4.499,RPRA,3,1,3.468,0.363,99.74176471194103,PRESERVING,3.105,0,TERMINAL_REACHED,
T5,5,4.5,RPRA,1,3,4.5,0.555,81.76978653900133,PRESERVING,3.945,2,CONTINUE,
T5,5,4.5,RPRA,2,2,3.945,0.477,99.9099237220678,PRESERVING,3.468,1,CONTINUE,
T5,5,4.5,RPRA,3,1,3.468,0.363,99.74176471194103,PRESERVING,3.105,0,TERMINAL_REACHED,
T5,5,4.501,RPRA,1,3,4.501,0.556,81.95146661402212,PRESERVING,3.945,2,CONTINUE,
T5,5,4.501,RPRA,2,2,3.945,0.477,99.9099237220678,PRESERVING,3.468,1,CONTINUE,
T5,5,4.501,RPRA,3,1,3.468,0.363,99.74176471194103,PRESERVING,3.105,0,TERMINAL_REACHED,
T5,5,4.502,RPRA,1,3,4.502,0.557,82.13323321717623,PRESERVING,3.945,2,CONTINUE,
T5,5,4.502,RPRA,2,2,3.945,0.477,99.9099237220678,PRESERVING,3.468,1,CONTINUE,
T5,5,4.502,RPRA,3,1,3.468,0.363,99.74176471194103,PRESERVING,3.105,0,TERMINAL_REACHED,
T5,5,4.503,RPRA,1,3,4.503,0.558,82.31508624600212,PRESERVING,3.945,2,CONTINUE,
T5,5,4.503,RPRA,2,2,3.945,0.477,99.9099237220678,PRESERVING,3.468,1,CONTINUE,
T5,5,4.503,RPRA,3,1,3.468,0.363,99.74176471194103,PRESERVING,3.105,0,TERMINAL_REACHED,
T5,5,4.504,RPRA,1,3,4.504,0.559,82.49702559830108,PRESERVING,3.945,2,CONTINUE,
T5,5,4.504,RPRA,2,2,3.945,0.477,99.9099237220678,PRESERVING,3.468,1,CONTINUE,
T5,5,4.504,RPRA,3,1,3.468,0.363,99.74176471194103,PRESERVING,3.105,0,TERMINAL_REACHED,
T5,5,4.505,RPRA,1,3,4.505,0.56,82.67905117213519,PRESERVING,3.945,2,CONTINUE,
T5,5,4.505,RPRA,2,2,3.945,0.477,99.9099237220678,PRESERVING,3.468,1,CONTINUE,
T5,5,4.505,RPRA,3,1,3.468,0.363,99.74176471194103,PRESERVING,3.105,0,TERMINAL_REACHED,
T5,5,4.506,RPRA,1,3,4.506,0.561,82.86116286582582,PRESERVING,3.945,2,CONTINUE,
T5,5,4.506,RPRA,2,2,3.945,0.477,99.9099237220678,PRESERVING,3.468,1,CONTINUE,
T5,5,4.506,RPRA,3,1,3.468,0.363,99.74176471194103,PRESERVING,3.105,0,TERMINAL_REACHED,
T5,5,4.507,RPRA,1,3,4.507,0.562,83.04336057795376,PRESERVING,3.945,2,CONTINUE,
T5,5,4.507,RPRA,2,2,3.945,0.477,99.9099237220678,PRESERVING,3.468,1,CONTINUE,
T5,5,4.507,RPRA,3,1,3.468,0.363,99.74176471194103,PRESERVING,3.105,0,TERMINAL_REACHED,
T5,5,4.508,RPRA,1,3,4.508,0.563,83.22564420735718,PRESERVING,3.945,2,CONTINUE,
T5,5,4.508,RPRA,2,2,3.945,0.477,99.9099237220678,PRESERVING,3.468,1,CONTINUE,
T5,5,4.508,RPRA,3,1,3.468,0.363,99.74176471194103,PRESERVING,3.105,0,TERMINAL_REACHED,
T5,5,4.509,RPRA,1,3,4.509,0.564,83.40801365313034,PRESERVING,3.945,2,CONTINUE,
T5,5,4.509,RPRA,2,2,3.945,0.477,99.9099237220678,PRESERVING,3.468,1,CONTINUE,
T5,5,4.509,RPRA,3,1,3.468,0.363,99.74176471194103,PRESERVING,3.105,0,TERMINAL_REACHED,
T5,5,4.51,RPRA,1,3,4.51,0.565,83.5904688146231,PRESERVING,3.945,2,CONTINUE,
T5,5,4.51,RPRA,2,2,3.945,0.477,99.9099237220678,PRESERVING,3.468,1,CONTINUE,
T5,5,4.51,RPRA,3,1,3.468,0.363,99.74176471194103,PRESERVING,3.105,0,TERMINAL_REACHED,
T5,5,4.511,RPRA,1,3,4.511,0.566,83.77300959143977,PRESERVING,3.945,2,CONTINUE,
T5,5,4.511,RPRA,2,2,3.945,0.477,99.9099237220678,PRESERVING,3.468,1,CONTINUE,
T5,5,4.511,RPRA,3,1,3.468,0.363,99.74176471194103,PRESERVING,3.105,0,TERMINAL_REACHED,
T5,5,4.512,RPRA,1,3,4.512,0.567,83.9556358834366,PRESERVING,3.945,2,CONTINUE,
T5,5,4.512,RPRA,2,2,3.945,0.477,99.9099237220678,PRESERVING,3.468,1,CONTINUE,
T5,5,4.512,RPRA,3,1,3.468,0.363,99.74176471194103,PRESERVING,3.105,0,TERMINAL_REACHED,
T5,5,4.513,RPRA,1,3,4.513,0.568,84.13834759072299,PRESERVING,3.945,2,CONTINUE,
T5,5,4.513,RPRA,2,2,3.945,0.477,99.9099237220678,PRESERVING,3.468,1,CONTINUE,
T5,5,4.513,RPRA,3,1,3.468,0.363,99.74176471194103,PRESERVING,3.105,0,TERMINAL_REACHED,
T5,5,4.514,RPRA,1,3,4.514,0.569,84.32114461365855,PRESERVING,3.945,2,CONTINUE,
T5,5,4.514,RPRA,2,2,3.945,0.477,99.9099237220678,PRESERVING,3.468,1,CONTINUE,
T5,5,4.514,RPRA,3,1,3.468,0.363,99.74176471194103,PRESERVING,3.105,0,TERMINAL_REACHED,
T5,5,4.515,RPRA,1,3,4.515,0.57,84.5040268528529,PRESERVING,3.945,2,CONTINUE,
T5,5,4.515,RPRA,2,2,3.945,0.477,99.9099237220678,PRESERVING,3.468,1,CONTINUE,
T5,5,4.515,RPRA,3,1,3.468,0.363,99.74176471194103,PRESERVING,3.105,0,TERMINAL_REACHED,
T5,5,4.516,RPRA,1,3,4.516,0.571,84.68699420916417,PRESERVING,3.945,2,CONTINUE,
T5,5,4.516,RPRA,2,2,3.945,0.477,99.9099237220678,PRESERVING,3.468,1,CONTINUE,
T5,5,4.516,RPRA,3,1,3.468,0.363,99.74176471194103,PRESERVING,3.105,0,TERMINAL_REACHED,
T5,5,4.517,RPRA,1,3,4.517,0.572,84.87004658369808,PRESERVING,3.945,2,CONTINUE,
T5,5,4.517,RPRA,2,2,3.945,0.477,99.9099237220678,PRESERVING,3.468,1,CONTINUE,
T5,5,4.517,RPRA,3,1,3.468,0.363,99.74176471194103,PRESERVING,3.105,0,TERMINAL_REACHED,
T5,5,4.518,RPRA,1,3,4.518,0.573,85.05318387780717,PRESERVING,3.945,2,CONTINUE,
T5,5,4.518,RPRA,2,2,3.945,0.477,99.9099237220678,PRESERVING,3.468,1,CONTINUE,
T5,5,4.518,RPRA,3,1,3.468,0.363,99.74176471194103,PRESERVING,3.105,0,TERMINAL_REACHED,
T5,5,4.519,RPRA,1,3,4.519,0.574,85.23640599308868,PRESERVING,3.945,2,CONTINUE,
T5,5,4.519,RPRA,2,2,3.945,0.477,99.9099237220678,PRESERVING,3.468,1,CONTINUE,
T5,5,4.519,RPRA,3,1,3.468,0.363,99.74176471194103,PRESERVING,3.105,0,TERMINAL_REACHED,
T5,5,4.52,RPRA,1,3,4.52,0.575,85.41971283138486,PRESERVING,3.945,2,CONTINUE,
T5,5,4.52,RPRA,2,2,3.945,0.477,99.9099237220678,PRESERVING,3.468,1,CONTINUE,
T5,5,4.52,RPRA,3,1,3.468,0.363,99.74176471194103,PRESERVING,3.105,0,TERMINAL_REACHED,
T5,5,4.521,RPRA,1,3,4.521,0.576,85.60310429478122,PRESERVING,3.945,2,CONTINUE,
T5,5,4.521,RPRA,2,2,3.945,0.477,99.9099237220678,PRESERVING,3.468,1,CONTINUE,
T5,5,4.521,RPRA,3,1,3.468,0.363,99.74176471194103,PRESERVING,3.105,0,TERMINAL_REACHED,
T5,5,4.522,RPRA,1,3,4.522,0.577,85.78658028560528,PRESERVING,3.945,2,CONTINUE,
T5,5,4.522,RPRA,2,2,3.945,0.477,99.9099237220678,PRESERVING,3.468,1,CONTINUE,
T5,5,4.522,RPRA,3,1,3.468,0.363,99.74176471194103,PRESERVING,3.105,0,TERMINAL_REACHED,
T5,5,4.523,RPRA,1,3,4.523,0.578,85.97014070642639,PRESERVING,3.945,2,CONTINUE,
T5,5,4.523,RPRA,2,2,3.945,0.477,99.9099237220678,PRESERVING,3.468,1,CONTINUE,
T5,5,4.523,RPRA,3,1,3.468,0.363,99.74176471194103,PRESERVING,3.105,0,TERMINAL_REACHED,
T5,5,4.524,RPRA,1,3,4.524,0.579,86.1537854600529,PRESERVING,3.945,2,CONTINUE,
T5,5,4.524,RPRA,2,2,3.945,0.477,99.9099237220678,PRESERVING,3.468,1,CONTINUE,
T5,5,4.524,RPRA,3,1,3.468,0.363,99.74176471194103,PRESERVING,3.105,0,TERMINAL_REACHED,
T5,5,4.525,RPRA,1,3,4.525,0.58,86.33751444953349,PRESERVING,3.945,2,CONTINUE,
T5,5,4.525,RPRA,2,2,3.945,0.477,99.9099237220678,PRESERVING,3.468,1,CONTINUE,
T5,5,4.525,RPRA,3,1,3.468,0.363,99.74176471194103,PRESERVING,3.105,0,TERMINAL_REACHED,
T5,5,4.526,RPRA,1,3,4.526,0.581,86.52132757815461,PRESERVING,3.945,2,CONTINUE,
T5,5,4.526,RPRA,2,2,3.945,0.477,99.9099237220678,PRESERVING,3.468,1,CONTINUE,
T5,5,4.526,RPRA,3,1,3.468,0.363,99.74176471194103,PRESERVING,3.105,0,TERMINAL_REACHED,
T5,5,4.527,RPRA,1,3,4.527,0.582,86.70522474943974,PRESERVING,3.945,2,CONTINUE,
T5,5,4.527,RPRA,2,2,3.945,0.477,99.9099237220678,PRESERVING,3.468,1,CONTINUE,
T5,5,4.527,RPRA,3,1,3.468,0.363,99.74176471194103,PRESERVING,3.105,0,TERMINAL_REACHED,
T5,5,4.528,RPRA,1,3,4.528,0.583,86.8892058671485,PRESERVING,3.945,2,CONTINUE,
T5,5,4.528,RPRA,2,2,3.945,0.477,99.9099237220678,PRESERVING,3.468,1,CONTINUE,
T5,5,4.528,RPRA,3,1,3.468,0.363,99.74176471194103,PRESERVING,3.105,0,TERMINAL_REACHED,
T5,5,4.529,RPRA,1,3,4.529,0.584,87.07327083527571,PRESERVING,3.945,2,CONTINUE,
T5,5,4.529,RPRA,2,2,3.945,0.477,99.9099237220678,PRESERVING,3.468,1,CONTINUE,
T5,5,4.529,RPRA,3,1,3.468,0.363,99.74176471194103,PRESERVING,3.105,0,TERMINAL_REACHED,
T5,5,4.53,RPRA,1,3,4.53,0.585,87.25741955805051,PRESERVING,3.945,2,CONTINUE,
T5,5,4.53,RPRA,2,2,3.945,0.477,99.9099237220678,PRESERVING,3.468,1,CONTINUE,
T5,5,4.53,RPRA,3,1,3.468,0.363,99.74176471194103,PRESERVING,3.105,0,TERMINAL_REACHED,
T5,5,4.531,RPRA,1,3,4.531,0.586,87.44165193993439,PRESERVING,3.945,2,CONTINUE,
T5,5,4.531,RPRA,2,2,3.945,0.477,99.9099237220678,PRESERVING,3.468,1,CONTINUE,
T5,5,4.531,RPRA,3,1,3.468,0.363,99.74176471194103,PRESERVING,3.105,0,TERMINAL_REACHED,
T5,5,4.532,RPRA,1,3,4.532,0.587,87.62596788562166,PRESERVING,3.945,2,CONTINUE,
T5,5,4.532,RPRA,2,2,3.945,0.477,99.9099237220678,PRESERVING,3.468,1,CONTINUE,
T5,5,4.532,RPRA,3,1,3.468,0.363,99.74176471194103,PRESERVING,3.105,0,TERMINAL_REACHED,
T5,5,4.533,RPRA,1,3,4.533,0.588,87.8103673000378,PRESERVING,3.945,2,CONTINUE,
T5,5,4.533,RPRA,2,2,3.945,0.477,99.9099237220678,PRESERVING,3.468,1,CONTINUE,
T5,5,4.533,RPRA,3,1,3.468,0.363,99.74176471194103,PRESERVING,3.105,0,TERMINAL_REACHED,
T5,5,4.534,RPRA,1,3,4.534,0.589,87.99485008833807,PRESERVING,3.945,2,CONTINUE,
T5,5,4.534,RPRA,2,2,3.945,0.477,99.9099237220678,PRESERVING,3.468,1,CONTINUE,
T5,5,4.534,RPRA,3,1,3.468,0.363,99.74176471194103,PRESERVING,3.105,0,TERMINAL_REACHED,
T5,5,4.535,RPRA,1,3,4.535,0.59,88.17941615590752,PRESERVING,3.945,2,CONTINUE,
T5,5,4.535,RPRA,2,2,3.945,0.477,99.9099237220678,PRESERVING,3.468,1,CONTINUE,
T5,5,4.535,RPRA,3,1,3.468,0.363,99.74176471194103,PRESERVING,3.105,0,TERMINAL_REACHED,
T5,5,4.536,RPRA,1,3,4.536,0.591,88.36406540835847,PRESERVING,3.945,2,CONTINUE,
T5,5,4.536,RPRA,2,2,3.945,0.477,99.9099237220678,PRESERVING,3.468,1,CONTINUE,
T5,5,4.536,RPRA,3,1,3.468,0.363,99.74176471194103,PRESERVING,3.105,0,TERMINAL_REACHED,
T5,5,4.537,RPRA,1,3,4.537,0.592,88.54879775153142,PRESERVING,3.945,2,CONTINUE,
T5,5,4.537,RPRA,2,2,3.945,0.477,99.9099237220678,PRESERVING,3.468,1,CONTINUE,
T5,5,4.537,RPRA,3,1,3.468,0.363,99.74176471194103,PRESERVING,3.105,0,TERMINAL_REACHED,
T5,5,4.538,RPRA,1,3,4.538,0.593,88.73361309149291,PRESERVING,3.945,2,CONTINUE,
T5,5,4.538,RPRA,2,2,3.945,0.477,99.9099237220678,PRESERVING,3.468,1,CONTINUE,
T5,5,4.538,RPRA,3,1,3.468,0.363,99.74176471194103,PRESERVING,3.105,0,TERMINAL_REACHED,
T5,5,4.539,RPRA,1,3,4.539,0.594,88.91851133453493,PRESERVING,3.945,2,CONTINUE,
T5,5,4.539,RPRA,2,2,3.945,0.477,99.9099237220678,PRESERVING,3.468,1,CONTINUE,
T5,5,4.539,RPRA,3,1,3.468,0.363,99.74176471194103,PRESERVING,3.105,0,TERMINAL_REACHED,
T5,5,4.54,RPRA,1,3,4.54,0.595,89.10349238717367,PRESERVING,3.945,2,CONTINUE,
T5,5,4.54,RPRA,2,2,3.945,0.477,99.9099237220678,PRESERVING,3.468,1,CONTINUE,
T5,5,4.54,RPRA,3,1,3.468,0.363,99.74176471194103,PRESERVING,3.105,0,TERMINAL_REACHED,
T5,5,4.541,RPRA,1,3,4.541,0.596,89.28855615614914,PRESERVING,3.945,2,CONTINUE,
T5,5,4.541,RPRA,2,2,3.945,0.477,99.9099237220678,PRESERVING,3.468,1,CONTINUE,
T5,5,4.541,RPRA,3,1,3.468,0.363,99.74176471194103,PRESERVING,3.105,0,TERMINAL_REACHED,
T5,5,4.542,RPRA,1,3,4.542,0.597,89.47370254842396,PRESERVING,3.945,2,CONTINUE,
T5,5,4.542,RPRA,2,2,3.945,0.477,99.9099237220678,PRESERVING,3.468,1,CONTINUE,
T5,5,4.542,RPRA,3,1,3.468,0.363,99.74176471194103,PRESERVING,3.105,0,TERMINAL_REACHED,
T5,5,4.543,RPRA,1,3,4.543,0.598,89.65893147118173,PRESERVING,3.945,2,CONTINUE,
T5,5,4.543,RPRA,2,2,3.945,0.477,99.9099237220678,PRESERVING,3.468,1,CONTINUE,
T5,5,4.543,RPRA,3,1,3.468,0.363,99.74176471194103,PRESERVING,3.105,0,TERMINAL_REACHED,
T5,5,4.544,RPRA,1,3,4.544,0.599,89.8442428318276,PRESERVING,3.945,2,CONTINUE,
T5,5,4.544,RPRA,2,2,3.945,0.477,99.9099237220678,PRESERVING,3.468,1,CONTINUE,
T5,5,4.544,RPRA,3,1,3.468,0.363,99.74176471194103,PRESERVING,3.105,0,TERMINAL_REACHED,
T5,5,4.545,RPRA,1,3,4.545,0.6,90.02963653798628,PRESERVING,3.945,2,CONTINUE,
T5,5,4.545,RPRA,2,2,3.945,0.477,99.9099237220678,PRESERVING,3.468,1,CONTINUE,
T5,5,4.545,RPRA,3,1,3.468,0.363,99.74176471194103,PRESERVING,3.105,0,TERMINAL_REACHED,
T5,5,4.546,RPRA,1,3,4.546,0.601,90.21511249750111,PRESERVING,3.945,2,CONTINUE,
T5,5,4.546,RPRA,2,2,3.945,0.477,99.9099237220678,PRESERVING,3.468,1,CONTINUE,
T5,5,4.546,RPRA,3,1,3.468,0.363,99.74176471194103,PRESERVING,3.105,0,TERMINAL_REACHED,
T5,5,4.547,RPRA,1,3,4.547,0.602,90.40067061843413,PRESERVING,3.945,2,CONTINUE,
T5,5,4.547,RPRA,2,2,3.945,0.477,99.9099237220678,PRESERVING,3.468,1,CONTINUE,
T5,5,4.547,RPRA,3,1,3.468,0.363,99.74176471194103,PRESERVING,3.105,0,TERMINAL_REACHED,
T5,5,4.548,RPRA,1,3,4.548,0.603,90.58631080906348,PRESERVING,3.945,2,CONTINUE,
T5,5,4.548,RPRA,2,2,3.945,0.477,99.9099237220678,PRESERVING,3.468,1,CONTINUE,
T5,5,4.548,RPRA,3,1,3.468,0.363,99.74176471194103,PRESERVING,3.105,0,TERMINAL_REACHED,
T5,5,4.549,RPRA,1,3,4.549,0.604,90.7720329778843,PRESERVING,3.945,2,CONTINUE,
T5,5,4.549,RPRA,2,2,3.945,0.477,99.9099237220678,PRESERVING,3.468,1,CONTINUE,
T5,5,4.549,RPRA,3,1,3.468,0.363,99.74176471194103,PRESERVING,3.105,0,TERMINAL_REACHED,
T5,5,4.55,RPRA,1,3,4.55,0.605,90.95783703360671,PRESERVING,3.945,2,CONTINUE,
T5,5,4.55,RPRA,2,2,3.945,0.477,99.9099237220678,PRESERVING,3.468,1,CONTINUE,
T5,5,4.55,RPRA,3,1,3.468,0.363,99.74176471194103,PRESERVING,3.105,0,TERMINAL_REACHED,
T5,5,4.551,RPRA,1,3,4.551,0.606,91.14372288515557,PRESERVING,3.945,2,CONTINUE,
T5,5,4.551,RPRA,2,2,3.945,0.477,99.9099237220678,PRESERVING,3.468,1,CONTINUE,
T5,5,4.551,RPRA,3,1,3.468,0.363,99.74176471194103,PRESERVING,3.105,0,TERMINAL_REACHED,
T5,5,4.552,RPRA,1,3,4.552,0.607,91.32969044166894,PRESERVING,3.945,2,CONTINUE,
T5,5,4.552,RPRA,2,2,3.945,0.477,99.9099237220678,PRESERVING,3.468,1,CONTINUE,
T5,5,4.552,RPRA,3,1,3.468,0.363,99.74176471194103,PRESERVING,3.105,0,TERMINAL_REACHED,
T5,5,4.553,RPRA,1,3,4.553,0.608,91.51573961249784,PRESERVING,3.945,2,CONTINUE,
T5,5,4.553,RPRA,2,2,3.945,0.477,99.9099237220678,PRESERVING,3.468,1,CONTINUE,
T5,5,4.553,RPRA,3,1,3.468,0.363,99.74176471194103,PRESERVING,3.105,0,TERMINAL_REACHED,
T5,5,4.554,RPRA,1,3,4.554,0.609,91.7018703072053,PRESERVING,3.945,2,CONTINUE,
T5,5,4.554,RPRA,2,2,3.945,0.477,99.9099237220678,PRESERVING,3.468,1,CONTINUE,
T5,5,4.554,RPRA,3,1,3.468,0.363,99.74176471194103,PRESERVING,3.105,0,TERMINAL_REACHED,
T5,5,4.555,RPRA,1,3,4.555,0.61,91.88808243556451,PRESERVING,3.945,2,CONTINUE,
T5,5,4.555,RPRA,2,2,3.945,0.477,99.9099237220678,PRESERVING,3.468,1,CONTINUE,
T5,5,4.555,RPRA,3,1,3.468,0.363,99.74176471194103,PRESERVING,3.105,0,TERMINAL_REACHED,
T5,5,4.556,RPRA,1,3,4.556,0.611,92.0743759075596,PRESERVING,3.945,2,CONTINUE,
T5,5,4.556,RPRA,2,2,3.945,0.477,99.9099237220678,PRESERVING,3.468,1,CONTINUE,
T5,5,4.556,RPRA,3,1,3.468,0.363,99.74176471194103,PRESERVING,3.105,0,TERMINAL_REACHED,
T5,5,4.557,RPRA,1,3,4.557,0.612,92.26075063338367,PRESERVING,3.945,2,CONTINUE,
T5,5,4.557,RPRA,2,2,3.945,0.477,99.9099237220678,PRESERVING,3.468,1,CONTINUE,
T5,5,4.557,RPRA,3,1,3.468,0.363,99.74176471194103,PRESERVING,3.105,0,TERMINAL_REACHED,
T5,5,4.558,RPRA,1,3,4.558,0.613,92.44720652343808,PRESERVING,3.945,2,CONTINUE,
T5,5,4.558,RPRA,2,2,3.945,0.477,99.9099237220678,PRESERVING,3.468,1,CONTINUE,
T5,5,4.558,RPRA,3,1,3.468,0.363,99.74176471194103,PRESERVING,3.105,0,TERMINAL_REACHED,
T5,5,4.559,RPRA,1,3,4.559,0.614,92.6337434883322,PRESERVING,3.945,2,CONTINUE,
T5,5,4.559,RPRA,2,2,3.945,0.477,99.9099237220678,PRESERVING,3.468,1,CONTINUE,
T5,5,4.559,RPRA,3,1,3.468,0.363,99.74176471194103,PRESERVING,3.105,0,TERMINAL_REACHED,
T5,5,4.56,RPRA,1,3,4.56,0.615,92.82036143888136,PRESERVING,3.945,2,CONTINUE,
T5,5,4.56,RPRA,2,2,3.945,0.477,99.9099237220678,PRESERVING,3.468,1,CONTINUE,
T5,5,4.56,RPRA,3,1,3.468,0.363,99.74176471194103,PRESERVING,3.105,0,TERMINAL_REACHED,
T5,5,4.561,RPRA,1,3,4.561,0.616,93.00706028610747,PRESERVING,3.945,2,CONTINUE,
T5,5,4.561,RPRA,2,2,3.945,0.477,99.9099237220678,PRESERVING,3.468,1,CONTINUE,
T5,5,4.561,RPRA,3,1,3.468,0.363,99.74176471194103,PRESERVING,3.105,0,TERMINAL_REACHED,
T5,5,4.562,RPRA,1,3,4.562,0.617,93.19383994123721,PRESERVING,3.945,2,CONTINUE,
T5,5,4.562,RPRA,2,2,3.945,0.477,99.9099237220678,PRESERVING,3.468,1,CONTINUE,
T5,5,4.562,RPRA,3,1,3.468,0.363,99.74176471194103,PRESERVING,3.105,0,TERMINAL_REACHED,
T5,5,4.563,RPRA,1,3,4.563,0.618,93.38070031570157,PRESERVING,3.945,2,CONTINUE,
T5,5,4.563,RPRA,2,2,3.945,0.477,99.9099237220678,PRESERVING,3.468,1,CONTINUE,
T5,5,4.563,RPRA,3,1,3.468,0.363,99.74176471194103,PRESERVING,3.105,0,TERMINAL_REACHED,
T5,5,4.564,RPRA,1,3,4.564,0.619,93.56764132113491,PRESERVING,3.945,2,CONTINUE,
T5,5,4.564,RPRA,2,2,3.945,0.477,99.9099237220678,PRESERVING,3.468,1,CONTINUE,
T5,5,4.564,RPRA,3,1,3.468,0.363,99.74176471194103,PRESERVING,3.105,0,TERMINAL_REACHED,
T5,5,4.565,RPRA,1,3,4.565,0.62,93.75466286937422,PRESERVING,3.945,2,CONTINUE,
T5,5,4.565,RPRA,2,2,3.945,0.477,99.9099237220678,PRESERVING,3.468,1,CONTINUE,
T5,5,4.565,RPRA,3,1,3.468,0.363,99.74176471194103,PRESERVING,3.105,0,TERMINAL_REACHED,
T5,5,4.566,RPRA,1,3,4.566,0.621,93.94176487245852,PRESERVING,3.945,2,CONTINUE,
T5,5,4.566,RPRA,2,2,3.945,0.477,99.9099237220678,PRESERVING,3.468,1,CONTINUE,
T5,5,4.566,RPRA,3,1,3.468,0.363,99.74176471194103,PRESERVING,3.105,0,TERMINAL_REACHED,
T5,5,4.567,RPRA,1,3,4.567,0.622,94.12894724262715,PRESERVING,3.945,2,CONTINUE,
T5,5,4.567,RPRA,2,2,3.945,0.477,99.9099237220678,PRESERVING,3.468,1,CONTINUE,
T5,5,4.567,RPRA,3,1,3.468,0.363,99.74176471194103,PRESERVING,3.105,0,TERMINAL_REACHED,
T5,5,4.568,RPRA,1,3,4.568,0.623,94.31620989232016,PRESERVING,3.945,2,CONTINUE,
T5,5,4.568,RPRA,2,2,3.945,0.477,99.9099237220678,PRESERVING,3.468,1,CONTINUE,
T5,5,4.568,RPRA,3,1,3.468,0.363,99.74176471194103,PRESERVING,3.105,0,TERMINAL_REACHED,
T5,5,4.569,RPRA,1,3,4.569,0.624,94.503552734177,PRESERVING,3.945,2,CONTINUE,
T5,5,4.569,RPRA,2,2,3.945,0.477,99.9099237220678,PRESERVING,3.468,1,CONTINUE,
T5,5,4.569,RPRA,3,1,3.468,0.363,99.74176471194103,PRESERVING,3.105,0,TERMINAL_REACHED,
T5,5,4.57,RPRA,1,3,4.57,0.625,94.69097568103548,PRESERVING,3.945,2,CONTINUE,
T5,5,4.57,RPRA,2,2,3.945,0.477,99.9099237220678,PRESERVING,3.468,1,CONTINUE,
T5,5,4.57,RPRA,3,1,3.468,0.363,99.74176471194103,PRESERVING,3.105,0,TERMINAL_REACHED,
T5,5,4.571,RPRA,1,3,4.571,0.626,94.87847864593175,PRESERVING,3.945,2,CONTINUE,
T5,5,4.571,RPRA,2,2,3.945,0.477,99.9099237220678,PRESERVING,3.468,1,CONTINUE,
T5,5,4.571,RPRA,3,1,3.468,0.363,99.74176471194103,PRESERVING,3.105,0,TERMINAL_REACHED,
T5,5,4.572,RPRA,1,3,4.572,0.627,95.06606154209797,PRESERVING,3.945,2,CONTINUE,
T5,5,4.572,RPRA,2,2,3.945,0.477,99.9099237220678,PRESERVING,3.468,1,CONTINUE,
T5,5,4.572,RPRA,3,1,3.468,0.363,99.74176471194103,PRESERVING,3.105,0,TERMINAL_REACHED,
T5,5,4.573,RPRA,1,3,4.573,0.628,95.25372428296342,PRESERVING,3.945,2,CONTINUE,
T5,5,4.573,RPRA,2,2,3.945,0.477,99.9099237220678,PRESERVING,3.468,1,CONTINUE,
T5,5,4.573,RPRA,3,1,3.468,0.363,99.74176471194103,PRESERVING,3.105,0,TERMINAL_REACHED,
T5,5,4.574,RPRA,1,3,4.574,0.629,95.44146678215253,PRESERVING,3.945,2,CONTINUE,
T5,5,4.574,RPRA,2,2,3.945,0.477,99.9099237220678,PRESERVING,3.468,1,CONTINUE,
T5,5,4.574,RPRA,3,1,3.468,0.363,99.74176471194103,PRESERVING,3.105,0,TERMINAL_REACHED,
T5,5,4.575,RPRA,1,3,4.575,0.63,95.62928895348446,PRESERVING,3.945,2,CONTINUE,
T5,5,4.575,RPRA,2,2,3.945,0.477,99.9099237220678,PRESERVING,3.468,1,CONTINUE,
T5,5,4.575,RPRA,3,1,3.468,0.363,99.74176471194103,PRESERVING,3.105,0,TERMINAL_REACHED,
T5,5,4.576,RPRA,1,3,4.576,0.631,95.81719071097235,PRESERVING,3.945,2,CONTINUE,
T5,5,4.576,RPRA,2,2,3.945,0.477,99.9099237220678,PRESERVING,3.468,1,CONTINUE,
T5,5,4.576,RPRA,3,1,3.468,0.363,99.74176471194103,PRESERVING,3.105,0,TERMINAL_REACHED,
T5,5,4.577,RPRA,1,3,4.577,0.632,96.00517196882248,PRESERVING,3.945,2,CONTINUE,
T5,5,4.577,RPRA,2,2,3.945,0.477,99.9099237220678,PRESERVING,3.468,1,CONTINUE,
T5,5,4.577,RPRA,3,1,3.468,0.363,99.74176471194103,PRESERVING,3.105,0,TERMINAL_REACHED,
T5,5,4.578,RPRA,1,3,4.578,0.633,96.19323264143367,PRESERVING,3.945,2,CONTINUE,
T5,5,4.578,RPRA,2,2,3.945,0.477,99.9099237220678,PRESERVING,3.468,1,CONTINUE,
T5,5,4.578,RPRA,3,1,3.468,0.363,99.74176471194103,PRESERVING,3.105,0,TERMINAL_REACHED,
T5,5,4.579,RPRA,1,3,4.579,0.634,96.38137264339599,PRESERVING,3.945,2,CONTINUE,
T5,5,4.579,RPRA,2,2,3.945,0.477,99.9099237220678,PRESERVING,3.468,1,CONTINUE,
T5,5,4.579,RPRA,3,1,3.468,0.363,99.74176471194103,PRESERVING,3.105,0,TERMINAL_REACHED,
T5,5,4.58,RPRA,1,3,4.58,0.635,96.56959188949078,PRESERVING,3.945,2,CONTINUE,
T5,5,4.58,RPRA,2,2,3.945,0.477,99.9099237220678,PRESERVING,3.468,1,CONTINUE,
T5,5,4.58,RPRA,3,1,3.468,0.363,99.74176471194103,PRESERVING,3.105,0,TERMINAL_REACHED,
T5,5,4.581,RPRA,1,3,4.581,0.636,96.75789029468949,PRESERVING,3.945,2,CONTINUE,
T5,5,4.581,RPRA,2,2,3.945,0.477,99.9099237220678,PRESERVING,3.468,1,CONTINUE,
T5,5,4.581,RPRA,3,1,3.468,0.363,99.74176471194103,PRESERVING,3.105,0,TERMINAL_REACHED,
T5,5,4.582,RPRA,1,3,4.582,0.637,96.94626777415287,PRESERVING,3.945,2,CONTINUE,
T5,5,4.582,RPRA,2,2,3.945,0.477,99.9099237220678,PRESERVING,3.468,1,CONTINUE,
T5,5,4.582,RPRA,3,1,3.468,0.363,99.74176471194103,PRESERVING,3.105,0,TERMINAL_REACHED,
T5,5,4.583,RPRA,1,3,4.583,0.638,97.13472424323069,PRESERVING,3.945,2,CONTINUE,
T5,5,4.583,RPRA,2,2,3.945,0.477,99.9099237220678,PRESERVING,3.468,1,CONTINUE,
T5,5,4.583,RPRA,3,1,3.468,0.363,99.74176471194103,PRESERVING,3.105,0,TERMINAL_REACHED,
T5,5,4.584,RPRA,1,3,4.584,0.639,97.32325961746012,PRESERVING,3.945,2,CONTINUE,
T5,5,4.584,RPRA,2,2,3.945,0.477,99.9099237220678,PRESERVING,3.468,1,CONTINUE,
T5,5,4.584,RPRA,3,1,3.468,0.363,99.74176471194103,PRESERVING,3.105,0,TERMINAL_REACHED,
T5,5,4.585,RPRA,1,3,4.585,0.64,97.51187381256592,PRESERVING,3.945,2,CONTINUE,
T5,5,4.585,RPRA,2,2,3.945,0.477,99.9099237220678,PRESERVING,3.468,1,CONTINUE,
T5,5,4.585,RPRA,3,1,3.468,0.363,99.74176471194103,PRESERVING,3.105,0,TERMINAL_REACHED,
T5,5,4.586,RPRA,1,3,4.586,0.641,97.70056674445934,PRESERVING,3.945,2,CONTINUE,
T5,5,4.586,RPRA,2,2,3.945,0.477,99.9099237220678,PRESERVING,3.468,1,CONTINUE,
T5,5,4.586,RPRA,3,1,3.468,0.363,99.74176471194103,PRESERVING,3.105,0,TERMINAL_REACHED,
T5,5,4.587,RPRA,1,3,4.587,0.642,97.88933832923728,PRESERVING,3.945,2,CONTINUE,
T5,5,4.587,RPRA,2,2,3.945,0.477,99.9099237220678,PRESERVING,3.468,1,CONTINUE,
T5,5,4.587,RPRA,3,1,3.468,0.363,99.74176471194103,PRESERVING,3.105,0,TERMINAL_REACHED,
T5,5,4.588,RPRA,1,3,4.588,0.643,98.07818848318176,PRESERVING,3.945,2,CONTINUE,
T5,5,4.588,RPRA,2,2,3.945,0.477,99.9099237220678,PRESERVING,3.468,1,CONTINUE,
T5,5,4.588,RPRA,3,1,3.468,0.363,99.74176471194103,PRESERVING,3.105,0,TERMINAL_REACHED,
T5,5,4.589,RPRA,1,3,4.589,0.644,98.26711712275929,PRESERVING,3.945,2,CONTINUE,
T5,5,4.589,RPRA,2,2,3.945,0.477,99.9099237220678,PRESERVING,3.468,1,CONTINUE,
T5,5,4.589,RPRA,3,1,3.468,0.363,99.74176471194103,PRESERVING,3.105,0,TERMINAL_REACHED,
T5,5,4.59,RPRA,1,3,4.59,0.645,98.45612416461992,PRESERVING,3.945,2,CONTINUE,
T5,5,4.59,RPRA,2,2,3.945,0.477,99.9099237220678,PRESERVING,3.468,1,CONTINUE,
T5,5,4.59,RPRA,3,1,3.468,0.363,99.74176471194103,PRESERVING,3.105,0,TERMINAL_REACHED,
T5,5,4.591,RPRA,1,3,4.591,0.646,98.64520952559619,PRESERVING,3.945,2,CONTINUE,
T5,5,4.591,RPRA,2,2,3.945,0.477,99.9099237220678,PRESERVING,3.468,1,CONTINUE,
T5,5,4.591,RPRA,3,1,3.468,0.363,99.74176471194103,PRESERVING,3.105,0,TERMINAL_REACHED,
T5,5,4.592,RPRA,1,3,4.592,0.647,98.83437312270351,PRESERVING,3.945,2,CONTINUE,
T5,5,4.592,RPRA,2,2,3.945,0.477,99.9099237220678,PRESERVING,3.468,1,CONTINUE,
T5,5,4.592,RPRA,3,1,3.468,0.363,99.74176471194103,PRESERVING,3.105,0,TERMINAL_REACHED,
T5,5,4.593,RPRA,1,3,4.593,0.648,99.02361487313846,PRESERVING,3.945,2,CONTINUE,
T5,5,4.593,RPRA,2,2,3.945,0.477,99.9099237220678,PRESERVING,3.468,1,CONTINUE,
T5,5,4.593,RPRA,3,1,3.468,0.363,99.74176471194103,PRESERVING,3.105,0,TERMINAL_REACHED,
T5,5,4.594,RPRA,1,3,4.594,0.649,99.21293469427864,PRESERVING,3.945,2,CONTINUE,
T5,5,4.594,RPRA,2,2,3.945,0.477,99.9099237220678,PRESERVING,3.468,1,CONTINUE,
T5,5,4.594,RPRA,3,1,3.468,0.363,99.74176471194103,PRESERVING,3.105,0,TERMINAL_REACHED,
T5,5,4.595,RPRA,1,3,4.595,0.65,99.40233250368185,PRESERVING,3.945,2,CONTINUE,
T5,5,4.595,RPRA,2,2,3.945,0.477,99.9099237220678,PRESERVING,3.468,1,CONTINUE,
T5,5,4.595,RPRA,3,1,3.468,0.363,99.74176471194103,PRESERVING,3.105,0,TERMINAL_REACHED,
T5,5,4.596,RPRA,1,3,4.596,0.651,99.59180821908485,PRESERVING,3.945,2,CONTINUE,
T5,5,4.596,RPRA,2,2,3.945,0.477,99.9099237220678,PRESERVING,3.468,1,CONTINUE,
T5,5,4.596,RPRA,3,1,3.468,0.363,99.74176471194103,PRESERVING,3.105,0,TERMINAL_REACHED,
T5,5,4.597,RPRA,1,3,4.597,0.652,99.78136175840369,PRESERVING,3.945,2,CONTINUE,
T5,5,4.597,RPRA,2,2,3.945,0.477,99.9099237220678,PRESERVING,3.468,1,CONTINUE,
T5,5,4.597,RPRA,3,1,3.468,0.363,99.74176471194103,PRESERVING,3.105,0,TERMINAL_REACHED,
T5,5,4.598,RPRA,1,3,4.598,0.653,99.97099303973226,PRESERVING,3.945,2,CONTINUE,
T5,5,4.598,RPRA,2,2,3.945,0.477,99.9099237220678,PRESERVING,3.468,1,CONTINUE,
T5,5,4.598,RPRA,3,1,3.468,0.363,99.74176471194103,PRESERVING,3.105,0,TERMINAL_REACHED,
T10,10,4.18,MYOPIC,1,3,4.18,0.36,53.026787309836045,PRESERVING,3.82,2,CONTINUE,
T10,10,4.18,MYOPIC,2,2,3.82,0.36,71.36037244201924,PRESERVING,3.46,1,CONTINUE,
T10,10,4.18,MYOPIC,3,1,3.46,0.36,99.22025135628195,PRESERVING,3.1,0,TERMINAL_REACHED,
T10,10,4.181,MYOPIC,1,3,4.181,0.36,52.985165029703495,PRESERVING,3.821,2,CONTINUE,
T10,10,4.181,MYOPIC,2,2,3.821,0.36,71.29853503433206,PRESERVING,3.461,1,CONTINUE,
T10,10,4.181,MYOPIC,3,1,3.461,0.36,99.12429367303372,PRESERVING,3.101,0,TERMINAL_REACHED,
T10,10,4.182,MYOPIC,1,3,4.182,0.36,52.943586298906844,PRESERVING,3.822,2,CONTINUE,
T10,10,4.182,MYOPIC,2,2,3.822,0.36,71.23676905304204,PRESERVING,3.462,1,CONTINUE,
T10,10,4.182,MYOPIC,3,1,3.462,0.36,99.02845968643378,PRESERVING,3.102,0,TERMINAL_REACHED,
T10,10,4.183,MYOPIC,1,3,4.183,0.36,52.90205106050394,PRESERVING,3.823,2,CONTINUE,
T10,10,4.183,MYOPIC,2,2,3.823,0.36,71.17507439505117,PRESERVING,3.463,1,CONTINUE,
T10,10,4.183,MYOPIC,3,1,3.463,0.36,98.93274919722856,PRESERVING,3.103,0,TERMINAL_REACHED,
T10,10,4.184,MYOPIC,1,3,4.184,0.36,52.86055925764199,PRESERVING,3.824,2,CONTINUE,
T10,10,4.184,MYOPIC,2,2,3.824,0.36,71.11345095743972,PRESERVING,3.464,1,CONTINUE,
T10,10,4.184,MYOPIC,3,1,3.464,0.36,98.83716200654949,PRESERVING,3.104,0,TERMINAL_REACHED,
T10,10,4.185,MYOPIC,1,3,4.185,0.36,52.81911083355733,PRESERVING,3.825,2,CONTINUE,
T10,10,4.185,MYOPIC,2,2,3.825,0.36,71.05189863746628,PRESERVING,3.465,1,CONTINUE,
T10,10,4.185,MYOPIC,3,1,3.465,0.36,98.74169791591217,PRESERVING,3.105,0,TERMINAL_REACHED,
T10,10,4.186,MYOPIC,1,3,4.186,0.36,52.777705731575345,PRESERVING,3.826,2,CONTINUE,
T10,10,4.186,MYOPIC,2,2,3.826,0.36,70.99041733256718,PRESERVING,3.466,1,CONTINUE,
T10,10,4.186,MYOPIC,3,1,3.466,0.36,98.64635672721552,PRESERVING,3.106,0,TERMINAL_REACHED,
T10,10,4.187,MYOPIC,1,3,4.187,0.36,52.73634389511021,PRESERVING,3.827,2,CONTINUE,
T10,10,4.187,MYOPIC,2,2,3.827,0.36,70.92900694035627,PRESERVING,3.467,1,CONTINUE,
T10,10,4.187,MYOPIC,3,1,3.467,0.36,98.55113824274075,PRESERVING,3.107,0,TERMINAL_REACHED,
T10,10,4.188,MYOPIC,1,3,4.188,0.36,52.69502526766479,PRESERVING,3.828,2,CONTINUE,
T10,10,4.188,MYOPIC,2,2,3.828,0.36,70.86766735862443,PRESERVING,3.468,1,CONTINUE,
T10,10,4.188,MYOPIC,3,1,3.468,0.36,98.45604226515093,PRESERVING,3.108,0,TERMINAL_REACHED,
T10,10,4.189,MYOPIC,1,3,4.189,0.36,52.65374979283043,PRESERVING,3.829,2,CONTINUE,
T10,10,4.189,MYOPIC,2,2,3.829,0.36,70.80639848533926,PRESERVING,3.469,1,CONTINUE,
T10,10,4.189,MYOPIC,3,1,3.469,0.36,98.36106859748955,PRESERVING,3.109,0,TERMINAL_REACHED,
T10,10,4.19,MYOPIC,1,3,4.19,0.36,52.612517414286856,PRESERVING,3.83,2,CONTINUE,
T10,10,4.19,MYOPIC,2,2,3.83,0.36,70.7452002186447,PRESERVING,3.47,1,CONTINUE,
T10,10,4.19,MYOPIC,3,1,3.47,0.36,98.26621704318018,PRESERVING,3.11,0,TERMINAL_REACHED,
T10,10,4.191,MYOPIC,1,3,4.191,0.36,52.571328075801944,PRESERVING,3.831,2,CONTINUE,
T10,10,4.191,MYOPIC,2,2,3.831,0.36,70.68407245686083,PRESERVING,3.471,1,CONTINUE,
T10,10,4.191,MYOPIC,3,1,3.471,0.361,98.59773557723867,PRESERVING,3.11,0,TERMINAL_REACHED,
T10,10,4.192,MYOPIC,1,3,4.192,0.36,52.530181721231614,PRESERVING,3.832,2,CONTINUE,
T10,10,4.192,MYOPIC,2,2,3.832,0.36,70.62301509848332,PRESERVING,3.472,1,CONTINUE,
T10,10,4.192,MYOPIC,3,1,3.472,0.362,98.9294860648411,PRESERVING,3.11,0,TERMINAL_REACHED,
T10,10,4.193,MYOPIC,1,3,4.193,0.36,52.48907829451962,PRESERVING,3.833,2,CONTINUE,
T10,10,4.193,MYOPIC,2,2,3.833,0.36,70.56202804218312,PRESERVING,3.473,1,CONTINUE,
T10,10,4.193,MYOPIC,3,1,3.473,0.363,99.26146811654067,PRESERVING,3.11,0,TERMINAL_REACHED,
T10,10,4.194,MYOPIC,1,3,4.194,0.36,52.44801773969748,PRESERVING,3.834,2,CONTINUE,
T10,10,4.194,MYOPIC,2,2,3.834,0.36,70.50111118680618,PRESERVING,3.474,1,CONTINUE,
T10,10,4.194,MYOPIC,3,1,3.474,0.364,99.59368134445097,PRESERVING,3.11,0,TERMINAL_REACHED,
T10,10,4.195,MYOPIC,1,3,4.195,0.36,52.4070000008842,PRESERVING,3.835,2,CONTINUE,
T10,10,4.195,MYOPIC,2,2,3.835,0.36,70.44026443137308,PRESERVING,3.475,1,CONTINUE,
T10,10,4.195,MYOPIC,3,1,3.475,0.365,99.92612536223533,PRESERVING,3.11,0,TERMINAL_REACHED,
T10,10,4.196,MYOPIC,1,3,4.196,0.36,52.36602502228619,PRESERVING,3.836,2,CONTINUE,
T10,10,4.196,MYOPIC,2,2,3.836,0.36,70.3794876750786,DESTROYING,3.476,1,CONTINUE,
T10,10,4.196,MYOPIC,3,1,3.476,,,,,1,NO_LOCALLY_FEASIBLE_ACTION,
T10,10,4.197,MYOPIC,1,3,4.197,0.36,52.325092748197044,PRESERVING,3.837,2,CONTINUE,
T10,10,4.197,MYOPIC,2,2,3.837,0.36,70.31878081729141,DESTROYING,3.477,1,CONTINUE,
T10,10,4.197,MYOPIC,3,1,3.477,,,,,1,NO_LOCALLY_FEASIBLE_ACTION,
T10,10,4.198,MYOPIC,1,3,4.198,0.36,52.284203122997496,PRESERVING,3.838,2,CONTINUE,
T10,10,4.198,MYOPIC,2,2,3.838,0.36,70.25814375755374,DESTROYING,3.478,1,CONTINUE,
T10,10,4.198,MYOPIC,3,1,3.478,,,,,1,NO_LOCALLY_FEASIBLE_ACTION,
T10,10,4.199,MYOPIC,1,3,4.199,0.36,52.24335609115513,PRESERVING,3.839,2,CONTINUE,
T10,10,4.199,MYOPIC,2,2,3.839,0.36,70.19757639558114,DESTROYING,3.479,1,CONTINUE,
T10,10,4.199,MYOPIC,3,1,3.479,,,,,1,NO_LOCALLY_FEASIBLE_ACTION,
T10,10,4.2,MYOPIC,1,3,4.2,0.36,52.20255159722428,PRESERVING,3.84,2,CONTINUE,
T10,10,4.2,MYOPIC,2,2,3.84,0.36,70.13707863126186,DESTROYING,3.48,1,CONTINUE,
T10,10,4.2,MYOPIC,3,1,3.48,,,,,1,NO_LOCALLY_FEASIBLE_ACTION,
T10,10,4.201,MYOPIC,1,3,4.201,0.36,52.16178958584585,PRESERVING,3.841,2,CONTINUE,
T10,10,4.201,MYOPIC,2,2,3.841,0.36,70.07665036465669,DESTROYING,3.481,1,CONTINUE,
T10,10,4.201,MYOPIC,3,1,3.481,,,,,1,NO_LOCALLY_FEASIBLE_ACTION,
T10,10,4.202,MYOPIC,1,3,4.202,0.36,52.12107000174724,PRESERVING,3.842,2,CONTINUE,
T10,10,4.202,MYOPIC,2,2,3.842,0.36,70.01629149599863,DESTROYING,3.482,1,CONTINUE,
T10,10,4.202,MYOPIC,3,1,3.482,,,,,1,NO_LOCALLY_FEASIBLE_ACTION,
T10,10,4.203,MYOPIC,1,3,4.203,0.36,52.0803927897421,PRESERVING,3.843,2,CONTINUE,
T10,10,4.203,MYOPIC,2,2,3.843,0.36,69.9560019256925,DESTROYING,3.483,1,CONTINUE,
T10,10,4.203,MYOPIC,3,1,3.483,,,,,1,NO_LOCALLY_FEASIBLE_ACTION,
T10,10,4.204,MYOPIC,1,3,4.204,0.36,52.03975789473015,PRESERVING,3.844,2,CONTINUE,
T10,10,4.204,MYOPIC,2,2,3.844,0.36,69.89578155431455,DESTROYING,3.484,1,CONTINUE,
T10,10,4.204,MYOPIC,3,1,3.484,,,,,1,NO_LOCALLY_FEASIBLE_ACTION,
T10,10,4.205,MYOPIC,1,3,4.205,0.36,51.99916526169709,PRESERVING,3.845,2,CONTINUE,
T10,10,4.205,MYOPIC,2,2,3.845,0.36,69.83563028261214,DESTROYING,3.485,1,CONTINUE,
T10,10,4.205,MYOPIC,3,1,3.485,,,,,1,NO_LOCALLY_FEASIBLE_ACTION,
T10,10,4.206,MYOPIC,1,3,4.206,0.36,51.95861483571447,PRESERVING,3.846,2,CONTINUE,
T10,10,4.206,MYOPIC,2,2,3.846,0.36,69.77554801150343,DESTROYING,3.486,1,CONTINUE,
T10,10,4.206,MYOPIC,3,1,3.486,,,,,1,NO_LOCALLY_FEASIBLE_ACTION,
T10,10,4.207,MYOPIC,1,3,4.207,0.36,51.91810656193943,PRESERVING,3.847,2,CONTINUE,
T10,10,4.207,MYOPIC,2,2,3.847,0.36,69.71553464207709,DESTROYING,3.487,1,CONTINUE,
T10,10,4.207,MYOPIC,3,1,3.487,,,,,1,NO_LOCALLY_FEASIBLE_ACTION,
T10,10,4.208,MYOPIC,1,3,4.208,0.36,51.87764038561463,PRESERVING,3.848,2,CONTINUE,
T10,10,4.208,MYOPIC,2,2,3.848,0.36,69.65559007559177,DESTROYING,3.488,1,CONTINUE,
T10,10,4.208,MYOPIC,3,1,3.488,,,,,1,NO_LOCALLY_FEASIBLE_ACTION,
T10,10,4.209,MYOPIC,1,3,4.209,0.36,51.83721625206807,PRESERVING,3.849,2,CONTINUE,
T10,10,4.209,MYOPIC,2,2,3.849,0.36,69.59571421347596,DESTROYING,3.489,1,CONTINUE,
T10,10,4.209,MYOPIC,3,1,3.489,,,,,1,NO_LOCALLY_FEASIBLE_ACTION,
T10,10,4.21,MYOPIC,1,3,4.21,0.36,51.79683410671292,PRESERVING,3.85,2,CONTINUE,
T10,10,4.21,MYOPIC,2,2,3.85,0.36,69.53590695732746,DESTROYING,3.49,1,CONTINUE,
T10,10,4.21,MYOPIC,3,1,3.49,,,,,1,NO_LOCALLY_FEASIBLE_ACTION,
T10,10,4.211,MYOPIC,1,3,4.211,0.36,51.756493895047356,PRESERVING,3.851,2,CONTINUE,
T10,10,4.211,MYOPIC,2,2,3.851,0.36,69.47616820891334,DESTROYING,3.491,1,CONTINUE,
T10,10,4.211,MYOPIC,3,1,3.491,,,,,1,NO_LOCALLY_FEASIBLE_ACTION,
T10,10,4.212,MYOPIC,1,3,4.212,0.36,51.71619556265447,PRESERVING,3.852,2,CONTINUE,
T10,10,4.212,MYOPIC,2,2,3.852,0.36,69.41649787016921,DESTROYING,3.492,1,CONTINUE,
T10,10,4.212,MYOPIC,3,1,3.492,,,,,1,NO_LOCALLY_FEASIBLE_ACTION,
T10,10,4.213,MYOPIC,1,3,4.213,0.36,51.675939055202036,PRESERVING,3.853,2,CONTINUE,
T10,10,4.213,MYOPIC,2,2,3.853,0.36,69.35689584319914,DESTROYING,3.493,1,CONTINUE,
T10,10,4.213,MYOPIC,3,1,3.493,,,,,1,NO_LOCALLY_FEASIBLE_ACTION,
T10,10,4.214,MYOPIC,1,3,4.214,0.36,51.63572431844241,PRESERVING,3.854,2,CONTINUE,
T10,10,4.214,MYOPIC,2,2,3.854,0.36,69.2973620302753,DESTROYING,3.494,1,CONTINUE,
T10,10,4.214,MYOPIC,3,1,3.494,,,,,1,NO_LOCALLY_FEASIBLE_ACTION,
T10,10,4.215,MYOPIC,1,3,4.215,0.36,51.59555129821238,PRESERVING,3.855,2,CONTINUE,
T10,10,4.215,MYOPIC,2,2,3.855,0.36,69.23789633383763,DESTROYING,3.495,1,CONTINUE,
T10,10,4.215,MYOPIC,3,1,3.495,,,,,1,NO_LOCALLY_FEASIBLE_ACTION,
T10,10,4.216,MYOPIC,1,3,4.216,0.36,51.55541994043291,PRESERVING,3.856,2,CONTINUE,
T10,10,4.216,MYOPIC,2,2,3.856,0.36,69.17849865649329,DESTROYING,3.496,1,CONTINUE,
T10,10,4.216,MYOPIC,3,1,3.496,,,,,1,NO_LOCALLY_FEASIBLE_ACTION,
T10,10,4.217,MYOPIC,1,3,4.217,0.36,51.515330191109136,PRESERVING,3.857,2,CONTINUE,
T10,10,4.217,MYOPIC,2,2,3.857,0.36,69.11916890101668,DESTROYING,3.497,1,CONTINUE,
T10,10,4.217,MYOPIC,3,1,3.497,,,,,1,NO_LOCALLY_FEASIBLE_ACTION,
T10,10,4.218,MYOPIC,1,3,4.218,0.36,51.475281996330175,PRESERVING,3.858,2,CONTINUE,
T10,10,4.218,MYOPIC,2,2,3.858,0.36,69.05990697034875,DESTROYING,3.498,1,CONTINUE,
T10,10,4.218,MYOPIC,3,1,3.498,,,,,1,NO_LOCALLY_FEASIBLE_ACTION,
T10,10,4.219,MYOPIC,1,3,4.219,0.36,51.43527530226886,PRESERVING,3.859,2,CONTINUE,
T10,10,4.219,MYOPIC,2,2,3.859,0.36,69.00071276759702,DESTROYING,3.499,1,CONTINUE,
T10,10,4.219,MYOPIC,3,1,3.499,,,,,1,NO_LOCALLY_FEASIBLE_ACTION,
T10,10,4.22,MYOPIC,1,3,4.22,0.36,51.39531005518171,PRESERVING,3.86,2,CONTINUE,
T10,10,4.22,MYOPIC,2,2,3.86,0.36,68.94158619603488,DESTROYING,3.5,1,CONTINUE,
T10,10,4.22,MYOPIC,3,1,3.5,,,,,1,NO_LOCALLY_FEASIBLE_ACTION,
T10,10,4.221,MYOPIC,1,3,4.221,0.36,51.35538620140876,PRESERVING,3.861,2,CONTINUE,
T10,10,4.221,MYOPIC,2,2,3.861,0.36,68.88252715910161,DESTROYING,3.501,1,CONTINUE,
T10,10,4.221,MYOPIC,3,1,3.501,,,,,1,NO_LOCALLY_FEASIBLE_ACTION,
T10,10,4.222,MYOPIC,1,3,4.222,0.36,51.315503687373365,PRESERVING,3.862,2,CONTINUE,
T10,10,4.222,MYOPIC,2,2,3.862,0.36,68.82353556040178,DESTROYING,3.502,1,CONTINUE,
T10,10,4.222,MYOPIC,3,1,3.502,,,,,1,NO_LOCALLY_FEASIBLE_ACTION,
T10,10,4.223,MYOPIC,1,3,4.223,0.36,51.275662459582094,PRESERVING,3.863,2,CONTINUE,
T10,10,4.223,MYOPIC,2,2,3.863,0.36,68.76461130370494,DESTROYING,3.503,1,CONTINUE,
T10,10,4.223,MYOPIC,3,1,3.503,,,,,1,NO_LOCALLY_FEASIBLE_ACTION,
T10,10,4.224,MYOPIC,1,3,4.224,0.36,51.2358624646245,PRESERVING,3.864,2,CONTINUE,
T10,10,4.224,MYOPIC,2,2,3.864,0.36,68.70575429294561,DESTROYING,3.504,1,CONTINUE,
T10,10,4.224,MYOPIC,3,1,3.504,,,,,1,NO_LOCALLY_FEASIBLE_ACTION,
T10,10,4.225,MYOPIC,1,3,4.225,0.36,51.196103649173104,PRESERVING,3.865,2,CONTINUE,
T10,10,4.225,MYOPIC,2,2,3.865,0.36,68.64696443222255,DESTROYING,3.505,1,CONTINUE,
T10,10,4.225,MYOPIC,3,1,3.505,,,,,1,NO_LOCALLY_FEASIBLE_ACTION,
T10,10,4.226,MYOPIC,1,3,4.226,0.36,51.15638595998316,PRESERVING,3.866,2,CONTINUE,
T10,10,4.226,MYOPIC,2,2,3.866,0.36,68.58824162579856,DESTROYING,3.506,1,CONTINUE,
T10,10,4.226,MYOPIC,3,1,3.506,,,,,1,NO_LOCALLY_FEASIBLE_ACTION,
T10,10,4.227,MYOPIC,1,3,4.227,0.36,51.11670934389245,PRESERVING,3.867,2,CONTINUE,
T10,10,4.227,MYOPIC,2,2,3.867,0.36,68.52958577810027,DESTROYING,3.507,1,CONTINUE,
T10,10,4.227,MYOPIC,3,1,3.507,,,,,1,NO_LOCALLY_FEASIBLE_ACTION,
T10,10,4.228,MYOPIC,1,3,4.228,0.36,51.077073747821274,PRESERVING,3.868,2,CONTINUE,
T10,10,4.228,MYOPIC,2,2,3.868,0.36,68.4709967937177,DESTROYING,3.508,1,CONTINUE,
T10,10,4.228,MYOPIC,3,1,3.508,,,,,1,NO_LOCALLY_FEASIBLE_ACTION,
T10,10,4.229,MYOPIC,1,3,4.229,0.36,51.03747911877214,PRESERVING,3.869,2,CONTINUE,
T10,10,4.229,MYOPIC,2,2,3.869,0.36,68.41247457740404,DESTROYING,3.509,1,CONTINUE,
T10,10,4.229,MYOPIC,3,1,3.509,,,,,1,NO_LOCALLY_FEASIBLE_ACTION,
T10,10,4.23,MYOPIC,1,3,4.23,0.36,50.99792540382983,PRESERVING,3.87,2,CONTINUE,
T10,10,4.23,MYOPIC,2,2,3.87,0.36,68.3540190340751,DESTROYING,3.51,1,CONTINUE,
T10,10,4.23,MYOPIC,3,1,3.51,,,,,1,NO_LOCALLY_FEASIBLE_ACTION,
T10,10,4.231,MYOPIC,1,3,4.231,0.36,50.958412550161015,PRESERVING,3.871,2,CONTINUE,
T10,10,4.231,MYOPIC,2,2,3.871,0.36,68.29563006880919,DESTROYING,3.511,1,CONTINUE,
T10,10,4.231,MYOPIC,3,1,3.511,,,,,1,NO_LOCALLY_FEASIBLE_ACTION,
T10,10,4.232,MYOPIC,1,3,4.232,0.36,50.918940505014255,PRESERVING,3.872,2,CONTINUE,
T10,10,4.232,MYOPIC,2,2,3.872,0.36,68.23730758684684,DESTROYING,3.512,1,CONTINUE,
T10,10,4.232,MYOPIC,3,1,3.512,,,,,1,NO_LOCALLY_FEASIBLE_ACTION,
T10,10,4.233,MYOPIC,1,3,4.233,0.36,50.87950921571976,PRESERVING,3.873,2,CONTINUE,
T10,10,4.233,MYOPIC,2,2,3.873,0.36,68.17905149359025,DESTROYING,3.513,1,CONTINUE,
T10,10,4.233,MYOPIC,3,1,3.513,,,,,1,NO_LOCALLY_FEASIBLE_ACTION,
T10,10,4.234,MYOPIC,1,3,4.234,0.36,50.84011862968941,PRESERVING,3.874,2,CONTINUE,
T10,10,4.234,MYOPIC,2,2,3.874,0.36,68.12086169460318,DESTROYING,3.514,1,CONTINUE,
T10,10,4.234,MYOPIC,3,1,3.514,,,,,1,NO_LOCALLY_FEASIBLE_ACTION,
T10,10,4.235,MYOPIC,1,3,4.235,0.36,50.80076869441637,PRESERVING,3.875,2,CONTINUE,
T10,10,4.235,MYOPIC,2,2,3.875,0.36,68.06273809561046,DESTROYING,3.515,1,CONTINUE,
T10,10,4.235,MYOPIC,3,1,3.515,,,,,1,NO_LOCALLY_FEASIBLE_ACTION,
T10,10,4.236,MYOPIC,1,3,4.236,0.36,50.761459357475125,PRESERVING,3.876,2,CONTINUE,
T10,10,4.236,MYOPIC,2,2,3.876,0.36,68.00468060249787,DESTROYING,3.516,1,CONTINUE,
T10,10,4.236,MYOPIC,3,1,3.516,,,,,1,NO_LOCALLY_FEASIBLE_ACTION,
T10,10,4.237,MYOPIC,1,3,4.237,0.36,50.72219056652126,PRESERVING,3.877,2,CONTINUE,
T10,10,4.237,MYOPIC,2,2,3.877,0.36,67.9466891213116,DESTROYING,3.517,1,CONTINUE,
T10,10,4.237,MYOPIC,3,1,3.517,,,,,1,NO_LOCALLY_FEASIBLE_ACTION,
T10,10,4.238,MYOPIC,1,3,4.238,0.36,50.68296226929129,PRESERVING,3.878,2,CONTINUE,
T10,10,4.238,MYOPIC,2,2,3.878,0.36,67.88876355825805,DESTROYING,3.518,1,CONTINUE,
T10,10,4.238,MYOPIC,3,1,3.518,,,,,1,NO_LOCALLY_FEASIBLE_ACTION,
T10,10,4.239,MYOPIC,1,3,4.239,0.36,50.64377441360266,PRESERVING,3.879,2,CONTINUE,
T10,10,4.239,MYOPIC,2,2,3.879,0.36,67.83090381970355,DESTROYING,3.519,1,CONTINUE,
T10,10,4.239,MYOPIC,3,1,3.519,,,,,1,NO_LOCALLY_FEASIBLE_ACTION,
T10,10,4.24,MYOPIC,1,3,4.24,0.36,50.604626947353346,PRESERVING,3.88,2,CONTINUE,
T10,10,4.24,MYOPIC,2,2,3.88,0.36,67.77310981217397,DESTROYING,3.52,1,CONTINUE,
T10,10,4.24,MYOPIC,3,1,3.52,,,,,1,NO_LOCALLY_FEASIBLE_ACTION,
T10,10,4.241,MYOPIC,1,3,4.241,0.36,50.56551981852196,PRESERVING,3.881,2,CONTINUE,
T10,10,4.241,MYOPIC,2,2,3.881,0.36,67.71538144235436,DESTROYING,3.521,1,CONTINUE,
T10,10,4.241,MYOPIC,3,1,3.521,,,,,1,NO_LOCALLY_FEASIBLE_ACTION,
T10,10,4.242,MYOPIC,1,3,4.242,0.36,50.526452975167395,PRESERVING,3.882,2,CONTINUE,
T10,10,4.242,MYOPIC,2,2,3.882,0.36,67.65771861708876,DESTROYING,3.522,1,CONTINUE,
T10,10,4.242,MYOPIC,3,1,3.522,,,,,1,NO_LOCALLY_FEASIBLE_ACTION,
T10,10,4.243,MYOPIC,1,3,4.243,0.36,50.487426365428945,PRESERVING,3.883,2,CONTINUE,
T10,10,4.243,MYOPIC,2,2,3.883,0.36,67.60012124337977,DESTROYING,3.523,1,CONTINUE,
T10,10,4.243,MYOPIC,3,1,3.523,,,,,1,NO_LOCALLY_FEASIBLE_ACTION,
T10,10,4.244,MYOPIC,1,3,4.244,0.36,50.44843993752582,PRESERVING,3.884,2,CONTINUE,
T10,10,4.244,MYOPIC,2,2,3.884,0.36,67.54258922838837,DESTROYING,3.524,1,CONTINUE,
T10,10,4.244,MYOPIC,3,1,3.524,,,,,1,NO_LOCALLY_FEASIBLE_ACTION,
T10,10,4.245,MYOPIC,1,3,4.245,0.36,50.40949363975729,PRESERVING,3.885,2,CONTINUE,
T10,10,4.245,MYOPIC,2,2,3.885,0.36,67.48512247943339,DESTROYING,3.525,1,CONTINUE,
T10,10,4.245,MYOPIC,3,1,3.525,,,,,1,NO_LOCALLY_FEASIBLE_ACTION,
T10,10,4.246,MYOPIC,1,3,4.246,0.36,50.37058742050237,PRESERVING,3.886,2,CONTINUE,
T10,10,4.246,MYOPIC,2,2,3.886,0.36,67.42772090399144,DESTROYING,3.526,1,CONTINUE,
T10,10,4.246,MYOPIC,3,1,3.526,,,,,1,NO_LOCALLY_FEASIBLE_ACTION,
T10,10,4.247,MYOPIC,1,3,4.247,0.36,50.3317212282198,PRESERVING,3.887,2,CONTINUE,
T10,10,4.247,MYOPIC,2,2,3.887,0.36,67.37038440969644,DESTROYING,3.527,1,CONTINUE,
T10,10,4.247,MYOPIC,3,1,3.527,,,,,1,NO_LOCALLY_FEASIBLE_ACTION,
T10,10,4.248,MYOPIC,1,3,4.248,0.36,50.29289501144779,PRESERVING,3.888,2,CONTINUE,
T10,10,4.248,MYOPIC,2,2,3.888,0.36,67.3131129043393,DESTROYING,3.528,1,CONTINUE,
T10,10,4.248,MYOPIC,3,1,3.528,,,,,1,NO_LOCALLY_FEASIBLE_ACTION,
T10,10,4.249,MYOPIC,1,3,4.249,0.36,50.25410871880395,PRESERVING,3.889,2,CONTINUE,
T10,10,4.249,MYOPIC,2,2,3.889,0.36,67.25590629586777,DESTROYING,3.529,1,CONTINUE,
T10,10,4.249,MYOPIC,3,1,3.529,,,,,1,NO_LOCALLY_FEASIBLE_ACTION,
T10,10,4.25,MYOPIC,1,3,4.25,0.36,50.215362298985056,PRESERVING,3.89,2,CONTINUE,
T10,10,4.25,MYOPIC,2,2,3.89,0.36,67.19876449238593,DESTROYING,3.53,1,CONTINUE,
T10,10,4.25,MYOPIC,3,1,3.53,,,,,1,NO_LOCALLY_FEASIBLE_ACTION,
T10,10,4.251,MYOPIC,1,3,4.251,0.36,50.17665570076711,PRESERVING,3.891,2,CONTINUE,
T10,10,4.251,MYOPIC,2,2,3.891,0.36,67.14168740215395,DESTROYING,3.531,1,CONTINUE,
T10,10,4.251,MYOPIC,3,1,3.531,,,,,1,NO_LOCALLY_FEASIBLE_ACTION,
T10,10,4.252,MYOPIC,1,3,4.252,0.36,50.13798887300495,PRESERVING,3.892,2,CONTINUE,
T10,10,4.252,MYOPIC,2,2,3.892,0.36,67.08467493358792,DESTROYING,3.532,1,CONTINUE,
T10,10,4.252,MYOPIC,3,1,3.532,,,,,1,NO_LOCALLY_FEASIBLE_ACTION,
T10,10,4.253,MYOPIC,1,3,4.253,0.36,50.09936176463223,PRESERVING,3.893,2,CONTINUE,
T10,10,4.253,MYOPIC,2,2,3.893,0.36,67.02772699525933,DESTROYING,3.533,1,CONTINUE,
T10,10,4.253,MYOPIC,3,1,3.533,,,,,1,NO_LOCALLY_FEASIBLE_ACTION,
T10,10,4.254,MYOPIC,1,3,4.254,0.36,50.06077432466129,PRESERVING,3.894,2,CONTINUE,
T10,10,4.254,MYOPIC,2,2,3.894,0.36,66.97084349589481,DESTROYING,3.534,1,CONTINUE,
T10,10,4.254,MYOPIC,3,1,3.534,,,,,1,NO_LOCALLY_FEASIBLE_ACTION,
T10,10,4.255,MYOPIC,1,3,4.255,0.36,50.02222650218303,PRESERVING,3.895,2,CONTINUE,
T10,10,4.255,MYOPIC,2,2,3.895,0.36,66.91402434437595,DESTROYING,3.535,1,CONTINUE,
T10,10,4.255,MYOPIC,3,1,3.535,,,,,1,NO_LOCALLY_FEASIBLE_ACTION,
T10,10,4.256,MYOPIC,1,3,4.256,0.36,49.983718246366685,PRESERVING,3.896,2,CONTINUE,
T10,10,4.256,MYOPIC,2,2,3.896,0.36,66.85726944973891,DESTROYING,3.536,1,CONTINUE,
T10,10,4.256,MYOPIC,3,1,3.536,,,,,1,NO_LOCALLY_FEASIBLE_ACTION,
T10,10,4.257,MYOPIC,1,3,4.257,0.36,49.94524950645972,PRESERVING,3.897,2,CONTINUE,
T10,10,4.257,MYOPIC,2,2,3.897,0.36,66.80057872117408,DESTROYING,3.537,1,CONTINUE,
T10,10,4.257,MYOPIC,3,1,3.537,,,,,1,NO_LOCALLY_FEASIBLE_ACTION,
T10,10,4.258,MYOPIC,1,3,4.258,0.36,49.906820231787734,PRESERVING,3.898,2,CONTINUE,
T10,10,4.258,MYOPIC,2,2,3.898,0.36,66.74395206802579,DESTROYING,3.538,1,CONTINUE,
T10,10,4.258,MYOPIC,3,1,3.538,,,,,1,NO_LOCALLY_FEASIBLE_ACTION,
T10,10,4.259,MYOPIC,1,3,4.259,0.36,49.86843037175427,PRESERVING,3.899,2,CONTINUE,
T10,10,4.259,MYOPIC,2,2,3.899,0.36,66.68738939979204,DESTROYING,3.539,1,CONTINUE,
T10,10,4.259,MYOPIC,3,1,3.539,,,,,1,NO_LOCALLY_FEASIBLE_ACTION,
T10,10,4.26,MYOPIC,1,3,4.26,0.36,49.83007987584073,PRESERVING,3.9,2,CONTINUE,
T10,10,4.26,MYOPIC,2,2,3.9,0.36,66.63089062612418,DESTROYING,3.54,1,CONTINUE,
T10,10,4.26,MYOPIC,3,1,3.54,,,,,1,NO_LOCALLY_FEASIBLE_ACTION,
T10,10,4.261,MYOPIC,1,3,4.261,0.36,49.79176869360613,PRESERVING,3.901,2,CONTINUE,
T10,10,4.261,MYOPIC,2,2,3.901,0.36,66.57445565682667,DESTROYING,3.541,1,CONTINUE,
T10,10,4.261,MYOPIC,3,1,3.541,,,,,1,NO_LOCALLY_FEASIBLE_ACTION,
T10,10,4.262,MYOPIC,1,3,4.262,0.36,49.75349677468705,PRESERVING,3.902,2,CONTINUE,
T10,10,4.262,MYOPIC,2,2,3.902,0.36,66.51808440185664,DESTROYING,3.542,1,CONTINUE,
T10,10,4.262,MYOPIC,3,1,3.542,,,,,1,NO_LOCALLY_FEASIBLE_ACTION,
T10,10,4.263,MYOPIC,1,3,4.263,0.36,49.71526406879751,PRESERVING,3.903,2,CONTINUE,
T10,10,4.263,MYOPIC,2,2,3.903,0.36,66.4617767713236,DESTROYING,3.543,1,CONTINUE,
T10,10,4.263,MYOPIC,3,1,3.543,,,,,1,NO_LOCALLY_FEASIBLE_ACTION,
T10,10,4.264,MYOPIC,1,3,4.264,0.36,49.67707052572877,PRESERVING,3.904,2,CONTINUE,
T10,10,4.264,MYOPIC,2,2,3.904,0.36,66.40553267548937,DESTROYING,3.544,1,CONTINUE,
T10,10,4.264,MYOPIC,3,1,3.544,,,,,1,NO_LOCALLY_FEASIBLE_ACTION,
T10,10,4.265,MYOPIC,1,3,4.265,0.36,49.638916095349224,PRESERVING,3.905,2,CONTINUE,
T10,10,4.265,MYOPIC,2,2,3.905,0.36,66.34935202476751,DESTROYING,3.545,1,CONTINUE,
T10,10,4.265,MYOPIC,3,1,3.545,,,,,1,NO_LOCALLY_FEASIBLE_ACTION,
T10,10,4.266,MYOPIC,1,3,4.266,0.36,49.60080072760419,PRESERVING,3.906,2,CONTINUE,
T10,10,4.266,MYOPIC,2,2,3.906,0.36,66.29323472972312,DESTROYING,3.546,1,CONTINUE,
T10,10,4.266,MYOPIC,3,1,3.546,,,,,1,NO_LOCALLY_FEASIBLE_ACTION,
T10,10,4.267,MYOPIC,1,3,4.267,0.36,49.56272437251595,PRESERVING,3.907,2,CONTINUE,
T10,10,4.267,MYOPIC,2,2,3.907,0.36,66.23718070107255,DESTROYING,3.547,1,CONTINUE,
T10,10,4.267,MYOPIC,3,1,3.547,,,,,1,NO_LOCALLY_FEASIBLE_ACTION,
T10,10,4.268,MYOPIC,1,3,4.268,0.36,49.52468698018341,PRESERVING,3.908,2,CONTINUE,
T10,10,4.268,MYOPIC,2,2,3.908,0.36,66.18118984968311,DESTROYING,3.548,1,CONTINUE,
T10,10,4.268,MYOPIC,3,1,3.548,,,,,1,NO_LOCALLY_FEASIBLE_ACTION,
T10,10,4.269,MYOPIC,1,3,4.269,0.36,49.48668850078208,PRESERVING,3.909,2,CONTINUE,
T10,10,4.269,MYOPIC,2,2,3.909,0.36,66.12526208657277,DESTROYING,3.549,1,CONTINUE,
T10,10,4.269,MYOPIC,3,1,3.549,,,,,1,NO_LOCALLY_FEASIBLE_ACTION,
T10,10,4.27,MYOPIC,1,3,4.27,0.36,49.4487288845639,PRESERVING,3.91,2,CONTINUE,
T10,10,4.27,MYOPIC,2,2,3.91,0.36,66.06939732290982,DESTROYING,3.55,1,CONTINUE,
T10,10,4.27,MYOPIC,3,1,3.55,,,,,1,NO_LOCALLY_FEASIBLE_ACTION,
T10,10,4.271,MYOPIC,1,3,4.271,0.36,49.41080808185711,PRESERVING,3.911,2,CONTINUE,
T10,10,4.271,MYOPIC,2,2,3.911,0.36,66.01359547001255,DESTROYING,3.551,1,CONTINUE,
T10,10,4.271,MYOPIC,3,1,3.551,,,,,1,NO_LOCALLY_FEASIBLE_ACTION,
T10,10,4.272,MYOPIC,1,3,4.272,0.36,49.37292604306616,PRESERVING,3.912,2,CONTINUE,
T10,10,4.272,MYOPIC,2,2,3.912,0.36,65.95785643934917,DESTROYING,3.552,1,CONTINUE,
T10,10,4.272,MYOPIC,3,1,3.552,,,,,1,NO_LOCALLY_FEASIBLE_ACTION,
T10,10,4.273,MYOPIC,1,3,4.273,0.36,49.335082718671444,PRESERVING,3.913,2,CONTINUE,
T10,10,4.273,MYOPIC,2,2,3.913,0.36,65.9021801425372,DESTROYING,3.553,1,CONTINUE,
T10,10,4.273,MYOPIC,3,1,3.553,,,,,1,NO_LOCALLY_FEASIBLE_ACTION,
T10,10,4.274,MYOPIC,1,3,4.274,0.36,49.29727805922929,PRESERVING,3.914,2,CONTINUE,
T10,10,4.274,MYOPIC,2,2,3.914,0.36,65.84656649134338,DESTROYING,3.554,1,CONTINUE,
T10,10,4.274,MYOPIC,3,1,3.554,,,,,1,NO_LOCALLY_FEASIBLE_ACTION,
T10,10,4.275,MYOPIC,1,3,4.275,0.36,49.25951201537183,PRESERVING,3.915,2,CONTINUE,
T10,10,4.275,MYOPIC,2,2,3.915,0.36,65.79101539768331,DESTROYING,3.555,1,CONTINUE,
T10,10,4.275,MYOPIC,3,1,3.555,,,,,1,NO_LOCALLY_FEASIBLE_ACTION,
T10,10,4.276,MYOPIC,1,3,4.276,0.36,49.221784537806734,PRESERVING,3.916,2,CONTINUE,
T10,10,4.276,MYOPIC,2,2,3.916,0.36,65.73552677362127,DESTROYING,3.556,1,CONTINUE,
T10,10,4.276,MYOPIC,3,1,3.556,,,,,1,NO_LOCALLY_FEASIBLE_ACTION,
T10,10,4.277,MYOPIC,1,3,4.277,0.36,49.18409557731721,PRESERVING,3.917,2,CONTINUE,
T10,10,4.277,MYOPIC,2,2,3.917,0.36,65.68010053136966,DESTROYING,3.557,1,CONTINUE,
T10,10,4.277,MYOPIC,3,1,3.557,,,,,1,NO_LOCALLY_FEASIBLE_ACTION,
T10,10,4.278,MYOPIC,1,3,4.278,0.36,49.14644508476175,PRESERVING,3.918,2,CONTINUE,
T10,10,4.278,MYOPIC,2,2,3.918,0.36,65.62473658328904,DESTROYING,3.558,1,CONTINUE,
T10,10,4.278,MYOPIC,3,1,3.558,,,,,1,NO_LOCALLY_FEASIBLE_ACTION,
T10,10,4.279,MYOPIC,1,3,4.279,0.36,49.108833011074196,PRESERVING,3.919,2,CONTINUE,
T10,10,4.279,MYOPIC,2,2,3.919,0.36,65.56943484188749,DESTROYING,3.559,1,CONTINUE,
T10,10,4.279,MYOPIC,3,1,3.559,,,,,1,NO_LOCALLY_FEASIBLE_ACTION,
T10,10,4.28,MYOPIC,1,3,4.28,0.36,49.071259307263354,PRESERVING,3.92,2,CONTINUE,
T10,10,4.28,MYOPIC,2,2,3.92,0.36,65.51419521982075,DESTROYING,3.56,1,CONTINUE,
T10,10,4.28,MYOPIC,3,1,3.56,,,,,1,NO_LOCALLY_FEASIBLE_ACTION,
T10,10,4.281,MYOPIC,1,3,4.281,0.36,49.03372392441303,PRESERVING,3.921,2,CONTINUE,
T10,10,4.281,MYOPIC,2,2,3.921,0.36,65.4590176298915,DESTROYING,3.561,1,CONTINUE,
T10,10,4.281,MYOPIC,3,1,3.561,,,,,1,NO_LOCALLY_FEASIBLE_ACTION,
T10,10,4.282,MYOPIC,1,3,4.282,0.36,48.99622681368178,PRESERVING,3.922,2,CONTINUE,
T10,10,4.282,MYOPIC,2,2,3.922,0.36,65.4039019850493,DESTROYING,3.562,1,CONTINUE,
T10,10,4.282,MYOPIC,3,1,3.562,,,,,1,NO_LOCALLY_FEASIBLE_ACTION,
T10,10,4.283,MYOPIC,1,3,4.283,0.36,48.958767926302954,PRESERVING,3.923,2,CONTINUE,
T10,10,4.283,MYOPIC,2,2,3.923,0.36,65.34884819839029,DESTROYING,3.563,1,CONTINUE,
T10,10,4.283,MYOPIC,3,1,3.563,,,,,1,NO_LOCALLY_FEASIBLE_ACTION,
T10,10,4.284,MYOPIC,1,3,4.284,0.36,48.92134721358435,PRESERVING,3.924,2,CONTINUE,
T10,10,4.284,MYOPIC,2,2,3.924,0.36,65.29385618315686,DESTROYING,3.564,1,CONTINUE,
T10,10,4.284,MYOPIC,3,1,3.564,,,,,1,NO_LOCALLY_FEASIBLE_ACTION,
T10,10,4.285,MYOPIC,1,3,4.285,0.36,48.88396462690824,PRESERVING,3.925,2,CONTINUE,
T10,10,4.285,MYOPIC,2,2,3.925,0.36,65.23892585273738,DESTROYING,3.565,1,CONTINUE,
T10,10,4.285,MYOPIC,3,1,3.565,,,,,1,NO_LOCALLY_FEASIBLE_ACTION,
T10,10,4.286,MYOPIC,1,3,4.286,0.36,48.84662011773112,PRESERVING,3.926,2,CONTINUE,
T10,10,4.286,MYOPIC,2,2,3.926,0.36,65.1840571206659,DESTROYING,3.566,1,CONTINUE,
T10,10,4.286,MYOPIC,3,1,3.566,,,,,1,NO_LOCALLY_FEASIBLE_ACTION,
T10,10,4.287,MYOPIC,1,3,4.287,0.36,48.80931363758369,PRESERVING,3.927,2,CONTINUE,
T10,10,4.287,MYOPIC,2,2,3.927,0.36,65.12924990062183,DESTROYING,3.567,1,CONTINUE,
T10,10,4.287,MYOPIC,3,1,3.567,,,,,1,NO_LOCALLY_FEASIBLE_ACTION,
T10,10,4.288,MYOPIC,1,3,4.288,0.36,48.77204513807068,PRESERVING,3.928,2,CONTINUE,
T10,10,4.288,MYOPIC,2,2,3.928,0.36,65.0745041064298,DESTROYING,3.568,1,CONTINUE,
T10,10,4.288,MYOPIC,3,1,3.568,,,,,1,NO_LOCALLY_FEASIBLE_ACTION,
T10,10,4.289,MYOPIC,1,3,4.289,0.36,48.73481457087064,PRESERVING,3.929,2,CONTINUE,
T10,10,4.289,MYOPIC,2,2,3.929,0.36,65.01981965205917,DESTROYING,3.569,1,CONTINUE,
T10,10,4.289,MYOPIC,3,1,3.569,,,,,1,NO_LOCALLY_FEASIBLE_ACTION,
T10,10,4.29,MYOPIC,1,3,4.29,0.36,48.69762188773589,PRESERVING,3.93,2,CONTINUE,
T10,10,4.29,MYOPIC,2,2,3.93,0.36,64.96519645162391,DESTROYING,3.57,1,CONTINUE,
T10,10,4.29,MYOPIC,3,1,3.57,,,,,1,NO_LOCALLY_FEASIBLE_ACTION,
T10,10,4.291,MYOPIC,1,3,4.291,0.36,48.660467040492456,PRESERVING,3.931,2,CONTINUE,
T10,10,4.291,MYOPIC,2,2,3.931,0.36,64.91063441938222,DESTROYING,3.571,1,CONTINUE,
T10,10,4.291,MYOPIC,3,1,3.571,,,,,1,NO_LOCALLY_FEASIBLE_ACTION,
T10,10,4.292,MYOPIC,1,3,4.292,0.36,48.62334998103975,PRESERVING,3.932,2,CONTINUE,
T10,10,4.292,MYOPIC,2,2,3.932,0.36,64.85613346973629,DESTROYING,3.572,1,CONTINUE,
T10,10,4.292,MYOPIC,3,1,3.572,,,,,1,NO_LOCALLY_FEASIBLE_ACTION,
T10,10,4.293,MYOPIC,1,3,4.293,0.36,48.586270661350575,PRESERVING,3.933,2,CONTINUE,
T10,10,4.293,MYOPIC,2,2,3.933,0.36,64.80169351723207,DESTROYING,3.573,1,CONTINUE,
T10,10,4.293,MYOPIC,3,1,3.573,,,,,1,NO_LOCALLY_FEASIBLE_ACTION,
T10,10,4.294,MYOPIC,1,3,4.294,0.36,48.549229033471015,PRESERVING,3.934,2,CONTINUE,
T10,10,4.294,MYOPIC,2,2,3.934,0.36,64.74731447655883,DESTROYING,3.574,1,CONTINUE,
T10,10,4.294,MYOPIC,3,1,3.574,,,,,1,NO_LOCALLY_FEASIBLE_ACTION,
T10,10,4.295,MYOPIC,1,3,4.295,0.36,48.51222504952019,PRESERVING,3.935,2,CONTINUE,
T10,10,4.295,MYOPIC,2,2,3.935,0.36,64.69299626254904,DESTROYING,3.575,1,CONTINUE,
T10,10,4.295,MYOPIC,3,1,3.575,,,,,1,NO_LOCALLY_FEASIBLE_ACTION,
T10,10,4.296,MYOPIC,1,3,4.296,0.36,48.47525866169025,PRESERVING,3.936,2,CONTINUE,
T10,10,4.296,MYOPIC,2,2,3.936,0.36,64.63873879017802,DESTROYING,3.576,1,CONTINUE,
T10,10,4.296,MYOPIC,3,1,3.576,,,,,1,NO_LOCALLY_FEASIBLE_ACTION,
T10,10,4.297,MYOPIC,1,3,4.297,0.36,48.43832982224611,PRESERVING,3.937,2,CONTINUE,
T10,10,4.297,MYOPIC,2,2,3.937,0.36,64.58454197456369,DESTROYING,3.577,1,CONTINUE,
T10,10,4.297,MYOPIC,3,1,3.577,,,,,1,NO_LOCALLY_FEASIBLE_ACTION,
T10,10,4.298,MYOPIC,1,3,4.298,0.36,48.40143848352548,PRESERVING,3.938,2,CONTINUE,
T10,10,4.298,MYOPIC,2,2,3.938,0.36,64.53040573096621,DESTROYING,3.578,1,CONTINUE,
T10,10,4.298,MYOPIC,3,1,3.578,,,,,1,NO_LOCALLY_FEASIBLE_ACTION,
T10,10,4.299,MYOPIC,1,3,4.299,0.36,48.364584597938595,PRESERVING,3.939,2,CONTINUE,
T10,10,4.299,MYOPIC,2,2,3.939,0.36,64.47632997478777,DESTROYING,3.579,1,CONTINUE,
T10,10,4.299,MYOPIC,3,1,3.579,,,,,1,NO_LOCALLY_FEASIBLE_ACTION,
T10,10,4.3,MYOPIC,1,3,4.3,0.36,48.32776811796816,PRESERVING,3.94,2,CONTINUE,
T10,10,4.3,MYOPIC,2,2,3.94,0.36,64.42231462157241,DESTROYING,3.58,1,CONTINUE,
T10,10,4.3,MYOPIC,3,1,3.58,,,,,1,NO_LOCALLY_FEASIBLE_ACTION,
T10,10,4.301,MYOPIC,1,3,4.301,0.36,48.29098899616919,PRESERVING,3.941,2,CONTINUE,
T10,10,4.301,MYOPIC,2,2,3.941,0.36,64.36835958700551,DESTROYING,3.581,1,CONTINUE,
T10,10,4.301,MYOPIC,3,1,3.581,,,,,1,NO_LOCALLY_FEASIBLE_ACTION,
T10,10,4.302,MYOPIC,1,3,4.302,0.36,48.254247185168936,PRESERVING,3.942,2,CONTINUE,
T10,10,4.302,MYOPIC,2,2,3.942,0.36,64.31446478691372,DESTROYING,3.582,1,CONTINUE,
T10,10,4.302,MYOPIC,3,1,3.582,,,,,1,NO_LOCALLY_FEASIBLE_ACTION,
T10,10,4.303,MYOPIC,1,3,4.303,0.36,48.217542637666696,PRESERVING,3.943,2,CONTINUE,
T10,10,4.303,MYOPIC,2,2,3.943,0.36,64.26063013726453,DESTROYING,3.583,1,CONTINUE,
T10,10,4.303,MYOPIC,3,1,3.583,,,,,1,NO_LOCALLY_FEASIBLE_ACTION,
T10,10,4.304,MYOPIC,1,3,4.304,0.36,48.1808753064337,PRESERVING,3.944,2,CONTINUE,
T10,10,4.304,MYOPIC,2,2,3.944,0.36,64.20685555416615,DESTROYING,3.584,1,CONTINUE,
T10,10,4.304,MYOPIC,3,1,3.584,,,,,1,NO_LOCALLY_FEASIBLE_ACTION,
T10,10,4.305,MYOPIC,1,3,4.305,0.36,48.144245144312976,PRESERVING,3.945,2,CONTINUE,
T10,10,4.305,MYOPIC,2,2,3.945,0.36,64.15314095386712,DESTROYING,3.585,1,CONTINUE,
T10,10,4.305,MYOPIC,3,1,3.585,,,,,1,NO_LOCALLY_FEASIBLE_ACTION,
T10,10,4.306,MYOPIC,1,3,4.306,0.36,48.10765210421926,PRESERVING,3.946,2,CONTINUE,
T10,10,4.306,MYOPIC,2,2,3.946,0.36,64.09948625275607,DESTROYING,3.586,1,CONTINUE,
T10,10,4.306,MYOPIC,3,1,3.586,,,,,1,NO_LOCALLY_FEASIBLE_ACTION,
T10,10,4.307,MYOPIC,1,3,4.307,0.36,48.071096139138874,PRESERVING,3.947,2,CONTINUE,
T10,10,4.307,MYOPIC,2,2,3.947,0.36,64.04589136736142,DESTROYING,3.587,1,CONTINUE,
T10,10,4.307,MYOPIC,3,1,3.587,,,,,1,NO_LOCALLY_FEASIBLE_ACTION,
T10,10,4.308,MYOPIC,1,3,4.308,0.36,48.03457720212951,PRESERVING,3.948,2,CONTINUE,
T10,10,4.308,MYOPIC,2,2,3.948,0.36,63.99235621435122,DESTROYING,3.588,1,CONTINUE,
T10,10,4.308,MYOPIC,3,1,3.588,,,,,1,NO_LOCALLY_FEASIBLE_ACTION,
T10,10,4.309,MYOPIC,1,3,4.309,0.36,47.9980952463202,PRESERVING,3.949,2,CONTINUE,
T10,10,4.309,MYOPIC,2,2,3.949,0.36,63.93888071053272,DESTROYING,3.589,1,CONTINUE,
T10,10,4.309,MYOPIC,3,1,3.589,,,,,1,NO_LOCALLY_FEASIBLE_ACTION,
T10,10,4.31,MYOPIC,1,3,4.31,0.36,47.96165022491113,PRESERVING,3.95,2,CONTINUE,
T10,10,4.31,MYOPIC,2,2,3.95,0.36,63.88546477285219,DESTROYING,3.59,1,CONTINUE,
T10,10,4.31,MYOPIC,3,1,3.59,,,,,1,NO_LOCALLY_FEASIBLE_ACTION,
T10,10,4.311,MYOPIC,1,3,4.311,0.36,47.92524209117362,PRESERVING,3.951,2,CONTINUE,
T10,10,4.311,MYOPIC,2,2,3.951,0.36,63.8321083183946,DESTROYING,3.591,1,CONTINUE,
T10,10,4.311,MYOPIC,3,1,3.591,,,,,1,NO_LOCALLY_FEASIBLE_ACTION,
T10,10,4.312,MYOPIC,1,3,4.312,0.36,47.88887079844982,PRESERVING,3.952,2,CONTINUE,
T10,10,4.312,MYOPIC,2,2,3.952,0.36,63.778811264383464,DESTROYING,3.592,1,CONTINUE,
T10,10,4.312,MYOPIC,3,1,3.592,,,,,1,NO_LOCALLY_FEASIBLE_ACTION,
T10,10,4.313,MYOPIC,1,3,4.313,0.36,47.85253630015269,PRESERVING,3.953,2,CONTINUE,
T10,10,4.313,MYOPIC,2,2,3.953,0.36,63.72557352818044,DESTROYING,3.593,1,CONTINUE,
T10,10,4.313,MYOPIC,3,1,3.593,,,,,1,NO_LOCALLY_FEASIBLE_ACTION,
T10,10,4.314,MYOPIC,1,3,4.314,0.36,47.81623854976592,PRESERVING,3.954,2,CONTINUE,
T10,10,4.314,MYOPIC,2,2,3.954,0.36,63.67239502728507,DESTROYING,3.594,1,CONTINUE,
T10,10,4.314,MYOPIC,3,1,3.594,,,,,1,NO_LOCALLY_FEASIBLE_ACTION,
T10,10,4.315,MYOPIC,1,3,4.315,0.36,47.779977500843714,DESTROYING,3.955,2,CONTINUE,
T10,10,4.315,MYOPIC,2,2,3.955,0.36,63.61927567933458,DESTROYING,3.595,1,CONTINUE,
T10,10,4.315,MYOPIC,3,1,3.595,,,,,1,NO_LOCALLY_FEASIBLE_ACTION,
T10,10,4.316,MYOPIC,1,3,4.316,0.36,47.74375310701071,DESTROYING,3.956,2,CONTINUE,
T10,10,4.316,MYOPIC,2,2,3.956,0.36,63.56621540210364,DESTROYING,3.596,1,CONTINUE,
T10,10,4.316,MYOPIC,3,1,3.596,,,,,1,NO_LOCALLY_FEASIBLE_ACTION,
T10,10,4.317,MYOPIC,1,3,4.317,0.36,47.70756532196184,DESTROYING,3.957,2,CONTINUE,
T10,10,4.317,MYOPIC,2,2,3.957,0.36,63.513214113503956,DESTROYING,3.597,1,CONTINUE,
T10,10,4.317,MYOPIC,3,1,3.597,,,,,1,NO_LOCALLY_FEASIBLE_ACTION,
T10,10,4.318,MYOPIC,1,3,4.318,0.36,47.67141409946222,DESTROYING,3.958,2,CONTINUE,
T10,10,4.318,MYOPIC,2,2,3.958,0.36,63.4602717315841,DESTROYING,3.598,1,CONTINUE,
T10,10,4.318,MYOPIC,3,1,3.598,,,,,1,NO_LOCALLY_FEASIBLE_ACTION,
T10,10,4.319,MYOPIC,1,3,4.319,0.36,47.635299393347026,DESTROYING,3.959,2,CONTINUE,
T10,10,4.319,MYOPIC,2,2,3.959,0.36,63.40738817452926,DESTROYING,3.599,1,CONTINUE,
T10,10,4.319,MYOPIC,3,1,3.599,,,,,1,NO_LOCALLY_FEASIBLE_ACTION,
T10,10,4.32,MYOPIC,1,3,4.32,0.36,47.599221157521356,DESTROYING,3.96,2,CONTINUE,
T10,10,4.32,MYOPIC,2,2,3.96,0.36,63.354563360660904,DESTROYING,3.6,1,CONTINUE,
T10,10,4.32,MYOPIC,3,1,3.6,,,,,1,NO_LOCALLY_FEASIBLE_ACTION,
T10,10,4.321,MYOPIC,1,3,4.321,0.36,47.5631793459601,DESTROYING,3.961,2,CONTINUE,
T10,10,4.321,MYOPIC,2,2,3.961,0.36,63.30179720843666,DESTROYING,3.601,1,CONTINUE,
T10,10,4.321,MYOPIC,3,1,3.601,,,,,1,NO_LOCALLY_FEASIBLE_ACTION,
T10,10,4.322,MYOPIC,1,3,4.322,0.36,47.52717391270784,DESTROYING,3.962,2,CONTINUE,
T10,10,4.322,MYOPIC,2,2,3.962,0.36,63.249089636449774,DESTROYING,3.602,1,CONTINUE,
T10,10,4.322,MYOPIC,3,1,3.602,,,,,1,NO_LOCALLY_FEASIBLE_ACTION,
T10,10,4.323,MYOPIC,1,3,4.323,0.36,47.49120481187877,DESTROYING,3.963,2,CONTINUE,
T10,10,4.323,MYOPIC,2,2,3.963,0.36,63.19644056342916,DESTROYING,3.603,1,CONTINUE,
T10,10,4.323,MYOPIC,3,1,3.603,,,,,1,NO_LOCALLY_FEASIBLE_ACTION,
T10,10,4.324,MYOPIC,1,3,4.324,0.36,47.4552719976564,DESTROYING,3.964,2,CONTINUE,
T10,10,4.324,MYOPIC,2,2,3.964,0.36,63.14384990823893,DESTROYING,3.604,1,CONTINUE,
T10,10,4.324,MYOPIC,3,1,3.604,,,,,1,NO_LOCALLY_FEASIBLE_ACTION,
T10,10,4.325,MYOPIC,1,3,4.325,0.36,47.419375424293655,DESTROYING,3.965,2,CONTINUE,
T10,10,4.325,MYOPIC,2,2,3.965,0.36,63.09131758987825,DESTROYING,3.605,1,CONTINUE,
T10,10,4.325,MYOPIC,3,1,3.605,,,,,1,NO_LOCALLY_FEASIBLE_ACTION,
T10,10,4.326,MYOPIC,1,3,4.326,0.36,47.383515046112606,DESTROYING,3.966,2,CONTINUE,
T10,10,4.326,MYOPIC,2,2,3.966,0.36,63.03884352748097,DESTROYING,3.606,1,CONTINUE,
T10,10,4.326,MYOPIC,3,1,3.606,,,,,1,NO_LOCALLY_FEASIBLE_ACTION,
T10,10,4.327,MYOPIC,1,3,4.327,0.36,47.34769081750445,DESTROYING,3.967,2,CONTINUE,
T10,10,4.327,MYOPIC,2,2,3.967,0.36,62.98642764031541,DESTROYING,3.607,1,CONTINUE,
T10,10,4.327,MYOPIC,3,1,3.607,,,,,1,NO_LOCALLY_FEASIBLE_ACTION,
T10,10,4.328,MYOPIC,1,3,4.328,0.36,47.31190269292926,DESTROYING,3.968,2,CONTINUE,
T10,10,4.328,MYOPIC,2,2,3.968,0.36,62.93406984778416,DESTROYING,3.608,1,CONTINUE,
T10,10,4.328,MYOPIC,3,1,3.608,,,,,1,NO_LOCALLY_FEASIBLE_ACTION,
T10,10,4.329,MYOPIC,1,3,4.329,0.36,47.27615062691596,DESTROYING,3.969,2,CONTINUE,
T10,10,4.329,MYOPIC,2,2,3.969,0.36,62.8817700694238,DESTROYING,3.609,1,CONTINUE,
T10,10,4.329,MYOPIC,3,1,3.609,,,,,1,NO_LOCALLY_FEASIBLE_ACTION,
T10,10,4.33,MYOPIC,1,3,4.33,0.36,47.24043457406218,DESTROYING,3.97,2,CONTINUE,
T10,10,4.33,MYOPIC,2,2,3.97,0.36,62.829528224904465,DESTROYING,3.61,1,CONTINUE,
T10,10,4.33,MYOPIC,3,1,3.61,,,,,1,NO_LOCALLY_FEASIBLE_ACTION,
T10,10,4.331,MYOPIC,1,3,4.331,0.36,47.20475448903415,DESTROYING,3.971,2,CONTINUE,
T10,10,4.331,MYOPIC,2,2,3.971,0.36,62.77734423402983,DESTROYING,3.611,1,CONTINUE,
T10,10,4.331,MYOPIC,3,1,3.611,,,,,1,NO_LOCALLY_FEASIBLE_ACTION,
T10,10,4.332,MYOPIC,1,3,4.332,0.36,47.16911032656655,DESTROYING,3.972,2,CONTINUE,
T10,10,4.332,MYOPIC,2,2,3.972,0.36,62.725218016736775,DESTROYING,3.612,1,CONTINUE,
T10,10,4.332,MYOPIC,3,1,3.612,,,,,1,NO_LOCALLY_FEASIBLE_ACTION,
T10,10,4.333,MYOPIC,1,3,4.333,0.36,47.13350204146242,DESTROYING,3.973,2,CONTINUE,
T10,10,4.333,MYOPIC,2,2,3.973,0.36,62.67314949309503,DESTROYING,3.613,1,CONTINUE,
T10,10,4.333,MYOPIC,3,1,3.613,,,,,1,NO_LOCALLY_FEASIBLE_ACTION,
T10,10,4.334,MYOPIC,1,3,4.334,0.36,47.09792958859292,DESTROYING,3.974,2,CONTINUE,
T10,10,4.334,MYOPIC,2,2,3.974,0.36,62.62113858330704,DESTROYING,3.614,1,CONTINUE,
T10,10,4.334,MYOPIC,3,1,3.614,,,,,1,NO_LOCALLY_FEASIBLE_ACTION,
T10,10,4.335,MYOPIC,1,3,4.335,0.36,47.0623929228975,DESTROYING,3.975,2,CONTINUE,
T10,10,4.335,MYOPIC,2,2,3.975,0.36,62.5691852077076,DESTROYING,3.615,1,CONTINUE,
T10,10,4.335,MYOPIC,3,1,3.615,,,,,1,NO_LOCALLY_FEASIBLE_ACTION,
T10,10,4.336,MYOPIC,1,3,4.336,0.36,47.02689199938347,DESTROYING,3.976,2,CONTINUE,
T10,10,4.336,MYOPIC,2,2,3.976,0.36,62.51728928676374,DESTROYING,3.616,1,CONTINUE,
T10,10,4.336,MYOPIC,3,1,3.616,,,,,1,NO_LOCALLY_FEASIBLE_ACTION,
T10,10,4.337,MYOPIC,1,3,4.337,0.36,46.99142677312595,DESTROYING,3.977,2,CONTINUE,
T10,10,4.337,MYOPIC,2,2,3.977,0.36,62.46545074107433,DESTROYING,3.617,1,CONTINUE,
T10,10,4.337,MYOPIC,3,1,3.617,,,,,1,NO_LOCALLY_FEASIBLE_ACTION,
T10,10,4.338,MYOPIC,1,3,4.338,0.36,46.955997199267934,DESTROYING,3.978,2,CONTINUE,
T10,10,4.338,MYOPIC,2,2,3.978,0.36,62.41366949136984,DESTROYING,3.618,1,CONTINUE,
T10,10,4.338,MYOPIC,3,1,3.618,,,,,1,NO_LOCALLY_FEASIBLE_ACTION,
T10,10,4.339,MYOPIC,1,3,4.339,0.36,46.92060323301997,DESTROYING,3.979,2,CONTINUE,
T10,10,4.339,MYOPIC,2,2,3.979,0.36,62.36194545851222,DESTROYING,3.619,1,CONTINUE,
T10,10,4.339,MYOPIC,3,1,3.619,,,,,1,NO_LOCALLY_FEASIBLE_ACTION,
T10,10,4.34,MYOPIC,1,3,4.34,0.36,46.8852448296601,DESTROYING,3.98,2,CONTINUE,
T10,10,4.34,MYOPIC,2,2,3.98,0.36,62.31027856349452,DESTROYING,3.62,1,CONTINUE,
T10,10,4.34,MYOPIC,3,1,3.62,,,,,1,NO_LOCALLY_FEASIBLE_ACTION,
T10,10,4.341,MYOPIC,1,3,4.341,0.36,46.84992194453378,DESTROYING,3.981,2,CONTINUE,
T10,10,4.341,MYOPIC,2,2,3.981,0.36,62.258668727440615,DESTROYING,3.621,1,CONTINUE,
T10,10,4.341,MYOPIC,3,1,3.621,,,,,1,NO_LOCALLY_FEASIBLE_ACTION,
T10,10,4.342,MYOPIC,1,3,4.342,0.36,46.81463453305372,DESTROYING,3.982,2,CONTINUE,
T10,10,4.342,MYOPIC,2,2,3.982,0.36,62.20711587160507,DESTROYING,3.622,1,CONTINUE,
T10,10,4.342,MYOPIC,3,1,3.622,,,,,1,NO_LOCALLY_FEASIBLE_ACTION,
T10,10,4.343,MYOPIC,1,3,4.343,0.36,46.77938255069979,DESTROYING,3.983,2,CONTINUE,
T10,10,4.343,MYOPIC,2,2,3.983,0.36,62.15561991737277,DESTROYING,3.623,1,CONTINUE,
T10,10,4.343,MYOPIC,3,1,3.623,,,,,1,NO_LOCALLY_FEASIBLE_ACTION,
T10,10,4.344,MYOPIC,1,3,4.344,0.36,46.74416595301893,DESTROYING,3.984,2,CONTINUE,
T10,10,4.344,MYOPIC,2,2,3.984,0.36,62.10418078625884,DESTROYING,3.624,1,CONTINUE,
T10,10,4.344,MYOPIC,3,1,3.624,,,,,1,NO_LOCALLY_FEASIBLE_ACTION,
T10,10,4.345,MYOPIC,1,3,4.345,0.36,46.70898469562487,DESTROYING,3.985,2,CONTINUE,
T10,10,4.345,MYOPIC,2,2,3.985,0.36,62.05279839990808,DESTROYING,3.625,1,CONTINUE,
T10,10,4.345,MYOPIC,3,1,3.625,,,,,1,NO_LOCALLY_FEASIBLE_ACTION,
T10,10,4.346,MYOPIC,1,3,4.346,0.36,46.67383873419824,DESTROYING,3.986,2,CONTINUE,
T10,10,4.346,MYOPIC,2,2,3.986,0.36,62.00147268009506,DESTROYING,3.626,1,CONTINUE,
T10,10,4.346,MYOPIC,3,1,3.626,,,,,1,NO_LOCALLY_FEASIBLE_ACTION,
T10,10,4.347,MYOPIC,1,3,4.347,0.36,46.63872802448637,DESTROYING,3.987,2,CONTINUE,
T10,10,4.347,MYOPIC,2,2,3.987,0.36,61.950203548723685,DESTROYING,3.627,1,CONTINUE,
T10,10,4.347,MYOPIC,3,1,3.627,,,,,1,NO_LOCALLY_FEASIBLE_ACTION,
T10,10,4.348,MYOPIC,1,3,4.348,0.36,46.60365252230307,DESTROYING,3.988,2,CONTINUE,
T10,10,4.348,MYOPIC,2,2,3.988,0.36,61.89899092782695,DESTROYING,3.628,1,CONTINUE,
T10,10,4.348,MYOPIC,3,1,3.628,,,,,1,NO_LOCALLY_FEASIBLE_ACTION,
T10,10,4.349,MYOPIC,1,3,4.349,0.36,46.568612183528614,DESTROYING,3.989,2,CONTINUE,
T10,10,4.349,MYOPIC,2,2,3.989,0.36,61.847834739566736,DESTROYING,3.629,1,CONTINUE,
T10,10,4.349,MYOPIC,3,1,3.629,,,,,1,NO_LOCALLY_FEASIBLE_ACTION,
T10,10,4.35,MYOPIC,1,3,4.35,0.36,46.533606964109666,DESTROYING,3.99,2,CONTINUE,
T10,10,4.35,MYOPIC,2,2,3.99,0.36,61.796734906233596,DESTROYING,3.63,1,CONTINUE,
T10,10,4.35,MYOPIC,3,1,3.63,,,,,1,NO_LOCALLY_FEASIBLE_ACTION,
T10,10,4.351,MYOPIC,1,3,4.351,0.36,46.49863682005904,DESTROYING,3.991,2,CONTINUE,
T10,10,4.351,MYOPIC,2,2,3.991,0.36,61.74569135024639,DESTROYING,3.631,1,CONTINUE,
T10,10,4.351,MYOPIC,3,1,3.631,,,,,1,NO_LOCALLY_FEASIBLE_ACTION,
T10,10,4.352,MYOPIC,1,3,4.352,0.36,46.46370170745567,DESTROYING,3.992,2,CONTINUE,
T10,10,4.352,MYOPIC,2,2,3.992,0.36,61.69470399415207,DESTROYING,3.632,1,CONTINUE,
T10,10,4.352,MYOPIC,3,1,3.632,,,,,1,NO_LOCALLY_FEASIBLE_ACTION,
T10,10,4.353,MYOPIC,1,3,4.353,0.36,46.428801582444464,DESTROYING,3.993,2,CONTINUE,
T10,10,4.353,MYOPIC,2,2,3.993,0.36,61.64377276062561,DESTROYING,3.633,1,CONTINUE,
T10,10,4.353,MYOPIC,3,1,3.633,,,,,1,NO_LOCALLY_FEASIBLE_ACTION,
T10,10,4.354,MYOPIC,1,3,4.354,0.36,46.393936401236196,DESTROYING,3.994,2,CONTINUE,
T10,10,4.354,MYOPIC,2,2,3.994,0.36,61.59289757246954,DESTROYING,3.634,1,CONTINUE,
T10,10,4.354,MYOPIC,3,1,3.634,,,,,1,NO_LOCALLY_FEASIBLE_ACTION,
T10,10,4.355,MYOPIC,1,3,4.355,0.36,46.359106120107406,DESTROYING,3.995,2,CONTINUE,
T10,10,4.355,MYOPIC,2,2,3.995,0.36,61.54207835261369,DESTROYING,3.635,1,CONTINUE,
T10,10,4.355,MYOPIC,3,1,3.635,,,,,1,NO_LOCALLY_FEASIBLE_ACTION,
T10,10,4.356,MYOPIC,1,3,4.356,0.36,46.32431069540023,DESTROYING,3.996,2,CONTINUE,
T10,10,4.356,MYOPIC,2,2,3.996,0.36,61.4913150241152,DESTROYING,3.636,1,CONTINUE,
T10,10,4.356,MYOPIC,3,1,3.636,,,,,1,NO_LOCALLY_FEASIBLE_ACTION,
T10,10,4.357,MYOPIC,1,3,4.357,0.36,46.289550083522386,DESTROYING,3.997,2,CONTINUE,
T10,10,4.357,MYOPIC,2,2,3.997,0.36,61.44060751015802,DESTROYING,3.637,1,CONTINUE,
T10,10,4.357,MYOPIC,3,1,3.637,,,,,1,NO_LOCALLY_FEASIBLE_ACTION,
T10,10,4.358,MYOPIC,1,3,4.358,0.36,46.254824240946895,DESTROYING,3.998,2,CONTINUE,
T10,10,4.358,MYOPIC,2,2,3.998,0.36,61.38995573405271,DESTROYING,3.638,1,CONTINUE,
T10,10,4.358,MYOPIC,3,1,3.638,,,,,1,NO_LOCALLY_FEASIBLE_ACTION,
T10,10,4.359,MYOPIC,1,3,4.359,0.36,46.22013312421219,DESTROYING,3.999,2,CONTINUE,
T10,10,4.359,MYOPIC,2,2,3.999,0.36,61.33935961923631,DESTROYING,3.639,1,CONTINUE,
T10,10,4.359,MYOPIC,3,1,3.639,,,,,1,NO_LOCALLY_FEASIBLE_ACTION,
T10,10,4.36,MYOPIC,1,3,4.36,0.36,46.18547668992182,DESTROYING,4.0,2,CONTINUE,
T10,10,4.36,MYOPIC,2,2,4.0,0.36,61.288819089272025,DESTROYING,3.64,1,CONTINUE,
T10,10,4.36,MYOPIC,3,1,3.64,,,,,1,NO_LOCALLY_FEASIBLE_ACTION,
T10,10,4.361,MYOPIC,1,3,4.361,0.36,46.15085489474435,DESTROYING,4.001,2,CONTINUE,
T10,10,4.361,MYOPIC,2,2,4.001,0.36,61.23833406784898,DESTROYING,3.641,1,CONTINUE,
T10,10,4.361,MYOPIC,3,1,3.641,,,,,1,NO_LOCALLY_FEASIBLE_ACTION,
T10,10,4.362,MYOPIC,1,3,4.362,0.36,46.116267695413406,DESTROYING,4.002,2,CONTINUE,
T10,10,4.362,MYOPIC,2,2,4.002,0.36,61.18790447878196,DESTROYING,3.642,1,CONTINUE,
T10,10,4.362,MYOPIC,3,1,3.642,,,,,1,NO_LOCALLY_FEASIBLE_ACTION,
T10,10,4.363,MYOPIC,1,3,4.363,0.36,46.0817150487273,DESTROYING,4.003,2,CONTINUE,
T10,10,4.363,MYOPIC,2,2,4.003,0.36,61.13753024601123,DESTROYING,3.643,1,CONTINUE,
T10,10,4.363,MYOPIC,3,1,3.643,,,,,1,NO_LOCALLY_FEASIBLE_ACTION,
T10,10,4.364,MYOPIC,1,3,4.364,0.36,46.04719691154925,DESTROYING,4.004,2,CONTINUE,
T10,10,4.364,MYOPIC,2,2,4.004,0.36,61.087211293602145,DESTROYING,3.644,1,CONTINUE,
T10,10,4.364,MYOPIC,3,1,3.644,,,,,1,NO_LOCALLY_FEASIBLE_ACTION,
T10,10,4.365,MYOPIC,1,3,4.365,0.36,46.0127132408069,DESTROYING,4.005,2,CONTINUE,
T10,10,4.365,MYOPIC,2,2,4.005,0.36,61.03694754574524,DESTROYING,3.645,1,CONTINUE,
T10,10,4.365,MYOPIC,3,1,3.645,,,,,1,NO_LOCALLY_FEASIBLE_ACTION,
T10,10,4.366,MYOPIC,1,3,4.366,0.36,45.97826399349249,DESTROYING,4.006,2,CONTINUE,
T10,10,4.366,MYOPIC,2,2,4.006,0.36,60.98673892675555,DESTROYING,3.646,1,CONTINUE,
T10,10,4.366,MYOPIC,3,1,3.646,,,,,1,NO_LOCALLY_FEASIBLE_ACTION,
T10,10,4.367,MYOPIC,1,3,4.367,0.36,45.943849126662684,DESTROYING,4.007,2,CONTINUE,
T10,10,4.367,MYOPIC,2,2,4.007,0.36,60.93658536107271,DESTROYING,3.647,1,CONTINUE,
T10,10,4.367,MYOPIC,3,1,3.647,,,,,1,NO_LOCALLY_FEASIBLE_ACTION,
T10,10,4.368,MYOPIC,1,3,4.368,0.36,45.90946859743827,DESTROYING,4.008,2,CONTINUE,
T10,10,4.368,MYOPIC,2,2,4.008,0.36,60.88648677326054,DESTROYING,3.648,1,CONTINUE,
T10,10,4.368,MYOPIC,3,1,3.648,,,,,1,NO_LOCALLY_FEASIBLE_ACTION,
T10,10,4.369,MYOPIC,1,3,4.369,0.36,45.87512236300431,DESTROYING,4.009,2,CONTINUE,
T10,10,4.369,MYOPIC,2,2,4.009,0.36,60.83644308800696,DESTROYING,3.649,1,CONTINUE,
T10,10,4.369,MYOPIC,3,1,3.649,,,,,1,NO_LOCALLY_FEASIBLE_ACTION,
T10,10,4.37,MYOPIC,1,3,4.37,0.36,45.84081038060995,DESTROYING,4.01,2,CONTINUE,
T10,10,4.37,MYOPIC,2,2,4.01,0.36,60.78645423012355,DESTROYING,3.65,1,CONTINUE,
T10,10,4.37,MYOPIC,3,1,3.65,,,,,1,NO_LOCALLY_FEASIBLE_ACTION,
T10,10,4.371,MYOPIC,1,3,4.371,0.36,45.8065326075681,DESTROYING,4.011,2,CONTINUE,
T10,10,4.371,MYOPIC,2,2,4.011,0.36,60.73652012454544,DESTROYING,3.651,1,CONTINUE,
T10,10,4.371,MYOPIC,3,1,3.651,,,,,1,NO_LOCALLY_FEASIBLE_ACTION,
T10,10,4.372,MYOPIC,1,3,4.372,0.36,45.7722890012557,DESTROYING,4.012,2,CONTINUE,
T10,10,4.372,MYOPIC,2,2,4.012,0.36,60.68664069633108,DESTROYING,3.652,1,CONTINUE,
T10,10,4.372,MYOPIC,3,1,3.652,,,,,1,NO_LOCALLY_FEASIBLE_ACTION,
T10,10,4.373,MYOPIC,1,3,4.373,0.36,45.7380795191132,DESTROYING,4.013,2,CONTINUE,
T10,10,4.373,MYOPIC,2,2,4.013,0.36,60.63681587066202,DESTROYING,3.653,1,CONTINUE,
T10,10,4.373,MYOPIC,3,1,3.653,,,,,1,NO_LOCALLY_FEASIBLE_ACTION,
T10,10,4.374,MYOPIC,1,3,4.374,0.36,45.7039041186448,DESTROYING,4.014,2,CONTINUE,
T10,10,4.374,MYOPIC,2,2,4.014,0.36,60.587045572842534,DESTROYING,3.654,1,CONTINUE,
T10,10,4.374,MYOPIC,3,1,3.654,,,,,1,NO_LOCALLY_FEASIBLE_ACTION,
T10,10,4.375,MYOPIC,1,3,4.375,0.36,45.66976275741815,DESTROYING,4.015,2,CONTINUE,
T10,10,4.375,MYOPIC,2,2,4.015,0.36,60.53732972829954,DESTROYING,3.655,1,CONTINUE,
T10,10,4.375,MYOPIC,3,1,3.655,,,,,1,NO_LOCALLY_FEASIBLE_ACTION,
T10,10,4.376,MYOPIC,1,3,4.376,0.36,45.63565539306423,DESTROYING,4.016,2,CONTINUE,
T10,10,4.376,MYOPIC,2,2,4.016,0.36,60.487668262582275,DESTROYING,3.656,1,CONTINUE,
T10,10,4.376,MYOPIC,3,1,3.656,,,,,1,NO_LOCALLY_FEASIBLE_ACTION,
T10,10,4.377,MYOPIC,1,3,4.377,0.36,45.60158198327736,DESTROYING,4.017,2,CONTINUE,
T10,10,4.377,MYOPIC,2,2,4.017,0.36,60.43806110136218,DESTROYING,3.657,1,CONTINUE,
T10,10,4.377,MYOPIC,3,1,3.657,,,,,1,NO_LOCALLY_FEASIBLE_ACTION,
T10,10,4.378,MYOPIC,1,3,4.378,0.36,45.567542485815,DESTROYING,4.018,2,CONTINUE,
T10,10,4.378,MYOPIC,2,2,4.018,0.36,60.38850817043245,DESTROYING,3.658,1,CONTINUE,
T10,10,4.378,MYOPIC,3,1,3.658,,,,,1,NO_LOCALLY_FEASIBLE_ACTION,
T10,10,4.379,MYOPIC,1,3,4.379,0.36,45.53353685849758,DESTROYING,4.019,2,CONTINUE,
T10,10,4.379,MYOPIC,2,2,4.019,0.36,60.33900939570803,DESTROYING,3.659,1,CONTINUE,
T10,10,4.379,MYOPIC,3,1,3.659,,,,,1,NO_LOCALLY_FEASIBLE_ACTION,
T10,10,4.38,MYOPIC,1,3,4.38,0.36,45.49956505920863,DESTROYING,4.02,2,CONTINUE,
T10,10,4.38,MYOPIC,2,2,4.02,0.36,60.2895647032252,DESTROYING,3.66,1,CONTINUE,
T10,10,4.38,MYOPIC,3,1,3.66,,,,,1,NO_LOCALLY_FEASIBLE_ACTION,
T10,10,4.381,MYOPIC,1,3,4.381,0.36,45.4656270458943,DESTROYING,4.021,2,CONTINUE,
T10,10,4.381,MYOPIC,2,2,4.021,0.36,60.24017401914151,DESTROYING,3.661,1,CONTINUE,
T10,10,4.381,MYOPIC,3,1,3.661,,,,,1,NO_LOCALLY_FEASIBLE_ACTION,
T10,10,4.382,MYOPIC,1,3,4.382,0.36,45.43172277656366,DESTROYING,4.022,2,CONTINUE,
T10,10,4.382,MYOPIC,2,2,4.022,0.36,60.19083726973547,DESTROYING,3.662,1,CONTINUE,
T10,10,4.382,MYOPIC,3,1,3.662,,,,,1,NO_LOCALLY_FEASIBLE_ACTION,
T10,10,4.383,MYOPIC,1,3,4.383,0.36,45.397852209288274,DESTROYING,4.023,2,CONTINUE,
T10,10,4.383,MYOPIC,2,2,4.023,0.36,60.14155438140617,DESTROYING,3.663,1,CONTINUE,
T10,10,4.383,MYOPIC,3,1,3.663,,,,,1,NO_LOCALLY_FEASIBLE_ACTION,
T10,10,4.384,MYOPIC,1,3,4.384,0.36,45.36401530220222,DESTROYING,4.024,2,CONTINUE,
T10,10,4.384,MYOPIC,2,2,4.024,0.36,60.09232528067336,DESTROYING,3.664,1,CONTINUE,
T10,10,4.384,MYOPIC,3,1,3.664,,,,,1,NO_LOCALLY_FEASIBLE_ACTION,
T10,10,4.385,MYOPIC,1,3,4.385,0.36,45.33021201350202,DESTROYING,4.025,2,CONTINUE,
T10,10,4.385,MYOPIC,2,2,4.025,0.36,60.04314989417697,DESTROYING,3.665,1,CONTINUE,
T10,10,4.385,MYOPIC,3,1,3.665,,,,,1,NO_LOCALLY_FEASIBLE_ACTION,
T10,10,4.386,MYOPIC,1,3,4.386,0.36,45.29644230144643,DESTROYING,4.026,2,CONTINUE,
T10,10,4.386,MYOPIC,2,2,4.026,0.36,59.994028148676975,DESTROYING,3.666,1,CONTINUE,
T10,10,4.386,MYOPIC,3,1,3.666,,,,,1,NO_LOCALLY_FEASIBLE_ACTION,
T10,10,4.387,MYOPIC,1,3,4.387,0.36,45.262706124356384,DESTROYING,4.027,2,CONTINUE,
T10,10,4.387,MYOPIC,2,2,4.027,0.36,59.9449599710532,DESTROYING,3.667,1,CONTINUE,
T10,10,4.387,MYOPIC,3,1,3.667,,,,,1,NO_LOCALLY_FEASIBLE_ACTION,
T10,10,4.388,MYOPIC,1,3,4.388,0.36,45.22900344061496,DESTROYING,4.028,2,CONTINUE,
T10,10,4.388,MYOPIC,2,2,4.028,0.36,59.895945288304915,DESTROYING,3.668,1,CONTINUE,
T10,10,4.388,MYOPIC,3,1,3.668,,,,,1,NO_LOCALLY_FEASIBLE_ACTION,
T10,10,4.389,MYOPIC,1,3,4.389,0.36,45.19533420866706,DESTROYING,4.029,2,CONTINUE,
T10,10,4.389,MYOPIC,2,2,4.029,0.36,59.84698402755085,DESTROYING,3.669,1,CONTINUE,
T10,10,4.389,MYOPIC,3,1,3.669,,,,,1,NO_LOCALLY_FEASIBLE_ACTION,
T10,10,4.39,MYOPIC,1,3,4.39,0.36,45.16169838701954,DESTROYING,4.03,2,CONTINUE,
T10,10,4.39,MYOPIC,2,2,4.03,0.36,59.79807611602888,DESTROYING,3.67,1,CONTINUE,
T10,10,4.39,MYOPIC,3,1,3.67,,,,,1,NO_LOCALLY_FEASIBLE_ACTION,
T10,10,4.391,MYOPIC,1,3,4.391,0.36,45.12809593424104,DESTROYING,4.031,2,CONTINUE,
T10,10,4.391,MYOPIC,2,2,4.031,0.36,59.74922148109571,DESTROYING,3.671,1,CONTINUE,
T10,10,4.391,MYOPIC,3,1,3.671,,,,,1,NO_LOCALLY_FEASIBLE_ACTION,
T10,10,4.392,MYOPIC,1,3,4.392,0.36,45.09452680896169,DESTROYING,4.032,2,CONTINUE,
T10,10,4.392,MYOPIC,2,2,4.032,0.36,59.700420050226654,DESTROYING,3.672,1,CONTINUE,
T10,10,4.392,MYOPIC,3,1,3.672,,,,,1,NO_LOCALLY_FEASIBLE_ACTION,
T10,10,4.393,MYOPIC,1,3,4.393,0.36,45.06099096987327,DESTROYING,4.033,2,CONTINUE,
T10,10,4.393,MYOPIC,2,2,4.033,0.36,59.65167175101557,DESTROYING,3.673,1,CONTINUE,
T10,10,4.393,MYOPIC,3,1,3.673,,,,,1,NO_LOCALLY_FEASIBLE_ACTION,
T10,10,4.394,MYOPIC,1,3,4.394,0.36,45.02748837572899,DESTROYING,4.034,2,CONTINUE,
T10,10,4.394,MYOPIC,2,2,4.034,0.36,59.60297651117456,DESTROYING,3.674,1,CONTINUE,
T10,10,4.394,MYOPIC,3,1,3.674,,,,,1,NO_LOCALLY_FEASIBLE_ACTION,
T10,10,4.395,MYOPIC,1,3,4.395,0.36,44.99401898534328,DESTROYING,4.035,2,CONTINUE,
T10,10,4.395,MYOPIC,2,2,4.035,0.36,59.55433425853356,DESTROYING,3.675,1,CONTINUE,
T10,10,4.395,MYOPIC,3,1,3.675,,,,,1,NO_LOCALLY_FEASIBLE_ACTION,
T10,10,4.396,MYOPIC,1,3,4.396,0.36,44.96058275759192,DESTROYING,4.036,2,CONTINUE,
T10,10,4.396,MYOPIC,2,2,4.036,0.36,59.50574492104035,DESTROYING,3.676,1,CONTINUE,
T10,10,4.396,MYOPIC,3,1,3.676,,,,,1,NO_LOCALLY_FEASIBLE_ACTION,
T10,10,4.397,MYOPIC,1,3,4.397,0.36,44.927179651411635,DESTROYING,4.037,2,CONTINUE,
T10,10,4.397,MYOPIC,2,2,4.037,0.36,59.45720842676034,DESTROYING,3.677,1,CONTINUE,
T10,10,4.397,MYOPIC,3,1,3.677,,,,,1,NO_LOCALLY_FEASIBLE_ACTION,
T10,10,4.398,MYOPIC,1,3,4.398,0.36,44.89380962580027,DESTROYING,4.038,2,CONTINUE,
T10,10,4.398,MYOPIC,2,2,4.038,0.36,59.408724703876146,DESTROYING,3.678,1,CONTINUE,
T10,10,4.398,MYOPIC,3,1,3.678,,,,,1,NO_LOCALLY_FEASIBLE_ACTION,
T10,10,4.399,MYOPIC,1,3,4.399,0.36,44.860472639816585,DESTROYING,4.039,2,CONTINUE,
T10,10,4.399,MYOPIC,2,2,4.039,0.36,59.360293680687484,DESTROYING,3.679,1,CONTINUE,
T10,10,4.399,MYOPIC,3,1,3.679,,,,,1,NO_LOCALLY_FEASIBLE_ACTION,
T10,10,4.4,MYOPIC,1,3,4.4,0.36,44.827168652579985,DESTROYING,4.04,2,CONTINUE,
T10,10,4.4,MYOPIC,2,2,4.04,0.36,59.31191528561094,DESTROYING,3.68,1,CONTINUE,
T10,10,4.4,MYOPIC,3,1,3.68,,,,,1,NO_LOCALLY_FEASIBLE_ACTION,
T10,10,4.401,MYOPIC,1,3,4.401,0.36,44.79389762327068,DESTROYING,4.041,2,CONTINUE,
T10,10,4.401,MYOPIC,2,2,4.041,0.36,59.263589447179825,DESTROYING,3.681,1,CONTINUE,
T10,10,4.401,MYOPIC,3,1,3.681,,,,,1,NO_LOCALLY_FEASIBLE_ACTION,
T10,10,4.402,MYOPIC,1,3,4.402,0.36,44.76065951112946,DESTROYING,4.042,2,CONTINUE,
T10,10,4.402,MYOPIC,2,2,4.042,0.36,59.215316094043835,DESTROYING,3.682,1,CONTINUE,
T10,10,4.402,MYOPIC,3,1,3.682,,,,,1,NO_LOCALLY_FEASIBLE_ACTION,
T10,10,4.403,MYOPIC,1,3,4.403,0.36,44.72745427545751,DESTROYING,4.043,2,CONTINUE,
T10,10,4.403,MYOPIC,2,2,4.043,0.36,59.167095154968806,DESTROYING,3.683,1,CONTINUE,
T10,10,4.403,MYOPIC,3,1,3.683,,,,,1,NO_LOCALLY_FEASIBLE_ACTION,
T10,10,4.404,MYOPIC,1,3,4.404,0.36,44.69428187561646,DESTROYING,4.044,2,CONTINUE,
T10,10,4.404,MYOPIC,2,2,4.044,0.36,59.118926558836634,DESTROYING,3.684,1,CONTINUE,
T10,10,4.404,MYOPIC,3,1,3.684,,,,,1,NO_LOCALLY_FEASIBLE_ACTION,
T10,10,4.405,MYOPIC,1,3,4.405,0.36,44.66114227102813,DESTROYING,4.045,2,CONTINUE,
T10,10,4.405,MYOPIC,2,2,4.045,0.36,59.07081023464499,DESTROYING,3.685,1,CONTINUE,
T10,10,4.405,MYOPIC,3,1,3.685,,,,,1,NO_LOCALLY_FEASIBLE_ACTION,
T10,10,4.406,MYOPIC,1,3,4.406,0.36,44.62803542117457,DESTROYING,4.046,2,CONTINUE,
T10,10,4.406,MYOPIC,2,2,4.046,0.36,59.02274611150704,DESTROYING,3.686,1,CONTINUE,
T10,10,4.406,MYOPIC,3,1,3.686,,,,,1,NO_LOCALLY_FEASIBLE_ACTION,
T10,10,4.407,MYOPIC,1,3,4.407,0.36,44.59496128559787,DESTROYING,4.047,2,CONTINUE,
T10,10,4.407,MYOPIC,2,2,4.047,0.36,58.97473411865128,DESTROYING,3.687,1,CONTINUE,
T10,10,4.407,MYOPIC,3,1,3.687,,,,,1,NO_LOCALLY_FEASIBLE_ACTION,
T10,10,4.408,MYOPIC,1,3,4.408,0.36,44.56191982390002,DESTROYING,4.048,2,CONTINUE,
T10,10,4.408,MYOPIC,2,2,4.048,0.36,58.92677418542132,DESTROYING,3.688,1,CONTINUE,
T10,10,4.408,MYOPIC,3,1,3.688,,,,,1,NO_LOCALLY_FEASIBLE_ACTION,
T10,10,4.409,MYOPIC,1,3,4.409,0.36,44.52891099574296,DESTROYING,4.049,2,CONTINUE,
T10,10,4.409,MYOPIC,2,2,4.049,0.36,58.87886624127572,DESTROYING,3.689,1,CONTINUE,
T10,10,4.409,MYOPIC,3,1,3.689,,,,,1,NO_LOCALLY_FEASIBLE_ACTION,
T10,10,4.41,MYOPIC,1,3,4.41,0.36,44.49593476084829,DESTROYING,4.05,2,CONTINUE,
T10,10,4.41,MYOPIC,2,2,4.05,0.36,58.83101021578763,DESTROYING,3.69,1,CONTINUE,
T10,10,4.41,MYOPIC,3,1,3.69,,,,,1,NO_LOCALLY_FEASIBLE_ACTION,
T10,10,4.411,MYOPIC,1,3,4.411,0.36,44.46299107899725,DESTROYING,4.051,2,CONTINUE,
T10,10,4.411,MYOPIC,2,2,4.051,0.36,58.78320603864467,DESTROYING,3.691,1,CONTINUE,
T10,10,4.411,MYOPIC,3,1,3.691,,,,,1,NO_LOCALLY_FEASIBLE_ACTION,
T10,10,4.412,MYOPIC,1,3,4.412,0.36,44.43007991003068,DESTROYING,4.052,2,CONTINUE,
T10,10,4.412,MYOPIC,2,2,4.052,0.36,58.7354536396487,DESTROYING,3.692,1,CONTINUE,
T10,10,4.412,MYOPIC,3,1,3.692,,,,,1,NO_LOCALLY_FEASIBLE_ACTION,
T10,10,4.413,MYOPIC,1,3,4.413,0.36,44.3972012138488,DESTROYING,4.053,2,CONTINUE,
T10,10,4.413,MYOPIC,2,2,4.053,0.36,58.68775294871562,DESTROYING,3.693,1,CONTINUE,
T10,10,4.413,MYOPIC,3,1,3.693,,,,,1,NO_LOCALLY_FEASIBLE_ACTION,
T10,10,4.414,MYOPIC,1,3,4.414,0.36,44.3643549504112,DESTROYING,4.054,2,CONTINUE,
T10,10,4.414,MYOPIC,2,2,4.054,0.36,58.64010389587514,DESTROYING,3.694,1,CONTINUE,
T10,10,4.414,MYOPIC,3,1,3.694,,,,,1,NO_LOCALLY_FEASIBLE_ACTION,
T10,10,4.415,MYOPIC,1,3,4.415,0.36,44.33154107973671,DESTROYING,4.055,2,CONTINUE,
T10,10,4.415,MYOPIC,2,2,4.055,0.36,58.592506411270506,DESTROYING,3.695,1,CONTINUE,
T10,10,4.415,MYOPIC,3,1,3.695,,,,,1,NO_LOCALLY_FEASIBLE_ACTION,
T10,10,4.416,MYOPIC,1,3,4.416,0.36,44.298759561903246,DESTROYING,4.056,2,CONTINUE,
T10,10,4.416,MYOPIC,2,2,4.056,0.36,58.54496042515837,DESTROYING,3.696,1,CONTINUE,
T10,10,4.416,MYOPIC,3,1,3.696,,,,,1,NO_LOCALLY_FEASIBLE_ACTION,
T10,10,4.417,MYOPIC,1,3,4.417,0.36,44.266010357047755,DESTROYING,4.057,2,CONTINUE,
T10,10,4.417,MYOPIC,2,2,4.057,0.36,58.49746586790855,DESTROYING,3.697,1,CONTINUE,
T10,10,4.417,MYOPIC,3,1,3.697,,,,,1,NO_LOCALLY_FEASIBLE_ACTION,
T10,10,4.418,MYOPIC,1,3,4.418,0.36,44.23329342536616,DESTROYING,4.058,2,CONTINUE,
T10,10,4.418,MYOPIC,2,2,4.058,0.36,58.45002267000382,DESTROYING,3.698,1,CONTINUE,
T10,10,4.418,MYOPIC,3,1,3.698,,,,,1,NO_LOCALLY_FEASIBLE_ACTION,
T10,10,4.419,MYOPIC,1,3,4.419,0.36,44.20060872711316,DESTROYING,4.059,2,CONTINUE,
T10,10,4.419,MYOPIC,2,2,4.059,0.36,58.40263076203965,DESTROYING,3.699,1,CONTINUE,
T10,10,4.419,MYOPIC,3,1,3.699,,,,,1,NO_LOCALLY_FEASIBLE_ACTION,
T10,10,4.42,MYOPIC,1,3,4.42,0.36,44.16795622260222,DESTROYING,4.06,2,CONTINUE,
T10,10,4.42,MYOPIC,2,2,4.06,0.36,58.35529007472402,DESTROYING,3.7,1,CONTINUE,
T10,10,4.42,MYOPIC,3,1,3.7,,,,,1,NO_LOCALLY_FEASIBLE_ACTION,
T10,10,4.421,MYOPIC,1,3,4.421,0.36,44.13533587220534,DESTROYING,4.061,2,CONTINUE,
T10,10,4.421,MYOPIC,2,2,4.061,0.36,58.30800053887728,DESTROYING,3.701,1,CONTINUE,
T10,10,4.421,MYOPIC,3,1,3.701,,,,,1,NO_LOCALLY_FEASIBLE_ACTION,
T10,10,4.422,MYOPIC,1,3,4.422,0.36,44.10274763635313,DESTROYING,4.062,2,CONTINUE,
T10,10,4.422,MYOPIC,2,2,4.062,0.36,58.26076208543178,DESTROYING,3.702,1,CONTINUE,
T10,10,4.422,MYOPIC,3,1,3.702,,,,,1,NO_LOCALLY_FEASIBLE_ACTION,
T10,10,4.423,MYOPIC,1,3,4.423,0.36,44.07019147553461,DESTROYING,4.063,2,CONTINUE,
T10,10,4.423,MYOPIC,2,2,4.063,0.36,58.213574645431834,DESTROYING,3.703,1,CONTINUE,
T10,10,4.423,MYOPIC,3,1,3.703,,,,,1,NO_LOCALLY_FEASIBLE_ACTION,
T10,10,4.424,MYOPIC,1,3,4.424,0.36,44.03766735029706,DESTROYING,4.064,2,CONTINUE,
T10,10,4.424,MYOPIC,2,2,4.064,0.36,58.166438150033386,DESTROYING,3.704,1,CONTINUE,
T10,10,4.424,MYOPIC,3,1,3.704,,,,,1,NO_LOCALLY_FEASIBLE_ACTION,
T10,10,4.425,MYOPIC,1,3,4.425,0.36,44.00517522124601,DESTROYING,4.065,2,CONTINUE,
T10,10,4.425,MYOPIC,2,2,4.065,0.36,58.11935253050383,DESTROYING,3.705,1,CONTINUE,
T10,10,4.425,MYOPIC,3,1,3.705,,,,,1,NO_LOCALLY_FEASIBLE_ACTION,
T10,10,4.426,MYOPIC,1,3,4.426,0.36,43.972715049045185,DESTROYING,4.066,2,CONTINUE,
T10,10,4.426,MYOPIC,2,2,4.066,0.36,58.07231771822184,DESTROYING,3.706,1,CONTINUE,
T10,10,4.426,MYOPIC,3,1,3.706,,,,,1,NO_LOCALLY_FEASIBLE_ACTION,
T10,10,4.427,MYOPIC,1,3,4.427,0.36,43.940286794416174,DESTROYING,4.067,2,CONTINUE,
T10,10,4.427,MYOPIC,2,2,4.067,0.36,58.02533364467711,DESTROYING,3.707,1,CONTINUE,
T10,10,4.427,MYOPIC,3,1,3.707,,,,,1,NO_LOCALLY_FEASIBLE_ACTION,
T10,10,4.428,MYOPIC,1,3,4.428,0.36,43.907890418138614,DESTROYING,4.068,2,CONTINUE,
T10,10,4.428,MYOPIC,2,2,4.068,0.36,57.97840024147011,DESTROYING,3.708,1,CONTINUE,
T10,10,4.428,MYOPIC,3,1,3.708,,,,,1,NO_LOCALLY_FEASIBLE_ACTION,
T10,10,4.429,MYOPIC,1,3,4.429,0.36,43.87552588104985,DESTROYING,4.069,2,CONTINUE,
T10,10,4.429,MYOPIC,2,2,4.069,0.36,57.93151744031205,DESTROYING,3.709,1,CONTINUE,
T10,10,4.429,MYOPIC,3,1,3.709,,,,,1,NO_LOCALLY_FEASIBLE_ACTION,
T10,10,4.43,MYOPIC,1,3,4.43,0.36,43.843193144045095,DESTROYING,4.07,2,CONTINUE,
T10,10,4.43,MYOPIC,2,2,4.07,0.36,57.884685173024444,DESTROYING,3.71,1,CONTINUE,
T10,10,4.43,MYOPIC,3,1,3.71,,,,,1,NO_LOCALLY_FEASIBLE_ACTION,
T10,10,4.431,MYOPIC,1,3,4.431,0.36,43.810892168077054,DESTROYING,4.071,2,CONTINUE,
T10,10,4.431,MYOPIC,2,2,4.071,0.36,57.837903371539085,DESTROYING,3.711,1,CONTINUE,
T10,10,4.431,MYOPIC,3,1,3.711,,,,,1,NO_LOCALLY_FEASIBLE_ACTION,
T10,10,4.432,MYOPIC,1,3,4.432,0.36,43.778622914155996,DESTROYING,4.072,2,CONTINUE,
T10,10,4.432,MYOPIC,2,2,4.072,0.36,57.79117196789761,DESTROYING,3.712,1,CONTINUE,
T10,10,4.432,MYOPIC,3,1,3.712,,,,,1,NO_LOCALLY_FEASIBLE_ACTION,
T10,10,4.433,MYOPIC,1,3,4.433,0.36,43.7463853433496,DESTROYING,4.073,2,CONTINUE,
T10,10,4.433,MYOPIC,2,2,4.073,0.36,57.74449089425169,DESTROYING,3.713,1,CONTINUE,
T10,10,4.433,MYOPIC,3,1,3.713,,,,,1,NO_LOCALLY_FEASIBLE_ACTION,
T10,10,4.434,MYOPIC,1,3,4.434,0.36,43.71417941678293,DESTROYING,4.074,2,CONTINUE,
T10,10,4.434,MYOPIC,2,2,4.074,0.36,57.697860082862384,DESTROYING,3.714,1,CONTINUE,
T10,10,4.434,MYOPIC,3,1,3.714,,,,,1,NO_LOCALLY_FEASIBLE_ACTION,
T10,10,4.435,MYOPIC,1,3,4.435,0.36,43.682005095638175,DESTROYING,4.075,2,CONTINUE,
T10,10,4.435,MYOPIC,2,2,4.075,0.36,57.651279466100135,DESTROYING,3.715,1,CONTINUE,
T10,10,4.435,MYOPIC,3,1,3.715,,,,,1,NO_LOCALLY_FEASIBLE_ACTION,
T10,10,4.436,MYOPIC,1,3,4.436,0.36,43.64986234115474,DESTROYING,4.076,2,CONTINUE,
T10,10,4.436,MYOPIC,2,2,4.076,0.36,57.604748976444654,DESTROYING,3.716,1,CONTINUE,
T10,10,4.436,MYOPIC,3,1,3.716,,,,,1,NO_LOCALLY_FEASIBLE_ACTION,
T10,10,4.437,MYOPIC,1,3,4.437,0.36,43.61775111462897,DESTROYING,4.077,2,CONTINUE,
T10,10,4.437,MYOPIC,2,2,4.077,0.36,57.55826854648456,DESTROYING,3.717,1,CONTINUE,
T10,10,4.437,MYOPIC,3,1,3.717,,,,,1,NO_LOCALLY_FEASIBLE_ACTION,
T10,10,4.438,MYOPIC,1,3,4.438,0.36,43.58567137741422,DESTROYING,4.078,2,CONTINUE,
T10,10,4.438,MYOPIC,2,2,4.078,0.36,57.51183810891722,DESTROYING,3.718,1,CONTINUE,
T10,10,4.438,MYOPIC,3,1,3.718,,,,,1,NO_LOCALLY_FEASIBLE_ACTION,
T10,10,4.439,MYOPIC,1,3,4.439,0.36,43.553623090920695,DESTROYING,4.079,2,CONTINUE,
T10,10,4.439,MYOPIC,2,2,4.079,0.36,57.46545759654853,DESTROYING,3.719,1,CONTINUE,
T10,10,4.439,MYOPIC,3,1,3.719,,,,,1,NO_LOCALLY_FEASIBLE_ACTION,
T10,10,4.44,MYOPIC,1,3,4.44,0.36,43.521606216615226,DESTROYING,4.08,2,CONTINUE,
T10,10,4.44,MYOPIC,2,2,4.08,0.36,57.4191269422928,DESTROYING,3.72,1,CONTINUE,
T10,10,4.44,MYOPIC,3,1,3.72,,,,,1,NO_LOCALLY_FEASIBLE_ACTION,
T10,10,4.441,MYOPIC,1,3,4.441,0.36,43.48962071602136,DESTROYING,4.081,2,CONTINUE,
T10,10,4.441,MYOPIC,2,2,4.081,0.36,57.37284607917246,DESTROYING,3.721,1,CONTINUE,
T10,10,4.441,MYOPIC,3,1,3.721,,,,,1,NO_LOCALLY_FEASIBLE_ACTION,
T10,10,4.442,MYOPIC,1,3,4.442,0.36,43.45766655071922,DESTROYING,4.082,2,CONTINUE,
T10,10,4.442,MYOPIC,2,2,4.082,0.36,57.326614940317846,DESTROYING,3.722,1,CONTINUE,
T10,10,4.442,MYOPIC,3,1,3.722,,,,,1,NO_LOCALLY_FEASIBLE_ACTION,
T10,10,4.443,MYOPIC,1,3,4.443,0.36,43.42574368234526,DESTROYING,4.083,2,CONTINUE,
T10,10,4.443,MYOPIC,2,2,4.083,0.36,57.28043345896708,DESTROYING,3.723,1,CONTINUE,
T10,10,4.443,MYOPIC,3,1,3.723,,,,,1,NO_LOCALLY_FEASIBLE_ACTION,
T10,10,4.444,MYOPIC,1,3,4.444,0.36,43.39385207259243,DESTROYING,4.084,2,CONTINUE,
T10,10,4.444,MYOPIC,2,2,4.084,0.36,57.23430156846579,DESTROYING,3.724,1,CONTINUE,
T10,10,4.444,MYOPIC,3,1,3.724,,,,,1,NO_LOCALLY_FEASIBLE_ACTION,
T10,10,4.445,MYOPIC,1,3,4.445,0.36,43.36199168320975,DESTROYING,4.085,2,CONTINUE,
T10,10,4.445,MYOPIC,2,2,4.085,0.36,57.188219202266936,DESTROYING,3.725,1,CONTINUE,
T10,10,4.445,MYOPIC,3,1,3.725,,,,,1,NO_LOCALLY_FEASIBLE_ACTION,
T10,10,4.446,MYOPIC,1,3,4.446,0.36,43.33016247600254,DESTROYING,4.086,2,CONTINUE,
T10,10,4.446,MYOPIC,2,2,4.086,0.36,57.14218629393066,DESTROYING,3.726,1,CONTINUE,
T10,10,4.446,MYOPIC,3,1,3.726,,,,,1,NO_LOCALLY_FEASIBLE_ACTION,
T10,10,4.447,MYOPIC,1,3,4.447,0.36,43.298364412832186,DESTROYING,4.087,2,CONTINUE,
T10,10,4.447,MYOPIC,2,2,4.087,0.36,57.09620277712396,DESTROYING,3.727,1,CONTINUE,
T10,10,4.447,MYOPIC,3,1,3.727,,,,,1,NO_LOCALLY_FEASIBLE_ACTION,
T10,10,4.448,MYOPIC,1,3,4.448,0.36,43.2665974556159,DESTROYING,4.088,2,CONTINUE,
T10,10,4.448,MYOPIC,2,2,4.088,0.36,57.05026858562059,DESTROYING,3.728,1,CONTINUE,
T10,10,4.448,MYOPIC,3,1,3.728,,,,,1,NO_LOCALLY_FEASIBLE_ACTION,
T10,10,4.449,MYOPIC,1,3,4.449,0.36,43.234861566326884,DESTROYING,4.089,2,CONTINUE,
T10,10,4.449,MYOPIC,2,2,4.089,0.36,57.0043836533009,DESTROYING,3.729,1,CONTINUE,
T10,10,4.449,MYOPIC,3,1,3.729,,,,,1,NO_LOCALLY_FEASIBLE_ACTION,
T10,10,4.45,MYOPIC,1,3,4.45,0.36,43.20315670699411,DESTROYING,4.09,2,CONTINUE,
T10,10,4.45,MYOPIC,2,2,4.09,0.36,56.95854791415147,DESTROYING,3.73,1,CONTINUE,
T10,10,4.45,MYOPIC,3,1,3.73,,,,,1,NO_LOCALLY_FEASIBLE_ACTION,
T10,10,4.451,MYOPIC,1,3,4.451,0.36,43.1714828397021,DESTROYING,4.091,2,CONTINUE,
T10,10,4.451,MYOPIC,2,2,4.091,0.36,56.912761302265054,DESTROYING,3.731,1,CONTINUE,
T10,10,4.451,MYOPIC,3,1,3.731,,,,,1,NO_LOCALLY_FEASIBLE_ACTION,
T10,10,4.452,MYOPIC,1,3,4.452,0.36,43.139839926591144,DESTROYING,4.092,2,CONTINUE,
T10,10,4.452,MYOPIC,2,2,4.092,0.36,56.86702375184036,DESTROYING,3.732,1,CONTINUE,
T10,10,4.452,MYOPIC,3,1,3.732,,,,,1,NO_LOCALLY_FEASIBLE_ACTION,
T10,10,4.453,MYOPIC,1,3,4.453,0.36,43.10822792985685,DESTROYING,4.093,2,CONTINUE,
T10,10,4.453,MYOPIC,2,2,4.093,0.36,56.82133519718181,DESTROYING,3.733,1,CONTINUE,
T10,10,4.453,MYOPIC,3,1,3.733,,,,,1,NO_LOCALLY_FEASIBLE_ACTION,
T10,10,4.454,MYOPIC,1,3,4.454,0.36,43.0766468117503,DESTROYING,4.094,2,CONTINUE,
T10,10,4.454,MYOPIC,2,2,4.094,0.36,56.775695572699355,DESTROYING,3.734,1,CONTINUE,
T10,10,4.454,MYOPIC,3,1,3.734,,,,,1,NO_LOCALLY_FEASIBLE_ACTION,
T10,10,4.455,MYOPIC,1,3,4.455,0.36,43.045096534577894,DESTROYING,4.095,2,CONTINUE,
T10,10,4.455,MYOPIC,2,2,4.095,0.36,56.73010481290829,DESTROYING,3.735,1,CONTINUE,
T10,10,4.455,MYOPIC,3,1,3.735,,,,,1,NO_LOCALLY_FEASIBLE_ACTION,
T10,10,4.456,MYOPIC,1,3,4.456,0.36,43.01357706070116,DESTROYING,4.096,2,CONTINUE,
T10,10,4.456,MYOPIC,2,2,4.096,0.36,56.68456285242903,DESTROYING,3.736,1,CONTINUE,
T10,10,4.456,MYOPIC,3,1,3.736,,,,,1,NO_LOCALLY_FEASIBLE_ACTION,
T10,10,4.457,MYOPIC,1,3,4.457,0.36,42.98208835253676,DESTROYING,4.097,2,CONTINUE,
T10,10,4.457,MYOPIC,2,2,4.097,0.36,56.639069625987005,DESTROYING,3.737,1,CONTINUE,
T10,10,4.457,MYOPIC,3,1,3.737,,,,,1,NO_LOCALLY_FEASIBLE_ACTION,
T10,10,4.458,MYOPIC,1,3,4.458,0.36,42.950630372556446,DESTROYING,4.098,2,CONTINUE,
T10,10,4.458,MYOPIC,2,2,4.098,0.36,56.59362506841227,DESTROYING,3.738,1,CONTINUE,
T10,10,4.458,MYOPIC,3,1,3.738,,,,,1,NO_LOCALLY_FEASIBLE_ACTION,
T10,10,4.459,MYOPIC,1,3,4.459,0.36,42.919203083286774,DESTROYING,4.099,2,CONTINUE,
T10,10,4.459,MYOPIC,2,2,4.099,0.36,56.54822911463953,DESTROYING,3.739,1,CONTINUE,
T10,10,4.459,MYOPIC,3,1,3.739,,,,,1,NO_LOCALLY_FEASIBLE_ACTION,
T10,10,4.46,MYOPIC,1,3,4.46,0.36,42.887806447309195,DESTROYING,4.1,2,CONTINUE,
T10,10,4.46,MYOPIC,2,2,4.1,0.36,56.502881699707814,DESTROYING,3.74,1,CONTINUE,
T10,10,4.46,MYOPIC,3,1,3.74,,,,,1,NO_LOCALLY_FEASIBLE_ACTION,
T10,10,4.461,MYOPIC,1,3,4.461,0.36,42.85644042725985,DESTROYING,4.101,2,CONTINUE,
T10,10,4.461,MYOPIC,2,2,4.101,0.36,56.457582758760324,DESTROYING,3.741,1,CONTINUE,
T10,10,4.461,MYOPIC,3,1,3.741,,,,,1,NO_LOCALLY_FEASIBLE_ACTION,
T10,10,4.462,MYOPIC,1,3,4.462,0.36,42.825104985829554,DESTROYING,4.102,2,CONTINUE,
T10,10,4.462,MYOPIC,2,2,4.102,0.36,56.41233222704422,DESTROYING,3.742,1,CONTINUE,
T10,10,4.462,MYOPIC,3,1,3.742,,,,,1,NO_LOCALLY_FEASIBLE_ACTION,
T10,10,4.463,MYOPIC,1,3,4.463,0.36,42.79380008576369,DESTROYING,4.103,2,CONTINUE,
T10,10,4.463,MYOPIC,2,2,4.103,0.36,56.36713003991038,DESTROYING,3.743,1,CONTINUE,
T10,10,4.463,MYOPIC,3,1,3.743,,,,,1,NO_LOCALLY_FEASIBLE_ACTION,
T10,10,4.464,MYOPIC,1,3,4.464,0.36,42.76252568986201,DESTROYING,4.104,2,CONTINUE,
T10,10,4.464,MYOPIC,2,2,4.104,0.36,56.3219761328133,DESTROYING,3.744,1,CONTINUE,
T10,10,4.464,MYOPIC,3,1,3.744,,,,,1,NO_LOCALLY_FEASIBLE_ACTION,
T10,10,4.465,MYOPIC,1,3,4.465,0.36,42.731281760978696,DESTROYING,4.105,2,CONTINUE,
T10,10,4.465,MYOPIC,2,2,4.105,0.36,56.27687044131094,DESTROYING,3.745,1,CONTINUE,
T10,10,4.465,MYOPIC,3,1,3.745,,,,,1,NO_LOCALLY_FEASIBLE_ACTION,
T10,10,4.466,MYOPIC,1,3,4.466,0.36,42.7000682620222,DESTROYING,4.106,2,CONTINUE,
T10,10,4.466,MYOPIC,2,2,4.106,0.36,56.23181290106433,DESTROYING,3.746,1,CONTINUE,
T10,10,4.466,MYOPIC,3,1,3.746,,,,,1,NO_LOCALLY_FEASIBLE_ACTION,
T10,10,4.467,MYOPIC,1,3,4.467,0.36,42.668885155955095,DESTROYING,4.107,2,CONTINUE,
T10,10,4.467,MYOPIC,2,2,4.107,0.36,56.18680344783754,DESTROYING,3.747,1,CONTINUE,
T10,10,4.467,MYOPIC,3,1,3.747,,,,,1,NO_LOCALLY_FEASIBLE_ACTION,
T10,10,4.468,MYOPIC,1,3,4.468,0.36,42.63773240579409,DESTROYING,4.108,2,CONTINUE,
T10,10,4.468,MYOPIC,2,2,4.108,0.36,56.141842017497424,DESTROYING,3.748,1,CONTINUE,
T10,10,4.468,MYOPIC,3,1,3.748,,,,,1,NO_LOCALLY_FEASIBLE_ACTION,
T10,10,4.469,MYOPIC,1,3,4.469,0.36,42.606609974609825,DESTROYING,4.109,2,CONTINUE,
T10,10,4.469,MYOPIC,2,2,4.109,0.36,56.09692854601351,DESTROYING,3.749,1,CONTINUE,
T10,10,4.469,MYOPIC,3,1,3.749,,,,,1,NO_LOCALLY_FEASIBLE_ACTION,
T10,10,4.47,MYOPIC,1,3,4.47,0.36,42.5755178255269,DESTROYING,4.11,2,CONTINUE,
T10,10,4.47,MYOPIC,2,2,4.11,0.36,56.052062969457715,DESTROYING,3.75,1,CONTINUE,
T10,10,4.47,MYOPIC,3,1,3.75,,,,,1,NO_LOCALLY_FEASIBLE_ACTION,
T10,10,4.471,MYOPIC,1,3,4.471,0.36,42.544455921723696,DESTROYING,4.111,2,CONTINUE,
T10,10,4.471,MYOPIC,2,2,4.111,0.36,56.00724522400413,DESTROYING,3.751,1,CONTINUE,
T10,10,4.471,MYOPIC,3,1,3.751,,,,,1,NO_LOCALLY_FEASIBLE_ACTION,
T10,10,4.472,MYOPIC,1,3,4.472,0.36,42.513424226432306,DESTROYING,4.112,2,CONTINUE,
T10,10,4.472,MYOPIC,2,2,4.112,0.36,55.96247524592898,DESTROYING,3.752,1,CONTINUE,
T10,10,4.472,MYOPIC,3,1,3.752,,,,,1,NO_LOCALLY_FEASIBLE_ACTION,
T10,10,4.473,MYOPIC,1,3,4.473,0.36,42.48242270293845,DESTROYING,4.113,2,CONTINUE,
T10,10,4.473,MYOPIC,2,2,4.113,0.36,55.91775297161024,DESTROYING,3.753,1,CONTINUE,
T10,10,4.473,MYOPIC,3,1,3.753,,,,,1,NO_LOCALLY_FEASIBLE_ACTION,
T10,10,4.474,MYOPIC,1,3,4.474,0.36,42.45145131458139,DESTROYING,4.114,2,CONTINUE,
T10,10,4.474,MYOPIC,2,2,4.114,0.36,55.87307833752768,DESTROYING,3.754,1,CONTINUE,
T10,10,4.474,MYOPIC,3,1,3.754,,,,,1,NO_LOCALLY_FEASIBLE_ACTION,
T10,10,4.475,MYOPIC,1,3,4.475,0.36,42.42051002475378,DESTROYING,4.115,2,CONTINUE,
T10,10,4.475,MYOPIC,2,2,4.115,0.36,55.8284512802624,DESTROYING,3.755,1,CONTINUE,
T10,10,4.475,MYOPIC,3,1,3.755,,,,,1,NO_LOCALLY_FEASIBLE_ACTION,
T10,10,4.476,MYOPIC,1,3,4.476,0.36,42.38959879690173,DESTROYING,4.116,2,CONTINUE,
T10,10,4.476,MYOPIC,2,2,4.116,0.36,55.783871736496856,DESTROYING,3.756,1,CONTINUE,
T10,10,4.476,MYOPIC,3,1,3.756,,,,,1,NO_LOCALLY_FEASIBLE_ACTION,
T10,10,4.477,MYOPIC,1,3,4.477,0.36,42.35871759452447,DESTROYING,4.117,2,CONTINUE,
T10,10,4.477,MYOPIC,2,2,4.117,0.36,55.73933964301458,DESTROYING,3.757,1,CONTINUE,
T10,10,4.477,MYOPIC,3,1,3.757,,,,,1,NO_LOCALLY_FEASIBLE_ACTION,
T10,10,4.478,MYOPIC,1,3,4.478,0.36,42.32786638117453,DESTROYING,4.118,2,CONTINUE,
T10,10,4.478,MYOPIC,2,2,4.118,0.36,55.69485493670001,DESTROYING,3.758,1,CONTINUE,
T10,10,4.478,MYOPIC,3,1,3.758,,,,,1,NO_LOCALLY_FEASIBLE_ACTION,
T10,10,4.479,MYOPIC,1,3,4.479,0.36,42.29704512045743,DESTROYING,4.119,2,CONTINUE,
T10,10,4.479,MYOPIC,2,2,4.119,0.36,55.65041755453831,DESTROYING,3.759,1,CONTINUE,
T10,10,4.479,MYOPIC,3,1,3.759,,,,,1,NO_LOCALLY_FEASIBLE_ACTION,
T10,10,4.48,MYOPIC,1,3,4.48,0.36,42.266253776031725,DESTROYING,4.12,2,CONTINUE,
T10,10,4.48,MYOPIC,2,2,4.12,0.36,55.60602743361519,DESTROYING,3.76,1,CONTINUE,
T10,10,4.48,MYOPIC,3,1,3.76,,,,,1,NO_LOCALLY_FEASIBLE_ACTION,
T10,10,4.481,MYOPIC,1,3,4.481,0.36,42.23549231160882,DESTROYING,4.121,2,CONTINUE,
T10,10,4.481,MYOPIC,2,2,4.121,0.36,55.561684511116574,DESTROYING,3.761,1,CONTINUE,
T10,10,4.481,MYOPIC,3,1,3.761,,,,,1,NO_LOCALLY_FEASIBLE_ACTION,
T10,10,4.482,MYOPIC,1,3,4.482,0.36,42.20476069095303,DESTROYING,4.122,2,CONTINUE,
T10,10,4.482,MYOPIC,2,2,4.122,0.36,55.517388724328754,DESTROYING,3.762,1,CONTINUE,
T10,10,4.482,MYOPIC,3,1,3.762,,,,,1,NO_LOCALLY_FEASIBLE_ACTION,
T10,10,4.483,MYOPIC,1,3,4.483,0.36,42.17405887788127,DESTROYING,4.123,2,CONTINUE,
T10,10,4.483,MYOPIC,2,2,4.123,0.36,55.47314001063783,DESTROYING,3.763,1,CONTINUE,
T10,10,4.483,MYOPIC,3,1,3.763,,,,,1,NO_LOCALLY_FEASIBLE_ACTION,
T10,10,4.484,MYOPIC,1,3,4.484,0.36,42.14338683626317,DESTROYING,4.124,2,CONTINUE,
T10,10,4.484,MYOPIC,2,2,4.124,0.36,55.42893830752971,DESTROYING,3.764,1,CONTINUE,
T10,10,4.484,MYOPIC,3,1,3.764,,,,,1,NO_LOCALLY_FEASIBLE_ACTION,
T10,10,4.485,MYOPIC,1,3,4.485,0.36,42.11274453002082,DESTROYING,4.125,2,CONTINUE,
T10,10,4.485,MYOPIC,2,2,4.125,0.36,55.38478355258995,DESTROYING,3.765,1,CONTINUE,
T10,10,4.485,MYOPIC,3,1,3.765,,,,,1,NO_LOCALLY_FEASIBLE_ACTION,
T10,10,4.486,MYOPIC,1,3,4.486,0.36,42.08213192312884,DESTROYING,4.126,2,CONTINUE,
T10,10,4.486,MYOPIC,2,2,4.126,0.36,55.34067568350351,DESTROYING,3.766,1,CONTINUE,
T10,10,4.486,MYOPIC,3,1,3.766,,,,,1,NO_LOCALLY_FEASIBLE_ACTION,
T10,10,4.487,MYOPIC,1,3,4.487,0.36,42.05154897961419,DESTROYING,4.127,2,CONTINUE,
T10,10,4.487,MYOPIC,2,2,4.127,0.36,55.29661463805452,DESTROYING,3.767,1,CONTINUE,
T10,10,4.487,MYOPIC,3,1,3.767,,,,,1,NO_LOCALLY_FEASIBLE_ACTION,
T10,10,4.488,MYOPIC,1,3,4.488,0.36,42.02099566355607,DESTROYING,4.128,2,CONTINUE,
T10,10,4.488,MYOPIC,2,2,4.128,0.36,55.25260035412625,DESTROYING,3.768,1,CONTINUE,
T10,10,4.488,MYOPIC,3,1,3.768,,,,,1,NO_LOCALLY_FEASIBLE_ACTION,
T10,10,4.489,MYOPIC,1,3,4.489,0.36,41.990471939085936,DESTROYING,4.129,2,CONTINUE,
T10,10,4.489,MYOPIC,2,2,4.129,0.36,55.2086327697007,DESTROYING,3.769,1,CONTINUE,
T10,10,4.489,MYOPIC,3,1,3.769,,,,,1,NO_LOCALLY_FEASIBLE_ACTION,
T10,10,4.49,MYOPIC,1,3,4.49,0.36,41.95997777038725,DESTROYING,4.13,2,CONTINUE,
T10,10,4.49,MYOPIC,2,2,4.13,0.36,55.16471182285864,DESTROYING,3.77,1,CONTINUE,
T10,10,4.49,MYOPIC,3,1,3.77,,,,,1,NO_LOCALLY_FEASIBLE_ACTION,
T10,10,4.491,MYOPIC,1,3,4.491,0.36,41.92951312169553,DESTROYING,4.131,2,CONTINUE,
T10,10,4.491,MYOPIC,2,2,4.131,0.36,55.12083745177936,DESTROYING,3.771,1,CONTINUE,
T10,10,4.491,MYOPIC,3,1,3.771,,,,,1,NO_LOCALLY_FEASIBLE_ACTION,
T10,10,4.492,MYOPIC,1,3,4.492,0.36,41.89907795729826,DESTROYING,4.132,2,CONTINUE,
T10,10,4.492,MYOPIC,2,2,4.132,0.36,55.077009594740375,DESTROYING,3.772,1,CONTINUE,
T10,10,4.492,MYOPIC,3,1,3.772,,,,,1,NO_LOCALLY_FEASIBLE_ACTION,
T10,10,4.493,MYOPIC,1,3,4.493,0.36,41.86867224153463,DESTROYING,4.133,2,CONTINUE,
T10,10,4.493,MYOPIC,2,2,4.133,0.36,55.03322819011733,DESTROYING,3.773,1,CONTINUE,
T10,10,4.493,MYOPIC,3,1,3.773,,,,,1,NO_LOCALLY_FEASIBLE_ACTION,
T10,10,4.494,MYOPIC,1,3,4.494,0.36,41.838295938795724,DESTROYING,4.134,2,CONTINUE,
T10,10,4.494,MYOPIC,2,2,4.134,0.36,54.989493176383924,DESTROYING,3.774,1,CONTINUE,
T10,10,4.494,MYOPIC,3,1,3.774,,,,,1,NO_LOCALLY_FEASIBLE_ACTION,
T10,10,4.495,MYOPIC,1,3,4.495,0.36,41.807949013524194,DESTROYING,4.135,2,CONTINUE,
T10,10,4.495,MYOPIC,2,2,4.135,0.36,54.9458044921115,DESTROYING,3.775,1,CONTINUE,
T10,10,4.495,MYOPIC,3,1,3.775,,,,,1,NO_LOCALLY_FEASIBLE_ACTION,
T10,10,4.496,MYOPIC,1,3,4.496,0.36,41.77763143021424,DESTROYING,4.136,2,CONTINUE,
T10,10,4.496,MYOPIC,2,2,4.136,0.36,54.90216207596903,DESTROYING,3.776,1,CONTINUE,
T10,10,4.496,MYOPIC,3,1,3.776,,,,,1,NO_LOCALLY_FEASIBLE_ACTION,
T10,10,4.497,MYOPIC,1,3,4.497,0.36,41.74734315341166,DESTROYING,4.137,2,CONTINUE,
T10,10,4.497,MYOPIC,2,2,4.137,0.36,54.858565866722884,DESTROYING,3.777,1,CONTINUE,
T10,10,4.497,MYOPIC,3,1,3.777,,,,,1,NO_LOCALLY_FEASIBLE_ACTION,
T10,10,4.498,MYOPIC,1,3,4.498,0.36,41.717084147713486,DESTROYING,4.138,2,CONTINUE,
T10,10,4.498,MYOPIC,2,2,4.138,0.36,54.815015803236726,DESTROYING,3.778,1,CONTINUE,
T10,10,4.498,MYOPIC,3,1,3.778,,,,,1,NO_LOCALLY_FEASIBLE_ACTION,
T10,10,4.499,MYOPIC,1,3,4.499,0.36,41.68685437776819,DESTROYING,4.139,2,CONTINUE,
T10,10,4.499,MYOPIC,2,2,4.139,0.36,54.77151182447112,DESTROYING,3.779,1,CONTINUE,
T10,10,4.499,MYOPIC,3,1,3.779,,,,,1,NO_LOCALLY_FEASIBLE_ACTION,
T10,10,4.5,MYOPIC,1,3,4.5,0.36,41.65665380827547,DESTROYING,4.14,2,CONTINUE,
T10,10,4.5,MYOPIC,2,2,4.14,0.36,54.728053869483595,DESTROYING,3.78,1,CONTINUE,
T10,10,4.5,MYOPIC,3,1,3.78,,,,,1,NO_LOCALLY_FEASIBLE_ACTION,
T10,10,4.501,MYOPIC,1,3,4.501,0.36,41.626482403986,DESTROYING,4.141,2,CONTINUE,
T10,10,4.501,MYOPIC,2,2,4.141,0.36,54.684641877428305,DESTROYING,3.781,1,CONTINUE,
T10,10,4.501,MYOPIC,3,1,3.781,,,,,1,NO_LOCALLY_FEASIBLE_ACTION,
T10,10,4.502,MYOPIC,1,3,4.502,0.36,41.59634012970168,DESTROYING,4.142,2,CONTINUE,
T10,10,4.502,MYOPIC,2,2,4.142,0.36,54.64127578755599,DESTROYING,3.782,1,CONTINUE,
T10,10,4.502,MYOPIC,3,1,3.782,,,,,1,NO_LOCALLY_FEASIBLE_ACTION,
T10,10,4.503,MYOPIC,1,3,4.503,0.36,41.566226950275336,DESTROYING,4.143,2,CONTINUE,
T10,10,4.503,MYOPIC,2,2,4.143,0.36,54.59795553921365,DESTROYING,3.783,1,CONTINUE,
T10,10,4.503,MYOPIC,3,1,3.783,,,,,1,NO_LOCALLY_FEASIBLE_ACTION,
T10,10,4.504,MYOPIC,1,3,4.504,0.36,41.53614283061056,DESTROYING,4.144,2,CONTINUE,
T10,10,4.504,MYOPIC,2,2,4.144,0.36,54.554681071844406,DESTROYING,3.784,1,CONTINUE,
T10,10,4.504,MYOPIC,3,1,3.784,,,,,1,NO_LOCALLY_FEASIBLE_ACTION,
T10,10,4.505,MYOPIC,1,3,4.505,0.36,41.50608773566187,DESTROYING,4.145,2,CONTINUE,
T10,10,4.505,MYOPIC,2,2,4.145,0.36,54.51145232498744,DESTROYING,3.785,1,CONTINUE,
T10,10,4.505,MYOPIC,3,1,3.785,,,,,1,NO_LOCALLY_FEASIBLE_ACTION,
T10,10,4.506,MYOPIC,1,3,4.506,0.36,41.476061630434394,DESTROYING,4.146,2,CONTINUE,
T10,10,4.506,MYOPIC,2,2,4.146,0.36,54.468269238277664,DESTROYING,3.786,1,CONTINUE,
T10,10,4.506,MYOPIC,3,1,3.786,,,,,1,NO_LOCALLY_FEASIBLE_ACTION,
T10,10,4.507,MYOPIC,1,3,4.507,0.36,41.446064479983946,DESTROYING,4.147,2,CONTINUE,
T10,10,4.507,MYOPIC,2,2,4.147,0.36,54.42513175144561,DESTROYING,3.787,1,CONTINUE,
T10,10,4.507,MYOPIC,3,1,3.787,,,,,1,NO_LOCALLY_FEASIBLE_ACTION,
T10,10,4.508,MYOPIC,1,3,4.508,0.36,41.41609624941688,DESTROYING,4.148,2,CONTINUE,
T10,10,4.508,MYOPIC,2,2,4.148,0.36,54.38203980431724,DESTROYING,3.788,1,CONTINUE,
T10,10,4.508,MYOPIC,3,1,3.788,,,,,1,NO_LOCALLY_FEASIBLE_ACTION,
T10,10,4.509,MYOPIC,1,3,4.509,0.36,41.386156903889876,DESTROYING,4.149,2,CONTINUE,
T10,10,4.509,MYOPIC,2,2,4.149,0.36,54.33899333681378,DESTROYING,3.789,1,CONTINUE,
T10,10,4.509,MYOPIC,3,1,3.789,,,,,1,NO_LOCALLY_FEASIBLE_ACTION,
T10,10,4.51,MYOPIC,1,3,4.51,0.36,41.35624640861013,DESTROYING,4.15,2,CONTINUE,
T10,10,4.51,MYOPIC,2,2,4.15,0.36,54.2959922889516,DESTROYING,3.79,1,CONTINUE,
T10,10,4.51,MYOPIC,3,1,3.79,,,,,1,NO_LOCALLY_FEASIBLE_ACTION,
T10,10,4.511,MYOPIC,1,3,4.511,0.36,41.32636472883508,DESTROYING,4.151,2,CONTINUE,
T10,10,4.511,MYOPIC,2,2,4.151,0.36,54.25303660084194,DESTROYING,3.791,1,CONTINUE,
T10,10,4.511,MYOPIC,3,1,3.791,,,,,1,NO_LOCALLY_FEASIBLE_ACTION,
T10,10,4.512,MYOPIC,1,3,4.512,0.36,41.29651182987225,DESTROYING,4.152,2,CONTINUE,
T10,10,4.512,MYOPIC,2,2,4.152,0.36,54.21012621269074,DESTROYING,3.792,1,CONTINUE,
T10,10,4.512,MYOPIC,3,1,3.792,,,,,1,NO_LOCALLY_FEASIBLE_ACTION,
T10,10,4.513,MYOPIC,1,3,4.513,0.36,41.26668767707942,DESTROYING,4.153,2,CONTINUE,
T10,10,4.513,MYOPIC,2,2,4.153,0.36,54.167261064798545,DESTROYING,3.793,1,CONTINUE,
T10,10,4.513,MYOPIC,3,1,3.793,,,,,1,NO_LOCALLY_FEASIBLE_ACTION,
T10,10,4.514,MYOPIC,1,3,4.514,0.36,41.23689223586426,DESTROYING,4.154,2,CONTINUE,
T10,10,4.514,MYOPIC,2,2,4.154,0.36,54.12444109756026,DESTROYING,3.794,1,CONTINUE,
T10,10,4.514,MYOPIC,3,1,3.794,,,,,1,NO_LOCALLY_FEASIBLE_ACTION,
T10,10,4.515,MYOPIC,1,3,4.515,0.36,41.20712547168453,DESTROYING,4.155,2,CONTINUE,
T10,10,4.515,MYOPIC,2,2,4.155,0.36,54.08166625146505,DESTROYING,3.795,1,CONTINUE,
T10,10,4.515,MYOPIC,3,1,3.795,,,,,1,NO_LOCALLY_FEASIBLE_ACTION,
T10,10,4.516,MYOPIC,1,3,4.516,0.36,41.177387350047745,DESTROYING,4.156,2,CONTINUE,
T10,10,4.516,MYOPIC,2,2,4.156,0.36,54.03893646709606,DESTROYING,3.796,1,CONTINUE,
T10,10,4.516,MYOPIC,3,1,3.796,,,,,1,NO_LOCALLY_FEASIBLE_ACTION,
T10,10,4.517,MYOPIC,1,3,4.517,0.36,41.1476778365112,DESTROYING,4.157,2,CONTINUE,
T10,10,4.517,MYOPIC,2,2,4.157,0.36,53.996251685130325,DESTROYING,3.797,1,CONTINUE,
T10,10,4.517,MYOPIC,3,1,3.797,,,,,1,NO_LOCALLY_FEASIBLE_ACTION,
T10,10,4.518,MYOPIC,1,3,4.518,0.36,41.11799689668186,DESTROYING,4.158,2,CONTINUE,
T10,10,4.518,MYOPIC,2,2,4.158,0.36,53.9536118463386,DESTROYING,3.798,1,CONTINUE,
T10,10,4.518,MYOPIC,3,1,3.798,,,,,1,NO_LOCALLY_FEASIBLE_ACTION,
T10,10,4.519,MYOPIC,1,3,4.519,0.36,41.08834449621642,DESTROYING,4.159,2,CONTINUE,
T10,10,4.519,MYOPIC,2,2,4.159,0.36,53.91101689158512,DESTROYING,3.799,1,CONTINUE,
T10,10,4.519,MYOPIC,3,1,3.799,,,,,1,NO_LOCALLY_FEASIBLE_ACTION,
T10,10,4.52,MYOPIC,1,3,4.52,0.36,41.058720600820905,DESTROYING,4.16,2,CONTINUE,
T10,10,4.52,MYOPIC,2,2,4.16,0.36,53.868466761827456,DESTROYING,3.8,1,CONTINUE,
T10,10,4.52,MYOPIC,3,1,3.8,,,,,1,NO_LOCALLY_FEASIBLE_ACTION,
T10,10,4.521,MYOPIC,1,3,4.521,0.36,41.029125176250965,DESTROYING,4.161,2,CONTINUE,
T10,10,4.521,MYOPIC,2,2,4.161,0.36,53.825961398116405,DESTROYING,3.801,1,CONTINUE,
T10,10,4.521,MYOPIC,3,1,3.801,,,,,1,NO_LOCALLY_FEASIBLE_ACTION,
T10,10,4.522,MYOPIC,1,3,4.522,0.36,40.999558188311454,DESTROYING,4.162,2,CONTINUE,
T10,10,4.522,MYOPIC,2,2,4.162,0.36,53.78350074159576,DESTROYING,3.802,1,CONTINUE,
T10,10,4.522,MYOPIC,3,1,3.802,,,,,1,NO_LOCALLY_FEASIBLE_ACTION,
T10,10,4.523,MYOPIC,1,3,4.523,0.36,40.970019602856574,DESTROYING,4.163,2,CONTINUE,
T10,10,4.523,MYOPIC,2,2,4.163,0.36,53.741084733502085,DESTROYING,3.803,1,CONTINUE,
T10,10,4.523,MYOPIC,3,1,3.803,,,,,1,NO_LOCALLY_FEASIBLE_ACTION,
T10,10,4.524,MYOPIC,1,3,4.524,0.36,40.940509385789774,DESTROYING,4.164,2,CONTINUE,
T10,10,4.524,MYOPIC,2,2,4.164,0.36,53.69871331516471,DESTROYING,3.804,1,CONTINUE,
T10,10,4.524,MYOPIC,3,1,3.804,,,,,1,NO_LOCALLY_FEASIBLE_ACTION,
T10,10,4.525,MYOPIC,1,3,4.525,0.36,40.91102750306345,DESTROYING,4.165,2,CONTINUE,
T10,10,4.525,MYOPIC,2,2,4.165,0.36,53.65638642800535,DESTROYING,3.805,1,CONTINUE,
T10,10,4.525,MYOPIC,3,1,3.805,,,,,1,NO_LOCALLY_FEASIBLE_ACTION,
T10,10,4.526,MYOPIC,1,3,4.526,0.36,40.88157392067915,DESTROYING,4.166,2,CONTINUE,
T10,10,4.526,MYOPIC,2,2,4.166,0.36,53.6141040135381,DESTROYING,3.806,1,CONTINUE,
T10,10,4.526,MYOPIC,3,1,3.806,,,,,1,NO_LOCALLY_FEASIBLE_ACTION,
T10,10,4.527,MYOPIC,1,3,4.527,0.36,40.852148604687365,DESTROYING,4.167,2,CONTINUE,
T10,10,4.527,MYOPIC,2,2,4.167,0.36,53.571866013369245,DESTROYING,3.807,1,CONTINUE,
T10,10,4.527,MYOPIC,3,1,3.807,,,,,1,NO_LOCALLY_FEASIBLE_ACTION,
T10,10,4.528,MYOPIC,1,3,4.528,0.36,40.82275152118738,DESTROYING,4.168,2,CONTINUE,
T10,10,4.528,MYOPIC,2,2,4.168,0.36,53.529672369196966,DESTROYING,3.808,1,CONTINUE,
T10,10,4.528,MYOPIC,3,1,3.808,,,,,1,NO_LOCALLY_FEASIBLE_ACTION,
T10,10,4.529,MYOPIC,1,3,4.529,0.36,40.7933826363273,DESTROYING,4.169,2,CONTINUE,
T10,10,4.529,MYOPIC,2,2,4.169,0.36,53.487523022811246,DESTROYING,3.809,1,CONTINUE,
T10,10,4.529,MYOPIC,3,1,3.809,,,,,1,NO_LOCALLY_FEASIBLE_ACTION,
T10,10,4.53,MYOPIC,1,3,4.53,0.36,40.76404191630387,DESTROYING,4.17,2,CONTINUE,
T10,10,4.53,MYOPIC,2,2,4.17,0.36,53.445417916093845,DESTROYING,3.81,1,CONTINUE,
T10,10,4.53,MYOPIC,3,1,3.81,,,,,1,NO_LOCALLY_FEASIBLE_ACTION,
T10,10,4.531,MYOPIC,1,3,4.531,0.36,40.73472932736253,DESTROYING,4.171,2,CONTINUE,
T10,10,4.531,MYOPIC,2,2,4.171,0.36,53.40335699101791,DESTROYING,3.811,1,CONTINUE,
T10,10,4.531,MYOPIC,3,1,3.811,,,,,1,NO_LOCALLY_FEASIBLE_ACTION,
T10,10,4.532,MYOPIC,1,3,4.532,0.36,40.70544483579725,DESTROYING,4.172,2,CONTINUE,
T10,10,4.532,MYOPIC,2,2,4.172,0.36,53.36134018964789,DESTROYING,3.812,1,CONTINUE,
T10,10,4.532,MYOPIC,3,1,3.812,,,,,1,NO_LOCALLY_FEASIBLE_ACTION,
T10,10,4.533,MYOPIC,1,3,4.533,0.36,40.67618840795035,DESTROYING,4.173,2,CONTINUE,
T10,10,4.533,MYOPIC,2,2,4.173,0.36,53.31936745413937,DESTROYING,3.813,1,CONTINUE,
T10,10,4.533,MYOPIC,3,1,3.813,,,,,1,NO_LOCALLY_FEASIBLE_ACTION,
T10,10,4.534,MYOPIC,1,3,4.534,0.36,40.64696001021262,DESTROYING,4.174,2,CONTINUE,
T10,10,4.534,MYOPIC,2,2,4.174,0.36,53.277438726738964,DESTROYING,3.814,1,CONTINUE,
T10,10,4.534,MYOPIC,3,1,3.814,,,,,1,NO_LOCALLY_FEASIBLE_ACTION,
T10,10,4.535,MYOPIC,1,3,4.535,0.36,40.617759609023146,DESTROYING,4.175,2,CONTINUE,
T10,10,4.535,MYOPIC,2,2,4.175,0.36,53.235553949784055,DESTROYING,3.815,1,CONTINUE,
T10,10,4.535,MYOPIC,3,1,3.815,,,,,1,NO_LOCALLY_FEASIBLE_ACTION,
T10,10,4.536,MYOPIC,1,3,4.536,0.36,40.58858717086911,DESTROYING,4.176,2,CONTINUE,
T10,10,4.536,MYOPIC,2,2,4.176,0.36,53.193713065702674,DESTROYING,3.816,1,CONTINUE,
T10,10,4.536,MYOPIC,3,1,3.816,,,,,1,NO_LOCALLY_FEASIBLE_ACTION,
T10,10,4.537,MYOPIC,1,3,4.537,0.36,40.55944266228596,DESTROYING,4.177,2,CONTINUE,
T10,10,4.537,MYOPIC,2,2,4.177,0.36,53.15191601701329,DESTROYING,3.817,1,CONTINUE,
T10,10,4.537,MYOPIC,3,1,3.817,,,,,1,NO_LOCALLY_FEASIBLE_ACTION,
T10,10,4.538,MYOPIC,1,3,4.538,0.36,40.530326049857074,DESTROYING,4.178,2,CONTINUE,
T10,10,4.538,MYOPIC,2,2,4.178,0.36,53.110162746324775,DESTROYING,3.818,1,CONTINUE,
T10,10,4.538,MYOPIC,3,1,3.818,,,,,1,NO_LOCALLY_FEASIBLE_ACTION,
T10,10,4.539,MYOPIC,1,3,4.539,0.36,40.50123730021388,DESTROYING,4.179,2,CONTINUE,
T10,10,4.539,MYOPIC,2,2,4.179,0.36,53.06845319633604,DESTROYING,3.819,1,CONTINUE,
T10,10,4.539,MYOPIC,3,1,3.819,,,,,1,NO_LOCALLY_FEASIBLE_ACTION,
T10,10,4.54,MYOPIC,1,3,4.54,0.36,40.47217638003568,DESTROYING,4.18,2,CONTINUE,
T10,10,4.54,MYOPIC,2,2,4.18,0.36,53.026787309836045,DESTROYING,3.82,1,CONTINUE,
T10,10,4.54,MYOPIC,3,1,3.82,,,,,1,NO_LOCALLY_FEASIBLE_ACTION,
T10,10,4.541,MYOPIC,1,3,4.541,0.36,40.443143256049474,DESTROYING,4.181,2,CONTINUE,
T10,10,4.541,MYOPIC,2,2,4.181,0.36,52.985165029703495,DESTROYING,3.821,1,CONTINUE,
T10,10,4.541,MYOPIC,3,1,3.821,,,,,1,NO_LOCALLY_FEASIBLE_ACTION,
T10,10,4.542,MYOPIC,1,3,4.542,0.36,40.414137895030166,DESTROYING,4.182,2,CONTINUE,
T10,10,4.542,MYOPIC,2,2,4.182,0.36,52.943586298906844,DESTROYING,3.822,1,CONTINUE,
T10,10,4.542,MYOPIC,3,1,3.822,,,,,1,NO_LOCALLY_FEASIBLE_ACTION,
T10,10,4.543,MYOPIC,1,3,4.543,0.36,40.385160263800216,DESTROYING,4.183,2,CONTINUE,
T10,10,4.543,MYOPIC,2,2,4.183,0.36,52.90205106050394,DESTROYING,3.823,1,CONTINUE,
T10,10,4.543,MYOPIC,3,1,3.823,,,,,1,NO_LOCALLY_FEASIBLE_ACTION,
T10,10,4.544,MYOPIC,1,3,4.544,0.36,40.35621032922957,DESTROYING,4.184,2,CONTINUE,
T10,10,4.544,MYOPIC,2,2,4.184,0.36,52.86055925764199,DESTROYING,3.824,1,CONTINUE,
T10,10,4.544,MYOPIC,3,1,3.824,,,,,1,NO_LOCALLY_FEASIBLE_ACTION,
T10,10,4.545,MYOPIC,1,3,4.545,0.36,40.327288058235844,DESTROYING,4.185,2,CONTINUE,
T10,10,4.545,MYOPIC,2,2,4.185,0.36,52.81911083355733,DESTROYING,3.825,1,CONTINUE,
T10,10,4.545,MYOPIC,3,1,3.825,,,,,1,NO_LOCALLY_FEASIBLE_ACTION,
T10,10,4.546,MYOPIC,1,3,4.546,0.36,40.29839341778387,DESTROYING,4.186,2,CONTINUE,
T10,10,4.546,MYOPIC,2,2,4.186,0.36,52.777705731575345,DESTROYING,3.826,1,CONTINUE,
T10,10,4.546,MYOPIC,3,1,3.826,,,,,1,NO_LOCALLY_FEASIBLE_ACTION,
T10,10,4.547,MYOPIC,1,3,4.547,0.36,40.269526374885935,DESTROYING,4.187,2,CONTINUE,
T10,10,4.547,MYOPIC,2,2,4.187,0.36,52.73634389511021,DESTROYING,3.827,1,CONTINUE,
T10,10,4.547,MYOPIC,3,1,3.827,,,,,1,NO_LOCALLY_FEASIBLE_ACTION,
T10,10,4.548,MYOPIC,1,3,4.548,0.36,40.24068689660155,DESTROYING,4.188,2,CONTINUE,
T10,10,4.548,MYOPIC,2,2,4.188,0.36,52.69502526766479,DESTROYING,3.828,1,CONTINUE,
T10,10,4.548,MYOPIC,3,1,3.828,,,,,1,NO_LOCALLY_FEASIBLE_ACTION,
T10,10,4.549,MYOPIC,1,3,4.549,0.36,40.21187495003736,DESTROYING,4.189,2,CONTINUE,
T10,10,4.549,MYOPIC,2,2,4.189,0.36,52.65374979283043,DESTROYING,3.829,1,CONTINUE,
T10,10,4.549,MYOPIC,3,1,3.829,,,,,1,NO_LOCALLY_FEASIBLE_ACTION,
T10,10,4.55,MYOPIC,1,3,4.55,0.36,40.18309050234715,DESTROYING,4.19,2,CONTINUE,
T10,10,4.55,MYOPIC,2,2,4.19,0.36,52.612517414286856,DESTROYING,3.83,1,CONTINUE,
T10,10,4.55,MYOPIC,3,1,3.83,,,,,1,NO_LOCALLY_FEASIBLE_ACTION,
T10,10,4.551,MYOPIC,1,3,4.551,0.36,40.154333520731676,DESTROYING,4.191,2,CONTINUE,
T10,10,4.551,MYOPIC,2,2,4.191,0.36,52.571328075801944,DESTROYING,3.831,1,CONTINUE,
T10,10,4.551,MYOPIC,3,1,3.831,,,,,1,NO_LOCALLY_FEASIBLE_ACTION,
T10,10,4.552,MYOPIC,1,3,4.552,0.36,40.12560397243863,DESTROYING,4.192,2,CONTINUE,
T10,10,4.552,MYOPIC,2,2,4.192,0.36,52.530181721231614,DESTROYING,3.832,1,CONTINUE,
T10,10,4.552,MYOPIC,3,1,3.832,,,,,1,NO_LOCALLY_FEASIBLE_ACTION,
T10,10,4.553,MYOPIC,1,3,4.553,0.36,40.096901824762625,DESTROYING,4.193,2,CONTINUE,
T10,10,4.553,MYOPIC,2,2,4.193,0.36,52.48907829451962,DESTROYING,3.833,1,CONTINUE,
T10,10,4.553,MYOPIC,3,1,3.833,,,,,1,NO_LOCALLY_FEASIBLE_ACTION,
T10,10,4.554,MYOPIC,1,3,4.554,0.36,40.06822704504492,DESTROYING,4.194,2,CONTINUE,
T10,10,4.554,MYOPIC,2,2,4.194,0.36,52.44801773969748,DESTROYING,3.834,1,CONTINUE,
T10,10,4.554,MYOPIC,3,1,3.834,,,,,1,NO_LOCALLY_FEASIBLE_ACTION,
T10,10,4.555,MYOPIC,1,3,4.555,0.36,40.039579600673626,DESTROYING,4.195,2,CONTINUE,
T10,10,4.555,MYOPIC,2,2,4.195,0.36,52.4070000008842,DESTROYING,3.835,1,CONTINUE,
T10,10,4.555,MYOPIC,3,1,3.835,,,,,1,NO_LOCALLY_FEASIBLE_ACTION,
T10,10,4.556,MYOPIC,1,3,4.556,0.36,40.01095945908339,DESTROYING,4.196,2,CONTINUE,
T10,10,4.556,MYOPIC,2,2,4.196,0.36,52.36602502228619,DESTROYING,3.836,1,CONTINUE,
T10,10,4.556,MYOPIC,3,1,3.836,,,,,1,NO_LOCALLY_FEASIBLE_ACTION,
T10,10,4.557,MYOPIC,1,3,4.557,0.36,39.98236658775538,DESTROYING,4.197,2,CONTINUE,
T10,10,4.557,MYOPIC,2,2,4.197,0.36,52.325092748197044,DESTROYING,3.837,1,CONTINUE,
T10,10,4.557,MYOPIC,3,1,3.837,,,,,1,NO_LOCALLY_FEASIBLE_ACTION,
T10,10,4.558,MYOPIC,1,3,4.558,0.36,39.95380095421732,DESTROYING,4.198,2,CONTINUE,
T10,10,4.558,MYOPIC,2,2,4.198,0.36,52.284203122997496,DESTROYING,3.838,1,CONTINUE,
T10,10,4.558,MYOPIC,3,1,3.838,,,,,1,NO_LOCALLY_FEASIBLE_ACTION,
T10,10,4.559,MYOPIC,1,3,4.559,0.36,39.925262526043255,DESTROYING,4.199,2,CONTINUE,
T10,10,4.559,MYOPIC,2,2,4.199,0.36,52.24335609115513,DESTROYING,3.839,1,CONTINUE,
T10,10,4.559,MYOPIC,3,1,3.839,,,,,1,NO_LOCALLY_FEASIBLE_ACTION,
T10,10,4.56,MYOPIC,1,3,4.56,0.36,39.89675127085353,DESTROYING,4.2,2,CONTINUE,
T10,10,4.56,MYOPIC,2,2,4.2,0.36,52.20255159722428,DESTROYING,3.84,1,CONTINUE,
T10,10,4.56,MYOPIC,3,1,3.84,,,,,1,NO_LOCALLY_FEASIBLE_ACTION,
T10,10,4.561,MYOPIC,1,3,4.561,0.36,39.86826715631479,DESTROYING,4.201,2,CONTINUE,
T10,10,4.561,MYOPIC,2,2,4.201,0.36,52.16178958584585,DESTROYING,3.841,1,CONTINUE,
T10,10,4.561,MYOPIC,3,1,3.841,,,,,1,NO_LOCALLY_FEASIBLE_ACTION,
T10,10,4.562,MYOPIC,1,3,4.562,0.36,39.83981015013977,DESTROYING,4.202,2,CONTINUE,
T10,10,4.562,MYOPIC,2,2,4.202,0.36,52.12107000174724,DESTROYING,3.842,1,CONTINUE,
T10,10,4.562,MYOPIC,3,1,3.842,,,,,1,NO_LOCALLY_FEASIBLE_ACTION,
T10,10,4.563,MYOPIC,1,3,4.563,0.36,39.81138022008733,DESTROYING,4.203,2,CONTINUE,
T10,10,4.563,MYOPIC,2,2,4.203,0.36,52.0803927897421,DESTROYING,3.843,1,CONTINUE,
T10,10,4.563,MYOPIC,3,1,3.843,,,,,1,NO_LOCALLY_FEASIBLE_ACTION,
T10,10,4.564,MYOPIC,1,3,4.564,0.36,39.78297733396235,DESTROYING,4.204,2,CONTINUE,
T10,10,4.564,MYOPIC,2,2,4.204,0.36,52.03975789473015,DESTROYING,3.844,1,CONTINUE,
T10,10,4.564,MYOPIC,3,1,3.844,,,,,1,NO_LOCALLY_FEASIBLE_ACTION,
T10,10,4.565,MYOPIC,1,3,4.565,0.36,39.75460145961555,DESTROYING,4.205,2,CONTINUE,
T10,10,4.565,MYOPIC,2,2,4.205,0.36,51.99916526169709,DESTROYING,3.845,1,CONTINUE,
T10,10,4.565,MYOPIC,3,1,3.845,,,,,1,NO_LOCALLY_FEASIBLE_ACTION,
T10,10,4.566,MYOPIC,1,3,4.566,0.36,39.72625256494357,DESTROYING,4.206,2,CONTINUE,
T10,10,4.566,MYOPIC,2,2,4.206,0.36,51.95861483571447,DESTROYING,3.846,1,CONTINUE,
T10,10,4.566,MYOPIC,3,1,3.846,,,,,1,NO_LOCALLY_FEASIBLE_ACTION,
T10,10,4.567,MYOPIC,1,3,4.567,0.36,39.697930617888886,DESTROYING,4.207,2,CONTINUE,
T10,10,4.567,MYOPIC,2,2,4.207,0.36,51.91810656193943,DESTROYING,3.847,1,CONTINUE,
T10,10,4.567,MYOPIC,3,1,3.847,,,,,1,NO_LOCALLY_FEASIBLE_ACTION,
T10,10,4.568,MYOPIC,1,3,4.568,0.36,39.669635586439504,DESTROYING,4.208,2,CONTINUE,
T10,10,4.568,MYOPIC,2,2,4.208,0.36,51.87764038561463,DESTROYING,3.848,1,CONTINUE,
T10,10,4.568,MYOPIC,3,1,3.848,,,,,1,NO_LOCALLY_FEASIBLE_ACTION,
T10,10,4.569,MYOPIC,1,3,4.569,0.36,39.64136743862921,DESTROYING,4.209,2,CONTINUE,
T10,10,4.569,MYOPIC,2,2,4.209,0.36,51.83721625206807,DESTROYING,3.849,1,CONTINUE,
T10,10,4.569,MYOPIC,3,1,3.849,,,,,1,NO_LOCALLY_FEASIBLE_ACTION,
T10,10,4.57,MYOPIC,1,3,4.57,0.36,39.61312614253726,DESTROYING,4.21,2,CONTINUE,
T10,10,4.57,MYOPIC,2,2,4.21,0.36,51.79683410671292,DESTROYING,3.85,1,CONTINUE,
T10,10,4.57,MYOPIC,3,1,3.85,,,,,1,NO_LOCALLY_FEASIBLE_ACTION,
T10,10,4.571,MYOPIC,1,3,4.571,0.36,39.58491166628836,DESTROYING,4.211,2,CONTINUE,
T10,10,4.571,MYOPIC,2,2,4.211,0.36,51.756493895047356,DESTROYING,3.851,1,CONTINUE,
T10,10,4.571,MYOPIC,3,1,3.851,,,,,1,NO_LOCALLY_FEASIBLE_ACTION,
T10,10,4.572,MYOPIC,1,3,4.572,0.36,39.55672397805272,DESTROYING,4.212,2,CONTINUE,
T10,10,4.572,MYOPIC,2,2,4.212,0.36,51.71619556265447,DESTROYING,3.852,1,CONTINUE,
T10,10,4.572,MYOPIC,3,1,3.852,,,,,1,NO_LOCALLY_FEASIBLE_ACTION,
T10,10,4.573,MYOPIC,1,3,4.573,0.36,39.528563046045726,DESTROYING,4.213,2,CONTINUE,
T10,10,4.573,MYOPIC,2,2,4.213,0.36,51.675939055202036,DESTROYING,3.853,1,CONTINUE,
T10,10,4.573,MYOPIC,3,1,3.853,,,,,1,NO_LOCALLY_FEASIBLE_ACTION,
T10,10,4.574,MYOPIC,1,3,4.574,0.36,39.500428838528094,DESTROYING,4.214,2,CONTINUE,
T10,10,4.574,MYOPIC,2,2,4.214,0.36,51.63572431844241,DESTROYING,3.854,1,CONTINUE,
T10,10,4.574,MYOPIC,3,1,3.854,,,,,1,NO_LOCALLY_FEASIBLE_ACTION,
T10,10,4.575,MYOPIC,1,3,4.575,0.36,39.47232132380577,DESTROYING,4.215,2,CONTINUE,
T10,10,4.575,MYOPIC,2,2,4.215,0.36,51.59555129821238,DESTROYING,3.855,1,CONTINUE,
T10,10,4.575,MYOPIC,3,1,3.855,,,,,1,NO_LOCALLY_FEASIBLE_ACTION,
T10,10,4.576,MYOPIC,1,3,4.576,0.36,39.44424047022963,DESTROYING,4.216,2,CONTINUE,
T10,10,4.576,MYOPIC,2,2,4.216,0.36,51.55541994043291,DESTROYING,3.856,1,CONTINUE,
T10,10,4.576,MYOPIC,3,1,3.856,,,,,1,NO_LOCALLY_FEASIBLE_ACTION,
T10,10,4.577,MYOPIC,1,3,4.577,0.36,39.41618624619572,DESTROYING,4.217,2,CONTINUE,
T10,10,4.577,MYOPIC,2,2,4.217,0.36,51.515330191109136,DESTROYING,3.857,1,CONTINUE,
T10,10,4.577,MYOPIC,3,1,3.857,,,,,1,NO_LOCALLY_FEASIBLE_ACTION,
T10,10,4.578,MYOPIC,1,3,4.578,0.36,39.38815862014494,DESTROYING,4.218,2,CONTINUE,
T10,10,4.578,MYOPIC,2,2,4.218,0.36,51.475281996330175,DESTROYING,3.858,1,CONTINUE,
T10,10,4.578,MYOPIC,3,1,3.858,,,,,1,NO_LOCALLY_FEASIBLE_ACTION,
T10,10,4.579,MYOPIC,1,3,4.579,0.36,39.360157560563124,DESTROYING,4.219,2,CONTINUE,
T10,10,4.579,MYOPIC,2,2,4.219,0.36,51.43527530226886,DESTROYING,3.859,1,CONTINUE,
T10,10,4.579,MYOPIC,3,1,3.859,,,,,1,NO_LOCALLY_FEASIBLE_ACTION,
T10,10,4.58,MYOPIC,1,3,4.58,0.36,39.33218303598084,DESTROYING,4.22,2,CONTINUE,
T10,10,4.58,MYOPIC,2,2,4.22,0.36,51.39531005518171,DESTROYING,3.86,1,CONTINUE,
T10,10,4.58,MYOPIC,3,1,3.86,,,,,1,NO_LOCALLY_FEASIBLE_ACTION,
T10,10,4.581,MYOPIC,1,3,4.581,0.36,39.30423501497342,DESTROYING,4.221,2,CONTINUE,
T10,10,4.581,MYOPIC,2,2,4.221,0.36,51.35538620140876,DESTROYING,3.861,1,CONTINUE,
T10,10,4.581,MYOPIC,3,1,3.861,,,,,1,NO_LOCALLY_FEASIBLE_ACTION,
T10,10,4.582,MYOPIC,1,3,4.582,0.36,39.27631346616083,DESTROYING,4.222,2,CONTINUE,
T10,10,4.582,MYOPIC,2,2,4.222,0.36,51.315503687373365,DESTROYING,3.862,1,CONTINUE,
T10,10,4.582,MYOPIC,3,1,3.862,,,,,1,NO_LOCALLY_FEASIBLE_ACTION,
T10,10,4.583,MYOPIC,1,3,4.583,0.36,39.248418358207665,DESTROYING,4.223,2,CONTINUE,
T10,10,4.583,MYOPIC,2,2,4.223,0.36,51.275662459582094,DESTROYING,3.863,1,CONTINUE,
T10,10,4.583,MYOPIC,3,1,3.863,,,,,1,NO_LOCALLY_FEASIBLE_ACTION,
T10,10,4.584,MYOPIC,1,3,4.584,0.36,39.22054965982289,DESTROYING,4.224,2,CONTINUE,
T10,10,4.584,MYOPIC,2,2,4.224,0.36,51.2358624646245,DESTROYING,3.864,1,CONTINUE,
T10,10,4.584,MYOPIC,3,1,3.864,,,,,1,NO_LOCALLY_FEASIBLE_ACTION,
T10,10,4.585,MYOPIC,1,3,4.585,0.36,39.19270733976004,DESTROYING,4.225,2,CONTINUE,
T10,10,4.585,MYOPIC,2,2,4.225,0.36,51.196103649173104,DESTROYING,3.865,1,CONTINUE,
T10,10,4.585,MYOPIC,3,1,3.865,,,,,1,NO_LOCALLY_FEASIBLE_ACTION,
T10,10,4.586,MYOPIC,1,3,4.586,0.36,39.16489136681687,DESTROYING,4.226,2,CONTINUE,
T10,10,4.586,MYOPIC,2,2,4.226,0.36,51.15638595998316,DESTROYING,3.866,1,CONTINUE,
T10,10,4.586,MYOPIC,3,1,3.866,,,,,1,NO_LOCALLY_FEASIBLE_ACTION,
T10,10,4.587,MYOPIC,1,3,4.587,0.36,39.13710170983555,DESTROYING,4.227,2,CONTINUE,
T10,10,4.587,MYOPIC,2,2,4.227,0.36,51.11670934389245,DESTROYING,3.867,1,CONTINUE,
T10,10,4.587,MYOPIC,3,1,3.867,,,,,1,NO_LOCALLY_FEASIBLE_ACTION,
T10,10,4.588,MYOPIC,1,3,4.588,0.36,39.10933833770236,DESTROYING,4.228,2,CONTINUE,
T10,10,4.588,MYOPIC,2,2,4.228,0.36,51.077073747821274,DESTROYING,3.868,1,CONTINUE,
T10,10,4.588,MYOPIC,3,1,3.868,,,,,1,NO_LOCALLY_FEASIBLE_ACTION,
T10,10,4.589,MYOPIC,1,3,4.589,0.36,39.08160121934772,DESTROYING,4.229,2,CONTINUE,
T10,10,4.589,MYOPIC,2,2,4.229,0.36,51.03747911877214,DESTROYING,3.869,1,CONTINUE,
T10,10,4.589,MYOPIC,3,1,3.869,,,,,1,NO_LOCALLY_FEASIBLE_ACTION,
T10,10,4.59,MYOPIC,1,3,4.59,0.36,39.05389032374616,DESTROYING,4.23,2,CONTINUE,
T10,10,4.59,MYOPIC,2,2,4.23,0.36,50.99792540382983,DESTROYING,3.87,1,CONTINUE,
T10,10,4.59,MYOPIC,3,1,3.87,,,,,1,NO_LOCALLY_FEASIBLE_ACTION,
T10,10,4.591,MYOPIC,1,3,4.591,0.36,39.02620561991619,DESTROYING,4.231,2,CONTINUE,
T10,10,4.591,MYOPIC,2,2,4.231,0.36,50.958412550161015,DESTROYING,3.871,1,CONTINUE,
T10,10,4.591,MYOPIC,3,1,3.871,,,,,1,NO_LOCALLY_FEASIBLE_ACTION,
T10,10,4.592,MYOPIC,1,3,4.592,0.36,38.998547076920154,DESTROYING,4.232,2,CONTINUE,
T10,10,4.592,MYOPIC,2,2,4.232,0.36,50.918940505014255,DESTROYING,3.872,1,CONTINUE,
T10,10,4.592,MYOPIC,3,1,3.872,,,,,1,NO_LOCALLY_FEASIBLE_ACTION,
T10,10,4.593,MYOPIC,1,3,4.593,0.36,38.970914663864356,DESTROYING,4.233,2,CONTINUE,
T10,10,4.593,MYOPIC,2,2,4.233,0.36,50.87950921571976,DESTROYING,3.873,1,CONTINUE,
T10,10,4.593,MYOPIC,3,1,3.873,,,,,1,NO_LOCALLY_FEASIBLE_ACTION,
T10,10,4.594,MYOPIC,1,3,4.594,0.36,38.94330834989874,DESTROYING,4.234,2,CONTINUE,
T10,10,4.594,MYOPIC,2,2,4.234,0.36,50.84011862968941,DESTROYING,3.874,1,CONTINUE,
T10,10,4.594,MYOPIC,3,1,3.874,,,,,1,NO_LOCALLY_FEASIBLE_ACTION,
T10,10,4.595,MYOPIC,1,3,4.595,0.36,38.91572810421705,DESTROYING,4.235,2,CONTINUE,
T10,10,4.595,MYOPIC,2,2,4.235,0.36,50.80076869441637,DESTROYING,3.875,1,CONTINUE,
T10,10,4.595,MYOPIC,3,1,3.875,,,,,1,NO_LOCALLY_FEASIBLE_ACTION,
T10,10,4.596,MYOPIC,1,3,4.596,0.36,38.88817389605667,DESTROYING,4.236,2,CONTINUE,
T10,10,4.596,MYOPIC,2,2,4.236,0.36,50.761459357475125,DESTROYING,3.876,1,CONTINUE,
T10,10,4.596,MYOPIC,3,1,3.876,,,,,1,NO_LOCALLY_FEASIBLE_ACTION,
T10,10,4.597,MYOPIC,1,3,4.597,0.36,38.86064569469842,DESTROYING,4.237,2,CONTINUE,
T10,10,4.597,MYOPIC,2,2,4.237,0.36,50.72219056652126,DESTROYING,3.877,1,CONTINUE,
T10,10,4.597,MYOPIC,3,1,3.877,,,,,1,NO_LOCALLY_FEASIBLE_ACTION,
T10,10,4.598,MYOPIC,1,3,4.598,0.36,38.833143469466684,DESTROYING,4.238,2,CONTINUE,
T10,10,4.598,MYOPIC,2,2,4.238,0.36,50.68296226929129,DESTROYING,3.878,1,CONTINUE,
T10,10,4.598,MYOPIC,3,1,3.878,,,,,1,NO_LOCALLY_FEASIBLE_ACTION,
T10,10,4.599,MYOPIC,1,3,4.599,0.36,38.80566718972927,DESTROYING,4.239,2,CONTINUE,
T10,10,4.599,MYOPIC,2,2,4.239,0.36,50.64377441360266,DESTROYING,3.879,1,CONTINUE,
T10,10,4.599,MYOPIC,3,1,3.879,,,,,1,NO_LOCALLY_FEASIBLE_ACTION,
T10,10,4.6,MYOPIC,1,3,4.6,0.36,38.778216824897235,DESTROYING,4.24,2,CONTINUE,
T10,10,4.6,MYOPIC,2,2,4.24,0.36,50.604626947353346,DESTROYING,3.88,1,CONTINUE,
T10,10,4.6,MYOPIC,3,1,3.88,,,,,1,NO_LOCALLY_FEASIBLE_ACTION,
T10,10,4.601,MYOPIC,1,3,4.601,0.36,38.75079234442502,DESTROYING,4.241,2,CONTINUE,
T10,10,4.601,MYOPIC,2,2,4.241,0.36,50.56551981852196,DESTROYING,3.881,1,CONTINUE,
T10,10,4.601,MYOPIC,3,1,3.881,,,,,1,NO_LOCALLY_FEASIBLE_ACTION,
T10,10,4.602,MYOPIC,1,3,4.602,0.36,38.72339371781016,DESTROYING,4.242,2,CONTINUE,
T10,10,4.602,MYOPIC,2,2,4.242,0.36,50.526452975167395,DESTROYING,3.882,1,CONTINUE,
T10,10,4.602,MYOPIC,3,1,3.882,,,,,1,NO_LOCALLY_FEASIBLE_ACTION,
T10,10,4.603,MYOPIC,1,3,4.603,0.36,38.69602091459336,DESTROYING,4.243,2,CONTINUE,
T10,10,4.603,MYOPIC,2,2,4.243,0.36,50.487426365428945,DESTROYING,3.883,1,CONTINUE,
T10,10,4.603,MYOPIC,3,1,3.883,,,,,1,NO_LOCALLY_FEASIBLE_ACTION,
T10,10,4.604,MYOPIC,1,3,4.604,0.36,38.668673904358386,DESTROYING,4.244,2,CONTINUE,
T10,10,4.604,MYOPIC,2,2,4.244,0.36,50.44843993752582,DESTROYING,3.884,1,CONTINUE,
T10,10,4.604,MYOPIC,3,1,3.884,,,,,1,NO_LOCALLY_FEASIBLE_ACTION,
T10,10,4.605,MYOPIC,1,3,4.605,0.36,38.64135265673196,DESTROYING,4.245,2,CONTINUE,
T10,10,4.605,MYOPIC,2,2,4.245,0.36,50.40949363975729,DESTROYING,3.885,1,CONTINUE,
T10,10,4.605,MYOPIC,3,1,3.885,,,,,1,NO_LOCALLY_FEASIBLE_ACTION,
T10,10,4.606,MYOPIC,1,3,4.606,0.36,38.6140571413837,DESTROYING,4.246,2,CONTINUE,
T10,10,4.606,MYOPIC,2,2,4.246,0.36,50.37058742050237,DESTROYING,3.886,1,CONTINUE,
T10,10,4.606,MYOPIC,3,1,3.886,,,,,1,NO_LOCALLY_FEASIBLE_ACTION,
T10,10,4.607,MYOPIC,1,3,4.607,0.36,38.58678732802613,DESTROYING,4.247,2,CONTINUE,
T10,10,4.607,MYOPIC,2,2,4.247,0.36,50.3317212282198,DESTROYING,3.887,1,CONTINUE,
T10,10,4.607,MYOPIC,3,1,3.887,,,,,1,NO_LOCALLY_FEASIBLE_ACTION,
T10,10,4.608,MYOPIC,1,3,4.608,0.36,38.55954318641445,DESTROYING,4.248,2,CONTINUE,
T10,10,4.608,MYOPIC,2,2,4.248,0.36,50.29289501144779,DESTROYING,3.888,1,CONTINUE,
T10,10,4.608,MYOPIC,3,1,3.888,,,,,1,NO_LOCALLY_FEASIBLE_ACTION,
T10,10,4.609,MYOPIC,1,3,4.609,0.36,38.53232468634667,DESTROYING,4.249,2,CONTINUE,
T10,10,4.609,MYOPIC,2,2,4.249,0.36,50.25410871880395,DESTROYING,3.889,1,CONTINUE,
T10,10,4.609,MYOPIC,3,1,3.889,,,,,1,NO_LOCALLY_FEASIBLE_ACTION,
T10,10,4.61,MYOPIC,1,3,4.61,0.36,38.5051317976633,DESTROYING,4.25,2,CONTINUE,
T10,10,4.61,MYOPIC,2,2,4.25,0.36,50.215362298985056,DESTROYING,3.89,1,CONTINUE,
T10,10,4.61,MYOPIC,3,1,3.89,,,,,1,NO_LOCALLY_FEASIBLE_ACTION,
T10,10,4.18,RPRA,1,3,4.18,0.36,53.026787309836045,PRESERVING,3.82,2,CONTINUE,
T10,10,4.18,RPRA,2,2,3.82,0.36,71.36037244201924,PRESERVING,3.46,1,CONTINUE,
T10,10,4.18,RPRA,3,1,3.46,0.36,99.22025135628195,PRESERVING,3.1,0,TERMINAL_REACHED,
T10,10,4.181,RPRA,1,3,4.181,0.36,52.985165029703495,PRESERVING,3.821,2,CONTINUE,
T10,10,4.181,RPRA,2,2,3.821,0.36,71.29853503433206,PRESERVING,3.461,1,CONTINUE,
T10,10,4.181,RPRA,3,1,3.461,0.36,99.12429367303372,PRESERVING,3.101,0,TERMINAL_REACHED,
T10,10,4.182,RPRA,1,3,4.182,0.36,52.943586298906844,PRESERVING,3.822,2,CONTINUE,
T10,10,4.182,RPRA,2,2,3.822,0.36,71.23676905304204,PRESERVING,3.462,1,CONTINUE,
T10,10,4.182,RPRA,3,1,3.462,0.36,99.02845968643378,PRESERVING,3.102,0,TERMINAL_REACHED,
T10,10,4.183,RPRA,1,3,4.183,0.36,52.90205106050394,PRESERVING,3.823,2,CONTINUE,
T10,10,4.183,RPRA,2,2,3.823,0.36,71.17507439505117,PRESERVING,3.463,1,CONTINUE,
T10,10,4.183,RPRA,3,1,3.463,0.36,98.93274919722856,PRESERVING,3.103,0,TERMINAL_REACHED,
T10,10,4.184,RPRA,1,3,4.184,0.36,52.86055925764199,PRESERVING,3.824,2,CONTINUE,
T10,10,4.184,RPRA,2,2,3.824,0.36,71.11345095743972,PRESERVING,3.464,1,CONTINUE,
T10,10,4.184,RPRA,3,1,3.464,0.36,98.83716200654949,PRESERVING,3.104,0,TERMINAL_REACHED,
T10,10,4.185,RPRA,1,3,4.185,0.36,52.81911083355733,PRESERVING,3.825,2,CONTINUE,
T10,10,4.185,RPRA,2,2,3.825,0.36,71.05189863746628,PRESERVING,3.465,1,CONTINUE,
T10,10,4.185,RPRA,3,1,3.465,0.36,98.74169791591217,PRESERVING,3.105,0,TERMINAL_REACHED,
T10,10,4.186,RPRA,1,3,4.186,0.36,52.777705731575345,PRESERVING,3.826,2,CONTINUE,
T10,10,4.186,RPRA,2,2,3.826,0.36,70.99041733256718,PRESERVING,3.466,1,CONTINUE,
T10,10,4.186,RPRA,3,1,3.466,0.36,98.64635672721552,PRESERVING,3.106,0,TERMINAL_REACHED,
T10,10,4.187,RPRA,1,3,4.187,0.36,52.73634389511021,PRESERVING,3.827,2,CONTINUE,
T10,10,4.187,RPRA,2,2,3.827,0.36,70.92900694035627,PRESERVING,3.467,1,CONTINUE,
T10,10,4.187,RPRA,3,1,3.467,0.36,98.55113824274075,PRESERVING,3.107,0,TERMINAL_REACHED,
T10,10,4.188,RPRA,1,3,4.188,0.36,52.69502526766479,PRESERVING,3.828,2,CONTINUE,
T10,10,4.188,RPRA,2,2,3.828,0.36,70.86766735862443,PRESERVING,3.468,1,CONTINUE,
T10,10,4.188,RPRA,3,1,3.468,0.36,98.45604226515093,PRESERVING,3.108,0,TERMINAL_REACHED,
T10,10,4.189,RPRA,1,3,4.189,0.36,52.65374979283043,PRESERVING,3.829,2,CONTINUE,
T10,10,4.189,RPRA,2,2,3.829,0.36,70.80639848533926,PRESERVING,3.469,1,CONTINUE,
T10,10,4.189,RPRA,3,1,3.469,0.36,98.36106859748955,PRESERVING,3.109,0,TERMINAL_REACHED,
T10,10,4.19,RPRA,1,3,4.19,0.36,52.612517414286856,PRESERVING,3.83,2,CONTINUE,
T10,10,4.19,RPRA,2,2,3.83,0.36,70.7452002186447,PRESERVING,3.47,1,CONTINUE,
T10,10,4.19,RPRA,3,1,3.47,0.36,98.26621704318018,PRESERVING,3.11,0,TERMINAL_REACHED,
T10,10,4.191,RPRA,1,3,4.191,0.36,52.571328075801944,PRESERVING,3.831,2,CONTINUE,
T10,10,4.191,RPRA,2,2,3.831,0.36,70.68407245686083,PRESERVING,3.471,1,CONTINUE,
T10,10,4.191,RPRA,3,1,3.471,0.361,98.59773557723867,PRESERVING,3.11,0,TERMINAL_REACHED,
T10,10,4.192,RPRA,1,3,4.192,0.36,52.530181721231614,PRESERVING,3.832,2,CONTINUE,
T10,10,4.192,RPRA,2,2,3.832,0.36,70.62301509848332,PRESERVING,3.472,1,CONTINUE,
T10,10,4.192,RPRA,3,1,3.472,0.362,98.9294860648411,PRESERVING,3.11,0,TERMINAL_REACHED,
T10,10,4.193,RPRA,1,3,4.193,0.36,52.48907829451962,PRESERVING,3.833,2,CONTINUE,
T10,10,4.193,RPRA,2,2,3.833,0.36,70.56202804218312,PRESERVING,3.473,1,CONTINUE,
T10,10,4.193,RPRA,3,1,3.473,0.363,99.26146811654067,PRESERVING,3.11,0,TERMINAL_REACHED,
T10,10,4.194,RPRA,1,3,4.194,0.36,52.44801773969748,PRESERVING,3.834,2,CONTINUE,
T10,10,4.194,RPRA,2,2,3.834,0.36,70.50111118680618,PRESERVING,3.474,1,CONTINUE,
T10,10,4.194,RPRA,3,1,3.474,0.364,99.59368134445097,PRESERVING,3.11,0,TERMINAL_REACHED,
T10,10,4.195,RPRA,1,3,4.195,0.36,52.4070000008842,PRESERVING,3.835,2,CONTINUE,
T10,10,4.195,RPRA,2,2,3.835,0.36,70.44026443137308,PRESERVING,3.475,1,CONTINUE,
T10,10,4.195,RPRA,3,1,3.475,0.365,99.92612536223533,PRESERVING,3.11,0,TERMINAL_REACHED,
T10,10,4.196,RPRA,1,3,4.196,0.36,52.36602502228619,PRESERVING,3.836,2,CONTINUE,
T10,10,4.196,RPRA,2,2,3.836,0.361,70.67790717275103,PRESERVING,3.475,1,CONTINUE,
T10,10,4.196,RPRA,3,1,3.475,0.365,99.92612536223533,PRESERVING,3.11,0,TERMINAL_REACHED,
T10,10,4.197,RPRA,1,3,4.197,0.36,52.325092748197044,PRESERVING,3.837,2,CONTINUE,
T10,10,4.197,RPRA,2,2,3.837,0.362,70.9157161856052,PRESERVING,3.475,1,CONTINUE,
T10,10,4.197,RPRA,3,1,3.475,0.365,99.92612536223533,PRESERVING,3.11,0,TERMINAL_REACHED,
T10,10,4.198,RPRA,1,3,4.198,0.36,52.284203122997496,PRESERVING,3.838,2,CONTINUE,
T10,10,4.198,RPRA,2,2,3.838,0.363,71.15369119076809,PRESERVING,3.475,1,CONTINUE,
T10,10,4.198,RPRA,3,1,3.475,0.365,99.92612536223533,PRESERVING,3.11,0,TERMINAL_REACHED,
T10,10,4.199,RPRA,1,3,4.199,0.36,52.24335609115513,PRESERVING,3.839,2,CONTINUE,
T10,10,4.199,RPRA,2,2,3.839,0.364,71.39183191019069,PRESERVING,3.475,1,CONTINUE,
T10,10,4.199,RPRA,3,1,3.475,0.365,99.92612536223533,PRESERVING,3.11,0,TERMINAL_REACHED,
T10,10,4.2,RPRA,1,3,4.2,0.36,52.20255159722428,PRESERVING,3.84,2,CONTINUE,
T10,10,4.2,RPRA,2,2,3.84,0.365,71.63013806693496,PRESERVING,3.475,1,CONTINUE,
T10,10,4.2,RPRA,3,1,3.475,0.365,99.92612536223533,PRESERVING,3.11,0,TERMINAL_REACHED,
T10,10,4.201,RPRA,1,3,4.201,0.36,52.16178958584585,PRESERVING,3.841,2,CONTINUE,
T10,10,4.201,RPRA,2,2,3.841,0.366,71.86860938516625,PRESERVING,3.475,1,CONTINUE,
T10,10,4.201,RPRA,3,1,3.475,0.365,99.92612536223533,PRESERVING,3.11,0,TERMINAL_REACHED,
T10,10,4.202,RPRA,1,3,4.202,0.36,52.12107000174724,PRESERVING,3.842,2,CONTINUE,
T10,10,4.202,RPRA,2,2,3.842,0.367,72.10724559014592,PRESERVING,3.475,1,CONTINUE,
T10,10,4.202,RPRA,3,1,3.475,0.365,99.92612536223533,PRESERVING,3.11,0,TERMINAL_REACHED,
T10,10,4.203,RPRA,1,3,4.203,0.36,52.0803927897421,PRESERVING,3.843,2,CONTINUE,
T10,10,4.203,RPRA,2,2,3.843,0.368,72.34604640822278,PRESERVING,3.475,1,CONTINUE,
T10,10,4.203,RPRA,3,1,3.475,0.365,99.92612536223533,PRESERVING,3.11,0,TERMINAL_REACHED,
T10,10,4.204,RPRA,1,3,4.204,0.36,52.03975789473015,PRESERVING,3.844,2,CONTINUE,
T10,10,4.204,RPRA,2,2,3.844,0.369,72.58501156682772,PRESERVING,3.475,1,CONTINUE,
T10,10,4.204,RPRA,3,1,3.475,0.365,99.92612536223533,PRESERVING,3.11,0,TERMINAL_REACHED,
T10,10,4.205,RPRA,1,3,4.205,0.36,51.99916526169709,PRESERVING,3.845,2,CONTINUE,
T10,10,4.205,RPRA,2,2,3.845,0.37,72.82414079446497,PRESERVING,3.475,1,CONTINUE,
T10,10,4.205,RPRA,3,1,3.475,0.365,99.92612536223533,PRESERVING,3.11,0,TERMINAL_REACHED,
T10,10,4.206,RPRA,1,3,4.206,0.36,51.95861483571447,PRESERVING,3.846,2,CONTINUE,
T10,10,4.206,RPRA,2,2,3.846,0.371,73.0634338207056,PRESERVING,3.475,1,CONTINUE,
T10,10,4.206,RPRA,3,1,3.475,0.365,99.92612536223533,PRESERVING,3.11,0,TERMINAL_REACHED,
T10,10,4.207,RPRA,1,3,4.207,0.36,51.91810656193943,PRESERVING,3.847,2,CONTINUE,
T10,10,4.207,RPRA,2,2,3.847,0.372,73.30289037617982,PRESERVING,3.475,1,CONTINUE,
T10,10,4.207,RPRA,3,1,3.475,0.365,99.92612536223533,PRESERVING,3.11,0,TERMINAL_REACHED,
T10,10,4.208,RPRA,1,3,4.208,0.36,51.87764038561463,PRESERVING,3.848,2,CONTINUE,
T10,10,4.208,RPRA,2,2,3.848,0.373,73.54251019256964,PRESERVING,3.475,1,CONTINUE,
T10,10,4.208,RPRA,3,1,3.475,0.365,99.92612536223533,PRESERVING,3.11,0,TERMINAL_REACHED,
T10,10,4.209,RPRA,1,3,4.209,0.36,51.83721625206807,PRESERVING,3.849,2,CONTINUE,
T10,10,4.209,RPRA,2,2,3.849,0.374,73.78229300260315,PRESERVING,3.475,1,CONTINUE,
T10,10,4.209,RPRA,3,1,3.475,0.365,99.92612536223533,PRESERVING,3.11,0,TERMINAL_REACHED,
T10,10,4.21,RPRA,1,3,4.21,0.36,51.79683410671292,PRESERVING,3.85,2,CONTINUE,
T10,10,4.21,RPRA,2,2,3.85,0.375,74.02223854004656,PRESERVING,3.475,1,CONTINUE,
T10,10,4.21,RPRA,3,1,3.475,0.365,99.92612536223533,PRESERVING,3.11,0,TERMINAL_REACHED,
T10,10,4.211,RPRA,1,3,4.211,0.36,51.756493895047356,PRESERVING,3.851,2,CONTINUE,
T10,10,4.211,RPRA,2,2,3.851,0.376,74.26234653969715,PRESERVING,3.475,1,CONTINUE,
T10,10,4.211,RPRA,3,1,3.475,0.365,99.92612536223533,PRESERVING,3.11,0,TERMINAL_REACHED,
T10,10,4.212,RPRA,1,3,4.212,0.36,51.71619556265447,PRESERVING,3.852,2,CONTINUE,
T10,10,4.212,RPRA,2,2,3.852,0.377,74.50261673737734,PRESERVING,3.475,1,CONTINUE,
T10,10,4.212,RPRA,3,1,3.475,0.365,99.92612536223533,PRESERVING,3.11,0,TERMINAL_REACHED,
T10,10,4.213,RPRA,1,3,4.213,0.36,51.675939055202036,PRESERVING,3.853,2,CONTINUE,
T10,10,4.213,RPRA,2,2,3.853,0.378,74.74304886992687,PRESERVING,3.475,1,CONTINUE,
T10,10,4.213,RPRA,3,1,3.475,0.365,99.92612536223533,PRESERVING,3.11,0,TERMINAL_REACHED,
T10,10,4.214,RPRA,1,3,4.214,0.36,51.63572431844241,PRESERVING,3.854,2,CONTINUE,
T10,10,4.214,RPRA,2,2,3.854,0.379,74.98364267519752,PRESERVING,3.475,1,CONTINUE,
T10,10,4.214,RPRA,3,1,3.475,0.365,99.92612536223533,PRESERVING,3.11,0,TERMINAL_REACHED,
T10,10,4.215,RPRA,1,3,4.215,0.36,51.59555129821238,PRESERVING,3.855,2,CONTINUE,
T10,10,4.215,RPRA,2,2,3.855,0.38,75.22439789204412,PRESERVING,3.475,1,CONTINUE,
T10,10,4.215,RPRA,3,1,3.475,0.365,99.92612536223533,PRESERVING,3.11,0,TERMINAL_REACHED,
T10,10,4.216,RPRA,1,3,4.216,0.36,51.55541994043291,PRESERVING,3.856,2,CONTINUE,
T10,10,4.216,RPRA,2,2,3.856,0.381,75.46531426032043,PRESERVING,3.475,1,CONTINUE,
T10,10,4.216,RPRA,3,1,3.475,0.365,99.92612536223533,PRESERVING,3.11,0,TERMINAL_REACHED,
T10,10,4.217,RPRA,1,3,4.217,0.36,51.515330191109136,PRESERVING,3.857,2,CONTINUE,
T10,10,4.217,RPRA,2,2,3.857,0.382,75.70639152087185,PRESERVING,3.475,1,CONTINUE,
T10,10,4.217,RPRA,3,1,3.475,0.365,99.92612536223533,PRESERVING,3.11,0,TERMINAL_REACHED,
T10,10,4.218,RPRA,1,3,4.218,0.36,51.475281996330175,PRESERVING,3.858,2,CONTINUE,
T10,10,4.218,RPRA,2,2,3.858,0.383,75.9476294155281,PRESERVING,3.475,1,CONTINUE,
T10,10,4.218,RPRA,3,1,3.475,0.365,99.92612536223533,PRESERVING,3.11,0,TERMINAL_REACHED,
T10,10,4.219,RPRA,1,3,4.219,0.36,51.43527530226886,PRESERVING,3.859,2,CONTINUE,
T10,10,4.219,RPRA,2,2,3.859,0.384,76.18902768709829,PRESERVING,3.475,1,CONTINUE,
T10,10,4.219,RPRA,3,1,3.475,0.365,99.92612536223533,PRESERVING,3.11,0,TERMINAL_REACHED,
T10,10,4.22,RPRA,1,3,4.22,0.36,51.39531005518171,PRESERVING,3.86,2,CONTINUE,
T10,10,4.22,RPRA,2,2,3.86,0.385,76.43058607936236,PRESERVING,3.475,1,CONTINUE,
T10,10,4.22,RPRA,3,1,3.475,0.365,99.92612536223533,PRESERVING,3.11,0,TERMINAL_REACHED,
T10,10,4.221,RPRA,1,3,4.221,0.36,51.35538620140876,PRESERVING,3.861,2,CONTINUE,
T10,10,4.221,RPRA,2,2,3.861,0.386,76.67230433706732,PRESERVING,3.475,1,CONTINUE,
T10,10,4.221,RPRA,3,1,3.475,0.365,99.92612536223533,PRESERVING,3.11,0,TERMINAL_REACHED,
T10,10,4.222,RPRA,1,3,4.222,0.36,51.315503687373365,PRESERVING,3.862,2,CONTINUE,
T10,10,4.222,RPRA,2,2,3.862,0.387,76.91418220591987,PRESERVING,3.475,1,CONTINUE,
T10,10,4.222,RPRA,3,1,3.475,0.365,99.92612536223533,PRESERVING,3.11,0,TERMINAL_REACHED,
T10,10,4.223,RPRA,1,3,4.223,0.36,51.275662459582094,PRESERVING,3.863,2,CONTINUE,
T10,10,4.223,RPRA,2,2,3.863,0.388,77.15621943257985,PRESERVING,3.475,1,CONTINUE,
T10,10,4.223,RPRA,3,1,3.475,0.365,99.92612536223533,PRESERVING,3.11,0,TERMINAL_REACHED,
T10,10,4.224,RPRA,1,3,4.224,0.36,51.2358624646245,PRESERVING,3.864,2,CONTINUE,
T10,10,4.224,RPRA,2,2,3.864,0.389,77.39841576465481,PRESERVING,3.475,1,CONTINUE,
T10,10,4.224,RPRA,3,1,3.475,0.365,99.92612536223533,PRESERVING,3.11,0,TERMINAL_REACHED,
T10,10,4.225,RPRA,1,3,4.225,0.36,51.196103649173104,PRESERVING,3.865,2,CONTINUE,
T10,10,4.225,RPRA,2,2,3.865,0.39,77.64077095069369,PRESERVING,3.475,1,CONTINUE,
T10,10,4.225,RPRA,3,1,3.475,0.365,99.92612536223533,PRESERVING,3.11,0,TERMINAL_REACHED,
T10,10,4.226,RPRA,1,3,4.226,0.36,51.15638595998316,PRESERVING,3.866,2,CONTINUE,
T10,10,4.226,RPRA,2,2,3.866,0.391,77.88328474018097,PRESERVING,3.475,1,CONTINUE,
T10,10,4.226,RPRA,3,1,3.475,0.365,99.92612536223533,PRESERVING,3.11,0,TERMINAL_REACHED,
T10,10,4.227,RPRA,1,3,4.227,0.36,51.11670934389245,PRESERVING,3.867,2,CONTINUE,
T10,10,4.227,RPRA,2,2,3.867,0.392,78.12595688352961,PRESERVING,3.475,1,CONTINUE,
T10,10,4.227,RPRA,3,1,3.475,0.365,99.92612536223533,PRESERVING,3.11,0,TERMINAL_REACHED,
T10,10,4.228,RPRA,1,3,4.228,0.36,51.077073747821274,PRESERVING,3.868,2,CONTINUE,
T10,10,4.228,RPRA,2,2,3.868,0.393,78.3687871320772,PRESERVING,3.475,1,CONTINUE,
T10,10,4.228,RPRA,3,1,3.475,0.365,99.92612536223533,PRESERVING,3.11,0,TERMINAL_REACHED,
T10,10,4.229,RPRA,1,3,4.229,0.36,51.03747911877214,PRESERVING,3.869,2,CONTINUE,
T10,10,4.229,RPRA,2,2,3.869,0.394,78.6117752380786,PRESERVING,3.475,1,CONTINUE,
T10,10,4.229,RPRA,3,1,3.475,0.365,99.92612536223533,PRESERVING,3.11,0,TERMINAL_REACHED,
T10,10,4.23,RPRA,1,3,4.23,0.36,50.99792540382983,PRESERVING,3.87,2,CONTINUE,
T10,10,4.23,RPRA,2,2,3.87,0.395,78.8549209547005,PRESERVING,3.475,1,CONTINUE,
T10,10,4.23,RPRA,3,1,3.475,0.365,99.92612536223533,PRESERVING,3.11,0,TERMINAL_REACHED,
T10,10,4.231,RPRA,1,3,4.231,0.36,50.958412550161015,PRESERVING,3.871,2,CONTINUE,
T10,10,4.231,RPRA,2,2,3.871,0.396,79.09822403601648,PRESERVING,3.475,1,CONTINUE,
T10,10,4.231,RPRA,3,1,3.475,0.365,99.92612536223533,PRESERVING,3.11,0,TERMINAL_REACHED,
T10,10,4.232,RPRA,1,3,4.232,0.36,50.918940505014255,PRESERVING,3.872,2,CONTINUE,
T10,10,4.232,RPRA,2,2,3.872,0.397,79.34168423699909,PRESERVING,3.475,1,CONTINUE,
T10,10,4.232,RPRA,3,1,3.475,0.365,99.92612536223533,PRESERVING,3.11,0,TERMINAL_REACHED,
T10,10,4.233,RPRA,1,3,4.233,0.36,50.87950921571976,PRESERVING,3.873,2,CONTINUE,
T10,10,4.233,RPRA,2,2,3.873,0.398,79.58530131351674,PRESERVING,3.475,1,CONTINUE,
T10,10,4.233,RPRA,3,1,3.475,0.365,99.92612536223533,PRESERVING,3.11,0,TERMINAL_REACHED,
T10,10,4.234,RPRA,1,3,4.234,0.36,50.84011862968941,PRESERVING,3.874,2,CONTINUE,
T10,10,4.234,RPRA,2,2,3.874,0.399,79.82907502232707,PRESERVING,3.475,1,CONTINUE,
T10,10,4.234,RPRA,3,1,3.475,0.365,99.92612536223533,PRESERVING,3.11,0,TERMINAL_REACHED,
T10,10,4.235,RPRA,1,3,4.235,0.36,50.80076869441637,PRESERVING,3.875,2,CONTINUE,
T10,10,4.235,RPRA,2,2,3.875,0.4,80.07300512107129,PRESERVING,3.475,1,CONTINUE,
T10,10,4.235,RPRA,3,1,3.475,0.365,99.92612536223533,PRESERVING,3.11,0,TERMINAL_REACHED,
T10,10,4.236,RPRA,1,3,4.236,0.36,50.761459357475125,PRESERVING,3.876,2,CONTINUE,
T10,10,4.236,RPRA,2,2,3.876,0.401,80.31709136826862,PRESERVING,3.475,1,CONTINUE,
T10,10,4.236,RPRA,3,1,3.475,0.365,99.92612536223533,PRESERVING,3.11,0,TERMINAL_REACHED,
T10,10,4.237,RPRA,1,3,4.237,0.36,50.72219056652126,PRESERVING,3.877,2,CONTINUE,
T10,10,4.237,RPRA,2,2,3.877,0.402,80.56133352331132,PRESERVING,3.475,1,CONTINUE,
T10,10,4.237,RPRA,3,1,3.475,0.365,99.92612536223533,PRESERVING,3.11,0,TERMINAL_REACHED,
T10,10,4.238,RPRA,1,3,4.238,0.36,50.68296226929129,PRESERVING,3.878,2,CONTINUE,
T10,10,4.238,RPRA,2,2,3.878,0.403,80.80573134645911,PRESERVING,3.475,1,CONTINUE,
T10,10,4.238,RPRA,3,1,3.475,0.365,99.92612536223533,PRESERVING,3.11,0,TERMINAL_REACHED,
T10,10,4.239,RPRA,1,3,4.239,0.36,50.64377441360266,PRESERVING,3.879,2,CONTINUE,
T10,10,4.239,RPRA,2,2,3.879,0.404,81.05028459883265,PRESERVING,3.475,1,CONTINUE,
T10,10,4.239,RPRA,3,1,3.475,0.365,99.92612536223533,PRESERVING,3.11,0,TERMINAL_REACHED,
T10,10,4.24,RPRA,1,3,4.24,0.36,50.604626947353346,PRESERVING,3.88,2,CONTINUE,
T10,10,4.24,RPRA,2,2,3.88,0.405,81.2949930424105,PRESERVING,3.475,1,CONTINUE,
T10,10,4.24,RPRA,3,1,3.475,0.365,99.92612536223533,PRESERVING,3.11,0,TERMINAL_REACHED,
T10,10,4.241,RPRA,1,3,4.241,0.36,50.56551981852196,PRESERVING,3.881,2,CONTINUE,
T10,10,4.241,RPRA,2,2,3.881,0.406,81.53985644002228,PRESERVING,3.475,1,CONTINUE,
T10,10,4.241,RPRA,3,1,3.475,0.365,99.92612536223533,PRESERVING,3.11,0,TERMINAL_REACHED,
T10,10,4.242,RPRA,1,3,4.242,0.36,50.526452975167395,PRESERVING,3.882,2,CONTINUE,
T10,10,4.242,RPRA,2,2,3.882,0.407,81.78487455534369,PRESERVING,3.475,1,CONTINUE,
T10,10,4.242,RPRA,3,1,3.475,0.365,99.92612536223533,PRESERVING,3.11,0,TERMINAL_REACHED,
T10,10,4.243,RPRA,1,3,4.243,0.36,50.487426365428945,PRESERVING,3.883,2,CONTINUE,
T10,10,4.243,RPRA,2,2,3.883,0.408,82.03004715289163,PRESERVING,3.475,1,CONTINUE,
T10,10,4.243,RPRA,3,1,3.475,0.365,99.92612536223533,PRESERVING,3.11,0,TERMINAL_REACHED,
T10,10,4.244,RPRA,1,3,4.244,0.36,50.44843993752582,PRESERVING,3.884,2,CONTINUE,
T10,10,4.244,RPRA,2,2,3.884,0.409,82.27537399801928,PRESERVING,3.475,1,CONTINUE,
T10,10,4.244,RPRA,3,1,3.475,0.365,99.92612536223533,PRESERVING,3.11,0,TERMINAL_REACHED,
T10,10,4.245,RPRA,1,3,4.245,0.36,50.40949363975729,PRESERVING,3.885,2,CONTINUE,
T10,10,4.245,RPRA,2,2,3.885,0.41,82.52085485690937,PRESERVING,3.475,1,CONTINUE,
T10,10,4.245,RPRA,3,1,3.475,0.365,99.92612536223533,PRESERVING,3.11,0,TERMINAL_REACHED,
T10,10,4.246,RPRA,1,3,4.246,0.36,50.37058742050237,PRESERVING,3.886,2,CONTINUE,
T10,10,4.246,RPRA,2,2,3.886,0.411,82.76648949657177,PRESERVING,3.475,1,CONTINUE,
T10,10,4.246,RPRA,3,1,3.475,0.365,99.92612536223533,PRESERVING,3.11,0,TERMINAL_REACHED,
T10,10,4.247,RPRA,1,3,4.247,0.36,50.3317212282198,PRESERVING,3.887,2,CONTINUE,
T10,10,4.247,RPRA,2,2,3.887,0.412,83.01227768483665,PRESERVING,3.475,1,CONTINUE,
T10,10,4.247,RPRA,3,1,3.475,0.365,99.92612536223533,PRESERVING,3.11,0,TERMINAL_REACHED,
T10,10,4.248,RPRA,1,3,4.248,0.36,50.29289501144779,PRESERVING,3.888,2,CONTINUE,
T10,10,4.248,RPRA,2,2,3.888,0.413,83.25821919034999,PRESERVING,3.475,1,CONTINUE,
T10,10,4.248,RPRA,3,1,3.475,0.365,99.92612536223533,PRESERVING,3.11,0,TERMINAL_REACHED,
T10,10,4.249,RPRA,1,3,4.249,0.36,50.25410871880395,PRESERVING,3.889,2,CONTINUE,
T10,10,4.249,RPRA,2,2,3.889,0.414,83.50431378256907,PRESERVING,3.475,1,CONTINUE,
T10,10,4.249,RPRA,3,1,3.475,0.365,99.92612536223533,PRESERVING,3.11,0,TERMINAL_REACHED,
T10,10,4.25,RPRA,1,3,4.25,0.36,50.215362298985056,PRESERVING,3.89,2,CONTINUE,
T10,10,4.25,RPRA,2,2,3.89,0.415,83.75056123175696,PRESERVING,3.475,1,CONTINUE,
T10,10,4.25,RPRA,3,1,3.475,0.365,99.92612536223533,PRESERVING,3.11,0,TERMINAL_REACHED,
T10,10,4.251,RPRA,1,3,4.251,0.36,50.17665570076711,PRESERVING,3.891,2,CONTINUE,
T10,10,4.251,RPRA,2,2,3.891,0.416,83.99696130897753,PRESERVING,3.475,1,CONTINUE,
T10,10,4.251,RPRA,3,1,3.475,0.365,99.92612536223533,PRESERVING,3.11,0,TERMINAL_REACHED,
T10,10,4.252,RPRA,1,3,4.252,0.36,50.13798887300495,PRESERVING,3.892,2,CONTINUE,
T10,10,4.252,RPRA,2,2,3.892,0.417,84.24351378609171,PRESERVING,3.475,1,CONTINUE,
T10,10,4.252,RPRA,3,1,3.475,0.365,99.92612536223533,PRESERVING,3.11,0,TERMINAL_REACHED,
T10,10,4.253,RPRA,1,3,4.253,0.36,50.09936176463223,PRESERVING,3.893,2,CONTINUE,
T10,10,4.253,RPRA,2,2,3.893,0.418,84.49021843575203,PRESERVING,3.475,1,CONTINUE,
T10,10,4.253,RPRA,3,1,3.475,0.365,99.92612536223533,PRESERVING,3.11,0,TERMINAL_REACHED,
T10,10,4.254,RPRA,1,3,4.254,0.36,50.06077432466129,PRESERVING,3.894,2,CONTINUE,
T10,10,4.254,RPRA,2,2,3.894,0.419,84.73707503139788,PRESERVING,3.475,1,CONTINUE,
T10,10,4.254,RPRA,3,1,3.475,0.365,99.92612536223533,PRESERVING,3.11,0,TERMINAL_REACHED,
T10,10,4.255,RPRA,1,3,4.255,0.36,50.02222650218303,PRESERVING,3.895,2,CONTINUE,
T10,10,4.255,RPRA,2,2,3.895,0.42,84.98408334725127,PRESERVING,3.475,1,CONTINUE,
T10,10,4.255,RPRA,3,1,3.475,0.365,99.92612536223533,PRESERVING,3.11,0,TERMINAL_REACHED,
T10,10,4.256,RPRA,1,3,4.256,0.36,49.983718246366685,PRESERVING,3.896,2,CONTINUE,
T10,10,4.256,RPRA,2,2,3.896,0.421,85.23124315831171,PRESERVING,3.475,1,CONTINUE,
T10,10,4.256,RPRA,3,1,3.475,0.365,99.92612536223533,PRESERVING,3.11,0,TERMINAL_REACHED,
T10,10,4.257,RPRA,1,3,4.257,0.36,49.94524950645972,PRESERVING,3.897,2,CONTINUE,
T10,10,4.257,RPRA,2,2,3.897,0.422,85.47855424035122,PRESERVING,3.475,1,CONTINUE,
T10,10,4.257,RPRA,3,1,3.475,0.365,99.92612536223533,PRESERVING,3.11,0,TERMINAL_REACHED,
T10,10,4.258,RPRA,1,3,4.258,0.36,49.906820231787734,PRESERVING,3.898,2,CONTINUE,
T10,10,4.258,RPRA,2,2,3.898,0.423,85.7260163699113,PRESERVING,3.475,1,CONTINUE,
T10,10,4.258,RPRA,3,1,3.475,0.365,99.92612536223533,PRESERVING,3.11,0,TERMINAL_REACHED,
T10,10,4.259,RPRA,1,3,4.259,0.36,49.86843037175427,PRESERVING,3.899,2,CONTINUE,
T10,10,4.259,RPRA,2,2,3.899,0.424,85.97362932429695,PRESERVING,3.475,1,CONTINUE,
T10,10,4.259,RPRA,3,1,3.475,0.365,99.92612536223533,PRESERVING,3.11,0,TERMINAL_REACHED,
T10,10,4.26,RPRA,1,3,4.26,0.36,49.83007987584073,PRESERVING,3.9,2,CONTINUE,
T10,10,4.26,RPRA,2,2,3.9,0.425,86.22139288157301,PRESERVING,3.475,1,CONTINUE,
T10,10,4.26,RPRA,3,1,3.475,0.365,99.92612536223533,PRESERVING,3.11,0,TERMINAL_REACHED,
T10,10,4.261,RPRA,1,3,4.261,0.36,49.79176869360613,PRESERVING,3.901,2,CONTINUE,
T10,10,4.261,RPRA,2,2,3.901,0.426,86.46930682055918,PRESERVING,3.475,1,CONTINUE,
T10,10,4.261,RPRA,3,1,3.475,0.365,99.92612536223533,PRESERVING,3.11,0,TERMINAL_REACHED,
T10,10,4.262,RPRA,1,3,4.262,0.36,49.75349677468705,PRESERVING,3.902,2,CONTINUE,
T10,10,4.262,RPRA,2,2,3.902,0.427,86.7173709208264,PRESERVING,3.475,1,CONTINUE,
T10,10,4.262,RPRA,3,1,3.475,0.365,99.92612536223533,PRESERVING,3.11,0,TERMINAL_REACHED,
T10,10,4.263,RPRA,1,3,4.263,0.36,49.71526406879751,PRESERVING,3.903,2,CONTINUE,
T10,10,4.263,RPRA,2,2,3.903,0.428,86.96558496269077,PRESERVING,3.475,1,CONTINUE,
T10,10,4.263,RPRA,3,1,3.475,0.365,99.92612536223533,PRESERVING,3.11,0,TERMINAL_REACHED,
T10,10,4.264,RPRA,1,3,4.264,0.36,49.67707052572877,PRESERVING,3.904,2,CONTINUE,
T10,10,4.264,RPRA,2,2,3.904,0.429,87.21394872721142,PRESERVING,3.475,1,CONTINUE,
T10,10,4.264,RPRA,3,1,3.475,0.365,99.92612536223533,PRESERVING,3.11,0,TERMINAL_REACHED,
T10,10,4.265,RPRA,1,3,4.265,0.36,49.638916095349224,PRESERVING,3.905,2,CONTINUE,
T10,10,4.265,RPRA,2,2,3.905,0.43,87.46246199618483,PRESERVING,3.475,1,CONTINUE,
T10,10,4.265,RPRA,3,1,3.475,0.365,99.92612536223533,PRESERVING,3.11,0,TERMINAL_REACHED,
T10,10,4.266,RPRA,1,3,4.266,0.36,49.60080072760419,PRESERVING,3.906,2,CONTINUE,
T10,10,4.266,RPRA,2,2,3.906,0.431,87.71112455214103,PRESERVING,3.475,1,CONTINUE,
T10,10,4.266,RPRA,3,1,3.475,0.365,99.92612536223533,PRESERVING,3.11,0,TERMINAL_REACHED,
T10,10,4.267,RPRA,1,3,4.267,0.36,49.56272437251595,PRESERVING,3.907,2,CONTINUE,
T10,10,4.267,RPRA,2,2,3.907,0.432,87.95993617833919,PRESERVING,3.475,1,CONTINUE,
T10,10,4.267,RPRA,3,1,3.475,0.365,99.92612536223533,PRESERVING,3.11,0,TERMINAL_REACHED,
T10,10,4.268,RPRA,1,3,4.268,0.36,49.52468698018341,PRESERVING,3.908,2,CONTINUE,
T10,10,4.268,RPRA,2,2,3.908,0.433,88.20889665876368,PRESERVING,3.475,1,CONTINUE,
T10,10,4.268,RPRA,3,1,3.475,0.365,99.92612536223533,PRESERVING,3.11,0,TERMINAL_REACHED,
T10,10,4.269,RPRA,1,3,4.269,0.36,49.48668850078208,PRESERVING,3.909,2,CONTINUE,
T10,10,4.269,RPRA,2,2,3.909,0.434,88.45800577811895,PRESERVING,3.475,1,CONTINUE,
T10,10,4.269,RPRA,3,1,3.475,0.365,99.92612536223533,PRESERVING,3.11,0,TERMINAL_REACHED,
T10,10,4.27,RPRA,1,3,4.27,0.36,49.4487288845639,PRESERVING,3.91,2,CONTINUE,
T10,10,4.27,RPRA,2,2,3.91,0.435,88.7072633218269,PRESERVING,3.475,1,CONTINUE,
T10,10,4.27,RPRA,3,1,3.475,0.365,99.92612536223533,PRESERVING,3.11,0,TERMINAL_REACHED,
T10,10,4.271,RPRA,1,3,4.271,0.36,49.41080808185711,PRESERVING,3.911,2,CONTINUE,
T10,10,4.271,RPRA,2,2,3.911,0.436,88.95666907602197,PRESERVING,3.475,1,CONTINUE,
T10,10,4.271,RPRA,3,1,3.475,0.365,99.92612536223533,PRESERVING,3.11,0,TERMINAL_REACHED,
T10,10,4.272,RPRA,1,3,4.272,0.36,49.37292604306616,PRESERVING,3.912,2,CONTINUE,
T10,10,4.272,RPRA,2,2,3.912,0.437,89.20622282754702,PRESERVING,3.475,1,CONTINUE,
T10,10,4.272,RPRA,3,1,3.475,0.365,99.92612536223533,PRESERVING,3.11,0,TERMINAL_REACHED,
T10,10,4.273,RPRA,1,3,4.273,0.36,49.335082718671444,PRESERVING,3.913,2,CONTINUE,
T10,10,4.273,RPRA,2,2,3.913,0.438,89.45592436394939,PRESERVING,3.475,1,CONTINUE,
T10,10,4.273,RPRA,3,1,3.475,0.365,99.92612536223533,PRESERVING,3.11,0,TERMINAL_REACHED,
T10,10,4.274,RPRA,1,3,4.274,0.36,49.29727805922929,PRESERVING,3.914,2,CONTINUE,
T10,10,4.274,RPRA,2,2,3.914,0.439,89.70577347347738,PRESERVING,3.475,1,CONTINUE,
T10,10,4.274,RPRA,3,1,3.475,0.365,99.92612536223533,PRESERVING,3.11,0,TERMINAL_REACHED,
T10,10,4.275,RPRA,1,3,4.275,0.36,49.25951201537183,PRESERVING,3.915,2,CONTINUE,
T10,10,4.275,RPRA,2,2,3.915,0.44,89.95576994507488,PRESERVING,3.475,1,CONTINUE,
T10,10,4.275,RPRA,3,1,3.475,0.365,99.92612536223533,PRESERVING,3.11,0,TERMINAL_REACHED,
T10,10,4.276,RPRA,1,3,4.276,0.36,49.221784537806734,PRESERVING,3.916,2,CONTINUE,
T10,10,4.276,RPRA,2,2,3.916,0.441,90.2059135683793,PRESERVING,3.475,1,CONTINUE,
T10,10,4.276,RPRA,3,1,3.475,0.365,99.92612536223533,PRESERVING,3.11,0,TERMINAL_REACHED,
T10,10,4.277,RPRA,1,3,4.277,0.36,49.18409557731721,PRESERVING,3.917,2,CONTINUE,
T10,10,4.277,RPRA,2,2,3.917,0.442,90.45620413371644,PRESERVING,3.475,1,CONTINUE,
T10,10,4.277,RPRA,3,1,3.475,0.365,99.92612536223533,PRESERVING,3.11,0,TERMINAL_REACHED,
T10,10,4.278,RPRA,1,3,4.278,0.36,49.14644508476175,PRESERVING,3.918,2,CONTINUE,
T10,10,4.278,RPRA,2,2,3.918,0.443,90.70664143209697,PRESERVING,3.475,1,CONTINUE,
T10,10,4.278,RPRA,3,1,3.475,0.365,99.92612536223533,PRESERVING,3.11,0,TERMINAL_REACHED,
T10,10,4.279,RPRA,1,3,4.279,0.36,49.108833011074196,PRESERVING,3.919,2,CONTINUE,
T10,10,4.279,RPRA,2,2,3.919,0.444,90.95722525521275,PRESERVING,3.475,1,CONTINUE,
T10,10,4.279,RPRA,3,1,3.475,0.365,99.92612536223533,PRESERVING,3.11,0,TERMINAL_REACHED,
T10,10,4.28,RPRA,1,3,4.28,0.36,49.071259307263354,PRESERVING,3.92,2,CONTINUE,
T10,10,4.28,RPRA,2,2,3.92,0.445,91.20795539543288,PRESERVING,3.475,1,CONTINUE,
T10,10,4.28,RPRA,3,1,3.475,0.365,99.92612536223533,PRESERVING,3.11,0,TERMINAL_REACHED,
T10,10,4.281,RPRA,1,3,4.281,0.36,49.03372392441303,PRESERVING,3.921,2,CONTINUE,
T10,10,4.281,RPRA,2,2,3.921,0.446,91.45883164579888,PRESERVING,3.475,1,CONTINUE,
T10,10,4.281,RPRA,3,1,3.475,0.365,99.92612536223533,PRESERVING,3.11,0,TERMINAL_REACHED,
T10,10,4.282,RPRA,1,3,4.282,0.36,48.99622681368178,PRESERVING,3.922,2,CONTINUE,
T10,10,4.282,RPRA,2,2,3.922,0.447,91.70985380002337,PRESERVING,3.475,1,CONTINUE,
T10,10,4.282,RPRA,3,1,3.475,0.365,99.92612536223533,PRESERVING,3.11,0,TERMINAL_REACHED,
T10,10,4.283,RPRA,1,3,4.283,0.36,48.958767926302954,PRESERVING,3.923,2,CONTINUE,
T10,10,4.283,RPRA,2,2,3.923,0.448,91.96102165248391,PRESERVING,3.475,1,CONTINUE,
T10,10,4.283,RPRA,3,1,3.475,0.365,99.92612536223533,PRESERVING,3.11,0,TERMINAL_REACHED,
T10,10,4.284,RPRA,1,3,4.284,0.36,48.92134721358435,PRESERVING,3.924,2,CONTINUE,
T10,10,4.284,RPRA,2,2,3.924,0.449,92.21233499822088,PRESERVING,3.475,1,CONTINUE,
T10,10,4.284,RPRA,3,1,3.475,0.365,99.92612536223533,PRESERVING,3.11,0,TERMINAL_REACHED,
T10,10,4.285,RPRA,1,3,4.285,0.36,48.88396462690824,PRESERVING,3.925,2,CONTINUE,
T10,10,4.285,RPRA,2,2,3.925,0.45,92.46379363293298,PRESERVING,3.475,1,CONTINUE,
T10,10,4.285,RPRA,3,1,3.475,0.365,99.92612536223533,PRESERVING,3.11,0,TERMINAL_REACHED,
T10,10,4.286,RPRA,1,3,4.286,0.36,48.84662011773112,PRESERVING,3.926,2,CONTINUE,
T10,10,4.286,RPRA,2,2,3.926,0.451,92.71539735297415,PRESERVING,3.475,1,CONTINUE,
T10,10,4.286,RPRA,3,1,3.475,0.365,99.92612536223533,PRESERVING,3.11,0,TERMINAL_REACHED,
T10,10,4.287,RPRA,1,3,4.287,0.36,48.80931363758369,PRESERVING,3.927,2,CONTINUE,
T10,10,4.287,RPRA,2,2,3.927,0.452,92.96714595534871,PRESERVING,3.475,1,CONTINUE,
T10,10,4.287,RPRA,3,1,3.475,0.365,99.92612536223533,PRESERVING,3.11,0,TERMINAL_REACHED,
T10,10,4.288,RPRA,1,3,4.288,0.36,48.77204513807068,PRESERVING,3.928,2,CONTINUE,
T10,10,4.288,RPRA,2,2,3.928,0.453,93.21903923770999,PRESERVING,3.475,1,CONTINUE,
T10,10,4.288,RPRA,3,1,3.475,0.365,99.92612536223533,PRESERVING,3.11,0,TERMINAL_REACHED,
T10,10,4.289,RPRA,1,3,4.289,0.36,48.73481457087064,PRESERVING,3.929,2,CONTINUE,
T10,10,4.289,RPRA,2,2,3.929,0.454,93.47107699835449,PRESERVING,3.475,1,CONTINUE,
T10,10,4.289,RPRA,3,1,3.475,0.365,99.92612536223533,PRESERVING,3.11,0,TERMINAL_REACHED,
T10,10,4.29,RPRA,1,3,4.29,0.36,48.69762188773589,PRESERVING,3.93,2,CONTINUE,
T10,10,4.29,RPRA,2,2,3.93,0.455,93.72325903622021,PRESERVING,3.475,1,CONTINUE,
T10,10,4.29,RPRA,3,1,3.475,0.365,99.92612536223533,PRESERVING,3.11,0,TERMINAL_REACHED,
T10,10,4.291,RPRA,1,3,4.291,0.36,48.660467040492456,PRESERVING,3.931,2,CONTINUE,
T10,10,4.291,RPRA,2,2,3.931,0.456,93.97558515088181,PRESERVING,3.475,1,CONTINUE,
T10,10,4.291,RPRA,3,1,3.475,0.365,99.92612536223533,PRESERVING,3.11,0,TERMINAL_REACHED,
T10,10,4.292,RPRA,1,3,4.292,0.36,48.62334998103975,PRESERVING,3.932,2,CONTINUE,
T10,10,4.292,RPRA,2,2,3.932,0.457,94.22805514254813,PRESERVING,3.475,1,CONTINUE,
T10,10,4.292,RPRA,3,1,3.475,0.365,99.92612536223533,PRESERVING,3.11,0,TERMINAL_REACHED,
T10,10,4.293,RPRA,1,3,4.293,0.36,48.586270661350575,PRESERVING,3.933,2,CONTINUE,
T10,10,4.293,RPRA,2,2,3.933,0.458,94.48066881205725,PRESERVING,3.475,1,CONTINUE,
T10,10,4.293,RPRA,3,1,3.475,0.365,99.92612536223533,PRESERVING,3.11,0,TERMINAL_REACHED,
T10,10,4.294,RPRA,1,3,4.294,0.36,48.549229033471015,PRESERVING,3.934,2,CONTINUE,
T10,10,4.294,RPRA,2,2,3.934,0.459,94.73342596087505,PRESERVING,3.475,1,CONTINUE,
T10,10,4.294,RPRA,3,1,3.475,0.365,99.92612536223533,PRESERVING,3.11,0,TERMINAL_REACHED,
T10,10,4.295,RPRA,1,3,4.295,0.36,48.51222504952019,PRESERVING,3.935,2,CONTINUE,
T10,10,4.295,RPRA,2,2,3.935,0.46,94.98632639109049,PRESERVING,3.475,1,CONTINUE,
T10,10,4.295,RPRA,3,1,3.475,0.365,99.92612536223533,PRESERVING,3.11,0,TERMINAL_REACHED,
T10,10,4.296,RPRA,1,3,4.296,0.36,48.47525866169025,PRESERVING,3.936,2,CONTINUE,
T10,10,4.296,RPRA,2,2,3.936,0.461,95.23936990541289,PRESERVING,3.475,1,CONTINUE,
T10,10,4.296,RPRA,3,1,3.475,0.365,99.92612536223533,PRESERVING,3.11,0,TERMINAL_REACHED,
T10,10,4.297,RPRA,1,3,4.297,0.36,48.43832982224611,PRESERVING,3.937,2,CONTINUE,
T10,10,4.297,RPRA,2,2,3.937,0.462,95.49255630716792,PRESERVING,3.475,1,CONTINUE,
T10,10,4.297,RPRA,3,1,3.475,0.365,99.92612536223533,PRESERVING,3.11,0,TERMINAL_REACHED,
T10,10,4.298,RPRA,1,3,4.298,0.36,48.40143848352548,PRESERVING,3.938,2,CONTINUE,
T10,10,4.298,RPRA,2,2,3.938,0.463,95.74588540029526,PRESERVING,3.475,1,CONTINUE,
T10,10,4.298,RPRA,3,1,3.475,0.365,99.92612536223533,PRESERVING,3.11,0,TERMINAL_REACHED,
T10,10,4.299,RPRA,1,3,4.299,0.36,48.364584597938595,PRESERVING,3.939,2,CONTINUE,
T10,10,4.299,RPRA,2,2,3.939,0.464,95.99935698934347,PRESERVING,3.475,1,CONTINUE,
T10,10,4.299,RPRA,3,1,3.475,0.365,99.92612536223533,PRESERVING,3.11,0,TERMINAL_REACHED,
T10,10,4.3,RPRA,1,3,4.3,0.36,48.32776811796816,PRESERVING,3.94,2,CONTINUE,
T10,10,4.3,RPRA,2,2,3.94,0.465,96.25297087946913,PRESERVING,3.475,1,CONTINUE,
T10,10,4.3,RPRA,3,1,3.475,0.365,99.92612536223533,PRESERVING,3.11,0,TERMINAL_REACHED,
T10,10,4.301,RPRA,1,3,4.301,0.36,48.29098899616919,PRESERVING,3.941,2,CONTINUE,
T10,10,4.301,RPRA,2,2,3.941,0.466,96.5067268764322,PRESERVING,3.475,1,CONTINUE,
T10,10,4.301,RPRA,3,1,3.475,0.365,99.92612536223533,PRESERVING,3.11,0,TERMINAL_REACHED,
T10,10,4.302,RPRA,1,3,4.302,0.36,48.254247185168936,PRESERVING,3.942,2,CONTINUE,
T10,10,4.302,RPRA,2,2,3.942,0.467,96.76062478659279,PRESERVING,3.475,1,CONTINUE,
T10,10,4.302,RPRA,3,1,3.475,0.365,99.92612536223533,PRESERVING,3.11,0,TERMINAL_REACHED,
T10,10,4.303,RPRA,1,3,4.303,0.36,48.217542637666696,PRESERVING,3.943,2,CONTINUE,
T10,10,4.303,RPRA,2,2,3.943,0.468,97.01466441690843,PRESERVING,3.475,1,CONTINUE,
T10,10,4.303,RPRA,3,1,3.475,0.365,99.92612536223533,PRESERVING,3.11,0,TERMINAL_REACHED,
T10,10,4.304,RPRA,1,3,4.304,0.36,48.1808753064337,PRESERVING,3.944,2,CONTINUE,
T10,10,4.304,RPRA,2,2,3.944,0.469,97.26884557493096,PRESERVING,3.475,1,CONTINUE,
T10,10,4.304,RPRA,3,1,3.475,0.365,99.92612536223533,PRESERVING,3.11,0,TERMINAL_REACHED,
T10,10,4.305,RPRA,1,3,4.305,0.36,48.144245144312976,PRESERVING,3.945,2,CONTINUE,
T10,10,4.305,RPRA,2,2,3.945,0.47,97.52316806880177,PRESERVING,3.475,1,CONTINUE,
T10,10,4.305,RPRA,3,1,3.475,0.365,99.92612536223533,PRESERVING,3.11,0,TERMINAL_REACHED,
T10,10,4.306,RPRA,1,3,4.306,0.36,48.10765210421926,PRESERVING,3.946,2,CONTINUE,
T10,10,4.306,RPRA,2,2,3.946,0.471,97.7776317072516,PRESERVING,3.475,1,CONTINUE,
T10,10,4.306,RPRA,3,1,3.475,0.365,99.92612536223533,PRESERVING,3.11,0,TERMINAL_REACHED,
T10,10,4.307,RPRA,1,3,4.307,0.36,48.071096139138874,PRESERVING,3.947,2,CONTINUE,
T10,10,4.307,RPRA,2,2,3.947,0.472,98.03223629959506,PRESERVING,3.475,1,CONTINUE,
T10,10,4.307,RPRA,3,1,3.475,0.365,99.92612536223533,PRESERVING,3.11,0,TERMINAL_REACHED,
T10,10,4.308,RPRA,1,3,4.308,0.36,48.03457720212951,PRESERVING,3.948,2,CONTINUE,
T10,10,4.308,RPRA,2,2,3.948,0.473,98.28698165572847,PRESERVING,3.475,1,CONTINUE,
T10,10,4.308,RPRA,3,1,3.475,0.365,99.92612536223533,PRESERVING,3.11,0,TERMINAL_REACHED,
T10,10,4.309,RPRA,1,3,4.309,0.36,47.9980952463202,PRESERVING,3.949,2,CONTINUE,
T10,10,4.309,RPRA,2,2,3.949,0.474,98.54186758612683,PRESERVING,3.475,1,CONTINUE,
T10,10,4.309,RPRA,3,1,3.475,0.365,99.92612536223533,PRESERVING,3.11,0,TERMINAL_REACHED,
T10,10,4.31,RPRA,1,3,4.31,0.36,47.96165022491113,PRESERVING,3.95,2,CONTINUE,
T10,10,4.31,RPRA,2,2,3.95,0.475,98.79689390184045,PRESERVING,3.475,1,CONTINUE,
T10,10,4.31,RPRA,3,1,3.475,0.365,99.92612536223533,PRESERVING,3.11,0,TERMINAL_REACHED,
T10,10,4.311,RPRA,1,3,4.311,0.36,47.92524209117362,PRESERVING,3.951,2,CONTINUE,
T10,10,4.311,RPRA,2,2,3.951,0.476,99.0520604144925,PRESERVING,3.475,1,CONTINUE,
T10,10,4.311,RPRA,3,1,3.475,0.365,99.92612536223533,PRESERVING,3.11,0,TERMINAL_REACHED,
T10,10,4.312,RPRA,1,3,4.312,0.36,47.88887079844982,PRESERVING,3.952,2,CONTINUE,
T10,10,4.312,RPRA,2,2,3.952,0.477,99.30736693627463,PRESERVING,3.475,1,CONTINUE,
T10,10,4.312,RPRA,3,1,3.475,0.365,99.92612536223533,PRESERVING,3.11,0,TERMINAL_REACHED,
T10,10,4.313,RPRA,1,3,4.313,0.36,47.85253630015269,PRESERVING,3.953,2,CONTINUE,
T10,10,4.313,RPRA,2,2,3.953,0.478,99.56281327994608,PRESERVING,3.475,1,CONTINUE,
T10,10,4.313,RPRA,3,1,3.475,0.365,99.92612536223533,PRESERVING,3.11,0,TERMINAL_REACHED,
T10,10,4.314,RPRA,1,3,4.314,0.36,47.81623854976592,PRESERVING,3.954,2,CONTINUE,
T10,10,4.314,RPRA,2,2,3.954,0.479,99.81839925882949,PRESERVING,3.475,1,CONTINUE,
T10,10,4.314,RPRA,3,1,3.475,0.365,99.92612536223533,PRESERVING,3.11,0,TERMINAL_REACHED,
T10,10,4.315,RPRA,1,3,4.315,0.361,47.97755512208542,PRESERVING,3.954,2,CONTINUE,
T10,10,4.315,RPRA,2,2,3.954,0.479,99.81839925882949,PRESERVING,3.475,1,CONTINUE,
T10,10,4.315,RPRA,3,1,3.475,0.365,99.92612536223533,PRESERVING,3.11,0,TERMINAL_REACHED,
T10,10,4.316,RPRA,1,3,4.316,0.362,48.13898456275706,PRESERVING,3.954,2,CONTINUE,
T10,10,4.316,RPRA,2,2,3.954,0.479,99.81839925882949,PRESERVING,3.475,1,CONTINUE,
T10,10,4.316,RPRA,3,1,3.475,0.365,99.92612536223533,PRESERVING,3.11,0,TERMINAL_REACHED,
T10,10,4.317,RPRA,1,3,4.317,0.363,48.300526682276455,PRESERVING,3.954,2,CONTINUE,
T10,10,4.317,RPRA,2,2,3.954,0.479,99.81839925882949,PRESERVING,3.475,1,CONTINUE,
T10,10,4.317,RPRA,3,1,3.475,0.365,99.92612536223533,PRESERVING,3.11,0,TERMINAL_REACHED,
T10,10,4.318,RPRA,1,3,4.318,0.364,48.462181291898446,PRESERVING,3.954,2,CONTINUE,
T10,10,4.318,RPRA,2,2,3.954,0.479,99.81839925882949,PRESERVING,3.475,1,CONTINUE,
T10,10,4.318,RPRA,3,1,3.475,0.365,99.92612536223533,PRESERVING,3.11,0,TERMINAL_REACHED,
T10,10,4.319,RPRA,1,3,4.319,0.365,48.62394820363206,PRESERVING,3.954,2,CONTINUE,
T10,10,4.319,RPRA,2,2,3.954,0.479,99.81839925882949,PRESERVING,3.475,1,CONTINUE,
T10,10,4.319,RPRA,3,1,3.475,0.365,99.92612536223533,PRESERVING,3.11,0,TERMINAL_REACHED,
T10,10,4.32,RPRA,1,3,4.32,0.366,48.78582723023528,PRESERVING,3.954,2,CONTINUE,
T10,10,4.32,RPRA,2,2,3.954,0.479,99.81839925882949,PRESERVING,3.475,1,CONTINUE,
T10,10,4.32,RPRA,3,1,3.475,0.365,99.92612536223533,PRESERVING,3.11,0,TERMINAL_REACHED,
T10,10,4.321,RPRA,1,3,4.321,0.367,48.947818185210124,PRESERVING,3.954,2,CONTINUE,
T10,10,4.321,RPRA,2,2,3.954,0.479,99.81839925882949,PRESERVING,3.475,1,CONTINUE,
T10,10,4.321,RPRA,3,1,3.475,0.365,99.92612536223533,PRESERVING,3.11,0,TERMINAL_REACHED,
T10,10,4.322,RPRA,1,3,4.322,0.368,49.10992088279677,PRESERVING,3.954,2,CONTINUE,
T10,10,4.322,RPRA,2,2,3.954,0.479,99.81839925882949,PRESERVING,3.475,1,CONTINUE,
T10,10,4.322,RPRA,3,1,3.475,0.365,99.92612536223533,PRESERVING,3.11,0,TERMINAL_REACHED,
T10,10,4.323,RPRA,1,3,4.323,0.369,49.27213513796995,PRESERVING,3.954,2,CONTINUE,
T10,10,4.323,RPRA,2,2,3.954,0.479,99.81839925882949,PRESERVING,3.475,1,CONTINUE,
T10,10,4.323,RPRA,3,1,3.475,0.365,99.92612536223533,PRESERVING,3.11,0,TERMINAL_REACHED,
T10,10,4.324,RPRA,1,3,4.324,0.37,49.43446076643295,PRESERVING,3.954,2,CONTINUE,
T10,10,4.324,RPRA,2,2,3.954,0.479,99.81839925882949,PRESERVING,3.475,1,CONTINUE,
T10,10,4.324,RPRA,3,1,3.475,0.365,99.92612536223533,PRESERVING,3.11,0,TERMINAL_REACHED,
T10,10,4.325,RPRA,1,3,4.325,0.371,49.59689758461335,PRESERVING,3.954,2,CONTINUE,
T10,10,4.325,RPRA,2,2,3.954,0.479,99.81839925882949,PRESERVING,3.475,1,CONTINUE,
T10,10,4.325,RPRA,3,1,3.475,0.365,99.92612536223533,PRESERVING,3.11,0,TERMINAL_REACHED,
T10,10,4.326,RPRA,1,3,4.326,0.372,49.759445409657594,PRESERVING,3.954,2,CONTINUE,
T10,10,4.326,RPRA,2,2,3.954,0.479,99.81839925882949,PRESERVING,3.475,1,CONTINUE,
T10,10,4.326,RPRA,3,1,3.475,0.365,99.92612536223533,PRESERVING,3.11,0,TERMINAL_REACHED,
T10,10,4.327,RPRA,1,3,4.327,0.373,49.92210405942614,PRESERVING,3.954,2,CONTINUE,
T10,10,4.327,RPRA,2,2,3.954,0.479,99.81839925882949,PRESERVING,3.475,1,CONTINUE,
T10,10,4.327,RPRA,3,1,3.475,0.365,99.92612536223533,PRESERVING,3.11,0,TERMINAL_REACHED,
T10,10,4.328,RPRA,1,3,4.328,0.374,50.08487335248957,PRESERVING,3.954,2,CONTINUE,
T10,10,4.328,RPRA,2,2,3.954,0.479,99.81839925882949,PRESERVING,3.475,1,CONTINUE,
T10,10,4.328,RPRA,3,1,3.475,0.365,99.92612536223533,PRESERVING,3.11,0,TERMINAL_REACHED,
T10,10,4.329,RPRA,1,3,4.329,0.375,50.24775310812313,PRESERVING,3.954,2,CONTINUE,
T10,10,4.329,RPRA,2,2,3.954,0.479,99.81839925882949,PRESERVING,3.475,1,CONTINUE,
T10,10,4.329,RPRA,3,1,3.475,0.365,99.92612536223533,PRESERVING,3.11,0,TERMINAL_REACHED,
T10,10,4.33,RPRA,1,3,4.33,0.376,50.41074314630202,PRESERVING,3.954,2,CONTINUE,
T10,10,4.33,RPRA,2,2,3.954,0.479,99.81839925882949,PRESERVING,3.475,1,CONTINUE,
T10,10,4.33,RPRA,3,1,3.475,0.365,99.92612536223533,PRESERVING,3.11,0,TERMINAL_REACHED,
T10,10,4.331,RPRA,1,3,4.331,0.377,50.57384328769725,PRESERVING,3.954,2,CONTINUE,
T10,10,4.331,RPRA,2,2,3.954,0.479,99.81839925882949,PRESERVING,3.475,1,CONTINUE,
T10,10,4.331,RPRA,3,1,3.475,0.365,99.92612536223533,PRESERVING,3.11,0,TERMINAL_REACHED,
T10,10,4.332,RPRA,1,3,4.332,0.378,50.7370533536705,PRESERVING,3.954,2,CONTINUE,
T10,10,4.332,RPRA,2,2,3.954,0.479,99.81839925882949,PRESERVING,3.475,1,CONTINUE,
T10,10,4.332,RPRA,3,1,3.475,0.365,99.92612536223533,PRESERVING,3.11,0,TERMINAL_REACHED,
T10,10,4.333,RPRA,1,3,4.333,0.379,50.90037316627037,PRESERVING,3.954,2,CONTINUE,
T10,10,4.333,RPRA,2,2,3.954,0.479,99.81839925882949,PRESERVING,3.475,1,CONTINUE,
T10,10,4.333,RPRA,3,1,3.475,0.365,99.92612536223533,PRESERVING,3.11,0,TERMINAL_REACHED,
T10,10,4.334,RPRA,1,3,4.334,0.38,51.063802548226384,PRESERVING,3.954,2,CONTINUE,
T10,10,4.334,RPRA,2,2,3.954,0.479,99.81839925882949,PRESERVING,3.475,1,CONTINUE,
T10,10,4.334,RPRA,3,1,3.475,0.365,99.92612536223533,PRESERVING,3.11,0,TERMINAL_REACHED,
T10,10,4.335,RPRA,1,3,4.335,0.381,51.22734132294616,PRESERVING,3.954,2,CONTINUE,
T10,10,4.335,RPRA,2,2,3.954,0.479,99.81839925882949,PRESERVING,3.475,1,CONTINUE,
T10,10,4.335,RPRA,3,1,3.475,0.365,99.92612536223533,PRESERVING,3.11,0,TERMINAL_REACHED,
T10,10,4.336,RPRA,1,3,4.336,0.382,51.39098931451043,PRESERVING,3.954,2,CONTINUE,
T10,10,4.336,RPRA,2,2,3.954,0.479,99.81839925882949,PRESERVING,3.475,1,CONTINUE,
T10,10,4.336,RPRA,3,1,3.475,0.365,99.92612536223533,PRESERVING,3.11,0,TERMINAL_REACHED,
T10,10,4.337,RPRA,1,3,4.337,0.383,51.55474634766815,PRESERVING,3.954,2,CONTINUE,
T10,10,4.337,RPRA,2,2,3.954,0.479,99.81839925882949,PRESERVING,3.475,1,CONTINUE,
T10,10,4.337,RPRA,3,1,3.475,0.365,99.92612536223533,PRESERVING,3.11,0,TERMINAL_REACHED,
T10,10,4.338,RPRA,1,3,4.338,0.384,51.718612247833065,PRESERVING,3.954,2,CONTINUE,
T10,10,4.338,RPRA,2,2,3.954,0.479,99.81839925882949,PRESERVING,3.475,1,CONTINUE,
T10,10,4.338,RPRA,3,1,3.475,0.365,99.92612536223533,PRESERVING,3.11,0,TERMINAL_REACHED,
T10,10,4.339,RPRA,1,3,4.339,0.385,51.88258684107795,PRESERVING,3.954,2,CONTINUE,
T10,10,4.339,RPRA,2,2,3.954,0.479,99.81839925882949,PRESERVING,3.475,1,CONTINUE,
T10,10,4.339,RPRA,3,1,3.475,0.365,99.92612536223533,PRESERVING,3.11,0,TERMINAL_REACHED,
T10,10,4.34,RPRA,1,3,4.34,0.386,52.04666995413206,PRESERVING,3.954,2,CONTINUE,
T10,10,4.34,RPRA,2,2,3.954,0.479,99.81839925882949,PRESERVING,3.475,1,CONTINUE,
T10,10,4.34,RPRA,3,1,3.475,0.365,99.92612536223533,PRESERVING,3.11,0,TERMINAL_REACHED,
T10,10,4.341,RPRA,1,3,4.341,0.387,52.21086141437609,PRESERVING,3.954,2,CONTINUE,
T10,10,4.341,RPRA,2,2,3.954,0.479,99.81839925882949,PRESERVING,3.475,1,CONTINUE,
T10,10,4.341,RPRA,3,1,3.475,0.365,99.92612536223533,PRESERVING,3.11,0,TERMINAL_REACHED,
T10,10,4.342,RPRA,1,3,4.342,0.388,52.37516104983774,PRESERVING,3.954,2,CONTINUE,
T10,10,4.342,RPRA,2,2,3.954,0.479,99.81839925882949,PRESERVING,3.475,1,CONTINUE,
T10,10,4.342,RPRA,3,1,3.475,0.365,99.92612536223533,PRESERVING,3.11,0,TERMINAL_REACHED,
T10,10,4.343,RPRA,1,3,4.343,0.389,52.539568689188066,PRESERVING,3.954,2,CONTINUE,
T10,10,4.343,RPRA,2,2,3.954,0.479,99.81839925882949,PRESERVING,3.475,1,CONTINUE,
T10,10,4.343,RPRA,3,1,3.475,0.365,99.92612536223533,PRESERVING,3.11,0,TERMINAL_REACHED,
T10,10,4.344,RPRA,1,3,4.344,0.39,52.70408416173712,PRESERVING,3.954,2,CONTINUE,
T10,10,4.344,RPRA,2,2,3.954,0.479,99.81839925882949,PRESERVING,3.475,1,CONTINUE,
T10,10,4.344,RPRA,3,1,3.475,0.365,99.92612536223533,PRESERVING,3.11,0,TERMINAL_REACHED,
T10,10,4.345,RPRA,1,3,4.345,0.391,52.868707297430035,PRESERVING,3.954,2,CONTINUE,
T10,10,4.345,RPRA,2,2,3.954,0.479,99.81839925882949,PRESERVING,3.475,1,CONTINUE,
T10,10,4.345,RPRA,3,1,3.475,0.365,99.92612536223533,PRESERVING,3.11,0,TERMINAL_REACHED,
T10,10,4.346,RPRA,1,3,4.346,0.392,53.03343792684224,PRESERVING,3.954,2,CONTINUE,
T10,10,4.346,RPRA,2,2,3.954,0.479,99.81839925882949,PRESERVING,3.475,1,CONTINUE,
T10,10,4.346,RPRA,3,1,3.475,0.365,99.92612536223533,PRESERVING,3.11,0,TERMINAL_REACHED,
T10,10,4.347,RPRA,1,3,4.347,0.393,53.19827588117677,PRESERVING,3.954,2,CONTINUE,
T10,10,4.347,RPRA,2,2,3.954,0.479,99.81839925882949,PRESERVING,3.475,1,CONTINUE,
T10,10,4.347,RPRA,3,1,3.475,0.365,99.92612536223533,PRESERVING,3.11,0,TERMINAL_REACHED,
T10,10,4.348,RPRA,1,3,4.348,0.394,53.36322099225934,PRESERVING,3.954,2,CONTINUE,
T10,10,4.348,RPRA,2,2,3.954,0.479,99.81839925882949,PRESERVING,3.475,1,CONTINUE,
T10,10,4.348,RPRA,3,1,3.475,0.365,99.92612536223533,PRESERVING,3.11,0,TERMINAL_REACHED,
T10,10,4.349,RPRA,1,3,4.349,0.395,53.52827309253466,PRESERVING,3.954,2,CONTINUE,
T10,10,4.349,RPRA,2,2,3.954,0.479,99.81839925882949,PRESERVING,3.475,1,CONTINUE,
T10,10,4.349,RPRA,3,1,3.475,0.365,99.92612536223533,PRESERVING,3.11,0,TERMINAL_REACHED,
T10,10,4.35,RPRA,1,3,4.35,0.396,53.69343201506301,PRESERVING,3.954,2,CONTINUE,
T10,10,4.35,RPRA,2,2,3.954,0.479,99.81839925882949,PRESERVING,3.475,1,CONTINUE,
T10,10,4.35,RPRA,3,1,3.475,0.365,99.92612536223533,PRESERVING,3.11,0,TERMINAL_REACHED,
T10,10,4.351,RPRA,1,3,4.351,0.397,53.85869759351495,PRESERVING,3.954,2,CONTINUE,
T10,10,4.351,RPRA,2,2,3.954,0.479,99.81839925882949,PRESERVING,3.475,1,CONTINUE,
T10,10,4.351,RPRA,3,1,3.475,0.365,99.92612536223533,PRESERVING,3.11,0,TERMINAL_REACHED,
T10,10,4.352,RPRA,1,3,4.352,0.398,54.02406966216914,PRESERVING,3.954,2,CONTINUE,
T10,10,4.352,RPRA,2,2,3.954,0.479,99.81839925882949,PRESERVING,3.475,1,CONTINUE,
T10,10,4.352,RPRA,3,1,3.475,0.365,99.92612536223533,PRESERVING,3.11,0,TERMINAL_REACHED,
T10,10,4.353,RPRA,1,3,4.353,0.399,54.189548055907885,PRESERVING,3.954,2,CONTINUE,
T10,10,4.353,RPRA,2,2,3.954,0.479,99.81839925882949,PRESERVING,3.475,1,CONTINUE,
T10,10,4.353,RPRA,3,1,3.475,0.365,99.92612536223533,PRESERVING,3.11,0,TERMINAL_REACHED,
T10,10,4.354,RPRA,1,3,4.354,0.4,54.35513261021325,PRESERVING,3.954,2,CONTINUE,
T10,10,4.354,RPRA,2,2,3.954,0.479,99.81839925882949,PRESERVING,3.475,1,CONTINUE,
T10,10,4.354,RPRA,3,1,3.475,0.365,99.92612536223533,PRESERVING,3.11,0,TERMINAL_REACHED,
T10,10,4.355,RPRA,1,3,4.355,0.401,54.520823161163364,PRESERVING,3.954,2,CONTINUE,
T10,10,4.355,RPRA,2,2,3.954,0.479,99.81839925882949,PRESERVING,3.475,1,CONTINUE,
T10,10,4.355,RPRA,3,1,3.475,0.365,99.92612536223533,PRESERVING,3.11,0,TERMINAL_REACHED,
T10,10,4.356,RPRA,1,3,4.356,0.402,54.68661954542891,PRESERVING,3.954,2,CONTINUE,
T10,10,4.356,RPRA,2,2,3.954,0.479,99.81839925882949,PRESERVING,3.475,1,CONTINUE,
T10,10,4.356,RPRA,3,1,3.475,0.365,99.92612536223533,PRESERVING,3.11,0,TERMINAL_REACHED,
T10,10,4.357,RPRA,1,3,4.357,0.403,54.85252160026949,PRESERVING,3.954,2,CONTINUE,
T10,10,4.357,RPRA,2,2,3.954,0.479,99.81839925882949,PRESERVING,3.475,1,CONTINUE,
T10,10,4.357,RPRA,3,1,3.475,0.365,99.92612536223533,PRESERVING,3.11,0,TERMINAL_REACHED,
T10,10,4.358,RPRA,1,3,4.358,0.404,55.018529163529074,PRESERVING,3.954,2,CONTINUE,
T10,10,4.358,RPRA,2,2,3.954,0.479,99.81839925882949,PRESERVING,3.475,1,CONTINUE,
T10,10,4.358,RPRA,3,1,3.475,0.365,99.92612536223533,PRESERVING,3.11,0,TERMINAL_REACHED,
T10,10,4.359,RPRA,1,3,4.359,0.405,55.18464207363407,PRESERVING,3.954,2,CONTINUE,
T10,10,4.359,RPRA,2,2,3.954,0.479,99.81839925882949,PRESERVING,3.475,1,CONTINUE,
T10,10,4.359,RPRA,3,1,3.475,0.365,99.92612536223533,PRESERVING,3.11,0,TERMINAL_REACHED,
T10,10,4.36,RPRA,1,3,4.36,0.406,55.35086016958852,PRESERVING,3.954,2,CONTINUE,
T10,10,4.36,RPRA,2,2,3.954,0.479,99.81839925882949,PRESERVING,3.475,1,CONTINUE,
T10,10,4.36,RPRA,3,1,3.475,0.365,99.92612536223533,PRESERVING,3.11,0,TERMINAL_REACHED,
T10,10,4.361,RPRA,1,3,4.361,0.407,55.517183290970856,PRESERVING,3.954,2,CONTINUE,
T10,10,4.361,RPRA,2,2,3.954,0.479,99.81839925882949,PRESERVING,3.475,1,CONTINUE,
T10,10,4.361,RPRA,3,1,3.475,0.365,99.92612536223533,PRESERVING,3.11,0,TERMINAL_REACHED,
T10,10,4.362,RPRA,1,3,4.362,0.408,55.68361127793048,PRESERVING,3.954,2,CONTINUE,
T10,10,4.362,RPRA,2,2,3.954,0.479,99.81839925882949,PRESERVING,3.475,1,CONTINUE,
T10,10,4.362,RPRA,3,1,3.475,0.365,99.92612536223533,PRESERVING,3.11,0,TERMINAL_REACHED,
T10,10,4.363,RPRA,1,3,4.363,0.409,55.85014397118456,PRESERVING,3.954,2,CONTINUE,
T10,10,4.363,RPRA,2,2,3.954,0.479,99.81839925882949,PRESERVING,3.475,1,CONTINUE,
T10,10,4.363,RPRA,3,1,3.475,0.365,99.92612536223533,PRESERVING,3.11,0,TERMINAL_REACHED,
T10,10,4.364,RPRA,1,3,4.364,0.41,56.016781212013285,PRESERVING,3.954,2,CONTINUE,
T10,10,4.364,RPRA,2,2,3.954,0.479,99.81839925882949,PRESERVING,3.475,1,CONTINUE,
T10,10,4.364,RPRA,3,1,3.475,0.365,99.92612536223533,PRESERVING,3.11,0,TERMINAL_REACHED,
T10,10,4.365,RPRA,1,3,4.365,0.411,56.18352284225838,PRESERVING,3.954,2,CONTINUE,
T10,10,4.365,RPRA,2,2,3.954,0.479,99.81839925882949,PRESERVING,3.475,1,CONTINUE,
T10,10,4.365,RPRA,3,1,3.475,0.365,99.92612536223533,PRESERVING,3.11,0,TERMINAL_REACHED,
T10,10,4.366,RPRA,1,3,4.366,0.412,56.35036870431839,PRESERVING,3.954,2,CONTINUE,
T10,10,4.366,RPRA,2,2,3.954,0.479,99.81839925882949,PRESERVING,3.475,1,CONTINUE,
T10,10,4.366,RPRA,3,1,3.475,0.365,99.92612536223533,PRESERVING,3.11,0,TERMINAL_REACHED,
T10,10,4.367,RPRA,1,3,4.367,0.413,56.51731864114569,PRESERVING,3.954,2,CONTINUE,
T10,10,4.367,RPRA,2,2,3.954,0.479,99.81839925882949,PRESERVING,3.475,1,CONTINUE,
T10,10,4.367,RPRA,3,1,3.475,0.365,99.92612536223533,PRESERVING,3.11,0,TERMINAL_REACHED,
T10,10,4.368,RPRA,1,3,4.368,0.414,56.68437249624328,PRESERVING,3.954,2,CONTINUE,
T10,10,4.368,RPRA,2,2,3.954,0.479,99.81839925882949,PRESERVING,3.475,1,CONTINUE,
T10,10,4.368,RPRA,3,1,3.475,0.365,99.92612536223533,PRESERVING,3.11,0,TERMINAL_REACHED,
T10,10,4.369,RPRA,1,3,4.369,0.415,56.85153011366125,PRESERVING,3.954,2,CONTINUE,
T10,10,4.369,RPRA,2,2,3.954,0.479,99.81839925882949,PRESERVING,3.475,1,CONTINUE,
T10,10,4.369,RPRA,3,1,3.475,0.365,99.92612536223533,PRESERVING,3.11,0,TERMINAL_REACHED,
T10,10,4.37,RPRA,1,3,4.37,0.416,57.01879133799322,PRESERVING,3.954,2,CONTINUE,
T10,10,4.37,RPRA,2,2,3.954,0.479,99.81839925882949,PRESERVING,3.475,1,CONTINUE,
T10,10,4.37,RPRA,3,1,3.475,0.365,99.92612536223533,PRESERVING,3.11,0,TERMINAL_REACHED,
T10,10,4.371,RPRA,1,3,4.371,0.417,57.186156014373914,PRESERVING,3.954,2,CONTINUE,
T10,10,4.371,RPRA,2,2,3.954,0.479,99.81839925882949,PRESERVING,3.475,1,CONTINUE,
T10,10,4.371,RPRA,3,1,3.475,0.365,99.92612536223533,PRESERVING,3.11,0,TERMINAL_REACHED,
T10,10,4.372,RPRA,1,3,4.372,0.418,57.35362398847538,PRESERVING,3.954,2,CONTINUE,
T10,10,4.372,RPRA,2,2,3.954,0.479,99.81839925882949,PRESERVING,3.475,1,CONTINUE,
T10,10,4.372,RPRA,3,1,3.475,0.365,99.92612536223533,PRESERVING,3.11,0,TERMINAL_REACHED,
T10,10,4.373,RPRA,1,3,4.373,0.419,57.52119510650383,PRESERVING,3.954,2,CONTINUE,
T10,10,4.373,RPRA,2,2,3.954,0.479,99.81839925882949,PRESERVING,3.475,1,CONTINUE,
T10,10,4.373,RPRA,3,1,3.475,0.365,99.92612536223533,PRESERVING,3.11,0,TERMINAL_REACHED,
T10,10,4.374,RPRA,1,3,4.374,0.42,57.68886921519673,PRESERVING,3.954,2,CONTINUE,
T10,10,4.374,RPRA,2,2,3.954,0.479,99.81839925882949,PRESERVING,3.475,1,CONTINUE,
T10,10,4.374,RPRA,3,1,3.475,0.365,99.92612536223533,PRESERVING,3.11,0,TERMINAL_REACHED,
T10,10,4.375,RPRA,1,3,4.375,0.421,57.856646161819285,PRESERVING,3.954,2,CONTINUE,
T10,10,4.375,RPRA,2,2,3.954,0.479,99.81839925882949,PRESERVING,3.475,1,CONTINUE,
T10,10,4.375,RPRA,3,1,3.475,0.365,99.92612536223533,PRESERVING,3.11,0,TERMINAL_REACHED,
T10,10,4.376,RPRA,1,3,4.376,0.422,58.02452579416113,PRESERVING,3.954,2,CONTINUE,
T10,10,4.376,RPRA,2,2,3.954,0.479,99.81839925882949,PRESERVING,3.475,1,CONTINUE,
T10,10,4.376,RPRA,3,1,3.475,0.365,99.92612536223533,PRESERVING,3.11,0,TERMINAL_REACHED,
T10,10,4.377,RPRA,1,3,4.377,0.423,58.192507960534265,PRESERVING,3.954,2,CONTINUE,
T10,10,4.377,RPRA,2,2,3.954,0.479,99.81839925882949,PRESERVING,3.475,1,CONTINUE,
T10,10,4.377,RPRA,3,1,3.475,0.365,99.92612536223533,PRESERVING,3.11,0,TERMINAL_REACHED,
T10,10,4.378,RPRA,1,3,4.378,0.424,58.3605925097689,PRESERVING,3.954,2,CONTINUE,
T10,10,4.378,RPRA,2,2,3.954,0.479,99.81839925882949,PRESERVING,3.475,1,CONTINUE,
T10,10,4.378,RPRA,3,1,3.475,0.365,99.92612536223533,PRESERVING,3.11,0,TERMINAL_REACHED,
T10,10,4.379,RPRA,1,3,4.379,0.425,58.5287792912111,PRESERVING,3.954,2,CONTINUE,
T10,10,4.379,RPRA,2,2,3.954,0.479,99.81839925882949,PRESERVING,3.475,1,CONTINUE,
T10,10,4.379,RPRA,3,1,3.475,0.365,99.92612536223533,PRESERVING,3.11,0,TERMINAL_REACHED,
T10,10,4.38,RPRA,1,3,4.38,0.426,58.69706815471935,PRESERVING,3.954,2,CONTINUE,
T10,10,4.38,RPRA,2,2,3.954,0.479,99.81839925882949,PRESERVING,3.475,1,CONTINUE,
T10,10,4.38,RPRA,3,1,3.475,0.365,99.92612536223533,PRESERVING,3.11,0,TERMINAL_REACHED,
T10,10,4.381,RPRA,1,3,4.381,0.427,58.865458950662,PRESERVING,3.954,2,CONTINUE,
T10,10,4.381,RPRA,2,2,3.954,0.479,99.81839925882949,PRESERVING,3.475,1,CONTINUE,
T10,10,4.381,RPRA,3,1,3.475,0.365,99.92612536223533,PRESERVING,3.11,0,TERMINAL_REACHED,
T10,10,4.382,RPRA,1,3,4.382,0.428,59.03395152991335,PRESERVING,3.954,2,CONTINUE,
T10,10,4.382,RPRA,2,2,3.954,0.479,99.81839925882949,PRESERVING,3.475,1,CONTINUE,
T10,10,4.382,RPRA,3,1,3.475,0.365,99.92612536223533,PRESERVING,3.11,0,TERMINAL_REACHED,
T10,10,4.383,RPRA,1,3,4.383,0.429,59.202545743851985,PRESERVING,3.954,2,CONTINUE,
T10,10,4.383,RPRA,2,2,3.954,0.479,99.81839925882949,PRESERVING,3.475,1,CONTINUE,
T10,10,4.383,RPRA,3,1,3.475,0.365,99.92612536223533,PRESERVING,3.11,0,TERMINAL_REACHED,
T10,10,4.384,RPRA,1,3,4.384,0.43,59.371241444357075,PRESERVING,3.954,2,CONTINUE,
T10,10,4.384,RPRA,2,2,3.954,0.479,99.81839925882949,PRESERVING,3.475,1,CONTINUE,
T10,10,4.384,RPRA,3,1,3.475,0.365,99.92612536223533,PRESERVING,3.11,0,TERMINAL_REACHED,
T10,10,4.385,RPRA,1,3,4.385,0.431,59.54003848380573,PRESERVING,3.954,2,CONTINUE,
T10,10,4.385,RPRA,2,2,3.954,0.479,99.81839925882949,PRESERVING,3.475,1,CONTINUE,
T10,10,4.385,RPRA,3,1,3.475,0.365,99.92612536223533,PRESERVING,3.11,0,TERMINAL_REACHED,
T10,10,4.386,RPRA,1,3,4.386,0.432,59.70893671507,PRESERVING,3.954,2,CONTINUE,
T10,10,4.386,RPRA,2,2,3.954,0.479,99.81839925882949,PRESERVING,3.475,1,CONTINUE,
T10,10,4.386,RPRA,3,1,3.475,0.365,99.92612536223533,PRESERVING,3.11,0,TERMINAL_REACHED,
T10,10,4.387,RPRA,1,3,4.387,0.433,59.877935991514235,PRESERVING,3.954,2,CONTINUE,
T10,10,4.387,RPRA,2,2,3.954,0.479,99.81839925882949,PRESERVING,3.475,1,CONTINUE,
T10,10,4.387,RPRA,3,1,3.475,0.365,99.92612536223533,PRESERVING,3.11,0,TERMINAL_REACHED,
T10,10,4.388,RPRA,1,3,4.388,0.434,60.047036166991546,PRESERVING,3.954,2,CONTINUE,
T10,10,4.388,RPRA,2,2,3.954,0.479,99.81839925882949,PRESERVING,3.475,1,CONTINUE,
T10,10,4.388,RPRA,3,1,3.475,0.365,99.92612536223533,PRESERVING,3.11,0,TERMINAL_REACHED,
T10,10,4.389,RPRA,1,3,4.389,0.435,60.21623709584211,PRESERVING,3.954,2,CONTINUE,
T10,10,4.389,RPRA,2,2,3.954,0.479,99.81839925882949,PRESERVING,3.475,1,CONTINUE,
T10,10,4.389,RPRA,3,1,3.475,0.365,99.92612536223533,PRESERVING,3.11,0,TERMINAL_REACHED,
T10,10,4.39,RPRA,1,3,4.39,0.436,60.385538632889784,PRESERVING,3.954,2,CONTINUE,
T10,10,4.39,RPRA,2,2,3.954,0.479,99.81839925882949,PRESERVING,3.475,1,CONTINUE,
T10,10,4.39,RPRA,3,1,3.475,0.365,99.92612536223533,PRESERVING,3.11,0,TERMINAL_REACHED,
T10,10,4.391,RPRA,1,3,4.391,0.437,60.55494063343928,PRESERVING,3.954,2,CONTINUE,
T10,10,4.391,RPRA,2,2,3.954,0.479,99.81839925882949,PRESERVING,3.475,1,CONTINUE,
T10,10,4.391,RPRA,3,1,3.475,0.365,99.92612536223533,PRESERVING,3.11,0,TERMINAL_REACHED,
T10,10,4.392,RPRA,1,3,4.392,0.438,60.724442953273574,PRESERVING,3.954,2,CONTINUE,
T10,10,4.392,RPRA,2,2,3.954,0.479,99.81839925882949,PRESERVING,3.475,1,CONTINUE,
T10,10,4.392,RPRA,3,1,3.475,0.365,99.92612536223533,PRESERVING,3.11,0,TERMINAL_REACHED,
T10,10,4.393,RPRA,1,3,4.393,0.439,60.89404544865144,PRESERVING,3.954,2,CONTINUE,
T10,10,4.393,RPRA,2,2,3.954,0.479,99.81839925882949,PRESERVING,3.475,1,CONTINUE,
T10,10,4.393,RPRA,3,1,3.475,0.365,99.92612536223533,PRESERVING,3.11,0,TERMINAL_REACHED,
T10,10,4.394,RPRA,1,3,4.394,0.44,61.063747976303794,PRESERVING,3.954,2,CONTINUE,
T10,10,4.394,RPRA,2,2,3.954,0.479,99.81839925882949,PRESERVING,3.475,1,CONTINUE,
T10,10,4.394,RPRA,3,1,3.475,0.365,99.92612536223533,PRESERVING,3.11,0,TERMINAL_REACHED,
T10,10,4.395,RPRA,1,3,4.395,0.441,61.23355039343243,PRESERVING,3.954,2,CONTINUE,
T10,10,4.395,RPRA,2,2,3.954,0.479,99.81839925882949,PRESERVING,3.475,1,CONTINUE,
T10,10,4.395,RPRA,3,1,3.475,0.365,99.92612536223533,PRESERVING,3.11,0,TERMINAL_REACHED,
T10,10,4.396,RPRA,1,3,4.396,0.442,61.403452557706345,PRESERVING,3.954,2,CONTINUE,
T10,10,4.396,RPRA,2,2,3.954,0.479,99.81839925882949,PRESERVING,3.475,1,CONTINUE,
T10,10,4.396,RPRA,3,1,3.475,0.365,99.92612536223533,PRESERVING,3.11,0,TERMINAL_REACHED,
T10,10,4.397,RPRA,1,3,4.397,0.443,61.573454327259455,PRESERVING,3.954,2,CONTINUE,
T10,10,4.397,RPRA,2,2,3.954,0.479,99.81839925882949,PRESERVING,3.475,1,CONTINUE,
T10,10,4.397,RPRA,3,1,3.475,0.365,99.92612536223533,PRESERVING,3.11,0,TERMINAL_REACHED,
T10,10,4.398,RPRA,1,3,4.398,0.444,61.743555560688094,PRESERVING,3.954,2,CONTINUE,
T10,10,4.398,RPRA,2,2,3.954,0.479,99.81839925882949,PRESERVING,3.475,1,CONTINUE,
T10,10,4.398,RPRA,3,1,3.475,0.365,99.92612536223533,PRESERVING,3.11,0,TERMINAL_REACHED,
T10,10,4.399,RPRA,1,3,4.399,0.445,61.91375611704834,PRESERVING,3.954,2,CONTINUE,
T10,10,4.399,RPRA,2,2,3.954,0.479,99.81839925882949,PRESERVING,3.475,1,CONTINUE,
T10,10,4.399,RPRA,3,1,3.475,0.365,99.92612536223533,PRESERVING,3.11,0,TERMINAL_REACHED,
T10,10,4.4,RPRA,1,3,4.4,0.446,62.084055855852675,PRESERVING,3.954,2,CONTINUE,
T10,10,4.4,RPRA,2,2,3.954,0.479,99.81839925882949,PRESERVING,3.475,1,CONTINUE,
T10,10,4.4,RPRA,3,1,3.475,0.365,99.92612536223533,PRESERVING,3.11,0,TERMINAL_REACHED,
T10,10,4.401,RPRA,1,3,4.401,0.447,62.254454637069166,PRESERVING,3.954,2,CONTINUE,
T10,10,4.401,RPRA,2,2,3.954,0.479,99.81839925882949,PRESERVING,3.475,1,CONTINUE,
T10,10,4.401,RPRA,3,1,3.475,0.365,99.92612536223533,PRESERVING,3.11,0,TERMINAL_REACHED,
T10,10,4.402,RPRA,1,3,4.402,0.448,62.42495232111729,PRESERVING,3.954,2,CONTINUE,
T10,10,4.402,RPRA,2,2,3.954,0.479,99.81839925882949,PRESERVING,3.475,1,CONTINUE,
T10,10,4.402,RPRA,3,1,3.475,0.365,99.92612536223533,PRESERVING,3.11,0,TERMINAL_REACHED,
T10,10,4.403,RPRA,1,3,4.403,0.449,62.59554876886639,PRESERVING,3.954,2,CONTINUE,
T10,10,4.403,RPRA,2,2,3.954,0.479,99.81839925882949,PRESERVING,3.475,1,CONTINUE,
T10,10,4.403,RPRA,3,1,3.475,0.365,99.92612536223533,PRESERVING,3.11,0,TERMINAL_REACHED,
T10,10,4.404,RPRA,1,3,4.404,0.45,62.76624384163271,PRESERVING,3.954,2,CONTINUE,
T10,10,4.404,RPRA,2,2,3.954,0.479,99.81839925882949,PRESERVING,3.475,1,CONTINUE,
T10,10,4.404,RPRA,3,1,3.475,0.365,99.92612536223533,PRESERVING,3.11,0,TERMINAL_REACHED,
T10,10,4.405,RPRA,1,3,4.405,0.451,62.9370374011773,PRESERVING,3.954,2,CONTINUE,
T10,10,4.405,RPRA,2,2,3.954,0.479,99.81839925882949,PRESERVING,3.475,1,CONTINUE,
T10,10,4.405,RPRA,3,1,3.475,0.365,99.92612536223533,PRESERVING,3.11,0,TERMINAL_REACHED,
T10,10,4.406,RPRA,1,3,4.406,0.452,63.107929309702726,PRESERVING,3.954,2,CONTINUE,
T10,10,4.406,RPRA,2,2,3.954,0.479,99.81839925882949,PRESERVING,3.475,1,CONTINUE,
T10,10,4.406,RPRA,3,1,3.475,0.365,99.92612536223533,PRESERVING,3.11,0,TERMINAL_REACHED,
T10,10,4.407,RPRA,1,3,4.407,0.453,63.27891942985203,PRESERVING,3.954,2,CONTINUE,
T10,10,4.407,RPRA,2,2,3.954,0.479,99.81839925882949,PRESERVING,3.475,1,CONTINUE,
T10,10,4.407,RPRA,3,1,3.475,0.365,99.92612536223533,PRESERVING,3.11,0,TERMINAL_REACHED,
T10,10,4.408,RPRA,1,3,4.408,0.454,63.45000762470497,PRESERVING,3.954,2,CONTINUE,
T10,10,4.408,RPRA,2,2,3.954,0.479,99.81839925882949,PRESERVING,3.475,1,CONTINUE,
T10,10,4.408,RPRA,3,1,3.475,0.365,99.92612536223533,PRESERVING,3.11,0,TERMINAL_REACHED,
T10,10,4.409,RPRA,1,3,4.409,0.455,63.62119375777664,PRESERVING,3.954,2,CONTINUE,
T10,10,4.409,RPRA,2,2,3.954,0.479,99.81839925882949,PRESERVING,3.475,1,CONTINUE,
T10,10,4.409,RPRA,3,1,3.475,0.365,99.92612536223533,PRESERVING,3.11,0,TERMINAL_REACHED,
T10,10,4.41,RPRA,1,3,4.41,0.456,63.7924776930144,PRESERVING,3.954,2,CONTINUE,
T10,10,4.41,RPRA,2,2,3.954,0.479,99.81839925882949,PRESERVING,3.475,1,CONTINUE,
T10,10,4.41,RPRA,3,1,3.475,0.365,99.92612536223533,PRESERVING,3.11,0,TERMINAL_REACHED,
T10,10,4.411,RPRA,1,3,4.411,0.457,63.9638592947961,PRESERVING,3.954,2,CONTINUE,
T10,10,4.411,RPRA,2,2,3.954,0.479,99.81839925882949,PRESERVING,3.475,1,CONTINUE,
T10,10,4.411,RPRA,3,1,3.475,0.365,99.92612536223533,PRESERVING,3.11,0,TERMINAL_REACHED,
T10,10,4.412,RPRA,1,3,4.412,0.458,64.13533842792665,PRESERVING,3.954,2,CONTINUE,
T10,10,4.412,RPRA,2,2,3.954,0.479,99.81839925882949,PRESERVING,3.475,1,CONTINUE,
T10,10,4.412,RPRA,3,1,3.475,0.365,99.92612536223533,PRESERVING,3.11,0,TERMINAL_REACHED,
T10,10,4.413,RPRA,1,3,4.413,0.459,64.30691495763725,PRESERVING,3.954,2,CONTINUE,
T10,10,4.413,RPRA,2,2,3.954,0.479,99.81839925882949,PRESERVING,3.475,1,CONTINUE,
T10,10,4.413,RPRA,3,1,3.475,0.365,99.92612536223533,PRESERVING,3.11,0,TERMINAL_REACHED,
T10,10,4.414,RPRA,1,3,4.414,0.46,64.47858874958193,PRESERVING,3.954,2,CONTINUE,
T10,10,4.414,RPRA,2,2,3.954,0.479,99.81839925882949,PRESERVING,3.475,1,CONTINUE,
T10,10,4.414,RPRA,3,1,3.475,0.365,99.92612536223533,PRESERVING,3.11,0,TERMINAL_REACHED,
T10,10,4.415,RPRA,1,3,4.415,0.461,64.65035966983591,PRESERVING,3.954,2,CONTINUE,
T10,10,4.415,RPRA,2,2,3.954,0.479,99.81839925882949,PRESERVING,3.475,1,CONTINUE,
T10,10,4.415,RPRA,3,1,3.475,0.365,99.92612536223533,PRESERVING,3.11,0,TERMINAL_REACHED,
T10,10,4.416,RPRA,1,3,4.416,0.462,64.82222758489279,PRESERVING,3.954,2,CONTINUE,
T10,10,4.416,RPRA,2,2,3.954,0.479,99.81839925882949,PRESERVING,3.475,1,CONTINUE,
T10,10,4.416,RPRA,3,1,3.475,0.365,99.92612536223533,PRESERVING,3.11,0,TERMINAL_REACHED,
T10,10,4.417,RPRA,1,3,4.417,0.463,64.99419236166295,PRESERVING,3.954,2,CONTINUE,
T10,10,4.417,RPRA,2,2,3.954,0.479,99.81839925882949,PRESERVING,3.475,1,CONTINUE,
T10,10,4.417,RPRA,3,1,3.475,0.365,99.92612536223533,PRESERVING,3.11,0,TERMINAL_REACHED,
T10,10,4.418,RPRA,1,3,4.418,0.464,65.16625386747013,PRESERVING,3.954,2,CONTINUE,
T10,10,4.418,RPRA,2,2,3.954,0.479,99.81839925882949,PRESERVING,3.475,1,CONTINUE,
T10,10,4.418,RPRA,3,1,3.475,0.365,99.92612536223533,PRESERVING,3.11,0,TERMINAL_REACHED,
T10,10,4.419,RPRA,1,3,4.419,0.465,65.33841197005076,PRESERVING,3.954,2,CONTINUE,
T10,10,4.419,RPRA,2,2,3.954,0.479,99.81839925882949,PRESERVING,3.475,1,CONTINUE,
T10,10,4.419,RPRA,3,1,3.475,0.365,99.92612536223533,PRESERVING,3.11,0,TERMINAL_REACHED,
T10,10,4.42,RPRA,1,3,4.42,0.466,65.51066653755086,PRESERVING,3.954,2,CONTINUE,
T10,10,4.42,RPRA,2,2,3.954,0.479,99.81839925882949,PRESERVING,3.475,1,CONTINUE,
T10,10,4.42,RPRA,3,1,3.475,0.365,99.92612536223533,PRESERVING,3.11,0,TERMINAL_REACHED,
T10,10,4.421,RPRA,1,3,4.421,0.467,65.68301743852389,PRESERVING,3.954,2,CONTINUE,
T10,10,4.421,RPRA,2,2,3.954,0.479,99.81839925882949,PRESERVING,3.475,1,CONTINUE,
T10,10,4.421,RPRA,3,1,3.475,0.365,99.92612536223533,PRESERVING,3.11,0,TERMINAL_REACHED,
T10,10,4.422,RPRA,1,3,4.422,0.468,65.85546454192882,PRESERVING,3.954,2,CONTINUE,
T10,10,4.422,RPRA,2,2,3.954,0.479,99.81839925882949,PRESERVING,3.475,1,CONTINUE,
T10,10,4.422,RPRA,3,1,3.475,0.365,99.92612536223533,PRESERVING,3.11,0,TERMINAL_REACHED,
T10,10,4.423,RPRA,1,3,4.423,0.469,66.02800771712803,PRESERVING,3.954,2,CONTINUE,
T10,10,4.423,RPRA,2,2,3.954,0.479,99.81839925882949,PRESERVING,3.475,1,CONTINUE,
T10,10,4.423,RPRA,3,1,3.475,0.365,99.92612536223533,PRESERVING,3.11,0,TERMINAL_REACHED,
T10,10,4.424,RPRA,1,3,4.424,0.47,66.20064683388414,PRESERVING,3.954,2,CONTINUE,
T10,10,4.424,RPRA,2,2,3.954,0.479,99.81839925882949,PRESERVING,3.475,1,CONTINUE,
T10,10,4.424,RPRA,3,1,3.475,0.365,99.92612536223533,PRESERVING,3.11,0,TERMINAL_REACHED,
T10,10,4.425,RPRA,1,3,4.425,0.471,66.37338176235977,PRESERVING,3.954,2,CONTINUE,
T10,10,4.425,RPRA,2,2,3.954,0.479,99.81839925882949,PRESERVING,3.475,1,CONTINUE,
T10,10,4.425,RPRA,3,1,3.475,0.365,99.92612536223533,PRESERVING,3.11,0,TERMINAL_REACHED,
T10,10,4.426,RPRA,1,3,4.426,0.472,66.54621237311395,PRESERVING,3.954,2,CONTINUE,
T10,10,4.426,RPRA,2,2,3.954,0.479,99.81839925882949,PRESERVING,3.475,1,CONTINUE,
T10,10,4.426,RPRA,3,1,3.475,0.365,99.92612536223533,PRESERVING,3.11,0,TERMINAL_REACHED,
T10,10,4.427,RPRA,1,3,4.427,0.473,66.71913853710058,PRESERVING,3.954,2,CONTINUE,
T10,10,4.427,RPRA,2,2,3.954,0.479,99.81839925882949,PRESERVING,3.475,1,CONTINUE,
T10,10,4.427,RPRA,3,1,3.475,0.365,99.92612536223533,PRESERVING,3.11,0,TERMINAL_REACHED,
T10,10,4.428,RPRA,1,3,4.428,0.474,66.89216012566634,PRESERVING,3.954,2,CONTINUE,
T10,10,4.428,RPRA,2,2,3.954,0.479,99.81839925882949,PRESERVING,3.475,1,CONTINUE,
T10,10,4.428,RPRA,3,1,3.475,0.365,99.92612536223533,PRESERVING,3.11,0,TERMINAL_REACHED,
T10,10,4.429,RPRA,1,3,4.429,0.475,67.0652770105484,PRESERVING,3.954,2,CONTINUE,
T10,10,4.429,RPRA,2,2,3.954,0.479,99.81839925882949,PRESERVING,3.475,1,CONTINUE,
T10,10,4.429,RPRA,3,1,3.475,0.365,99.92612536223533,PRESERVING,3.11,0,TERMINAL_REACHED,
T10,10,4.43,RPRA,1,3,4.43,0.476,67.23848906387296,PRESERVING,3.954,2,CONTINUE,
T10,10,4.43,RPRA,2,2,3.954,0.479,99.81839925882949,PRESERVING,3.475,1,CONTINUE,
T10,10,4.43,RPRA,3,1,3.475,0.365,99.92612536223533,PRESERVING,3.11,0,TERMINAL_REACHED,
T10,10,4.431,RPRA,1,3,4.431,0.477,67.41179615815196,PRESERVING,3.954,2,CONTINUE,
T10,10,4.431,RPRA,2,2,3.954,0.479,99.81839925882949,PRESERVING,3.475,1,CONTINUE,
T10,10,4.431,RPRA,3,1,3.475,0.365,99.92612536223533,PRESERVING,3.11,0,TERMINAL_REACHED,
T10,10,4.432,RPRA,1,3,4.432,0.478,67.58519816628268,PRESERVING,3.954,2,CONTINUE,
T10,10,4.432,RPRA,2,2,3.954,0.479,99.81839925882949,PRESERVING,3.475,1,CONTINUE,
T10,10,4.432,RPRA,3,1,3.475,0.365,99.92612536223533,PRESERVING,3.11,0,TERMINAL_REACHED,
T10,10,4.433,RPRA,1,3,4.433,0.479,67.75869496154488,PRESERVING,3.954,2,CONTINUE,
T10,10,4.433,RPRA,2,2,3.954,0.479,99.81839925882949,PRESERVING,3.475,1,CONTINUE,
T10,10,4.433,RPRA,3,1,3.475,0.365,99.92612536223533,PRESERVING,3.11,0,TERMINAL_REACHED,
T10,10,4.434,RPRA,1,3,4.434,0.48,67.93228641759848,PRESERVING,3.954,2,CONTINUE,
T10,10,4.434,RPRA,2,2,3.954,0.479,99.81839925882949,PRESERVING,3.475,1,CONTINUE,
T10,10,4.434,RPRA,3,1,3.475,0.365,99.92612536223533,PRESERVING,3.11,0,TERMINAL_REACHED,
T10,10,4.435,RPRA,1,3,4.435,0.481,68.10597240848273,PRESERVING,3.954,2,CONTINUE,
T10,10,4.435,RPRA,2,2,3.954,0.479,99.81839925882949,PRESERVING,3.475,1,CONTINUE,
T10,10,4.435,RPRA,3,1,3.475,0.365,99.92612536223533,PRESERVING,3.11,0,TERMINAL_REACHED,
T10,10,4.436,RPRA,1,3,4.436,0.482,68.27975280861263,PRESERVING,3.954,2,CONTINUE,
T10,10,4.436,RPRA,2,2,3.954,0.479,99.81839925882949,PRESERVING,3.475,1,CONTINUE,
T10,10,4.436,RPRA,3,1,3.475,0.365,99.92612536223533,PRESERVING,3.11,0,TERMINAL_REACHED,
T10,10,4.437,RPRA,1,3,4.437,0.483,68.45362749277851,PRESERVING,3.954,2,CONTINUE,
T10,10,4.437,RPRA,2,2,3.954,0.479,99.81839925882949,PRESERVING,3.475,1,CONTINUE,
T10,10,4.437,RPRA,3,1,3.475,0.365,99.92612536223533,PRESERVING,3.11,0,TERMINAL_REACHED,
T10,10,4.438,RPRA,1,3,4.438,0.484,68.62759633614351,PRESERVING,3.954,2,CONTINUE,
T10,10,4.438,RPRA,2,2,3.954,0.479,99.81839925882949,PRESERVING,3.475,1,CONTINUE,
T10,10,4.438,RPRA,3,1,3.475,0.365,99.92612536223533,PRESERVING,3.11,0,TERMINAL_REACHED,
T10,10,4.439,RPRA,1,3,4.439,0.485,68.8016592142415,PRESERVING,3.954,2,CONTINUE,
T10,10,4.439,RPRA,2,2,3.954,0.479,99.81839925882949,PRESERVING,3.475,1,CONTINUE,
T10,10,4.439,RPRA,3,1,3.475,0.365,99.92612536223533,PRESERVING,3.11,0,TERMINAL_REACHED,
T10,10,4.44,RPRA,1,3,4.44,0.486,68.97581600297521,PRESERVING,3.954,2,CONTINUE,
T10,10,4.44,RPRA,2,2,3.954,0.479,99.81839925882949,PRESERVING,3.475,1,CONTINUE,
T10,10,4.44,RPRA,3,1,3.475,0.365,99.92612536223533,PRESERVING,3.11,0,TERMINAL_REACHED,
T10,10,4.441,RPRA,1,3,4.441,0.487,69.15006657861491,PRESERVING,3.954,2,CONTINUE,
T10,10,4.441,RPRA,2,2,3.954,0.479,99.81839925882949,PRESERVING,3.475,1,CONTINUE,
T10,10,4.441,RPRA,3,1,3.475,0.365,99.92612536223533,PRESERVING,3.11,0,TERMINAL_REACHED,
T10,10,4.442,RPRA,1,3,4.442,0.488,69.32441081779577,PRESERVING,3.954,2,CONTINUE,
T10,10,4.442,RPRA,2,2,3.954,0.479,99.81839925882949,PRESERVING,3.475,1,CONTINUE,
T10,10,4.442,RPRA,3,1,3.475,0.365,99.92612536223533,PRESERVING,3.11,0,TERMINAL_REACHED,
T10,10,4.443,RPRA,1,3,4.443,0.489,69.49884859751589,PRESERVING,3.954,2,CONTINUE,
T10,10,4.443,RPRA,2,2,3.954,0.479,99.81839925882949,PRESERVING,3.475,1,CONTINUE,
T10,10,4.443,RPRA,3,1,3.475,0.365,99.92612536223533,PRESERVING,3.11,0,TERMINAL_REACHED,
T10,10,4.444,RPRA,1,3,4.444,0.49,69.67337979513567,PRESERVING,3.954,2,CONTINUE,
T10,10,4.444,RPRA,2,2,3.954,0.479,99.81839925882949,PRESERVING,3.475,1,CONTINUE,
T10,10,4.444,RPRA,3,1,3.475,0.365,99.92612536223533,PRESERVING,3.11,0,TERMINAL_REACHED,
T10,10,4.445,RPRA,1,3,4.445,0.491,69.84800428837487,PRESERVING,3.954,2,CONTINUE,
T10,10,4.445,RPRA,2,2,3.954,0.479,99.81839925882949,PRESERVING,3.475,1,CONTINUE,
T10,10,4.445,RPRA,3,1,3.475,0.365,99.92612536223533,PRESERVING,3.11,0,TERMINAL_REACHED,
T10,10,4.446,RPRA,1,3,4.446,0.492,70.02272195531103,PRESERVING,3.954,2,CONTINUE,
T10,10,4.446,RPRA,2,2,3.954,0.479,99.81839925882949,PRESERVING,3.475,1,CONTINUE,
T10,10,4.446,RPRA,3,1,3.475,0.365,99.92612536223533,PRESERVING,3.11,0,TERMINAL_REACHED,
T10,10,4.447,RPRA,1,3,4.447,0.493,70.19753267437828,PRESERVING,3.954,2,CONTINUE,
T10,10,4.447,RPRA,2,2,3.954,0.479,99.81839925882949,PRESERVING,3.475,1,CONTINUE,
T10,10,4.447,RPRA,3,1,3.475,0.365,99.92612536223533,PRESERVING,3.11,0,TERMINAL_REACHED,
T10,10,4.448,RPRA,1,3,4.448,0.494,70.37243632436385,PRESERVING,3.954,2,CONTINUE,
T10,10,4.448,RPRA,2,2,3.954,0.479,99.81839925882949,PRESERVING,3.475,1,CONTINUE,
T10,10,4.448,RPRA,3,1,3.475,0.365,99.92612536223533,PRESERVING,3.11,0,TERMINAL_REACHED,
T10,10,4.449,RPRA,1,3,4.449,0.495,70.54743278440863,PRESERVING,3.954,2,CONTINUE,
T10,10,4.449,RPRA,2,2,3.954,0.479,99.81839925882949,PRESERVING,3.475,1,CONTINUE,
T10,10,4.449,RPRA,3,1,3.475,0.365,99.92612536223533,PRESERVING,3.11,0,TERMINAL_REACHED,
T10,10,4.45,RPRA,1,3,4.45,0.496,70.72252193400371,PRESERVING,3.954,2,CONTINUE,
T10,10,4.45,RPRA,2,2,3.954,0.479,99.81839925882949,PRESERVING,3.475,1,CONTINUE,
T10,10,4.45,RPRA,3,1,3.475,0.365,99.92612536223533,PRESERVING,3.11,0,TERMINAL_REACHED,
T10,10,4.451,RPRA,1,3,4.451,0.497,70.8977036529892,PRESERVING,3.954,2,CONTINUE,
T10,10,4.451,RPRA,2,2,3.954,0.479,99.81839925882949,PRESERVING,3.475,1,CONTINUE,
T10,10,4.451,RPRA,3,1,3.475,0.365,99.92612536223533,PRESERVING,3.11,0,TERMINAL_REACHED,
T10,10,4.452,RPRA,1,3,4.452,0.498,71.07297782155248,PRESERVING,3.954,2,CONTINUE,
T10,10,4.452,RPRA,2,2,3.954,0.479,99.81839925882949,PRESERVING,3.475,1,CONTINUE,
T10,10,4.452,RPRA,3,1,3.475,0.365,99.92612536223533,PRESERVING,3.11,0,TERMINAL_REACHED,
T10,10,4.453,RPRA,1,3,4.453,0.499,71.2483443202264,PRESERVING,3.954,2,CONTINUE,
T10,10,4.453,RPRA,2,2,3.954,0.479,99.81839925882949,PRESERVING,3.475,1,CONTINUE,
T10,10,4.453,RPRA,3,1,3.475,0.365,99.92612536223533,PRESERVING,3.11,0,TERMINAL_REACHED,
T10,10,4.454,RPRA,1,3,4.454,0.5,71.42380302988774,PRESERVING,3.954,2,CONTINUE,
T10,10,4.454,RPRA,2,2,3.954,0.479,99.81839925882949,PRESERVING,3.475,1,CONTINUE,
T10,10,4.454,RPRA,3,1,3.475,0.365,99.92612536223533,PRESERVING,3.11,0,TERMINAL_REACHED,
T10,10,4.455,RPRA,1,3,4.455,0.501,71.59935383175466,PRESERVING,3.954,2,CONTINUE,
T10,10,4.455,RPRA,2,2,3.954,0.479,99.81839925882949,PRESERVING,3.475,1,CONTINUE,
T10,10,4.455,RPRA,3,1,3.475,0.365,99.92612536223533,PRESERVING,3.11,0,TERMINAL_REACHED,
T10,10,4.456,RPRA,1,3,4.456,0.502,71.77499660738653,PRESERVING,3.954,2,CONTINUE,
T10,10,4.456,RPRA,2,2,3.954,0.479,99.81839925882949,PRESERVING,3.475,1,CONTINUE,
T10,10,4.456,RPRA,3,1,3.475,0.365,99.92612536223533,PRESERVING,3.11,0,TERMINAL_REACHED,
T10,10,4.457,RPRA,1,3,4.457,0.503,71.95073123868099,PRESERVING,3.954,2,CONTINUE,
T10,10,4.457,RPRA,2,2,3.954,0.479,99.81839925882949,PRESERVING,3.475,1,CONTINUE,
T10,10,4.457,RPRA,3,1,3.475,0.365,99.92612536223533,PRESERVING,3.11,0,TERMINAL_REACHED,
T10,10,4.458,RPRA,1,3,4.458,0.504,72.1265576078727,PRESERVING,3.954,2,CONTINUE,
T10,10,4.458,RPRA,2,2,3.954,0.479,99.81839925882949,PRESERVING,3.475,1,CONTINUE,
T10,10,4.458,RPRA,3,1,3.475,0.365,99.92612536223533,PRESERVING,3.11,0,TERMINAL_REACHED,
T10,10,4.459,RPRA,1,3,4.459,0.505,72.302475597532,PRESERVING,3.954,2,CONTINUE,
T10,10,4.459,RPRA,2,2,3.954,0.479,99.81839925882949,PRESERVING,3.475,1,CONTINUE,
T10,10,4.459,RPRA,3,1,3.475,0.365,99.92612536223533,PRESERVING,3.11,0,TERMINAL_REACHED,
T10,10,4.46,RPRA,1,3,4.46,0.506,72.47848509056217,PRESERVING,3.954,2,CONTINUE,
T10,10,4.46,RPRA,2,2,3.954,0.479,99.81839925882949,PRESERVING,3.475,1,CONTINUE,
T10,10,4.46,RPRA,3,1,3.475,0.365,99.92612536223533,PRESERVING,3.11,0,TERMINAL_REACHED,
T10,10,4.461,RPRA,1,3,4.461,0.507,72.65458597019925,PRESERVING,3.954,2,CONTINUE,
T10,10,4.461,RPRA,2,2,3.954,0.479,99.81839925882949,PRESERVING,3.475,1,CONTINUE,
T10,10,4.461,RPRA,3,1,3.475,0.365,99.92612536223533,PRESERVING,3.11,0,TERMINAL_REACHED,
T10,10,4.462,RPRA,1,3,4.462,0.508,72.83077812000944,PRESERVING,3.954,2,CONTINUE,
T10,10,4.462,RPRA,2,2,3.954,0.479,99.81839925882949,PRESERVING,3.475,1,CONTINUE,
T10,10,4.462,RPRA,3,1,3.475,0.365,99.92612536223533,PRESERVING,3.11,0,TERMINAL_REACHED,
T10,10,4.463,RPRA,1,3,4.463,0.509,73.00706142388783,PRESERVING,3.954,2,CONTINUE,
T10,10,4.463,RPRA,2,2,3.954,0.479,99.81839925882949,PRESERVING,3.475,1,CONTINUE,
T10,10,4.463,RPRA,3,1,3.475,0.365,99.92612536223533,PRESERVING,3.11,0,TERMINAL_REACHED,
T10,10,4.464,RPRA,1,3,4.464,0.51,73.18343576605676,PRESERVING,3.954,2,CONTINUE,
T10,10,4.464,RPRA,2,2,3.954,0.479,99.81839925882949,PRESERVING,3.475,1,CONTINUE,
T10,10,4.464,RPRA,3,1,3.475,0.365,99.92612536223533,PRESERVING,3.11,0,TERMINAL_REACHED,
T10,10,4.465,RPRA,1,3,4.465,0.511,73.35990103106398,PRESERVING,3.954,2,CONTINUE,
T10,10,4.465,RPRA,2,2,3.954,0.479,99.81839925882949,PRESERVING,3.475,1,CONTINUE,
T10,10,4.465,RPRA,3,1,3.475,0.365,99.92612536223533,PRESERVING,3.11,0,TERMINAL_REACHED,
T10,10,4.466,RPRA,1,3,4.466,0.512,73.53645710378183,PRESERVING,3.954,2,CONTINUE,
T10,10,4.466,RPRA,2,2,3.954,0.479,99.81839925882949,PRESERVING,3.475,1,CONTINUE,
T10,10,4.466,RPRA,3,1,3.475,0.365,99.92612536223533,PRESERVING,3.11,0,TERMINAL_REACHED,
T10,10,4.467,RPRA,1,3,4.467,0.513,73.71310386940412,PRESERVING,3.954,2,CONTINUE,
T10,10,4.467,RPRA,2,2,3.954,0.479,99.81839925882949,PRESERVING,3.475,1,CONTINUE,
T10,10,4.467,RPRA,3,1,3.475,0.365,99.92612536223533,PRESERVING,3.11,0,TERMINAL_REACHED,
T10,10,4.468,RPRA,1,3,4.468,0.514,73.88984121344649,PRESERVING,3.954,2,CONTINUE,
T10,10,4.468,RPRA,2,2,3.954,0.479,99.81839925882949,PRESERVING,3.475,1,CONTINUE,
T10,10,4.468,RPRA,3,1,3.475,0.365,99.92612536223533,PRESERVING,3.11,0,TERMINAL_REACHED,
T10,10,4.469,RPRA,1,3,4.469,0.515,74.06666902174348,PRESERVING,3.954,2,CONTINUE,
T10,10,4.469,RPRA,2,2,3.954,0.479,99.81839925882949,PRESERVING,3.475,1,CONTINUE,
T10,10,4.469,RPRA,3,1,3.475,0.365,99.92612536223533,PRESERVING,3.11,0,TERMINAL_REACHED,
T10,10,4.47,RPRA,1,3,4.47,0.516,74.24358718044768,PRESERVING,3.954,2,CONTINUE,
T10,10,4.47,RPRA,2,2,3.954,0.479,99.81839925882949,PRESERVING,3.475,1,CONTINUE,
T10,10,4.47,RPRA,3,1,3.475,0.365,99.92612536223533,PRESERVING,3.11,0,TERMINAL_REACHED,
T10,10,4.471,RPRA,1,3,4.471,0.517,74.42059557602808,PRESERVING,3.954,2,CONTINUE,
T10,10,4.471,RPRA,2,2,3.954,0.479,99.81839925882949,PRESERVING,3.475,1,CONTINUE,
T10,10,4.471,RPRA,3,1,3.475,0.365,99.92612536223533,PRESERVING,3.11,0,TERMINAL_REACHED,
T10,10,4.472,RPRA,1,3,4.472,0.518,74.59769409526757,PRESERVING,3.954,2,CONTINUE,
T10,10,4.472,RPRA,2,2,3.954,0.479,99.81839925882949,PRESERVING,3.475,1,CONTINUE,
T10,10,4.472,RPRA,3,1,3.475,0.365,99.92612536223533,PRESERVING,3.11,0,TERMINAL_REACHED,
T10,10,4.473,RPRA,1,3,4.473,0.519,74.77488262526342,PRESERVING,3.954,2,CONTINUE,
T10,10,4.473,RPRA,2,2,3.954,0.479,99.81839925882949,PRESERVING,3.475,1,CONTINUE,
T10,10,4.473,RPRA,3,1,3.475,0.365,99.92612536223533,PRESERVING,3.11,0,TERMINAL_REACHED,
T10,10,4.474,RPRA,1,3,4.474,0.52,74.95216105342396,PRESERVING,3.954,2,CONTINUE,
T10,10,4.474,RPRA,2,2,3.954,0.479,99.81839925882949,PRESERVING,3.475,1,CONTINUE,
T10,10,4.474,RPRA,3,1,3.475,0.365,99.92612536223533,PRESERVING,3.11,0,TERMINAL_REACHED,
T10,10,4.475,RPRA,1,3,4.475,0.521,75.12952926746821,PRESERVING,3.954,2,CONTINUE,
T10,10,4.475,RPRA,2,2,3.954,0.479,99.81839925882949,PRESERVING,3.475,1,CONTINUE,
T10,10,4.475,RPRA,3,1,3.475,0.365,99.92612536223533,PRESERVING,3.11,0,TERMINAL_REACHED,
T10,10,4.476,RPRA,1,3,4.476,0.522,75.30698715542367,PRESERVING,3.954,2,CONTINUE,
T10,10,4.476,RPRA,2,2,3.954,0.479,99.81839925882949,PRESERVING,3.475,1,CONTINUE,
T10,10,4.476,RPRA,3,1,3.475,0.365,99.92612536223533,PRESERVING,3.11,0,TERMINAL_REACHED,
T10,10,4.477,RPRA,1,3,4.477,0.523,75.4845346056253,PRESERVING,3.954,2,CONTINUE,
T10,10,4.477,RPRA,2,2,3.954,0.479,99.81839925882949,PRESERVING,3.475,1,CONTINUE,
T10,10,4.477,RPRA,3,1,3.475,0.365,99.92612536223533,PRESERVING,3.11,0,TERMINAL_REACHED,
T10,10,4.478,RPRA,1,3,4.478,0.524,75.66217150671416,PRESERVING,3.954,2,CONTINUE,
T10,10,4.478,RPRA,2,2,3.954,0.479,99.81839925882949,PRESERVING,3.475,1,CONTINUE,
T10,10,4.478,RPRA,3,1,3.475,0.365,99.92612536223533,PRESERVING,3.11,0,TERMINAL_REACHED,
T10,10,4.479,RPRA,1,3,4.479,0.525,75.83989774763496,PRESERVING,3.954,2,CONTINUE,
T10,10,4.479,RPRA,2,2,3.954,0.479,99.81839925882949,PRESERVING,3.475,1,CONTINUE,
T10,10,4.479,RPRA,3,1,3.475,0.365,99.92612536223533,PRESERVING,3.11,0,TERMINAL_REACHED,
T10,10,4.48,RPRA,1,3,4.48,0.526,76.01771321763623,PRESERVING,3.954,2,CONTINUE,
T10,10,4.48,RPRA,2,2,3.954,0.479,99.81839925882949,PRESERVING,3.475,1,CONTINUE,
T10,10,4.48,RPRA,3,1,3.475,0.365,99.92612536223533,PRESERVING,3.11,0,TERMINAL_REACHED,
T10,10,4.481,RPRA,1,3,4.481,0.527,76.19561780626749,PRESERVING,3.954,2,CONTINUE,
T10,10,4.481,RPRA,2,2,3.954,0.479,99.81839925882949,PRESERVING,3.475,1,CONTINUE,
T10,10,4.481,RPRA,3,1,3.475,0.365,99.92612536223533,PRESERVING,3.11,0,TERMINAL_REACHED,
T10,10,4.482,RPRA,1,3,4.482,0.528,76.37361140337882,PRESERVING,3.954,2,CONTINUE,
T10,10,4.482,RPRA,2,2,3.954,0.479,99.81839925882949,PRESERVING,3.475,1,CONTINUE,
T10,10,4.482,RPRA,3,1,3.475,0.365,99.92612536223533,PRESERVING,3.11,0,TERMINAL_REACHED,
T10,10,4.483,RPRA,1,3,4.483,0.529,76.55169389911899,PRESERVING,3.954,2,CONTINUE,
T10,10,4.483,RPRA,2,2,3.954,0.479,99.81839925882949,PRESERVING,3.475,1,CONTINUE,
T10,10,4.483,RPRA,3,1,3.475,0.365,99.92612536223533,PRESERVING,3.11,0,TERMINAL_REACHED,
T10,10,4.484,RPRA,1,3,4.484,0.53,76.72986518393336,PRESERVING,3.954,2,CONTINUE,
T10,10,4.484,RPRA,2,2,3.954,0.479,99.81839925882949,PRESERVING,3.475,1,CONTINUE,
T10,10,4.484,RPRA,3,1,3.475,0.365,99.92612536223533,PRESERVING,3.11,0,TERMINAL_REACHED,
T10,10,4.485,RPRA,1,3,4.485,0.531,76.90812514856393,PRESERVING,3.954,2,CONTINUE,
T10,10,4.485,RPRA,2,2,3.954,0.479,99.81839925882949,PRESERVING,3.475,1,CONTINUE,
T10,10,4.485,RPRA,3,1,3.475,0.365,99.92612536223533,PRESERVING,3.11,0,TERMINAL_REACHED,
T10,10,4.486,RPRA,1,3,4.486,0.532,77.08647368404719,PRESERVING,3.954,2,CONTINUE,
T10,10,4.486,RPRA,2,2,3.954,0.479,99.81839925882949,PRESERVING,3.475,1,CONTINUE,
T10,10,4.486,RPRA,3,1,3.475,0.365,99.92612536223533,PRESERVING,3.11,0,TERMINAL_REACHED,
T10,10,4.487,RPRA,1,3,4.487,0.533,77.26491068171258,PRESERVING,3.954,2,CONTINUE,
T10,10,4.487,RPRA,2,2,3.954,0.479,99.81839925882949,PRESERVING,3.475,1,CONTINUE,
T10,10,4.487,RPRA,3,1,3.475,0.365,99.92612536223533,PRESERVING,3.11,0,TERMINAL_REACHED,
T10,10,4.488,RPRA,1,3,4.488,0.534,77.44343603318131,PRESERVING,3.954,2,CONTINUE,
T10,10,4.488,RPRA,2,2,3.954,0.479,99.81839925882949,PRESERVING,3.475,1,CONTINUE,
T10,10,4.488,RPRA,3,1,3.475,0.365,99.92612536223533,PRESERVING,3.11,0,TERMINAL_REACHED,
T10,10,4.489,RPRA,1,3,4.489,0.535,77.62204963036531,PRESERVING,3.954,2,CONTINUE,
T10,10,4.489,RPRA,2,2,3.954,0.479,99.81839925882949,PRESERVING,3.475,1,CONTINUE,
T10,10,4.489,RPRA,3,1,3.475,0.365,99.92612536223533,PRESERVING,3.11,0,TERMINAL_REACHED,
T10,10,4.49,RPRA,1,3,4.49,0.536,77.80075136546557,PRESERVING,3.954,2,CONTINUE,
T10,10,4.49,RPRA,2,2,3.954,0.479,99.81839925882949,PRESERVING,3.475,1,CONTINUE,
T10,10,4.49,RPRA,3,1,3.475,0.365,99.92612536223533,PRESERVING,3.11,0,TERMINAL_REACHED,
T10,10,4.491,RPRA,1,3,4.491,0.537,77.97954113097018,PRESERVING,3.954,2,CONTINUE,
T10,10,4.491,RPRA,2,2,3.954,0.479,99.81839925882949,PRESERVING,3.475,1,CONTINUE,
T10,10,4.491,RPRA,3,1,3.475,0.365,99.92612536223533,PRESERVING,3.11,0,TERMINAL_REACHED,
T10,10,4.492,RPRA,1,3,4.492,0.538,78.15841881965446,PRESERVING,3.954,2,CONTINUE,
T10,10,4.492,RPRA,2,2,3.954,0.479,99.81839925882949,PRESERVING,3.475,1,CONTINUE,
T10,10,4.492,RPRA,3,1,3.475,0.365,99.92612536223533,PRESERVING,3.11,0,TERMINAL_REACHED,
T10,10,4.493,RPRA,1,3,4.493,0.539,78.33738432457841,PRESERVING,3.954,2,CONTINUE,
T10,10,4.493,RPRA,2,2,3.954,0.479,99.81839925882949,PRESERVING,3.475,1,CONTINUE,
T10,10,4.493,RPRA,3,1,3.475,0.365,99.92612536223533,PRESERVING,3.11,0,TERMINAL_REACHED,
T10,10,4.494,RPRA,1,3,4.494,0.54,78.5164375390859,PRESERVING,3.954,2,CONTINUE,
T10,10,4.494,RPRA,2,2,3.954,0.479,99.81839925882949,PRESERVING,3.475,1,CONTINUE,
T10,10,4.494,RPRA,3,1,3.475,0.365,99.92612536223533,PRESERVING,3.11,0,TERMINAL_REACHED,
T10,10,4.495,RPRA,1,3,4.495,0.541,78.69557835680372,PRESERVING,3.954,2,CONTINUE,
T10,10,4.495,RPRA,2,2,3.954,0.479,99.81839925882949,PRESERVING,3.475,1,CONTINUE,
T10,10,4.495,RPRA,3,1,3.475,0.365,99.92612536223533,PRESERVING,3.11,0,TERMINAL_REACHED,
T10,10,4.496,RPRA,1,3,4.496,0.542,78.87480667163898,PRESERVING,3.954,2,CONTINUE,
T10,10,4.496,RPRA,2,2,3.954,0.479,99.81839925882949,PRESERVING,3.475,1,CONTINUE,
T10,10,4.496,RPRA,3,1,3.475,0.365,99.92612536223533,PRESERVING,3.11,0,TERMINAL_REACHED,
T10,10,4.497,RPRA,1,3,4.497,0.543,79.0541223777792,PRESERVING,3.954,2,CONTINUE,
T10,10,4.497,RPRA,2,2,3.954,0.479,99.81839925882949,PRESERVING,3.475,1,CONTINUE,
T10,10,4.497,RPRA,3,1,3.475,0.365,99.92612536223533,PRESERVING,3.11,0,TERMINAL_REACHED,
T10,10,4.498,RPRA,1,3,4.498,0.544,79.23352536969058,PRESERVING,3.954,2,CONTINUE,
T10,10,4.498,RPRA,2,2,3.954,0.479,99.81839925882949,PRESERVING,3.475,1,CONTINUE,
T10,10,4.498,RPRA,3,1,3.475,0.365,99.92612536223533,PRESERVING,3.11,0,TERMINAL_REACHED,
T10,10,4.499,RPRA,1,3,4.499,0.545,79.41301554211658,PRESERVING,3.954,2,CONTINUE,
T10,10,4.499,RPRA,2,2,3.954,0.479,99.81839925882949,PRESERVING,3.475,1,CONTINUE,
T10,10,4.499,RPRA,3,1,3.475,0.365,99.92612536223533,PRESERVING,3.11,0,TERMINAL_REACHED,
T10,10,4.5,RPRA,1,3,4.5,0.546,79.59259279007664,PRESERVING,3.954,2,CONTINUE,
T10,10,4.5,RPRA,2,2,3.954,0.479,99.81839925882949,PRESERVING,3.475,1,CONTINUE,
T10,10,4.5,RPRA,3,1,3.475,0.365,99.92612536223533,PRESERVING,3.11,0,TERMINAL_REACHED,
T10,10,4.501,RPRA,1,3,4.501,0.547,79.77225700886518,PRESERVING,3.954,2,CONTINUE,
T10,10,4.501,RPRA,2,2,3.954,0.479,99.81839925882949,PRESERVING,3.475,1,CONTINUE,
T10,10,4.501,RPRA,3,1,3.475,0.365,99.92612536223533,PRESERVING,3.11,0,TERMINAL_REACHED,
T10,10,4.502,RPRA,1,3,4.502,0.548,79.95200809405047,PRESERVING,3.954,2,CONTINUE,
T10,10,4.502,RPRA,2,2,3.954,0.479,99.81839925882949,PRESERVING,3.475,1,CONTINUE,
T10,10,4.502,RPRA,3,1,3.475,0.365,99.92612536223533,PRESERVING,3.11,0,TERMINAL_REACHED,
T10,10,4.503,RPRA,1,3,4.503,0.549,80.13184594147215,PRESERVING,3.954,2,CONTINUE,
T10,10,4.503,RPRA,2,2,3.954,0.479,99.81839925882949,PRESERVING,3.475,1,CONTINUE,
T10,10,4.503,RPRA,3,1,3.475,0.365,99.92612536223533,PRESERVING,3.11,0,TERMINAL_REACHED,
T10,10,4.504,RPRA,1,3,4.504,0.55,80.31177044724195,PRESERVING,3.954,2,CONTINUE,
T10,10,4.504,RPRA,2,2,3.954,0.479,99.81839925882949,PRESERVING,3.475,1,CONTINUE,
T10,10,4.504,RPRA,3,1,3.475,0.365,99.92612536223533,PRESERVING,3.11,0,TERMINAL_REACHED,
T10,10,4.505,RPRA,1,3,4.505,0.551,80.49178150774107,PRESERVING,3.954,2,CONTINUE,
T10,10,4.505,RPRA,2,2,3.954,0.479,99.81839925882949,PRESERVING,3.475,1,CONTINUE,
T10,10,4.505,RPRA,3,1,3.475,0.365,99.92612536223533,PRESERVING,3.11,0,TERMINAL_REACHED,
T10,10,4.506,RPRA,1,3,4.506,0.552,80.67187901961955,PRESERVING,3.954,2,CONTINUE,
T10,10,4.506,RPRA,2,2,3.954,0.479,99.81839925882949,PRESERVING,3.475,1,CONTINUE,
T10,10,4.506,RPRA,3,1,3.475,0.365,99.92612536223533,PRESERVING,3.11,0,TERMINAL_REACHED,
T10,10,4.507,RPRA,1,3,4.507,0.553,80.85206287979507,PRESERVING,3.954,2,CONTINUE,
T10,10,4.507,RPRA,2,2,3.954,0.479,99.81839925882949,PRESERVING,3.475,1,CONTINUE,
T10,10,4.507,RPRA,3,1,3.475,0.365,99.92612536223533,PRESERVING,3.11,0,TERMINAL_REACHED,
T10,10,4.508,RPRA,1,3,4.508,0.554,81.03233298545078,PRESERVING,3.954,2,CONTINUE,
T10,10,4.508,RPRA,2,2,3.954,0.479,99.81839925882949,PRESERVING,3.475,1,CONTINUE,
T10,10,4.508,RPRA,3,1,3.475,0.365,99.92612536223533,PRESERVING,3.11,0,TERMINAL_REACHED,
T10,10,4.509,RPRA,1,3,4.509,0.555,81.21268923403575,PRESERVING,3.954,2,CONTINUE,
T10,10,4.509,RPRA,2,2,3.954,0.479,99.81839925882949,PRESERVING,3.475,1,CONTINUE,
T10,10,4.509,RPRA,3,1,3.475,0.365,99.92612536223533,PRESERVING,3.11,0,TERMINAL_REACHED,
T10,10,4.51,RPRA,1,3,4.51,0.556,81.39313152326253,PRESERVING,3.954,2,CONTINUE,
T10,10,4.51,RPRA,2,2,3.954,0.479,99.81839925882949,PRESERVING,3.475,1,CONTINUE,
T10,10,4.51,RPRA,3,1,3.475,0.365,99.92612536223533,PRESERVING,3.11,0,TERMINAL_REACHED,
T10,10,4.511,RPRA,1,3,4.511,0.557,81.57365975110667,PRESERVING,3.954,2,CONTINUE,
T10,10,4.511,RPRA,2,2,3.954,0.479,99.81839925882949,PRESERVING,3.475,1,CONTINUE,
T10,10,4.511,RPRA,3,1,3.475,0.365,99.92612536223533,PRESERVING,3.11,0,TERMINAL_REACHED,
T10,10,4.512,RPRA,1,3,4.512,0.558,81.7542738158048,PRESERVING,3.954,2,CONTINUE,
T10,10,4.512,RPRA,2,2,3.954,0.479,99.81839925882949,PRESERVING,3.475,1,CONTINUE,
T10,10,4.512,RPRA,3,1,3.475,0.365,99.92612536223533,PRESERVING,3.11,0,TERMINAL_REACHED,
T10,10,4.513,RPRA,1,3,4.513,0.559,81.93497361585437,PRESERVING,3.954,2,CONTINUE,
T10,10,4.513,RPRA,2,2,3.954,0.479,99.81839925882949,PRESERVING,3.475,1,CONTINUE,
T10,10,4.513,RPRA,3,1,3.475,0.365,99.92612536223533,PRESERVING,3.11,0,TERMINAL_REACHED,
T10,10,4.514,RPRA,1,3,4.514,0.56,82.11575905001207,PRESERVING,3.954,2,CONTINUE,
T10,10,4.514,RPRA,2,2,3.954,0.479,99.81839925882949,PRESERVING,3.475,1,CONTINUE,
T10,10,4.514,RPRA,3,1,3.475,0.365,99.92612536223533,PRESERVING,3.11,0,TERMINAL_REACHED,
T10,10,4.515,RPRA,1,3,4.515,0.561,82.29663001729202,PRESERVING,3.954,2,CONTINUE,
T10,10,4.515,RPRA,2,2,3.954,0.479,99.81839925882949,PRESERVING,3.475,1,CONTINUE,
T10,10,4.515,RPRA,3,1,3.475,0.365,99.92612536223533,PRESERVING,3.11,0,TERMINAL_REACHED,
T10,10,4.516,RPRA,1,3,4.516,0.562,82.47758641696586,PRESERVING,3.954,2,CONTINUE,
T10,10,4.516,RPRA,2,2,3.954,0.479,99.81839925882949,PRESERVING,3.475,1,CONTINUE,
T10,10,4.516,RPRA,3,1,3.475,0.365,99.92612536223533,PRESERVING,3.11,0,TERMINAL_REACHED,
T10,10,4.517,RPRA,1,3,4.517,0.563,82.65862814856108,PRESERVING,3.954,2,CONTINUE,
T10,10,4.517,RPRA,2,2,3.954,0.479,99.81839925882949,PRESERVING,3.475,1,CONTINUE,
T10,10,4.517,RPRA,3,1,3.475,0.365,99.92612536223533,PRESERVING,3.11,0,TERMINAL_REACHED,
T10,10,4.518,RPRA,1,3,4.518,0.564,82.83975511185939,PRESERVING,3.954,2,CONTINUE,
T10,10,4.518,RPRA,2,2,3.954,0.479,99.81839925882949,PRESERVING,3.475,1,CONTINUE,
T10,10,4.518,RPRA,3,1,3.475,0.365,99.92612536223533,PRESERVING,3.11,0,TERMINAL_REACHED,
T10,10,4.519,RPRA,1,3,4.519,0.565,83.02096720689633,PRESERVING,3.954,2,CONTINUE,
T10,10,4.519,RPRA,2,2,3.954,0.479,99.81839925882949,PRESERVING,3.475,1,CONTINUE,
T10,10,4.519,RPRA,3,1,3.475,0.365,99.92612536223533,PRESERVING,3.11,0,TERMINAL_REACHED,
T10,10,4.52,RPRA,1,3,4.52,0.566,83.20226433396027,PRESERVING,3.954,2,CONTINUE,
T10,10,4.52,RPRA,2,2,3.954,0.479,99.81839925882949,PRESERVING,3.475,1,CONTINUE,
T10,10,4.52,RPRA,3,1,3.475,0.365,99.92612536223533,PRESERVING,3.11,0,TERMINAL_REACHED,
T10,10,4.521,RPRA,1,3,4.521,0.567,83.38364639358973,PRESERVING,3.954,2,CONTINUE,
T10,10,4.521,RPRA,2,2,3.954,0.479,99.81839925882949,PRESERVING,3.475,1,CONTINUE,
T10,10,4.521,RPRA,3,1,3.475,0.365,99.92612536223533,PRESERVING,3.11,0,TERMINAL_REACHED,
T10,10,4.522,RPRA,1,3,4.522,0.568,83.56511328657459,PRESERVING,3.954,2,CONTINUE,
T10,10,4.522,RPRA,2,2,3.954,0.479,99.81839925882949,PRESERVING,3.475,1,CONTINUE,
T10,10,4.522,RPRA,3,1,3.475,0.365,99.92612536223533,PRESERVING,3.11,0,TERMINAL_REACHED,
T10,10,4.523,RPRA,1,3,4.523,0.569,83.74666491395338,PRESERVING,3.954,2,CONTINUE,
T10,10,4.523,RPRA,2,2,3.954,0.479,99.81839925882949,PRESERVING,3.475,1,CONTINUE,
T10,10,4.523,RPRA,3,1,3.475,0.365,99.92612536223533,PRESERVING,3.11,0,TERMINAL_REACHED,
T10,10,4.524,RPRA,1,3,4.524,0.57,83.92830117701286,PRESERVING,3.954,2,CONTINUE,
T10,10,4.524,RPRA,2,2,3.954,0.479,99.81839925882949,PRESERVING,3.475,1,CONTINUE,
T10,10,4.524,RPRA,3,1,3.475,0.365,99.92612536223533,PRESERVING,3.11,0,TERMINAL_REACHED,
T10,10,4.525,RPRA,1,3,4.525,0.571,84.11002197728659,PRESERVING,3.954,2,CONTINUE,
T10,10,4.525,RPRA,2,2,3.954,0.479,99.81839925882949,PRESERVING,3.475,1,CONTINUE,
T10,10,4.525,RPRA,3,1,3.475,0.365,99.92612536223533,PRESERVING,3.11,0,TERMINAL_REACHED,
T10,10,4.526,RPRA,1,3,4.526,0.572,84.2918272165541,PRESERVING,3.954,2,CONTINUE,
T10,10,4.526,RPRA,2,2,3.954,0.479,99.81839925882949,PRESERVING,3.475,1,CONTINUE,
T10,10,4.526,RPRA,3,1,3.475,0.365,99.92612536223533,PRESERVING,3.11,0,TERMINAL_REACHED,
T10,10,4.527,RPRA,1,3,4.527,0.573,84.47371679683998,PRESERVING,3.954,2,CONTINUE,
T10,10,4.527,RPRA,2,2,3.954,0.479,99.81839925882949,PRESERVING,3.475,1,CONTINUE,
T10,10,4.527,RPRA,3,1,3.475,0.365,99.92612536223533,PRESERVING,3.11,0,TERMINAL_REACHED,
T10,10,4.528,RPRA,1,3,4.528,0.574,84.65569062041186,PRESERVING,3.954,2,CONTINUE,
T10,10,4.528,RPRA,2,2,3.954,0.479,99.81839925882949,PRESERVING,3.475,1,CONTINUE,
T10,10,4.528,RPRA,3,1,3.475,0.365,99.92612536223533,PRESERVING,3.11,0,TERMINAL_REACHED,
T10,10,4.529,RPRA,1,3,4.529,0.575,84.83774858978079,PRESERVING,3.954,2,CONTINUE,
T10,10,4.529,RPRA,2,2,3.954,0.479,99.81839925882949,PRESERVING,3.475,1,CONTINUE,
T10,10,4.529,RPRA,3,1,3.475,0.365,99.92612536223533,PRESERVING,3.11,0,TERMINAL_REACHED,
T10,10,4.53,RPRA,1,3,4.53,0.576,85.01989060769932,PRESERVING,3.954,2,CONTINUE,
T10,10,4.53,RPRA,2,2,3.954,0.479,99.81839925882949,PRESERVING,3.475,1,CONTINUE,
T10,10,4.53,RPRA,3,1,3.475,0.365,99.92612536223533,PRESERVING,3.11,0,TERMINAL_REACHED,
T10,10,4.531,RPRA,1,3,4.531,0.577,85.20211657716051,PRESERVING,3.954,2,CONTINUE,
T10,10,4.531,RPRA,2,2,3.954,0.479,99.81839925882949,PRESERVING,3.475,1,CONTINUE,
T10,10,4.531,RPRA,3,1,3.475,0.365,99.92612536223533,PRESERVING,3.11,0,TERMINAL_REACHED,
T10,10,4.532,RPRA,1,3,4.532,0.578,85.38442640139739,PRESERVING,3.954,2,CONTINUE,
T10,10,4.532,RPRA,2,2,3.954,0.479,99.81839925882949,PRESERVING,3.475,1,CONTINUE,
T10,10,4.532,RPRA,3,1,3.475,0.365,99.92612536223533,PRESERVING,3.11,0,TERMINAL_REACHED,
T10,10,4.533,RPRA,1,3,4.533,0.579,85.56681998388054,PRESERVING,3.954,2,CONTINUE,
T10,10,4.533,RPRA,2,2,3.954,0.479,99.81839925882949,PRESERVING,3.475,1,CONTINUE,
T10,10,4.533,RPRA,3,1,3.475,0.365,99.92612536223533,PRESERVING,3.11,0,TERMINAL_REACHED,
T10,10,4.534,RPRA,1,3,4.534,0.58,85.74929722831914,PRESERVING,3.954,2,CONTINUE,
T10,10,4.534,RPRA,2,2,3.954,0.479,99.81839925882949,PRESERVING,3.475,1,CONTINUE,
T10,10,4.534,RPRA,3,1,3.475,0.365,99.92612536223533,PRESERVING,3.11,0,TERMINAL_REACHED,
T10,10,4.535,RPRA,1,3,4.535,0.581,85.9318580386586,PRESERVING,3.954,2,CONTINUE,
T10,10,4.535,RPRA,2,2,3.954,0.479,99.81839925882949,PRESERVING,3.475,1,CONTINUE,
T10,10,4.535,RPRA,3,1,3.475,0.365,99.92612536223533,PRESERVING,3.11,0,TERMINAL_REACHED,
T10,10,4.536,RPRA,1,3,4.536,0.582,86.1145023190796,PRESERVING,3.954,2,CONTINUE,
T10,10,4.536,RPRA,2,2,3.954,0.479,99.81839925882949,PRESERVING,3.475,1,CONTINUE,
T10,10,4.536,RPRA,3,1,3.475,0.365,99.92612536223533,PRESERVING,3.11,0,TERMINAL_REACHED,
T10,10,4.537,RPRA,1,3,4.537,0.583,86.29722997399755,PRESERVING,3.954,2,CONTINUE,
T10,10,4.537,RPRA,2,2,3.954,0.479,99.81839925882949,PRESERVING,3.475,1,CONTINUE,
T10,10,4.537,RPRA,3,1,3.475,0.365,99.92612536223533,PRESERVING,3.11,0,TERMINAL_REACHED,
T10,10,4.538,RPRA,1,3,4.538,0.584,86.4800409080613,PRESERVING,3.954,2,CONTINUE,
T10,10,4.538,RPRA,2,2,3.954,0.479,99.81839925882949,PRESERVING,3.475,1,CONTINUE,
T10,10,4.538,RPRA,3,1,3.475,0.365,99.92612536223533,PRESERVING,3.11,0,TERMINAL_REACHED,
T10,10,4.539,RPRA,1,3,4.539,0.585,86.6629350261525,PRESERVING,3.954,2,CONTINUE,
T10,10,4.539,RPRA,2,2,3.954,0.479,99.81839925882949,PRESERVING,3.475,1,CONTINUE,
T10,10,4.539,RPRA,3,1,3.475,0.365,99.92612536223533,PRESERVING,3.11,0,TERMINAL_REACHED,
T10,10,4.54,RPRA,1,3,4.54,0.586,86.84591223338347,PRESERVING,3.954,2,CONTINUE,
T10,10,4.54,RPRA,2,2,3.954,0.479,99.81839925882949,PRESERVING,3.475,1,CONTINUE,
T10,10,4.54,RPRA,3,1,3.475,0.365,99.92612536223533,PRESERVING,3.11,0,TERMINAL_REACHED,
T10,10,4.541,RPRA,1,3,4.541,0.587,87.02897243509796,PRESERVING,3.954,2,CONTINUE,
T10,10,4.541,RPRA,2,2,3.954,0.479,99.81839925882949,PRESERVING,3.475,1,CONTINUE,
T10,10,4.541,RPRA,3,1,3.475,0.365,99.92612536223533,PRESERVING,3.11,0,TERMINAL_REACHED,
T10,10,4.542,RPRA,1,3,4.542,0.588,87.21211553686908,PRESERVING,3.954,2,CONTINUE,
T10,10,4.542,RPRA,2,2,3.954,0.479,99.81839925882949,PRESERVING,3.475,1,CONTINUE,
T10,10,4.542,RPRA,3,1,3.475,0.365,99.92612536223533,PRESERVING,3.11,0,TERMINAL_REACHED,
T10,10,4.543,RPRA,1,3,4.543,0.589,87.39534144449831,PRESERVING,3.954,2,CONTINUE,
T10,10,4.543,RPRA,2,2,3.954,0.479,99.81839925882949,PRESERVING,3.475,1,CONTINUE,
T10,10,4.543,RPRA,3,1,3.475,0.365,99.92612536223533,PRESERVING,3.11,0,TERMINAL_REACHED,
T10,10,4.544,RPRA,1,3,4.544,0.59,87.57865006401535,PRESERVING,3.954,2,CONTINUE,
T10,10,4.544,RPRA,2,2,3.954,0.479,99.81839925882949,PRESERVING,3.475,1,CONTINUE,
T10,10,4.544,RPRA,3,1,3.475,0.365,99.92612536223533,PRESERVING,3.11,0,TERMINAL_REACHED,
T10,10,4.545,RPRA,1,3,4.545,0.591,87.76204130167554,PRESERVING,3.954,2,CONTINUE,
T10,10,4.545,RPRA,2,2,3.954,0.479,99.81839925882949,PRESERVING,3.475,1,CONTINUE,
T10,10,4.545,RPRA,3,1,3.475,0.365,99.92612536223533,PRESERVING,3.11,0,TERMINAL_REACHED,
T10,10,4.546,RPRA,1,3,4.546,0.592,87.94551506396087,PRESERVING,3.954,2,CONTINUE,
T10,10,4.546,RPRA,2,2,3.954,0.479,99.81839925882949,PRESERVING,3.475,1,CONTINUE,
T10,10,4.546,RPRA,3,1,3.475,0.365,99.92612536223533,PRESERVING,3.11,0,TERMINAL_REACHED,
T10,10,4.547,RPRA,1,3,4.547,0.593,88.12907125757789,PRESERVING,3.954,2,CONTINUE,
T10,10,4.547,RPRA,2,2,3.954,0.479,99.81839925882949,PRESERVING,3.475,1,CONTINUE,
T10,10,4.547,RPRA,3,1,3.475,0.365,99.92612536223533,PRESERVING,3.11,0,TERMINAL_REACHED,
T10,10,4.548,RPRA,1,3,4.548,0.594,88.31270978945702,PRESERVING,3.954,2,CONTINUE,
T10,10,4.548,RPRA,2,2,3.954,0.479,99.81839925882949,PRESERVING,3.475,1,CONTINUE,
T10,10,4.548,RPRA,3,1,3.475,0.365,99.92612536223533,PRESERVING,3.11,0,TERMINAL_REACHED,
T10,10,4.549,RPRA,1,3,4.549,0.595,88.49643056675131,PRESERVING,3.954,2,CONTINUE,
T10,10,4.549,RPRA,2,2,3.954,0.479,99.81839925882949,PRESERVING,3.475,1,CONTINUE,
T10,10,4.549,RPRA,3,1,3.475,0.365,99.92612536223533,PRESERVING,3.11,0,TERMINAL_REACHED,
T10,10,4.55,RPRA,1,3,4.55,0.596,88.68023349683618,PRESERVING,3.954,2,CONTINUE,
T10,10,4.55,RPRA,2,2,3.954,0.479,99.81839925882949,PRESERVING,3.475,1,CONTINUE,
T10,10,4.55,RPRA,3,1,3.475,0.365,99.92612536223533,PRESERVING,3.11,0,TERMINAL_REACHED,
T10,10,4.551,RPRA,1,3,4.551,0.597,88.86411848730816,PRESERVING,3.954,2,CONTINUE,
T10,10,4.551,RPRA,2,2,3.954,0.479,99.81839925882949,PRESERVING,3.475,1,CONTINUE,
T10,10,4.551,RPRA,3,1,3.475,0.365,99.92612536223533,PRESERVING,3.11,0,TERMINAL_REACHED,
T10,10,4.552,RPRA,1,3,4.552,0.598,89.04808544598312,PRESERVING,3.954,2,CONTINUE,
T10,10,4.552,RPRA,2,2,3.954,0.479,99.81839925882949,PRESERVING,3.475,1,CONTINUE,
T10,10,4.552,RPRA,3,1,3.475,0.365,99.92612536223533,PRESERVING,3.11,0,TERMINAL_REACHED,
T10,10,4.553,RPRA,1,3,4.553,0.599,89.23213428089713,PRESERVING,3.954,2,CONTINUE,
T10,10,4.553,RPRA,2,2,3.954,0.479,99.81839925882949,PRESERVING,3.475,1,CONTINUE,
T10,10,4.553,RPRA,3,1,3.475,0.365,99.92612536223533,PRESERVING,3.11,0,TERMINAL_REACHED,
T10,10,4.554,RPRA,1,3,4.554,0.6,89.41626490030418,PRESERVING,3.954,2,CONTINUE,
T10,10,4.554,RPRA,2,2,3.954,0.479,99.81839925882949,PRESERVING,3.475,1,CONTINUE,
T10,10,4.554,RPRA,3,1,3.475,0.365,99.92612536223533,PRESERVING,3.11,0,TERMINAL_REACHED,
T10,10,4.555,RPRA,1,3,4.555,0.601,89.60047721267557,PRESERVING,3.954,2,CONTINUE,
T10,10,4.555,RPRA,2,2,3.954,0.479,99.81839925882949,PRESERVING,3.475,1,CONTINUE,
T10,10,4.555,RPRA,3,1,3.475,0.365,99.92612536223533,PRESERVING,3.11,0,TERMINAL_REACHED,
T10,10,4.556,RPRA,1,3,4.556,0.602,89.78477112669964,PRESERVING,3.954,2,CONTINUE,
T10,10,4.556,RPRA,2,2,3.954,0.479,99.81839925882949,PRESERVING,3.475,1,CONTINUE,
T10,10,4.556,RPRA,3,1,3.475,0.365,99.92612536223533,PRESERVING,3.11,0,TERMINAL_REACHED,
T10,10,4.557,RPRA,1,3,4.557,0.603,89.96914655127944,PRESERVING,3.954,2,CONTINUE,
T10,10,4.557,RPRA,2,2,3.954,0.479,99.81839925882949,PRESERVING,3.475,1,CONTINUE,
T10,10,4.557,RPRA,3,1,3.475,0.365,99.92612536223533,PRESERVING,3.11,0,TERMINAL_REACHED,
T10,10,4.558,RPRA,1,3,4.558,0.604,90.15360339553354,PRESERVING,3.954,2,CONTINUE,
T10,10,4.558,RPRA,2,2,3.954,0.479,99.81839925882949,PRESERVING,3.475,1,CONTINUE,
T10,10,4.558,RPRA,3,1,3.475,0.365,99.92612536223533,PRESERVING,3.11,0,TERMINAL_REACHED,
T10,10,4.559,RPRA,1,3,4.559,0.605,90.33814156879404,PRESERVING,3.954,2,CONTINUE,
T10,10,4.559,RPRA,2,2,3.954,0.479,99.81839925882949,PRESERVING,3.475,1,CONTINUE,
T10,10,4.559,RPRA,3,1,3.475,0.365,99.92612536223533,PRESERVING,3.11,0,TERMINAL_REACHED,
T10,10,4.56,RPRA,1,3,4.56,0.606,90.52276098060625,PRESERVING,3.954,2,CONTINUE,
T10,10,4.56,RPRA,2,2,3.954,0.479,99.81839925882949,PRESERVING,3.475,1,CONTINUE,
T10,10,4.56,RPRA,3,1,3.475,0.365,99.92612536223533,PRESERVING,3.11,0,TERMINAL_REACHED,
T10,10,4.561,RPRA,1,3,4.561,0.607,90.70746154072731,PRESERVING,3.954,2,CONTINUE,
T10,10,4.561,RPRA,2,2,3.954,0.479,99.81839925882949,PRESERVING,3.475,1,CONTINUE,
T10,10,4.561,RPRA,3,1,3.475,0.365,99.92612536223533,PRESERVING,3.11,0,TERMINAL_REACHED,
T10,10,4.562,RPRA,1,3,4.562,0.608,90.89224315912584,PRESERVING,3.954,2,CONTINUE,
T10,10,4.562,RPRA,2,2,3.954,0.479,99.81839925882949,PRESERVING,3.475,1,CONTINUE,
T10,10,4.562,RPRA,3,1,3.475,0.365,99.92612536223533,PRESERVING,3.11,0,TERMINAL_REACHED,
T10,10,4.563,RPRA,1,3,4.563,0.609,91.07710574598096,PRESERVING,3.954,2,CONTINUE,
T10,10,4.563,RPRA,2,2,3.954,0.479,99.81839925882949,PRESERVING,3.475,1,CONTINUE,
T10,10,4.563,RPRA,3,1,3.475,0.365,99.92612536223533,PRESERVING,3.11,0,TERMINAL_REACHED,
T10,10,4.564,RPRA,1,3,4.564,0.61,91.26204921168065,PRESERVING,3.954,2,CONTINUE,
T10,10,4.564,RPRA,2,2,3.954,0.479,99.81839925882949,PRESERVING,3.475,1,CONTINUE,
T10,10,4.564,RPRA,3,1,3.475,0.365,99.92612536223533,PRESERVING,3.11,0,TERMINAL_REACHED,
T10,10,4.565,RPRA,1,3,4.565,0.611,91.44707346682223,PRESERVING,3.954,2,CONTINUE,
T10,10,4.565,RPRA,2,2,3.954,0.479,99.81839925882949,PRESERVING,3.475,1,CONTINUE,
T10,10,4.565,RPRA,3,1,3.475,0.365,99.92612536223533,PRESERVING,3.11,0,TERMINAL_REACHED,
T10,10,4.566,RPRA,1,3,4.566,0.612,91.63217842221073,PRESERVING,3.954,2,CONTINUE,
T10,10,4.566,RPRA,2,2,3.954,0.479,99.81839925882949,PRESERVING,3.475,1,CONTINUE,
T10,10,4.566,RPRA,3,1,3.475,0.365,99.92612536223533,PRESERVING,3.11,0,TERMINAL_REACHED,
T10,10,4.567,RPRA,1,3,4.567,0.613,91.81736398885793,PRESERVING,3.954,2,CONTINUE,
T10,10,4.567,RPRA,2,2,3.954,0.479,99.81839925882949,PRESERVING,3.475,1,CONTINUE,
T10,10,4.567,RPRA,3,1,3.475,0.365,99.92612536223533,PRESERVING,3.11,0,TERMINAL_REACHED,
T10,10,4.568,RPRA,1,3,4.568,0.614,92.00263007798219,PRESERVING,3.954,2,CONTINUE,
T10,10,4.568,RPRA,2,2,3.954,0.479,99.81839925882949,PRESERVING,3.475,1,CONTINUE,
T10,10,4.568,RPRA,3,1,3.475,0.365,99.92612536223533,PRESERVING,3.11,0,TERMINAL_REACHED,
T10,10,4.569,RPRA,1,3,4.569,0.615,92.18797660100647,PRESERVING,3.954,2,CONTINUE,
T10,10,4.569,RPRA,2,2,3.954,0.479,99.81839925882949,PRESERVING,3.475,1,CONTINUE,
T10,10,4.569,RPRA,3,1,3.475,0.365,99.92612536223533,PRESERVING,3.11,0,TERMINAL_REACHED,
T10,10,4.57,RPRA,1,3,4.57,0.616,92.37340346955888,PRESERVING,3.954,2,CONTINUE,
T10,10,4.57,RPRA,2,2,3.954,0.479,99.81839925882949,PRESERVING,3.475,1,CONTINUE,
T10,10,4.57,RPRA,3,1,3.475,0.365,99.92612536223533,PRESERVING,3.11,0,TERMINAL_REACHED,
T10,10,4.571,RPRA,1,3,4.571,0.617,92.55891059547093,PRESERVING,3.954,2,CONTINUE,
T10,10,4.571,RPRA,2,2,3.954,0.479,99.81839925882949,PRESERVING,3.475,1,CONTINUE,
T10,10,4.571,RPRA,3,1,3.475,0.365,99.92612536223533,PRESERVING,3.11,0,TERMINAL_REACHED,
T10,10,4.572,RPRA,1,3,4.572,0.618,92.74449789077703,PRESERVING,3.954,2,CONTINUE,
T10,10,4.572,RPRA,2,2,3.954,0.479,99.81839925882949,PRESERVING,3.475,1,CONTINUE,
T10,10,4.572,RPRA,3,1,3.475,0.365,99.92612536223533,PRESERVING,3.11,0,TERMINAL_REACHED,
T10,10,4.573,RPRA,1,3,4.573,0.619,92.93016526771356,PRESERVING,3.954,2,CONTINUE,
T10,10,4.573,RPRA,2,2,3.954,0.479,99.81839925882949,PRESERVING,3.475,1,CONTINUE,
T10,10,4.573,RPRA,3,1,3.475,0.365,99.92612536223533,PRESERVING,3.11,0,TERMINAL_REACHED,
T10,10,4.574,RPRA,1,3,4.574,0.62,93.11591263871816,PRESERVING,3.954,2,CONTINUE,
T10,10,4.574,RPRA,2,2,3.954,0.479,99.81839925882949,PRESERVING,3.475,1,CONTINUE,
T10,10,4.574,RPRA,3,1,3.475,0.365,99.92612536223533,PRESERVING,3.11,0,TERMINAL_REACHED,
T10,10,4.575,RPRA,1,3,4.575,0.621,93.30173991642916,PRESERVING,3.954,2,CONTINUE,
T10,10,4.575,RPRA,2,2,3.954,0.479,99.81839925882949,PRESERVING,3.475,1,CONTINUE,
T10,10,4.575,RPRA,3,1,3.475,0.365,99.92612536223533,PRESERVING,3.11,0,TERMINAL_REACHED,
T10,10,4.576,RPRA,1,3,4.576,0.622,93.48764701368374,PRESERVING,3.954,2,CONTINUE,
T10,10,4.576,RPRA,2,2,3.954,0.479,99.81839925882949,PRESERVING,3.475,1,CONTINUE,
T10,10,4.576,RPRA,3,1,3.475,0.365,99.92612536223533,PRESERVING,3.11,0,TERMINAL_REACHED,
T10,10,4.577,RPRA,1,3,4.577,0.623,93.6736338435186,PRESERVING,3.954,2,CONTINUE,
T10,10,4.577,RPRA,2,2,3.954,0.479,99.81839925882949,PRESERVING,3.475,1,CONTINUE,
T10,10,4.577,RPRA,3,1,3.475,0.365,99.92612536223533,PRESERVING,3.11,0,TERMINAL_REACHED,
T10,10,4.578,RPRA,1,3,4.578,0.624,93.8597003191683,PRESERVING,3.954,2,CONTINUE,
T10,10,4.578,RPRA,2,2,3.954,0.479,99.81839925882949,PRESERVING,3.475,1,CONTINUE,
T10,10,4.578,RPRA,3,1,3.475,0.365,99.92612536223533,PRESERVING,3.11,0,TERMINAL_REACHED,
T10,10,4.579,RPRA,1,3,4.579,0.625,94.04584635406454,PRESERVING,3.954,2,CONTINUE,
T10,10,4.579,RPRA,2,2,3.954,0.479,99.81839925882949,PRESERVING,3.475,1,CONTINUE,
T10,10,4.579,RPRA,3,1,3.475,0.365,99.92612536223533,PRESERVING,3.11,0,TERMINAL_REACHED,
T10,10,4.58,RPRA,1,3,4.58,0.626,94.23207186183589,PRESERVING,3.954,2,CONTINUE,
T10,10,4.58,RPRA,2,2,3.954,0.479,99.81839925882949,PRESERVING,3.475,1,CONTINUE,
T10,10,4.58,RPRA,3,1,3.475,0.365,99.92612536223533,PRESERVING,3.11,0,TERMINAL_REACHED,
T10,10,4.581,RPRA,1,3,4.581,0.627,94.41837675630569,PRESERVING,3.954,2,CONTINUE,
T10,10,4.581,RPRA,2,2,3.954,0.479,99.81839925882949,PRESERVING,3.475,1,CONTINUE,
T10,10,4.581,RPRA,3,1,3.475,0.365,99.92612536223533,PRESERVING,3.11,0,TERMINAL_REACHED,
T10,10,4.582,RPRA,1,3,4.582,0.628,94.60476095149305,PRESERVING,3.954,2,CONTINUE,
T10,10,4.582,RPRA,2,2,3.954,0.479,99.81839925882949,PRESERVING,3.475,1,CONTINUE,
T10,10,4.582,RPRA,3,1,3.475,0.365,99.92612536223533,PRESERVING,3.11,0,TERMINAL_REACHED,
T10,10,4.583,RPRA,1,3,4.583,0.629,94.79122436161083,PRESERVING,3.954,2,CONTINUE,
T10,10,4.583,RPRA,2,2,3.954,0.479,99.81839925882949,PRESERVING,3.475,1,CONTINUE,
T10,10,4.583,RPRA,3,1,3.475,0.365,99.92612536223533,PRESERVING,3.11,0,TERMINAL_REACHED,
T10,10,4.584,RPRA,1,3,4.584,0.63,94.9777669010654,PRESERVING,3.954,2,CONTINUE,
T10,10,4.584,RPRA,2,2,3.954,0.479,99.81839925882949,PRESERVING,3.475,1,CONTINUE,
T10,10,4.584,RPRA,3,1,3.475,0.365,99.92612536223533,PRESERVING,3.11,0,TERMINAL_REACHED,
T10,10,4.585,RPRA,1,3,4.585,0.631,95.16438848445567,PRESERVING,3.954,2,CONTINUE,
T10,10,4.585,RPRA,2,2,3.954,0.479,99.81839925882949,PRESERVING,3.475,1,CONTINUE,
T10,10,4.585,RPRA,3,1,3.475,0.365,99.92612536223533,PRESERVING,3.11,0,TERMINAL_REACHED,
T10,10,4.586,RPRA,1,3,4.586,0.632,95.35108902657245,PRESERVING,3.954,2,CONTINUE,
T10,10,4.586,RPRA,2,2,3.954,0.479,99.81839925882949,PRESERVING,3.475,1,CONTINUE,
T10,10,4.586,RPRA,3,1,3.475,0.365,99.92612536223533,PRESERVING,3.11,0,TERMINAL_REACHED,
T10,10,4.587,RPRA,1,3,4.587,0.633,95.53786844239778,PRESERVING,3.954,2,CONTINUE,
T10,10,4.587,RPRA,2,2,3.954,0.479,99.81839925882949,PRESERVING,3.475,1,CONTINUE,
T10,10,4.587,RPRA,3,1,3.475,0.365,99.92612536223533,PRESERVING,3.11,0,TERMINAL_REACHED,
T10,10,4.588,RPRA,1,3,4.588,0.634,95.72472664710362,PRESERVING,3.954,2,CONTINUE,
T10,10,4.588,RPRA,2,2,3.954,0.479,99.81839925882949,PRESERVING,3.475,1,CONTINUE,
T10,10,4.588,RPRA,3,1,3.475,0.365,99.92612536223533,PRESERVING,3.11,0,TERMINAL_REACHED,
T10,10,4.589,RPRA,1,3,4.589,0.635,95.91166355605188,PRESERVING,3.954,2,CONTINUE,
T10,10,4.589,RPRA,2,2,3.954,0.479,99.81839925882949,PRESERVING,3.475,1,CONTINUE,
T10,10,4.589,RPRA,3,1,3.475,0.365,99.92612536223533,PRESERVING,3.11,0,TERMINAL_REACHED,
T10,10,4.59,RPRA,1,3,4.59,0.636,96.09867908479335,PRESERVING,3.954,2,CONTINUE,
T10,10,4.59,RPRA,2,2,3.954,0.479,99.81839925882949,PRESERVING,3.475,1,CONTINUE,
T10,10,4.59,RPRA,3,1,3.475,0.365,99.92612536223533,PRESERVING,3.11,0,TERMINAL_REACHED,
T10,10,4.591,RPRA,1,3,4.591,0.637,96.28577314906674,PRESERVING,3.954,2,CONTINUE,
T10,10,4.591,RPRA,2,2,3.954,0.479,99.81839925882949,PRESERVING,3.475,1,CONTINUE,
T10,10,4.591,RPRA,3,1,3.475,0.365,99.92612536223533,PRESERVING,3.11,0,TERMINAL_REACHED,
T10,10,4.592,RPRA,1,3,4.592,0.638,96.47294566479859,PRESERVING,3.954,2,CONTINUE,
T10,10,4.592,RPRA,2,2,3.954,0.479,99.81839925882949,PRESERVING,3.475,1,CONTINUE,
T10,10,4.592,RPRA,3,1,3.475,0.365,99.92612536223533,PRESERVING,3.11,0,TERMINAL_REACHED,
T10,10,4.593,RPRA,1,3,4.593,0.639,96.66019654810148,PRESERVING,3.954,2,CONTINUE,
T10,10,4.593,RPRA,2,2,3.954,0.479,99.81839925882949,PRESERVING,3.475,1,CONTINUE,
T10,10,4.593,RPRA,3,1,3.475,0.365,99.92612536223533,PRESERVING,3.11,0,TERMINAL_REACHED,
T10,10,4.594,RPRA,1,3,4.594,0.64,96.84752571527436,PRESERVING,3.954,2,CONTINUE,
T10,10,4.594,RPRA,2,2,3.954,0.479,99.81839925882949,PRESERVING,3.475,1,CONTINUE,
T10,10,4.594,RPRA,3,1,3.475,0.365,99.92612536223533,PRESERVING,3.11,0,TERMINAL_REACHED,
T10,10,4.595,RPRA,1,3,4.595,0.641,97.03493308280136,PRESERVING,3.954,2,CONTINUE,
T10,10,4.595,RPRA,2,2,3.954,0.479,99.81839925882949,PRESERVING,3.475,1,CONTINUE,
T10,10,4.595,RPRA,3,1,3.475,0.365,99.92612536223533,PRESERVING,3.11,0,TERMINAL_REACHED,
T10,10,4.596,RPRA,1,3,4.596,0.642,97.22241856735103,PRESERVING,3.954,2,CONTINUE,
T10,10,4.596,RPRA,2,2,3.954,0.479,99.81839925882949,PRESERVING,3.475,1,CONTINUE,
T10,10,4.596,RPRA,3,1,3.475,0.365,99.92612536223533,PRESERVING,3.11,0,TERMINAL_REACHED,
T10,10,4.597,RPRA,1,3,4.597,0.643,97.40998208577575,PRESERVING,3.954,2,CONTINUE,
T10,10,4.597,RPRA,2,2,3.954,0.479,99.81839925882949,PRESERVING,3.475,1,CONTINUE,
T10,10,4.597,RPRA,3,1,3.475,0.365,99.92612536223533,PRESERVING,3.11,0,TERMINAL_REACHED,
T10,10,4.598,RPRA,1,3,4.598,0.644,97.59762355511113,PRESERVING,3.954,2,CONTINUE,
T10,10,4.598,RPRA,2,2,3.954,0.479,99.81839925882949,PRESERVING,3.475,1,CONTINUE,
T10,10,4.598,RPRA,3,1,3.475,0.365,99.92612536223533,PRESERVING,3.11,0,TERMINAL_REACHED,
T10,10,4.599,RPRA,1,3,4.599,0.645,97.78534289257509,PRESERVING,3.954,2,CONTINUE,
T10,10,4.599,RPRA,2,2,3.954,0.479,99.81839925882949,PRESERVING,3.475,1,CONTINUE,
T10,10,4.599,RPRA,3,1,3.475,0.365,99.92612536223533,PRESERVING,3.11,0,TERMINAL_REACHED,
T10,10,4.6,RPRA,1,3,4.6,0.646,97.97314001556683,PRESERVING,3.954,2,CONTINUE,
T10,10,4.6,RPRA,2,2,3.954,0.479,99.81839925882949,PRESERVING,3.475,1,CONTINUE,
T10,10,4.6,RPRA,3,1,3.475,0.365,99.92612536223533,PRESERVING,3.11,0,TERMINAL_REACHED,
T10,10,4.601,RPRA,1,3,4.601,0.647,98.16101484166705,PRESERVING,3.954,2,CONTINUE,
T10,10,4.601,RPRA,2,2,3.954,0.479,99.81839925882949,PRESERVING,3.475,1,CONTINUE,
T10,10,4.601,RPRA,3,1,3.475,0.365,99.92612536223533,PRESERVING,3.11,0,TERMINAL_REACHED,
T10,10,4.602,RPRA,1,3,4.602,0.648,98.34896728863656,PRESERVING,3.954,2,CONTINUE,
T10,10,4.602,RPRA,2,2,3.954,0.479,99.81839925882949,PRESERVING,3.475,1,CONTINUE,
T10,10,4.602,RPRA,3,1,3.475,0.365,99.92612536223533,PRESERVING,3.11,0,TERMINAL_REACHED,
T10,10,4.603,RPRA,1,3,4.603,0.649,98.53699727441582,PRESERVING,3.954,2,CONTINUE,
T10,10,4.603,RPRA,2,2,3.954,0.479,99.81839925882949,PRESERVING,3.475,1,CONTINUE,
T10,10,4.603,RPRA,3,1,3.475,0.365,99.92612536223533,PRESERVING,3.11,0,TERMINAL_REACHED,
T10,10,4.604,RPRA,1,3,4.604,0.65,98.72510471712428,PRESERVING,3.954,2,CONTINUE,
T10,10,4.604,RPRA,2,2,3.954,0.479,99.81839925882949,PRESERVING,3.475,1,CONTINUE,
T10,10,4.604,RPRA,3,1,3.475,0.365,99.92612536223533,PRESERVING,3.11,0,TERMINAL_REACHED,
T10,10,4.605,RPRA,1,3,4.605,0.651,98.91328953505922,PRESERVING,3.954,2,CONTINUE,
T10,10,4.605,RPRA,2,2,3.954,0.479,99.81839925882949,PRESERVING,3.475,1,CONTINUE,
T10,10,4.605,RPRA,3,1,3.475,0.365,99.92612536223533,PRESERVING,3.11,0,TERMINAL_REACHED,
T10,10,4.606,RPRA,1,3,4.606,0.652,99.1015516466959,PRESERVING,3.954,2,CONTINUE,
T10,10,4.606,RPRA,2,2,3.954,0.479,99.81839925882949,PRESERVING,3.475,1,CONTINUE,
T10,10,4.606,RPRA,3,1,3.475,0.365,99.92612536223533,PRESERVING,3.11,0,TERMINAL_REACHED,
T10,10,4.607,RPRA,1,3,4.607,0.653,99.28989097068624,PRESERVING,3.954,2,CONTINUE,
T10,10,4.607,RPRA,2,2,3.954,0.479,99.81839925882949,PRESERVING,3.475,1,CONTINUE,
T10,10,4.607,RPRA,3,1,3.475,0.365,99.92612536223533,PRESERVING,3.11,0,TERMINAL_REACHED,
T10,10,4.608,RPRA,1,3,4.608,0.654,99.4783074258585,PRESERVING,3.954,2,CONTINUE,
T10,10,4.608,RPRA,2,2,3.954,0.479,99.81839925882949,PRESERVING,3.475,1,CONTINUE,
T10,10,4.608,RPRA,3,1,3.475,0.365,99.92612536223533,PRESERVING,3.11,0,TERMINAL_REACHED,
T10,10,4.609,RPRA,1,3,4.609,0.655,99.66680093121647,PRESERVING,3.954,2,CONTINUE,
T10,10,4.609,RPRA,2,2,3.954,0.479,99.81839925882949,PRESERVING,3.475,1,CONTINUE,
T10,10,4.609,RPRA,3,1,3.475,0.365,99.92612536223533,PRESERVING,3.11,0,TERMINAL_REACHED,
T10,10,4.61,RPRA,1,3,4.61,0.656,99.85537140593873,PRESERVING,3.954,2,CONTINUE,
T10,10,4.61,RPRA,2,2,3.954,0.479,99.81839925882949,PRESERVING,3.475,1,CONTINUE,
T10,10,4.61,RPRA,3,1,3.475,0.365,99.92612536223533,PRESERVING,3.11,0,TERMINAL_REACHED,
T20,20,4.18,MYOPIC,1,3,4.18,0.36,53.026787309836045,PRESERVING,3.82,2,CONTINUE,
T20,20,4.18,MYOPIC,2,2,3.82,0.36,71.36037244201924,PRESERVING,3.46,1,CONTINUE,
T20,20,4.18,MYOPIC,3,1,3.46,0.36,99.22025135628195,PRESERVING,3.1,0,TERMINAL_REACHED,
T20,20,4.181,MYOPIC,1,3,4.181,0.36,52.985165029703495,PRESERVING,3.821,2,CONTINUE,
T20,20,4.181,MYOPIC,2,2,3.821,0.36,71.29853503433206,PRESERVING,3.461,1,CONTINUE,
T20,20,4.181,MYOPIC,3,1,3.461,0.36,99.12429367303372,PRESERVING,3.101,0,TERMINAL_REACHED,
T20,20,4.182,MYOPIC,1,3,4.182,0.36,52.943586298906844,PRESERVING,3.822,2,CONTINUE,
T20,20,4.182,MYOPIC,2,2,3.822,0.36,71.23676905304204,PRESERVING,3.462,1,CONTINUE,
T20,20,4.182,MYOPIC,3,1,3.462,0.36,99.02845968643378,PRESERVING,3.102,0,TERMINAL_REACHED,
T20,20,4.183,MYOPIC,1,3,4.183,0.36,52.90205106050394,PRESERVING,3.823,2,CONTINUE,
T20,20,4.183,MYOPIC,2,2,3.823,0.36,71.17507439505117,PRESERVING,3.463,1,CONTINUE,
T20,20,4.183,MYOPIC,3,1,3.463,0.36,98.93274919722856,PRESERVING,3.103,0,TERMINAL_REACHED,
T20,20,4.184,MYOPIC,1,3,4.184,0.36,52.86055925764199,PRESERVING,3.824,2,CONTINUE,
T20,20,4.184,MYOPIC,2,2,3.824,0.36,71.11345095743972,PRESERVING,3.464,1,CONTINUE,
T20,20,4.184,MYOPIC,3,1,3.464,0.36,98.83716200654949,PRESERVING,3.104,0,TERMINAL_REACHED,
T20,20,4.185,MYOPIC,1,3,4.185,0.36,52.81911083355733,PRESERVING,3.825,2,CONTINUE,
T20,20,4.185,MYOPIC,2,2,3.825,0.36,71.05189863746628,PRESERVING,3.465,1,CONTINUE,
T20,20,4.185,MYOPIC,3,1,3.465,0.36,98.74169791591217,PRESERVING,3.105,0,TERMINAL_REACHED,
T20,20,4.186,MYOPIC,1,3,4.186,0.36,52.777705731575345,PRESERVING,3.826,2,CONTINUE,
T20,20,4.186,MYOPIC,2,2,3.826,0.36,70.99041733256718,PRESERVING,3.466,1,CONTINUE,
T20,20,4.186,MYOPIC,3,1,3.466,0.36,98.64635672721552,PRESERVING,3.106,0,TERMINAL_REACHED,
T20,20,4.187,MYOPIC,1,3,4.187,0.36,52.73634389511021,PRESERVING,3.827,2,CONTINUE,
T20,20,4.187,MYOPIC,2,2,3.827,0.36,70.92900694035627,PRESERVING,3.467,1,CONTINUE,
T20,20,4.187,MYOPIC,3,1,3.467,0.36,98.55113824274075,PRESERVING,3.107,0,TERMINAL_REACHED,
T20,20,4.188,MYOPIC,1,3,4.188,0.36,52.69502526766479,PRESERVING,3.828,2,CONTINUE,
T20,20,4.188,MYOPIC,2,2,3.828,0.36,70.86766735862443,PRESERVING,3.468,1,CONTINUE,
T20,20,4.188,MYOPIC,3,1,3.468,0.36,98.45604226515093,PRESERVING,3.108,0,TERMINAL_REACHED,
T20,20,4.189,MYOPIC,1,3,4.189,0.36,52.65374979283043,PRESERVING,3.829,2,CONTINUE,
T20,20,4.189,MYOPIC,2,2,3.829,0.36,70.80639848533926,PRESERVING,3.469,1,CONTINUE,
T20,20,4.189,MYOPIC,3,1,3.469,0.36,98.36106859748955,PRESERVING,3.109,0,TERMINAL_REACHED,
T20,20,4.19,MYOPIC,1,3,4.19,0.36,52.612517414286856,PRESERVING,3.83,2,CONTINUE,
T20,20,4.19,MYOPIC,2,2,3.83,0.36,70.7452002186447,PRESERVING,3.47,1,CONTINUE,
T20,20,4.19,MYOPIC,3,1,3.47,0.36,98.26621704318018,PRESERVING,3.11,0,TERMINAL_REACHED,
T20,20,4.191,MYOPIC,1,3,4.191,0.36,52.571328075801944,PRESERVING,3.831,2,CONTINUE,
T20,20,4.191,MYOPIC,2,2,3.831,0.36,70.68407245686083,PRESERVING,3.471,1,CONTINUE,
T20,20,4.191,MYOPIC,3,1,3.471,0.36,98.17148740602515,PRESERVING,3.111,0,TERMINAL_REACHED,
T20,20,4.192,MYOPIC,1,3,4.192,0.36,52.530181721231614,PRESERVING,3.832,2,CONTINUE,
T20,20,4.192,MYOPIC,2,2,3.832,0.36,70.62301509848332,PRESERVING,3.472,1,CONTINUE,
T20,20,4.192,MYOPIC,3,1,3.472,0.36,98.07687949020522,PRESERVING,3.112,0,TERMINAL_REACHED,
T20,20,4.193,MYOPIC,1,3,4.193,0.36,52.48907829451962,PRESERVING,3.833,2,CONTINUE,
T20,20,4.193,MYOPIC,2,2,3.833,0.36,70.56202804218312,PRESERVING,3.473,1,CONTINUE,
T20,20,4.193,MYOPIC,3,1,3.473,0.36,97.98239310027826,PRESERVING,3.113,0,TERMINAL_REACHED,
T20,20,4.194,MYOPIC,1,3,4.194,0.36,52.44801773969748,PRESERVING,3.834,2,CONTINUE,
T20,20,4.194,MYOPIC,2,2,3.834,0.36,70.50111118680618,PRESERVING,3.474,1,CONTINUE,
T20,20,4.194,MYOPIC,3,1,3.474,0.36,97.88802804117866,PRESERVING,3.114,0,TERMINAL_REACHED,
T20,20,4.195,MYOPIC,1,3,4.195,0.36,52.4070000008842,PRESERVING,3.835,2,CONTINUE,
T20,20,4.195,MYOPIC,2,2,3.835,0.36,70.44026443137308,PRESERVING,3.475,1,CONTINUE,
T20,20,4.195,MYOPIC,3,1,3.475,0.36,97.79378411821638,PRESERVING,3.115,0,TERMINAL_REACHED,
T20,20,4.196,MYOPIC,1,3,4.196,0.36,52.36602502228619,PRESERVING,3.836,2,CONTINUE,
T20,20,4.196,MYOPIC,2,2,3.836,0.36,70.3794876750786,PRESERVING,3.476,1,CONTINUE,
T20,20,4.196,MYOPIC,3,1,3.476,0.36,97.69966113707625,PRESERVING,3.116,0,TERMINAL_REACHED,
T20,20,4.197,MYOPIC,1,3,4.197,0.36,52.325092748197044,PRESERVING,3.837,2,CONTINUE,
T20,20,4.197,MYOPIC,2,2,3.837,0.36,70.31878081729141,PRESERVING,3.477,1,CONTINUE,
T20,20,4.197,MYOPIC,3,1,3.477,0.36,97.60565890381687,PRESERVING,3.117,0,TERMINAL_REACHED,
T20,20,4.198,MYOPIC,1,3,4.198,0.36,52.284203122997496,PRESERVING,3.838,2,CONTINUE,
T20,20,4.198,MYOPIC,2,2,3.838,0.36,70.25814375755374,PRESERVING,3.478,1,CONTINUE,
T20,20,4.198,MYOPIC,3,1,3.478,0.36,97.51177722487003,PRESERVING,3.118,0,TERMINAL_REACHED,
T20,20,4.199,MYOPIC,1,3,4.199,0.36,52.24335609115513,PRESERVING,3.839,2,CONTINUE,
T20,20,4.199,MYOPIC,2,2,3.839,0.36,70.19757639558114,PRESERVING,3.479,1,CONTINUE,
T20,20,4.199,MYOPIC,3,1,3.479,0.36,97.41801590703973,PRESERVING,3.119,0,TERMINAL_REACHED,
T20,20,4.2,MYOPIC,1,3,4.2,0.36,52.20255159722428,PRESERVING,3.84,2,CONTINUE,
T20,20,4.2,MYOPIC,2,2,3.84,0.36,70.13707863126186,PRESERVING,3.48,1,CONTINUE,
T20,20,4.2,MYOPIC,3,1,3.48,0.36,97.3243747575014,PRESERVING,3.12,0,TERMINAL_REACHED,
T20,20,4.201,MYOPIC,1,3,4.201,0.36,52.16178958584585,PRESERVING,3.841,2,CONTINUE,
T20,20,4.201,MYOPIC,2,2,3.841,0.36,70.07665036465669,PRESERVING,3.481,1,CONTINUE,
T20,20,4.201,MYOPIC,3,1,3.481,0.361,97.65271581934964,PRESERVING,3.12,0,TERMINAL_REACHED,
T20,20,4.202,MYOPIC,1,3,4.202,0.36,52.12107000174724,PRESERVING,3.842,2,CONTINUE,
T20,20,4.202,MYOPIC,2,2,3.842,0.36,70.01629149599863,PRESERVING,3.482,1,CONTINUE,
T20,20,4.202,MYOPIC,3,1,3.482,0.362,97.9812866115601,PRESERVING,3.12,0,TERMINAL_REACHED,
T20,20,4.203,MYOPIC,1,3,4.203,0.36,52.0803927897421,PRESERVING,3.843,2,CONTINUE,
T20,20,4.203,MYOPIC,2,2,3.843,0.36,69.9560019256925,PRESERVING,3.483,1,CONTINUE,
T20,20,4.203,MYOPIC,3,1,3.483,0.363,98.3100867484187,PRESERVING,3.12,0,TERMINAL_REACHED,
T20,20,4.204,MYOPIC,1,3,4.204,0.36,52.03975789473015,PRESERVING,3.844,2,CONTINUE,
T20,20,4.204,MYOPIC,2,2,3.844,0.36,69.89578155431455,PRESERVING,3.484,1,CONTINUE,
T20,20,4.204,MYOPIC,3,1,3.484,0.364,98.63911584575672,PRESERVING,3.12,0,TERMINAL_REACHED,
T20,20,4.205,MYOPIC,1,3,4.205,0.36,51.99916526169709,PRESERVING,3.845,2,CONTINUE,
T20,20,4.205,MYOPIC,2,2,3.845,0.36,69.83563028261214,PRESERVING,3.485,1,CONTINUE,
T20,20,4.205,MYOPIC,3,1,3.485,0.365,98.96837352094043,PRESERVING,3.12,0,TERMINAL_REACHED,
T20,20,4.206,MYOPIC,1,3,4.206,0.36,51.95861483571447,PRESERVING,3.846,2,CONTINUE,
T20,20,4.206,MYOPIC,2,2,3.846,0.36,69.77554801150343,PRESERVING,3.486,1,CONTINUE,
T20,20,4.206,MYOPIC,3,1,3.486,0.366,99.29785939286056,PRESERVING,3.12,0,TERMINAL_REACHED,
T20,20,4.207,MYOPIC,1,3,4.207,0.36,51.91810656193943,PRESERVING,3.847,2,CONTINUE,
T20,20,4.207,MYOPIC,2,2,3.847,0.36,69.71553464207709,PRESERVING,3.487,1,CONTINUE,
T20,20,4.207,MYOPIC,3,1,3.487,0.367,99.62757308192226,PRESERVING,3.12,0,TERMINAL_REACHED,
T20,20,4.208,MYOPIC,1,3,4.208,0.36,51.87764038561463,PRESERVING,3.848,2,CONTINUE,
T20,20,4.208,MYOPIC,2,2,3.848,0.36,69.65559007559177,PRESERVING,3.488,1,CONTINUE,
T20,20,4.208,MYOPIC,3,1,3.488,0.368,99.95751421003307,PRESERVING,3.12,0,TERMINAL_REACHED,
T20,20,4.209,MYOPIC,1,3,4.209,0.36,51.83721625206807,PRESERVING,3.849,2,CONTINUE,
T20,20,4.209,MYOPIC,2,2,3.849,0.36,69.59571421347596,DESTROYING,3.489,1,CONTINUE,
T20,20,4.209,MYOPIC,3,1,3.489,,,,,1,NO_LOCALLY_FEASIBLE_ACTION,
T20,20,4.21,MYOPIC,1,3,4.21,0.36,51.79683410671292,PRESERVING,3.85,2,CONTINUE,
T20,20,4.21,MYOPIC,2,2,3.85,0.36,69.53590695732746,DESTROYING,3.49,1,CONTINUE,
T20,20,4.21,MYOPIC,3,1,3.49,,,,,1,NO_LOCALLY_FEASIBLE_ACTION,
T20,20,4.211,MYOPIC,1,3,4.211,0.36,51.756493895047356,PRESERVING,3.851,2,CONTINUE,
T20,20,4.211,MYOPIC,2,2,3.851,0.36,69.47616820891334,DESTROYING,3.491,1,CONTINUE,
T20,20,4.211,MYOPIC,3,1,3.491,,,,,1,NO_LOCALLY_FEASIBLE_ACTION,
T20,20,4.212,MYOPIC,1,3,4.212,0.36,51.71619556265447,PRESERVING,3.852,2,CONTINUE,
T20,20,4.212,MYOPIC,2,2,3.852,0.36,69.41649787016921,DESTROYING,3.492,1,CONTINUE,
T20,20,4.212,MYOPIC,3,1,3.492,,,,,1,NO_LOCALLY_FEASIBLE_ACTION,
T20,20,4.213,MYOPIC,1,3,4.213,0.36,51.675939055202036,PRESERVING,3.853,2,CONTINUE,
T20,20,4.213,MYOPIC,2,2,3.853,0.36,69.35689584319914,DESTROYING,3.493,1,CONTINUE,
T20,20,4.213,MYOPIC,3,1,3.493,,,,,1,NO_LOCALLY_FEASIBLE_ACTION,
T20,20,4.214,MYOPIC,1,3,4.214,0.36,51.63572431844241,PRESERVING,3.854,2,CONTINUE,
T20,20,4.214,MYOPIC,2,2,3.854,0.36,69.2973620302753,DESTROYING,3.494,1,CONTINUE,
T20,20,4.214,MYOPIC,3,1,3.494,,,,,1,NO_LOCALLY_FEASIBLE_ACTION,
T20,20,4.215,MYOPIC,1,3,4.215,0.36,51.59555129821238,PRESERVING,3.855,2,CONTINUE,
T20,20,4.215,MYOPIC,2,2,3.855,0.36,69.23789633383763,DESTROYING,3.495,1,CONTINUE,
T20,20,4.215,MYOPIC,3,1,3.495,,,,,1,NO_LOCALLY_FEASIBLE_ACTION,
T20,20,4.216,MYOPIC,1,3,4.216,0.36,51.55541994043291,PRESERVING,3.856,2,CONTINUE,
T20,20,4.216,MYOPIC,2,2,3.856,0.36,69.17849865649329,DESTROYING,3.496,1,CONTINUE,
T20,20,4.216,MYOPIC,3,1,3.496,,,,,1,NO_LOCALLY_FEASIBLE_ACTION,
T20,20,4.217,MYOPIC,1,3,4.217,0.36,51.515330191109136,PRESERVING,3.857,2,CONTINUE,
T20,20,4.217,MYOPIC,2,2,3.857,0.36,69.11916890101668,DESTROYING,3.497,1,CONTINUE,
T20,20,4.217,MYOPIC,3,1,3.497,,,,,1,NO_LOCALLY_FEASIBLE_ACTION,
T20,20,4.218,MYOPIC,1,3,4.218,0.36,51.475281996330175,PRESERVING,3.858,2,CONTINUE,
T20,20,4.218,MYOPIC,2,2,3.858,0.36,69.05990697034875,DESTROYING,3.498,1,CONTINUE,
T20,20,4.218,MYOPIC,3,1,3.498,,,,,1,NO_LOCALLY_FEASIBLE_ACTION,
T20,20,4.219,MYOPIC,1,3,4.219,0.36,51.43527530226886,PRESERVING,3.859,2,CONTINUE,
T20,20,4.219,MYOPIC,2,2,3.859,0.36,69.00071276759702,DESTROYING,3.499,1,CONTINUE,
T20,20,4.219,MYOPIC,3,1,3.499,,,,,1,NO_LOCALLY_FEASIBLE_ACTION,
T20,20,4.22,MYOPIC,1,3,4.22,0.36,51.39531005518171,PRESERVING,3.86,2,CONTINUE,
T20,20,4.22,MYOPIC,2,2,3.86,0.36,68.94158619603488,DESTROYING,3.5,1,CONTINUE,
T20,20,4.22,MYOPIC,3,1,3.5,,,,,1,NO_LOCALLY_FEASIBLE_ACTION,
T20,20,4.221,MYOPIC,1,3,4.221,0.36,51.35538620140876,PRESERVING,3.861,2,CONTINUE,
T20,20,4.221,MYOPIC,2,2,3.861,0.36,68.88252715910161,DESTROYING,3.501,1,CONTINUE,
T20,20,4.221,MYOPIC,3,1,3.501,,,,,1,NO_LOCALLY_FEASIBLE_ACTION,
T20,20,4.222,MYOPIC,1,3,4.222,0.36,51.315503687373365,PRESERVING,3.862,2,CONTINUE,
T20,20,4.222,MYOPIC,2,2,3.862,0.36,68.82353556040178,DESTROYING,3.502,1,CONTINUE,
T20,20,4.222,MYOPIC,3,1,3.502,,,,,1,NO_LOCALLY_FEASIBLE_ACTION,
T20,20,4.223,MYOPIC,1,3,4.223,0.36,51.275662459582094,PRESERVING,3.863,2,CONTINUE,
T20,20,4.223,MYOPIC,2,2,3.863,0.36,68.76461130370494,DESTROYING,3.503,1,CONTINUE,
T20,20,4.223,MYOPIC,3,1,3.503,,,,,1,NO_LOCALLY_FEASIBLE_ACTION,
T20,20,4.224,MYOPIC,1,3,4.224,0.36,51.2358624646245,PRESERVING,3.864,2,CONTINUE,
T20,20,4.224,MYOPIC,2,2,3.864,0.36,68.70575429294561,DESTROYING,3.504,1,CONTINUE,
T20,20,4.224,MYOPIC,3,1,3.504,,,,,1,NO_LOCALLY_FEASIBLE_ACTION,
T20,20,4.225,MYOPIC,1,3,4.225,0.36,51.196103649173104,PRESERVING,3.865,2,CONTINUE,
T20,20,4.225,MYOPIC,2,2,3.865,0.36,68.64696443222255,DESTROYING,3.505,1,CONTINUE,
T20,20,4.225,MYOPIC,3,1,3.505,,,,,1,NO_LOCALLY_FEASIBLE_ACTION,
T20,20,4.226,MYOPIC,1,3,4.226,0.36,51.15638595998316,PRESERVING,3.866,2,CONTINUE,
T20,20,4.226,MYOPIC,2,2,3.866,0.36,68.58824162579856,DESTROYING,3.506,1,CONTINUE,
T20,20,4.226,MYOPIC,3,1,3.506,,,,,1,NO_LOCALLY_FEASIBLE_ACTION,
T20,20,4.227,MYOPIC,1,3,4.227,0.36,51.11670934389245,PRESERVING,3.867,2,CONTINUE,
T20,20,4.227,MYOPIC,2,2,3.867,0.36,68.52958577810027,DESTROYING,3.507,1,CONTINUE,
T20,20,4.227,MYOPIC,3,1,3.507,,,,,1,NO_LOCALLY_FEASIBLE_ACTION,
T20,20,4.228,MYOPIC,1,3,4.228,0.36,51.077073747821274,PRESERVING,3.868,2,CONTINUE,
T20,20,4.228,MYOPIC,2,2,3.868,0.36,68.4709967937177,DESTROYING,3.508,1,CONTINUE,
T20,20,4.228,MYOPIC,3,1,3.508,,,,,1,NO_LOCALLY_FEASIBLE_ACTION,
T20,20,4.229,MYOPIC,1,3,4.229,0.36,51.03747911877214,PRESERVING,3.869,2,CONTINUE,
T20,20,4.229,MYOPIC,2,2,3.869,0.36,68.41247457740404,DESTROYING,3.509,1,CONTINUE,
T20,20,4.229,MYOPIC,3,1,3.509,,,,,1,NO_LOCALLY_FEASIBLE_ACTION,
T20,20,4.23,MYOPIC,1,3,4.23,0.36,50.99792540382983,PRESERVING,3.87,2,CONTINUE,
T20,20,4.23,MYOPIC,2,2,3.87,0.36,68.3540190340751,DESTROYING,3.51,1,CONTINUE,
T20,20,4.23,MYOPIC,3,1,3.51,,,,,1,NO_LOCALLY_FEASIBLE_ACTION,
T20,20,4.231,MYOPIC,1,3,4.231,0.36,50.958412550161015,PRESERVING,3.871,2,CONTINUE,
T20,20,4.231,MYOPIC,2,2,3.871,0.36,68.29563006880919,DESTROYING,3.511,1,CONTINUE,
T20,20,4.231,MYOPIC,3,1,3.511,,,,,1,NO_LOCALLY_FEASIBLE_ACTION,
T20,20,4.232,MYOPIC,1,3,4.232,0.36,50.918940505014255,PRESERVING,3.872,2,CONTINUE,
T20,20,4.232,MYOPIC,2,2,3.872,0.36,68.23730758684684,DESTROYING,3.512,1,CONTINUE,
T20,20,4.232,MYOPIC,3,1,3.512,,,,,1,NO_LOCALLY_FEASIBLE_ACTION,
T20,20,4.233,MYOPIC,1,3,4.233,0.36,50.87950921571976,PRESERVING,3.873,2,CONTINUE,
T20,20,4.233,MYOPIC,2,2,3.873,0.36,68.17905149359025,DESTROYING,3.513,1,CONTINUE,
T20,20,4.233,MYOPIC,3,1,3.513,,,,,1,NO_LOCALLY_FEASIBLE_ACTION,
T20,20,4.234,MYOPIC,1,3,4.234,0.36,50.84011862968941,PRESERVING,3.874,2,CONTINUE,
T20,20,4.234,MYOPIC,2,2,3.874,0.36,68.12086169460318,DESTROYING,3.514,1,CONTINUE,
T20,20,4.234,MYOPIC,3,1,3.514,,,,,1,NO_LOCALLY_FEASIBLE_ACTION,
T20,20,4.235,MYOPIC,1,3,4.235,0.36,50.80076869441637,PRESERVING,3.875,2,CONTINUE,
T20,20,4.235,MYOPIC,2,2,3.875,0.36,68.06273809561046,DESTROYING,3.515,1,CONTINUE,
T20,20,4.235,MYOPIC,3,1,3.515,,,,,1,NO_LOCALLY_FEASIBLE_ACTION,
T20,20,4.236,MYOPIC,1,3,4.236,0.36,50.761459357475125,PRESERVING,3.876,2,CONTINUE,
T20,20,4.236,MYOPIC,2,2,3.876,0.36,68.00468060249787,DESTROYING,3.516,1,CONTINUE,
T20,20,4.236,MYOPIC,3,1,3.516,,,,,1,NO_LOCALLY_FEASIBLE_ACTION,
T20,20,4.237,MYOPIC,1,3,4.237,0.36,50.72219056652126,PRESERVING,3.877,2,CONTINUE,
T20,20,4.237,MYOPIC,2,2,3.877,0.36,67.9466891213116,DESTROYING,3.517,1,CONTINUE,
T20,20,4.237,MYOPIC,3,1,3.517,,,,,1,NO_LOCALLY_FEASIBLE_ACTION,
T20,20,4.238,MYOPIC,1,3,4.238,0.36,50.68296226929129,PRESERVING,3.878,2,CONTINUE,
T20,20,4.238,MYOPIC,2,2,3.878,0.36,67.88876355825805,DESTROYING,3.518,1,CONTINUE,
T20,20,4.238,MYOPIC,3,1,3.518,,,,,1,NO_LOCALLY_FEASIBLE_ACTION,
T20,20,4.239,MYOPIC,1,3,4.239,0.36,50.64377441360266,PRESERVING,3.879,2,CONTINUE,
T20,20,4.239,MYOPIC,2,2,3.879,0.36,67.83090381970355,DESTROYING,3.519,1,CONTINUE,
T20,20,4.239,MYOPIC,3,1,3.519,,,,,1,NO_LOCALLY_FEASIBLE_ACTION,
T20,20,4.24,MYOPIC,1,3,4.24,0.36,50.604626947353346,PRESERVING,3.88,2,CONTINUE,
T20,20,4.24,MYOPIC,2,2,3.88,0.36,67.77310981217397,DESTROYING,3.52,1,CONTINUE,
T20,20,4.24,MYOPIC,3,1,3.52,,,,,1,NO_LOCALLY_FEASIBLE_ACTION,
T20,20,4.241,MYOPIC,1,3,4.241,0.36,50.56551981852196,PRESERVING,3.881,2,CONTINUE,
T20,20,4.241,MYOPIC,2,2,3.881,0.36,67.71538144235436,DESTROYING,3.521,1,CONTINUE,
T20,20,4.241,MYOPIC,3,1,3.521,,,,,1,NO_LOCALLY_FEASIBLE_ACTION,
T20,20,4.242,MYOPIC,1,3,4.242,0.36,50.526452975167395,PRESERVING,3.882,2,CONTINUE,
T20,20,4.242,MYOPIC,2,2,3.882,0.36,67.65771861708876,DESTROYING,3.522,1,CONTINUE,
T20,20,4.242,MYOPIC,3,1,3.522,,,,,1,NO_LOCALLY_FEASIBLE_ACTION,
T20,20,4.243,MYOPIC,1,3,4.243,0.36,50.487426365428945,PRESERVING,3.883,2,CONTINUE,
T20,20,4.243,MYOPIC,2,2,3.883,0.36,67.60012124337977,DESTROYING,3.523,1,CONTINUE,
T20,20,4.243,MYOPIC,3,1,3.523,,,,,1,NO_LOCALLY_FEASIBLE_ACTION,
T20,20,4.244,MYOPIC,1,3,4.244,0.36,50.44843993752582,PRESERVING,3.884,2,CONTINUE,
T20,20,4.244,MYOPIC,2,2,3.884,0.36,67.54258922838837,DESTROYING,3.524,1,CONTINUE,
T20,20,4.244,MYOPIC,3,1,3.524,,,,,1,NO_LOCALLY_FEASIBLE_ACTION,
T20,20,4.245,MYOPIC,1,3,4.245,0.36,50.40949363975729,PRESERVING,3.885,2,CONTINUE,
T20,20,4.245,MYOPIC,2,2,3.885,0.36,67.48512247943339,DESTROYING,3.525,1,CONTINUE,
T20,20,4.245,MYOPIC,3,1,3.525,,,,,1,NO_LOCALLY_FEASIBLE_ACTION,
T20,20,4.246,MYOPIC,1,3,4.246,0.36,50.37058742050237,PRESERVING,3.886,2,CONTINUE,
T20,20,4.246,MYOPIC,2,2,3.886,0.36,67.42772090399144,DESTROYING,3.526,1,CONTINUE,
T20,20,4.246,MYOPIC,3,1,3.526,,,,,1,NO_LOCALLY_FEASIBLE_ACTION,
T20,20,4.247,MYOPIC,1,3,4.247,0.36,50.3317212282198,PRESERVING,3.887,2,CONTINUE,
T20,20,4.247,MYOPIC,2,2,3.887,0.36,67.37038440969644,DESTROYING,3.527,1,CONTINUE,
T20,20,4.247,MYOPIC,3,1,3.527,,,,,1,NO_LOCALLY_FEASIBLE_ACTION,
T20,20,4.248,MYOPIC,1,3,4.248,0.36,50.29289501144779,PRESERVING,3.888,2,CONTINUE,
T20,20,4.248,MYOPIC,2,2,3.888,0.36,67.3131129043393,DESTROYING,3.528,1,CONTINUE,
T20,20,4.248,MYOPIC,3,1,3.528,,,,,1,NO_LOCALLY_FEASIBLE_ACTION,
T20,20,4.249,MYOPIC,1,3,4.249,0.36,50.25410871880395,PRESERVING,3.889,2,CONTINUE,
T20,20,4.249,MYOPIC,2,2,3.889,0.36,67.25590629586777,DESTROYING,3.529,1,CONTINUE,
T20,20,4.249,MYOPIC,3,1,3.529,,,,,1,NO_LOCALLY_FEASIBLE_ACTION,
T20,20,4.25,MYOPIC,1,3,4.25,0.36,50.215362298985056,PRESERVING,3.89,2,CONTINUE,
T20,20,4.25,MYOPIC,2,2,3.89,0.36,67.19876449238593,DESTROYING,3.53,1,CONTINUE,
T20,20,4.25,MYOPIC,3,1,3.53,,,,,1,NO_LOCALLY_FEASIBLE_ACTION,
T20,20,4.251,MYOPIC,1,3,4.251,0.36,50.17665570076711,PRESERVING,3.891,2,CONTINUE,
T20,20,4.251,MYOPIC,2,2,3.891,0.36,67.14168740215395,DESTROYING,3.531,1,CONTINUE,
T20,20,4.251,MYOPIC,3,1,3.531,,,,,1,NO_LOCALLY_FEASIBLE_ACTION,
T20,20,4.252,MYOPIC,1,3,4.252,0.36,50.13798887300495,PRESERVING,3.892,2,CONTINUE,
T20,20,4.252,MYOPIC,2,2,3.892,0.36,67.08467493358792,DESTROYING,3.532,1,CONTINUE,
T20,20,4.252,MYOPIC,3,1,3.532,,,,,1,NO_LOCALLY_FEASIBLE_ACTION,
T20,20,4.253,MYOPIC,1,3,4.253,0.36,50.09936176463223,PRESERVING,3.893,2,CONTINUE,
T20,20,4.253,MYOPIC,2,2,3.893,0.36,67.02772699525933,DESTROYING,3.533,1,CONTINUE,
T20,20,4.253,MYOPIC,3,1,3.533,,,,,1,NO_LOCALLY_FEASIBLE_ACTION,
T20,20,4.254,MYOPIC,1,3,4.254,0.36,50.06077432466129,PRESERVING,3.894,2,CONTINUE,
T20,20,4.254,MYOPIC,2,2,3.894,0.36,66.97084349589481,DESTROYING,3.534,1,CONTINUE,
T20,20,4.254,MYOPIC,3,1,3.534,,,,,1,NO_LOCALLY_FEASIBLE_ACTION,
T20,20,4.255,MYOPIC,1,3,4.255,0.36,50.02222650218303,PRESERVING,3.895,2,CONTINUE,
T20,20,4.255,MYOPIC,2,2,3.895,0.36,66.91402434437595,DESTROYING,3.535,1,CONTINUE,
T20,20,4.255,MYOPIC,3,1,3.535,,,,,1,NO_LOCALLY_FEASIBLE_ACTION,
T20,20,4.256,MYOPIC,1,3,4.256,0.36,49.983718246366685,PRESERVING,3.896,2,CONTINUE,
T20,20,4.256,MYOPIC,2,2,3.896,0.36,66.85726944973891,DESTROYING,3.536,1,CONTINUE,
T20,20,4.256,MYOPIC,3,1,3.536,,,,,1,NO_LOCALLY_FEASIBLE_ACTION,
T20,20,4.257,MYOPIC,1,3,4.257,0.36,49.94524950645972,PRESERVING,3.897,2,CONTINUE,
T20,20,4.257,MYOPIC,2,2,3.897,0.36,66.80057872117408,DESTROYING,3.537,1,CONTINUE,
T20,20,4.257,MYOPIC,3,1,3.537,,,,,1,NO_LOCALLY_FEASIBLE_ACTION,
T20,20,4.258,MYOPIC,1,3,4.258,0.36,49.906820231787734,PRESERVING,3.898,2,CONTINUE,
T20,20,4.258,MYOPIC,2,2,3.898,0.36,66.74395206802579,DESTROYING,3.538,1,CONTINUE,
T20,20,4.258,MYOPIC,3,1,3.538,,,,,1,NO_LOCALLY_FEASIBLE_ACTION,
T20,20,4.259,MYOPIC,1,3,4.259,0.36,49.86843037175427,PRESERVING,3.899,2,CONTINUE,
T20,20,4.259,MYOPIC,2,2,3.899,0.36,66.68738939979204,DESTROYING,3.539,1,CONTINUE,
T20,20,4.259,MYOPIC,3,1,3.539,,,,,1,NO_LOCALLY_FEASIBLE_ACTION,
T20,20,4.26,MYOPIC,1,3,4.26,0.36,49.83007987584073,PRESERVING,3.9,2,CONTINUE,
T20,20,4.26,MYOPIC,2,2,3.9,0.36,66.63089062612418,DESTROYING,3.54,1,CONTINUE,
T20,20,4.26,MYOPIC,3,1,3.54,,,,,1,NO_LOCALLY_FEASIBLE_ACTION,
T20,20,4.261,MYOPIC,1,3,4.261,0.36,49.79176869360613,PRESERVING,3.901,2,CONTINUE,
T20,20,4.261,MYOPIC,2,2,3.901,0.36,66.57445565682667,DESTROYING,3.541,1,CONTINUE,
T20,20,4.261,MYOPIC,3,1,3.541,,,,,1,NO_LOCALLY_FEASIBLE_ACTION,
T20,20,4.262,MYOPIC,1,3,4.262,0.36,49.75349677468705,PRESERVING,3.902,2,CONTINUE,
T20,20,4.262,MYOPIC,2,2,3.902,0.36,66.51808440185664,DESTROYING,3.542,1,CONTINUE,
T20,20,4.262,MYOPIC,3,1,3.542,,,,,1,NO_LOCALLY_FEASIBLE_ACTION,
T20,20,4.263,MYOPIC,1,3,4.263,0.36,49.71526406879751,PRESERVING,3.903,2,CONTINUE,
T20,20,4.263,MYOPIC,2,2,3.903,0.36,66.4617767713236,DESTROYING,3.543,1,CONTINUE,
T20,20,4.263,MYOPIC,3,1,3.543,,,,,1,NO_LOCALLY_FEASIBLE_ACTION,
T20,20,4.264,MYOPIC,1,3,4.264,0.36,49.67707052572877,PRESERVING,3.904,2,CONTINUE,
T20,20,4.264,MYOPIC,2,2,3.904,0.36,66.40553267548937,DESTROYING,3.544,1,CONTINUE,
T20,20,4.264,MYOPIC,3,1,3.544,,,,,1,NO_LOCALLY_FEASIBLE_ACTION,
T20,20,4.265,MYOPIC,1,3,4.265,0.36,49.638916095349224,PRESERVING,3.905,2,CONTINUE,
T20,20,4.265,MYOPIC,2,2,3.905,0.36,66.34935202476751,DESTROYING,3.545,1,CONTINUE,
T20,20,4.265,MYOPIC,3,1,3.545,,,,,1,NO_LOCALLY_FEASIBLE_ACTION,
T20,20,4.266,MYOPIC,1,3,4.266,0.36,49.60080072760419,PRESERVING,3.906,2,CONTINUE,
T20,20,4.266,MYOPIC,2,2,3.906,0.36,66.29323472972312,DESTROYING,3.546,1,CONTINUE,
T20,20,4.266,MYOPIC,3,1,3.546,,,,,1,NO_LOCALLY_FEASIBLE_ACTION,
T20,20,4.267,MYOPIC,1,3,4.267,0.36,49.56272437251595,PRESERVING,3.907,2,CONTINUE,
T20,20,4.267,MYOPIC,2,2,3.907,0.36,66.23718070107255,DESTROYING,3.547,1,CONTINUE,
T20,20,4.267,MYOPIC,3,1,3.547,,,,,1,NO_LOCALLY_FEASIBLE_ACTION,
T20,20,4.268,MYOPIC,1,3,4.268,0.36,49.52468698018341,PRESERVING,3.908,2,CONTINUE,
T20,20,4.268,MYOPIC,2,2,3.908,0.36,66.18118984968311,DESTROYING,3.548,1,CONTINUE,
T20,20,4.268,MYOPIC,3,1,3.548,,,,,1,NO_LOCALLY_FEASIBLE_ACTION,
T20,20,4.269,MYOPIC,1,3,4.269,0.36,49.48668850078208,PRESERVING,3.909,2,CONTINUE,
T20,20,4.269,MYOPIC,2,2,3.909,0.36,66.12526208657277,DESTROYING,3.549,1,CONTINUE,
T20,20,4.269,MYOPIC,3,1,3.549,,,,,1,NO_LOCALLY_FEASIBLE_ACTION,
T20,20,4.27,MYOPIC,1,3,4.27,0.36,49.4487288845639,PRESERVING,3.91,2,CONTINUE,
T20,20,4.27,MYOPIC,2,2,3.91,0.36,66.06939732290982,DESTROYING,3.55,1,CONTINUE,
T20,20,4.27,MYOPIC,3,1,3.55,,,,,1,NO_LOCALLY_FEASIBLE_ACTION,
T20,20,4.271,MYOPIC,1,3,4.271,0.36,49.41080808185711,PRESERVING,3.911,2,CONTINUE,
T20,20,4.271,MYOPIC,2,2,3.911,0.36,66.01359547001255,DESTROYING,3.551,1,CONTINUE,
T20,20,4.271,MYOPIC,3,1,3.551,,,,,1,NO_LOCALLY_FEASIBLE_ACTION,
T20,20,4.272,MYOPIC,1,3,4.272,0.36,49.37292604306616,PRESERVING,3.912,2,CONTINUE,
T20,20,4.272,MYOPIC,2,2,3.912,0.36,65.95785643934917,DESTROYING,3.552,1,CONTINUE,
T20,20,4.272,MYOPIC,3,1,3.552,,,,,1,NO_LOCALLY_FEASIBLE_ACTION,
T20,20,4.273,MYOPIC,1,3,4.273,0.36,49.335082718671444,PRESERVING,3.913,2,CONTINUE,
T20,20,4.273,MYOPIC,2,2,3.913,0.36,65.9021801425372,DESTROYING,3.553,1,CONTINUE,
T20,20,4.273,MYOPIC,3,1,3.553,,,,,1,NO_LOCALLY_FEASIBLE_ACTION,
T20,20,4.274,MYOPIC,1,3,4.274,0.36,49.29727805922929,PRESERVING,3.914,2,CONTINUE,
T20,20,4.274,MYOPIC,2,2,3.914,0.36,65.84656649134338,DESTROYING,3.554,1,CONTINUE,
T20,20,4.274,MYOPIC,3,1,3.554,,,,,1,NO_LOCALLY_FEASIBLE_ACTION,
T20,20,4.275,MYOPIC,1,3,4.275,0.36,49.25951201537183,PRESERVING,3.915,2,CONTINUE,
T20,20,4.275,MYOPIC,2,2,3.915,0.36,65.79101539768331,DESTROYING,3.555,1,CONTINUE,
T20,20,4.275,MYOPIC,3,1,3.555,,,,,1,NO_LOCALLY_FEASIBLE_ACTION,
T20,20,4.276,MYOPIC,1,3,4.276,0.36,49.221784537806734,PRESERVING,3.916,2,CONTINUE,
T20,20,4.276,MYOPIC,2,2,3.916,0.36,65.73552677362127,DESTROYING,3.556,1,CONTINUE,
T20,20,4.276,MYOPIC,3,1,3.556,,,,,1,NO_LOCALLY_FEASIBLE_ACTION,
T20,20,4.277,MYOPIC,1,3,4.277,0.36,49.18409557731721,PRESERVING,3.917,2,CONTINUE,
T20,20,4.277,MYOPIC,2,2,3.917,0.36,65.68010053136966,DESTROYING,3.557,1,CONTINUE,
T20,20,4.277,MYOPIC,3,1,3.557,,,,,1,NO_LOCALLY_FEASIBLE_ACTION,
T20,20,4.278,MYOPIC,1,3,4.278,0.36,49.14644508476175,PRESERVING,3.918,2,CONTINUE,
T20,20,4.278,MYOPIC,2,2,3.918,0.36,65.62473658328904,DESTROYING,3.558,1,CONTINUE,
T20,20,4.278,MYOPIC,3,1,3.558,,,,,1,NO_LOCALLY_FEASIBLE_ACTION,
T20,20,4.279,MYOPIC,1,3,4.279,0.36,49.108833011074196,PRESERVING,3.919,2,CONTINUE,
T20,20,4.279,MYOPIC,2,2,3.919,0.36,65.56943484188749,DESTROYING,3.559,1,CONTINUE,
T20,20,4.279,MYOPIC,3,1,3.559,,,,,1,NO_LOCALLY_FEASIBLE_ACTION,
T20,20,4.28,MYOPIC,1,3,4.28,0.36,49.071259307263354,PRESERVING,3.92,2,CONTINUE,
T20,20,4.28,MYOPIC,2,2,3.92,0.36,65.51419521982075,DESTROYING,3.56,1,CONTINUE,
T20,20,4.28,MYOPIC,3,1,3.56,,,,,1,NO_LOCALLY_FEASIBLE_ACTION,
T20,20,4.281,MYOPIC,1,3,4.281,0.36,49.03372392441303,PRESERVING,3.921,2,CONTINUE,
T20,20,4.281,MYOPIC,2,2,3.921,0.36,65.4590176298915,DESTROYING,3.561,1,CONTINUE,
T20,20,4.281,MYOPIC,3,1,3.561,,,,,1,NO_LOCALLY_FEASIBLE_ACTION,
T20,20,4.282,MYOPIC,1,3,4.282,0.36,48.99622681368178,PRESERVING,3.922,2,CONTINUE,
T20,20,4.282,MYOPIC,2,2,3.922,0.36,65.4039019850493,DESTROYING,3.562,1,CONTINUE,
T20,20,4.282,MYOPIC,3,1,3.562,,,,,1,NO_LOCALLY_FEASIBLE_ACTION,
T20,20,4.283,MYOPIC,1,3,4.283,0.36,48.958767926302954,PRESERVING,3.923,2,CONTINUE,
T20,20,4.283,MYOPIC,2,2,3.923,0.36,65.34884819839029,DESTROYING,3.563,1,CONTINUE,
T20,20,4.283,MYOPIC,3,1,3.563,,,,,1,NO_LOCALLY_FEASIBLE_ACTION,
T20,20,4.284,MYOPIC,1,3,4.284,0.36,48.92134721358435,PRESERVING,3.924,2,CONTINUE,
T20,20,4.284,MYOPIC,2,2,3.924,0.36,65.29385618315686,DESTROYING,3.564,1,CONTINUE,
T20,20,4.284,MYOPIC,3,1,3.564,,,,,1,NO_LOCALLY_FEASIBLE_ACTION,
T20,20,4.285,MYOPIC,1,3,4.285,0.36,48.88396462690824,PRESERVING,3.925,2,CONTINUE,
T20,20,4.285,MYOPIC,2,2,3.925,0.36,65.23892585273738,DESTROYING,3.565,1,CONTINUE,
T20,20,4.285,MYOPIC,3,1,3.565,,,,,1,NO_LOCALLY_FEASIBLE_ACTION,
T20,20,4.286,MYOPIC,1,3,4.286,0.36,48.84662011773112,PRESERVING,3.926,2,CONTINUE,
T20,20,4.286,MYOPIC,2,2,3.926,0.36,65.1840571206659,DESTROYING,3.566,1,CONTINUE,
T20,20,4.286,MYOPIC,3,1,3.566,,,,,1,NO_LOCALLY_FEASIBLE_ACTION,
T20,20,4.287,MYOPIC,1,3,4.287,0.36,48.80931363758369,PRESERVING,3.927,2,CONTINUE,
T20,20,4.287,MYOPIC,2,2,3.927,0.36,65.12924990062183,DESTROYING,3.567,1,CONTINUE,
T20,20,4.287,MYOPIC,3,1,3.567,,,,,1,NO_LOCALLY_FEASIBLE_ACTION,
T20,20,4.288,MYOPIC,1,3,4.288,0.36,48.77204513807068,PRESERVING,3.928,2,CONTINUE,
T20,20,4.288,MYOPIC,2,2,3.928,0.36,65.0745041064298,DESTROYING,3.568,1,CONTINUE,
T20,20,4.288,MYOPIC,3,1,3.568,,,,,1,NO_LOCALLY_FEASIBLE_ACTION,
T20,20,4.289,MYOPIC,1,3,4.289,0.36,48.73481457087064,PRESERVING,3.929,2,CONTINUE,
T20,20,4.289,MYOPIC,2,2,3.929,0.36,65.01981965205917,DESTROYING,3.569,1,CONTINUE,
T20,20,4.289,MYOPIC,3,1,3.569,,,,,1,NO_LOCALLY_FEASIBLE_ACTION,
T20,20,4.29,MYOPIC,1,3,4.29,0.36,48.69762188773589,PRESERVING,3.93,2,CONTINUE,
T20,20,4.29,MYOPIC,2,2,3.93,0.36,64.96519645162391,DESTROYING,3.57,1,CONTINUE,
T20,20,4.29,MYOPIC,3,1,3.57,,,,,1,NO_LOCALLY_FEASIBLE_ACTION,
T20,20,4.291,MYOPIC,1,3,4.291,0.36,48.660467040492456,PRESERVING,3.931,2,CONTINUE,
T20,20,4.291,MYOPIC,2,2,3.931,0.36,64.91063441938222,DESTROYING,3.571,1,CONTINUE,
T20,20,4.291,MYOPIC,3,1,3.571,,,,,1,NO_LOCALLY_FEASIBLE_ACTION,
T20,20,4.292,MYOPIC,1,3,4.292,0.36,48.62334998103975,PRESERVING,3.932,2,CONTINUE,
T20,20,4.292,MYOPIC,2,2,3.932,0.36,64.85613346973629,DESTROYING,3.572,1,CONTINUE,
T20,20,4.292,MYOPIC,3,1,3.572,,,,,1,NO_LOCALLY_FEASIBLE_ACTION,
T20,20,4.293,MYOPIC,1,3,4.293,0.36,48.586270661350575,PRESERVING,3.933,2,CONTINUE,
T20,20,4.293,MYOPIC,2,2,3.933,0.36,64.80169351723207,DESTROYING,3.573,1,CONTINUE,
T20,20,4.293,MYOPIC,3,1,3.573,,,,,1,NO_LOCALLY_FEASIBLE_ACTION,
T20,20,4.294,MYOPIC,1,3,4.294,0.36,48.549229033471015,PRESERVING,3.934,2,CONTINUE,
T20,20,4.294,MYOPIC,2,2,3.934,0.36,64.74731447655883,DESTROYING,3.574,1,CONTINUE,
T20,20,4.294,MYOPIC,3,1,3.574,,,,,1,NO_LOCALLY_FEASIBLE_ACTION,
T20,20,4.295,MYOPIC,1,3,4.295,0.36,48.51222504952019,PRESERVING,3.935,2,CONTINUE,
T20,20,4.295,MYOPIC,2,2,3.935,0.36,64.69299626254904,DESTROYING,3.575,1,CONTINUE,
T20,20,4.295,MYOPIC,3,1,3.575,,,,,1,NO_LOCALLY_FEASIBLE_ACTION,
T20,20,4.296,MYOPIC,1,3,4.296,0.36,48.47525866169025,PRESERVING,3.936,2,CONTINUE,
T20,20,4.296,MYOPIC,2,2,3.936,0.36,64.63873879017802,DESTROYING,3.576,1,CONTINUE,
T20,20,4.296,MYOPIC,3,1,3.576,,,,,1,NO_LOCALLY_FEASIBLE_ACTION,
T20,20,4.297,MYOPIC,1,3,4.297,0.36,48.43832982224611,PRESERVING,3.937,2,CONTINUE,
T20,20,4.297,MYOPIC,2,2,3.937,0.36,64.58454197456369,DESTROYING,3.577,1,CONTINUE,
T20,20,4.297,MYOPIC,3,1,3.577,,,,,1,NO_LOCALLY_FEASIBLE_ACTION,
T20,20,4.298,MYOPIC,1,3,4.298,0.36,48.40143848352548,PRESERVING,3.938,2,CONTINUE,
T20,20,4.298,MYOPIC,2,2,3.938,0.36,64.53040573096621,DESTROYING,3.578,1,CONTINUE,
T20,20,4.298,MYOPIC,3,1,3.578,,,,,1,NO_LOCALLY_FEASIBLE_ACTION,
T20,20,4.299,MYOPIC,1,3,4.299,0.36,48.364584597938595,PRESERVING,3.939,2,CONTINUE,
T20,20,4.299,MYOPIC,2,2,3.939,0.36,64.47632997478777,DESTROYING,3.579,1,CONTINUE,
T20,20,4.299,MYOPIC,3,1,3.579,,,,,1,NO_LOCALLY_FEASIBLE_ACTION,
T20,20,4.3,MYOPIC,1,3,4.3,0.36,48.32776811796816,PRESERVING,3.94,2,CONTINUE,
T20,20,4.3,MYOPIC,2,2,3.94,0.36,64.42231462157241,DESTROYING,3.58,1,CONTINUE,
T20,20,4.3,MYOPIC,3,1,3.58,,,,,1,NO_LOCALLY_FEASIBLE_ACTION,
T20,20,4.301,MYOPIC,1,3,4.301,0.36,48.29098899616919,PRESERVING,3.941,2,CONTINUE,
T20,20,4.301,MYOPIC,2,2,3.941,0.36,64.36835958700551,DESTROYING,3.581,1,CONTINUE,
T20,20,4.301,MYOPIC,3,1,3.581,,,,,1,NO_LOCALLY_FEASIBLE_ACTION,
T20,20,4.302,MYOPIC,1,3,4.302,0.36,48.254247185168936,PRESERVING,3.942,2,CONTINUE,
T20,20,4.302,MYOPIC,2,2,3.942,0.36,64.31446478691372,DESTROYING,3.582,1,CONTINUE,
T20,20,4.302,MYOPIC,3,1,3.582,,,,,1,NO_LOCALLY_FEASIBLE_ACTION,
T20,20,4.303,MYOPIC,1,3,4.303,0.36,48.217542637666696,PRESERVING,3.943,2,CONTINUE,
T20,20,4.303,MYOPIC,2,2,3.943,0.36,64.26063013726453,DESTROYING,3.583,1,CONTINUE,
T20,20,4.303,MYOPIC,3,1,3.583,,,,,1,NO_LOCALLY_FEASIBLE_ACTION,
T20,20,4.304,MYOPIC,1,3,4.304,0.36,48.1808753064337,PRESERVING,3.944,2,CONTINUE,
T20,20,4.304,MYOPIC,2,2,3.944,0.36,64.20685555416615,DESTROYING,3.584,1,CONTINUE,
T20,20,4.304,MYOPIC,3,1,3.584,,,,,1,NO_LOCALLY_FEASIBLE_ACTION,
T20,20,4.305,MYOPIC,1,3,4.305,0.36,48.144245144312976,PRESERVING,3.945,2,CONTINUE,
T20,20,4.305,MYOPIC,2,2,3.945,0.36,64.15314095386712,DESTROYING,3.585,1,CONTINUE,
T20,20,4.305,MYOPIC,3,1,3.585,,,,,1,NO_LOCALLY_FEASIBLE_ACTION,
T20,20,4.306,MYOPIC,1,3,4.306,0.36,48.10765210421926,PRESERVING,3.946,2,CONTINUE,
T20,20,4.306,MYOPIC,2,2,3.946,0.36,64.09948625275607,DESTROYING,3.586,1,CONTINUE,
T20,20,4.306,MYOPIC,3,1,3.586,,,,,1,NO_LOCALLY_FEASIBLE_ACTION,
T20,20,4.307,MYOPIC,1,3,4.307,0.36,48.071096139138874,PRESERVING,3.947,2,CONTINUE,
T20,20,4.307,MYOPIC,2,2,3.947,0.36,64.04589136736142,DESTROYING,3.587,1,CONTINUE,
T20,20,4.307,MYOPIC,3,1,3.587,,,,,1,NO_LOCALLY_FEASIBLE_ACTION,
T20,20,4.308,MYOPIC,1,3,4.308,0.36,48.03457720212951,PRESERVING,3.948,2,CONTINUE,
T20,20,4.308,MYOPIC,2,2,3.948,0.36,63.99235621435122,DESTROYING,3.588,1,CONTINUE,
T20,20,4.308,MYOPIC,3,1,3.588,,,,,1,NO_LOCALLY_FEASIBLE_ACTION,
T20,20,4.309,MYOPIC,1,3,4.309,0.36,47.9980952463202,PRESERVING,3.949,2,CONTINUE,
T20,20,4.309,MYOPIC,2,2,3.949,0.36,63.93888071053272,DESTROYING,3.589,1,CONTINUE,
T20,20,4.309,MYOPIC,3,1,3.589,,,,,1,NO_LOCALLY_FEASIBLE_ACTION,
T20,20,4.31,MYOPIC,1,3,4.31,0.36,47.96165022491113,PRESERVING,3.95,2,CONTINUE,
T20,20,4.31,MYOPIC,2,2,3.95,0.36,63.88546477285219,DESTROYING,3.59,1,CONTINUE,
T20,20,4.31,MYOPIC,3,1,3.59,,,,,1,NO_LOCALLY_FEASIBLE_ACTION,
T20,20,4.311,MYOPIC,1,3,4.311,0.36,47.92524209117362,PRESERVING,3.951,2,CONTINUE,
T20,20,4.311,MYOPIC,2,2,3.951,0.36,63.8321083183946,DESTROYING,3.591,1,CONTINUE,
T20,20,4.311,MYOPIC,3,1,3.591,,,,,1,NO_LOCALLY_FEASIBLE_ACTION,
T20,20,4.312,MYOPIC,1,3,4.312,0.36,47.88887079844982,PRESERVING,3.952,2,CONTINUE,
T20,20,4.312,MYOPIC,2,2,3.952,0.36,63.778811264383464,DESTROYING,3.592,1,CONTINUE,
T20,20,4.312,MYOPIC,3,1,3.592,,,,,1,NO_LOCALLY_FEASIBLE_ACTION,
T20,20,4.313,MYOPIC,1,3,4.313,0.36,47.85253630015269,PRESERVING,3.953,2,CONTINUE,
T20,20,4.313,MYOPIC,2,2,3.953,0.36,63.72557352818044,DESTROYING,3.593,1,CONTINUE,
T20,20,4.313,MYOPIC,3,1,3.593,,,,,1,NO_LOCALLY_FEASIBLE_ACTION,
T20,20,4.314,MYOPIC,1,3,4.314,0.36,47.81623854976592,PRESERVING,3.954,2,CONTINUE,
T20,20,4.314,MYOPIC,2,2,3.954,0.36,63.67239502728507,DESTROYING,3.594,1,CONTINUE,
T20,20,4.314,MYOPIC,3,1,3.594,,,,,1,NO_LOCALLY_FEASIBLE_ACTION,
T20,20,4.315,MYOPIC,1,3,4.315,0.36,47.779977500843714,PRESERVING,3.955,2,CONTINUE,
T20,20,4.315,MYOPIC,2,2,3.955,0.36,63.61927567933458,DESTROYING,3.595,1,CONTINUE,
T20,20,4.315,MYOPIC,3,1,3.595,,,,,1,NO_LOCALLY_FEASIBLE_ACTION,
T20,20,4.316,MYOPIC,1,3,4.316,0.36,47.74375310701071,PRESERVING,3.956,2,CONTINUE,
T20,20,4.316,MYOPIC,2,2,3.956,0.36,63.56621540210364,DESTROYING,3.596,1,CONTINUE,
T20,20,4.316,MYOPIC,3,1,3.596,,,,,1,NO_LOCALLY_FEASIBLE_ACTION,
T20,20,4.317,MYOPIC,1,3,4.317,0.36,47.70756532196184,PRESERVING,3.957,2,CONTINUE,
T20,20,4.317,MYOPIC,2,2,3.957,0.36,63.513214113503956,DESTROYING,3.597,1,CONTINUE,
T20,20,4.317,MYOPIC,3,1,3.597,,,,,1,NO_LOCALLY_FEASIBLE_ACTION,
T20,20,4.318,MYOPIC,1,3,4.318,0.36,47.67141409946222,PRESERVING,3.958,2,CONTINUE,
T20,20,4.318,MYOPIC,2,2,3.958,0.36,63.4602717315841,DESTROYING,3.598,1,CONTINUE,
T20,20,4.318,MYOPIC,3,1,3.598,,,,,1,NO_LOCALLY_FEASIBLE_ACTION,
T20,20,4.319,MYOPIC,1,3,4.319,0.36,47.635299393347026,PRESERVING,3.959,2,CONTINUE,
T20,20,4.319,MYOPIC,2,2,3.959,0.36,63.40738817452926,DESTROYING,3.599,1,CONTINUE,
T20,20,4.319,MYOPIC,3,1,3.599,,,,,1,NO_LOCALLY_FEASIBLE_ACTION,
T20,20,4.32,MYOPIC,1,3,4.32,0.36,47.599221157521356,PRESERVING,3.96,2,CONTINUE,
T20,20,4.32,MYOPIC,2,2,3.96,0.36,63.354563360660904,DESTROYING,3.6,1,CONTINUE,
T20,20,4.32,MYOPIC,3,1,3.6,,,,,1,NO_LOCALLY_FEASIBLE_ACTION,
T20,20,4.321,MYOPIC,1,3,4.321,0.36,47.5631793459601,PRESERVING,3.961,2,CONTINUE,
T20,20,4.321,MYOPIC,2,2,3.961,0.36,63.30179720843666,DESTROYING,3.601,1,CONTINUE,
T20,20,4.321,MYOPIC,3,1,3.601,,,,,1,NO_LOCALLY_FEASIBLE_ACTION,
T20,20,4.322,MYOPIC,1,3,4.322,0.36,47.52717391270784,PRESERVING,3.962,2,CONTINUE,
T20,20,4.322,MYOPIC,2,2,3.962,0.36,63.249089636449774,DESTROYING,3.602,1,CONTINUE,
T20,20,4.322,MYOPIC,3,1,3.602,,,,,1,NO_LOCALLY_FEASIBLE_ACTION,
T20,20,4.323,MYOPIC,1,3,4.323,0.36,47.49120481187877,PRESERVING,3.963,2,CONTINUE,
T20,20,4.323,MYOPIC,2,2,3.963,0.36,63.19644056342916,DESTROYING,3.603,1,CONTINUE,
T20,20,4.323,MYOPIC,3,1,3.603,,,,,1,NO_LOCALLY_FEASIBLE_ACTION,
T20,20,4.324,MYOPIC,1,3,4.324,0.36,47.4552719976564,PRESERVING,3.964,2,CONTINUE,
T20,20,4.324,MYOPIC,2,2,3.964,0.36,63.14384990823893,DESTROYING,3.604,1,CONTINUE,
T20,20,4.324,MYOPIC,3,1,3.604,,,,,1,NO_LOCALLY_FEASIBLE_ACTION,
T20,20,4.325,MYOPIC,1,3,4.325,0.36,47.419375424293655,PRESERVING,3.965,2,CONTINUE,
T20,20,4.325,MYOPIC,2,2,3.965,0.36,63.09131758987825,DESTROYING,3.605,1,CONTINUE,
T20,20,4.325,MYOPIC,3,1,3.605,,,,,1,NO_LOCALLY_FEASIBLE_ACTION,
T20,20,4.326,MYOPIC,1,3,4.326,0.36,47.383515046112606,PRESERVING,3.966,2,CONTINUE,
T20,20,4.326,MYOPIC,2,2,3.966,0.36,63.03884352748097,DESTROYING,3.606,1,CONTINUE,
T20,20,4.326,MYOPIC,3,1,3.606,,,,,1,NO_LOCALLY_FEASIBLE_ACTION,
T20,20,4.327,MYOPIC,1,3,4.327,0.36,47.34769081750445,PRESERVING,3.967,2,CONTINUE,
T20,20,4.327,MYOPIC,2,2,3.967,0.36,62.98642764031541,DESTROYING,3.607,1,CONTINUE,
T20,20,4.327,MYOPIC,3,1,3.607,,,,,1,NO_LOCALLY_FEASIBLE_ACTION,
T20,20,4.328,MYOPIC,1,3,4.328,0.36,47.31190269292926,PRESERVING,3.968,2,CONTINUE,
T20,20,4.328,MYOPIC,2,2,3.968,0.36,62.93406984778416,DESTROYING,3.608,1,CONTINUE,
T20,20,4.328,MYOPIC,3,1,3.608,,,,,1,NO_LOCALLY_FEASIBLE_ACTION,
T20,20,4.329,MYOPIC,1,3,4.329,0.36,47.27615062691596,PRESERVING,3.969,2,CONTINUE,
T20,20,4.329,MYOPIC,2,2,3.969,0.36,62.8817700694238,DESTROYING,3.609,1,CONTINUE,
T20,20,4.329,MYOPIC,3,1,3.609,,,,,1,NO_LOCALLY_FEASIBLE_ACTION,
T20,20,4.33,MYOPIC,1,3,4.33,0.36,47.24043457406218,PRESERVING,3.97,2,CONTINUE,
T20,20,4.33,MYOPIC,2,2,3.97,0.36,62.829528224904465,DESTROYING,3.61,1,CONTINUE,
T20,20,4.33,MYOPIC,3,1,3.61,,,,,1,NO_LOCALLY_FEASIBLE_ACTION,
T20,20,4.331,MYOPIC,1,3,4.331,0.36,47.20475448903415,PRESERVING,3.971,2,CONTINUE,
T20,20,4.331,MYOPIC,2,2,3.971,0.36,62.77734423402983,DESTROYING,3.611,1,CONTINUE,
T20,20,4.331,MYOPIC,3,1,3.611,,,,,1,NO_LOCALLY_FEASIBLE_ACTION,
T20,20,4.332,MYOPIC,1,3,4.332,0.36,47.16911032656655,PRESERVING,3.972,2,CONTINUE,
T20,20,4.332,MYOPIC,2,2,3.972,0.36,62.725218016736775,DESTROYING,3.612,1,CONTINUE,
T20,20,4.332,MYOPIC,3,1,3.612,,,,,1,NO_LOCALLY_FEASIBLE_ACTION,
T20,20,4.333,MYOPIC,1,3,4.333,0.36,47.13350204146242,DESTROYING,3.973,2,CONTINUE,
T20,20,4.333,MYOPIC,2,2,3.973,0.36,62.67314949309503,DESTROYING,3.613,1,CONTINUE,
T20,20,4.333,MYOPIC,3,1,3.613,,,,,1,NO_LOCALLY_FEASIBLE_ACTION,
T20,20,4.334,MYOPIC,1,3,4.334,0.36,47.09792958859292,DESTROYING,3.974,2,CONTINUE,
T20,20,4.334,MYOPIC,2,2,3.974,0.36,62.62113858330704,DESTROYING,3.614,1,CONTINUE,
T20,20,4.334,MYOPIC,3,1,3.614,,,,,1,NO_LOCALLY_FEASIBLE_ACTION,
T20,20,4.335,MYOPIC,1,3,4.335,0.36,47.0623929228975,DESTROYING,3.975,2,CONTINUE,
T20,20,4.335,MYOPIC,2,2,3.975,0.36,62.5691852077076,DESTROYING,3.615,1,CONTINUE,
T20,20,4.335,MYOPIC,3,1,3.615,,,,,1,NO_LOCALLY_FEASIBLE_ACTION,
T20,20,4.336,MYOPIC,1,3,4.336,0.36,47.02689199938347,DESTROYING,3.976,2,CONTINUE,
T20,20,4.336,MYOPIC,2,2,3.976,0.36,62.51728928676374,DESTROYING,3.616,1,CONTINUE,
T20,20,4.336,MYOPIC,3,1,3.616,,,,,1,NO_LOCALLY_FEASIBLE_ACTION,
T20,20,4.337,MYOPIC,1,3,4.337,0.36,46.99142677312595,DESTROYING,3.977,2,CONTINUE,
T20,20,4.337,MYOPIC,2,2,3.977,0.36,62.46545074107433,DESTROYING,3.617,1,CONTINUE,
T20,20,4.337,MYOPIC,3,1,3.617,,,,,1,NO_LOCALLY_FEASIBLE_ACTION,
T20,20,4.338,MYOPIC,1,3,4.338,0.36,46.955997199267934,DESTROYING,3.978,2,CONTINUE,
T20,20,4.338,MYOPIC,2,2,3.978,0.36,62.41366949136984,DESTROYING,3.618,1,CONTINUE,
T20,20,4.338,MYOPIC,3,1,3.618,,,,,1,NO_LOCALLY_FEASIBLE_ACTION,
T20,20,4.339,MYOPIC,1,3,4.339,0.36,46.92060323301997,DESTROYING,3.979,2,CONTINUE,
T20,20,4.339,MYOPIC,2,2,3.979,0.36,62.36194545851222,DESTROYING,3.619,1,CONTINUE,
T20,20,4.339,MYOPIC,3,1,3.619,,,,,1,NO_LOCALLY_FEASIBLE_ACTION,
T20,20,4.34,MYOPIC,1,3,4.34,0.36,46.8852448296601,DESTROYING,3.98,2,CONTINUE,
T20,20,4.34,MYOPIC,2,2,3.98,0.36,62.31027856349452,DESTROYING,3.62,1,CONTINUE,
T20,20,4.34,MYOPIC,3,1,3.62,,,,,1,NO_LOCALLY_FEASIBLE_ACTION,
T20,20,4.341,MYOPIC,1,3,4.341,0.36,46.84992194453378,DESTROYING,3.981,2,CONTINUE,
T20,20,4.341,MYOPIC,2,2,3.981,0.36,62.258668727440615,DESTROYING,3.621,1,CONTINUE,
T20,20,4.341,MYOPIC,3,1,3.621,,,,,1,NO_LOCALLY_FEASIBLE_ACTION,
T20,20,4.342,MYOPIC,1,3,4.342,0.36,46.81463453305372,DESTROYING,3.982,2,CONTINUE,
T20,20,4.342,MYOPIC,2,2,3.982,0.36,62.20711587160507,DESTROYING,3.622,1,CONTINUE,
T20,20,4.342,MYOPIC,3,1,3.622,,,,,1,NO_LOCALLY_FEASIBLE_ACTION,
T20,20,4.343,MYOPIC,1,3,4.343,0.36,46.77938255069979,DESTROYING,3.983,2,CONTINUE,
T20,20,4.343,MYOPIC,2,2,3.983,0.36,62.15561991737277,DESTROYING,3.623,1,CONTINUE,
T20,20,4.343,MYOPIC,3,1,3.623,,,,,1,NO_LOCALLY_FEASIBLE_ACTION,
T20,20,4.344,MYOPIC,1,3,4.344,0.36,46.74416595301893,DESTROYING,3.984,2,CONTINUE,
T20,20,4.344,MYOPIC,2,2,3.984,0.36,62.10418078625884,DESTROYING,3.624,1,CONTINUE,
T20,20,4.344,MYOPIC,3,1,3.624,,,,,1,NO_LOCALLY_FEASIBLE_ACTION,
T20,20,4.345,MYOPIC,1,3,4.345,0.36,46.70898469562487,DESTROYING,3.985,2,CONTINUE,
T20,20,4.345,MYOPIC,2,2,3.985,0.36,62.05279839990808,DESTROYING,3.625,1,CONTINUE,
T20,20,4.345,MYOPIC,3,1,3.625,,,,,1,NO_LOCALLY_FEASIBLE_ACTION,
T20,20,4.346,MYOPIC,1,3,4.346,0.36,46.67383873419824,DESTROYING,3.986,2,CONTINUE,
T20,20,4.346,MYOPIC,2,2,3.986,0.36,62.00147268009506,DESTROYING,3.626,1,CONTINUE,
T20,20,4.346,MYOPIC,3,1,3.626,,,,,1,NO_LOCALLY_FEASIBLE_ACTION,
T20,20,4.347,MYOPIC,1,3,4.347,0.36,46.63872802448637,DESTROYING,3.987,2,CONTINUE,
T20,20,4.347,MYOPIC,2,2,3.987,0.36,61.950203548723685,DESTROYING,3.627,1,CONTINUE,
T20,20,4.347,MYOPIC,3,1,3.627,,,,,1,NO_LOCALLY_FEASIBLE_ACTION,
T20,20,4.348,MYOPIC,1,3,4.348,0.36,46.60365252230307,DESTROYING,3.988,2,CONTINUE,
T20,20,4.348,MYOPIC,2,2,3.988,0.36,61.89899092782695,DESTROYING,3.628,1,CONTINUE,
T20,20,4.348,MYOPIC,3,1,3.628,,,,,1,NO_LOCALLY_FEASIBLE_ACTION,
T20,20,4.349,MYOPIC,1,3,4.349,0.36,46.568612183528614,DESTROYING,3.989,2,CONTINUE,
T20,20,4.349,MYOPIC,2,2,3.989,0.36,61.847834739566736,DESTROYING,3.629,1,CONTINUE,
T20,20,4.349,MYOPIC,3,1,3.629,,,,,1,NO_LOCALLY_FEASIBLE_ACTION,
T20,20,4.35,MYOPIC,1,3,4.35,0.36,46.533606964109666,DESTROYING,3.99,2,CONTINUE,
T20,20,4.35,MYOPIC,2,2,3.99,0.36,61.796734906233596,DESTROYING,3.63,1,CONTINUE,
T20,20,4.35,MYOPIC,3,1,3.63,,,,,1,NO_LOCALLY_FEASIBLE_ACTION,
T20,20,4.351,MYOPIC,1,3,4.351,0.36,46.49863682005904,DESTROYING,3.991,2,CONTINUE,
T20,20,4.351,MYOPIC,2,2,3.991,0.36,61.74569135024639,DESTROYING,3.631,1,CONTINUE,
T20,20,4.351,MYOPIC,3,1,3.631,,,,,1,NO_LOCALLY_FEASIBLE_ACTION,
T20,20,4.352,MYOPIC,1,3,4.352,0.36,46.46370170745567,DESTROYING,3.992,2,CONTINUE,
T20,20,4.352,MYOPIC,2,2,3.992,0.36,61.69470399415207,DESTROYING,3.632,1,CONTINUE,
T20,20,4.352,MYOPIC,3,1,3.632,,,,,1,NO_LOCALLY_FEASIBLE_ACTION,
T20,20,4.353,MYOPIC,1,3,4.353,0.36,46.428801582444464,DESTROYING,3.993,2,CONTINUE,
T20,20,4.353,MYOPIC,2,2,3.993,0.36,61.64377276062561,DESTROYING,3.633,1,CONTINUE,
T20,20,4.353,MYOPIC,3,1,3.633,,,,,1,NO_LOCALLY_FEASIBLE_ACTION,
T20,20,4.354,MYOPIC,1,3,4.354,0.36,46.393936401236196,DESTROYING,3.994,2,CONTINUE,
T20,20,4.354,MYOPIC,2,2,3.994,0.36,61.59289757246954,DESTROYING,3.634,1,CONTINUE,
T20,20,4.354,MYOPIC,3,1,3.634,,,,,1,NO_LOCALLY_FEASIBLE_ACTION,
T20,20,4.355,MYOPIC,1,3,4.355,0.36,46.359106120107406,DESTROYING,3.995,2,CONTINUE,
T20,20,4.355,MYOPIC,2,2,3.995,0.36,61.54207835261369,DESTROYING,3.635,1,CONTINUE,
T20,20,4.355,MYOPIC,3,1,3.635,,,,,1,NO_LOCALLY_FEASIBLE_ACTION,
T20,20,4.356,MYOPIC,1,3,4.356,0.36,46.32431069540023,DESTROYING,3.996,2,CONTINUE,
T20,20,4.356,MYOPIC,2,2,3.996,0.36,61.4913150241152,DESTROYING,3.636,1,CONTINUE,
T20,20,4.356,MYOPIC,3,1,3.636,,,,,1,NO_LOCALLY_FEASIBLE_ACTION,
T20,20,4.357,MYOPIC,1,3,4.357,0.36,46.289550083522386,DESTROYING,3.997,2,CONTINUE,
T20,20,4.357,MYOPIC,2,2,3.997,0.36,61.44060751015802,DESTROYING,3.637,1,CONTINUE,
T20,20,4.357,MYOPIC,3,1,3.637,,,,,1,NO_LOCALLY_FEASIBLE_ACTION,
T20,20,4.358,MYOPIC,1,3,4.358,0.36,46.254824240946895,DESTROYING,3.998,2,CONTINUE,
T20,20,4.358,MYOPIC,2,2,3.998,0.36,61.38995573405271,DESTROYING,3.638,1,CONTINUE,
T20,20,4.358,MYOPIC,3,1,3.638,,,,,1,NO_LOCALLY_FEASIBLE_ACTION,
T20,20,4.359,MYOPIC,1,3,4.359,0.36,46.22013312421219,DESTROYING,3.999,2,CONTINUE,
T20,20,4.359,MYOPIC,2,2,3.999,0.36,61.33935961923631,DESTROYING,3.639,1,CONTINUE,
T20,20,4.359,MYOPIC,3,1,3.639,,,,,1,NO_LOCALLY_FEASIBLE_ACTION,
T20,20,4.36,MYOPIC,1,3,4.36,0.36,46.18547668992182,DESTROYING,4.0,2,CONTINUE,
T20,20,4.36,MYOPIC,2,2,4.0,0.36,61.288819089272025,DESTROYING,3.64,1,CONTINUE,
T20,20,4.36,MYOPIC,3,1,3.64,,,,,1,NO_LOCALLY_FEASIBLE_ACTION,
T20,20,4.361,MYOPIC,1,3,4.361,0.36,46.15085489474435,DESTROYING,4.001,2,CONTINUE,
T20,20,4.361,MYOPIC,2,2,4.001,0.36,61.23833406784898,DESTROYING,3.641,1,CONTINUE,
T20,20,4.361,MYOPIC,3,1,3.641,,,,,1,NO_LOCALLY_FEASIBLE_ACTION,
T20,20,4.362,MYOPIC,1,3,4.362,0.36,46.116267695413406,DESTROYING,4.002,2,CONTINUE,
T20,20,4.362,MYOPIC,2,2,4.002,0.36,61.18790447878196,DESTROYING,3.642,1,CONTINUE,
T20,20,4.362,MYOPIC,3,1,3.642,,,,,1,NO_LOCALLY_FEASIBLE_ACTION,
T20,20,4.363,MYOPIC,1,3,4.363,0.36,46.0817150487273,DESTROYING,4.003,2,CONTINUE,
T20,20,4.363,MYOPIC,2,2,4.003,0.36,61.13753024601123,DESTROYING,3.643,1,CONTINUE,
T20,20,4.363,MYOPIC,3,1,3.643,,,,,1,NO_LOCALLY_FEASIBLE_ACTION,
T20,20,4.364,MYOPIC,1,3,4.364,0.36,46.04719691154925,DESTROYING,4.004,2,CONTINUE,
T20,20,4.364,MYOPIC,2,2,4.004,0.36,61.087211293602145,DESTROYING,3.644,1,CONTINUE,
T20,20,4.364,MYOPIC,3,1,3.644,,,,,1,NO_LOCALLY_FEASIBLE_ACTION,
T20,20,4.365,MYOPIC,1,3,4.365,0.36,46.0127132408069,DESTROYING,4.005,2,CONTINUE,
T20,20,4.365,MYOPIC,2,2,4.005,0.36,61.03694754574524,DESTROYING,3.645,1,CONTINUE,
T20,20,4.365,MYOPIC,3,1,3.645,,,,,1,NO_LOCALLY_FEASIBLE_ACTION,
T20,20,4.366,MYOPIC,1,3,4.366,0.36,45.97826399349249,DESTROYING,4.006,2,CONTINUE,
T20,20,4.366,MYOPIC,2,2,4.006,0.36,60.98673892675555,DESTROYING,3.646,1,CONTINUE,
T20,20,4.366,MYOPIC,3,1,3.646,,,,,1,NO_LOCALLY_FEASIBLE_ACTION,
T20,20,4.367,MYOPIC,1,3,4.367,0.36,45.943849126662684,DESTROYING,4.007,2,CONTINUE,
T20,20,4.367,MYOPIC,2,2,4.007,0.36,60.93658536107271,DESTROYING,3.647,1,CONTINUE,
T20,20,4.367,MYOPIC,3,1,3.647,,,,,1,NO_LOCALLY_FEASIBLE_ACTION,
T20,20,4.368,MYOPIC,1,3,4.368,0.36,45.90946859743827,DESTROYING,4.008,2,CONTINUE,
T20,20,4.368,MYOPIC,2,2,4.008,0.36,60.88648677326054,DESTROYING,3.648,1,CONTINUE,
T20,20,4.368,MYOPIC,3,1,3.648,,,,,1,NO_LOCALLY_FEASIBLE_ACTION,
T20,20,4.369,MYOPIC,1,3,4.369,0.36,45.87512236300431,DESTROYING,4.009,2,CONTINUE,
T20,20,4.369,MYOPIC,2,2,4.009,0.36,60.83644308800696,DESTROYING,3.649,1,CONTINUE,
T20,20,4.369,MYOPIC,3,1,3.649,,,,,1,NO_LOCALLY_FEASIBLE_ACTION,
T20,20,4.37,MYOPIC,1,3,4.37,0.36,45.84081038060995,DESTROYING,4.01,2,CONTINUE,
T20,20,4.37,MYOPIC,2,2,4.01,0.36,60.78645423012355,DESTROYING,3.65,1,CONTINUE,
T20,20,4.37,MYOPIC,3,1,3.65,,,,,1,NO_LOCALLY_FEASIBLE_ACTION,
T20,20,4.371,MYOPIC,1,3,4.371,0.36,45.8065326075681,DESTROYING,4.011,2,CONTINUE,
T20,20,4.371,MYOPIC,2,2,4.011,0.36,60.73652012454544,DESTROYING,3.651,1,CONTINUE,
T20,20,4.371,MYOPIC,3,1,3.651,,,,,1,NO_LOCALLY_FEASIBLE_ACTION,
T20,20,4.372,MYOPIC,1,3,4.372,0.36,45.7722890012557,DESTROYING,4.012,2,CONTINUE,
T20,20,4.372,MYOPIC,2,2,4.012,0.36,60.68664069633108,DESTROYING,3.652,1,CONTINUE,
T20,20,4.372,MYOPIC,3,1,3.652,,,,,1,NO_LOCALLY_FEASIBLE_ACTION,
T20,20,4.373,MYOPIC,1,3,4.373,0.36,45.7380795191132,DESTROYING,4.013,2,CONTINUE,
T20,20,4.373,MYOPIC,2,2,4.013,0.36,60.63681587066202,DESTROYING,3.653,1,CONTINUE,
T20,20,4.373,MYOPIC,3,1,3.653,,,,,1,NO_LOCALLY_FEASIBLE_ACTION,
T20,20,4.374,MYOPIC,1,3,4.374,0.36,45.7039041186448,DESTROYING,4.014,2,CONTINUE,
T20,20,4.374,MYOPIC,2,2,4.014,0.36,60.587045572842534,DESTROYING,3.654,1,CONTINUE,
T20,20,4.374,MYOPIC,3,1,3.654,,,,,1,NO_LOCALLY_FEASIBLE_ACTION,
T20,20,4.375,MYOPIC,1,3,4.375,0.36,45.66976275741815,DESTROYING,4.015,2,CONTINUE,
T20,20,4.375,MYOPIC,2,2,4.015,0.36,60.53732972829954,DESTROYING,3.655,1,CONTINUE,
T20,20,4.375,MYOPIC,3,1,3.655,,,,,1,NO_LOCALLY_FEASIBLE_ACTION,
T20,20,4.376,MYOPIC,1,3,4.376,0.36,45.63565539306423,DESTROYING,4.016,2,CONTINUE,
T20,20,4.376,MYOPIC,2,2,4.016,0.36,60.487668262582275,DESTROYING,3.656,1,CONTINUE,
T20,20,4.376,MYOPIC,3,1,3.656,,,,,1,NO_LOCALLY_FEASIBLE_ACTION,
T20,20,4.377,MYOPIC,1,3,4.377,0.36,45.60158198327736,DESTROYING,4.017,2,CONTINUE,
T20,20,4.377,MYOPIC,2,2,4.017,0.36,60.43806110136218,DESTROYING,3.657,1,CONTINUE,
T20,20,4.377,MYOPIC,3,1,3.657,,,,,1,NO_LOCALLY_FEASIBLE_ACTION,
T20,20,4.378,MYOPIC,1,3,4.378,0.36,45.567542485815,DESTROYING,4.018,2,CONTINUE,
T20,20,4.378,MYOPIC,2,2,4.018,0.36,60.38850817043245,DESTROYING,3.658,1,CONTINUE,
T20,20,4.378,MYOPIC,3,1,3.658,,,,,1,NO_LOCALLY_FEASIBLE_ACTION,
T20,20,4.379,MYOPIC,1,3,4.379,0.36,45.53353685849758,DESTROYING,4.019,2,CONTINUE,
T20,20,4.379,MYOPIC,2,2,4.019,0.36,60.33900939570803,DESTROYING,3.659,1,CONTINUE,
T20,20,4.379,MYOPIC,3,1,3.659,,,,,1,NO_LOCALLY_FEASIBLE_ACTION,
T20,20,4.38,MYOPIC,1,3,4.38,0.36,45.49956505920863,DESTROYING,4.02,2,CONTINUE,
T20,20,4.38,MYOPIC,2,2,4.02,0.36,60.2895647032252,DESTROYING,3.66,1,CONTINUE,
T20,20,4.38,MYOPIC,3,1,3.66,,,,,1,NO_LOCALLY_FEASIBLE_ACTION,
T20,20,4.381,MYOPIC,1,3,4.381,0.36,45.4656270458943,DESTROYING,4.021,2,CONTINUE,
T20,20,4.381,MYOPIC,2,2,4.021,0.36,60.24017401914151,DESTROYING,3.661,1,CONTINUE,
T20,20,4.381,MYOPIC,3,1,3.661,,,,,1,NO_LOCALLY_FEASIBLE_ACTION,
T20,20,4.382,MYOPIC,1,3,4.382,0.36,45.43172277656366,DESTROYING,4.022,2,CONTINUE,
T20,20,4.382,MYOPIC,2,2,4.022,0.36,60.19083726973547,DESTROYING,3.662,1,CONTINUE,
T20,20,4.382,MYOPIC,3,1,3.662,,,,,1,NO_LOCALLY_FEASIBLE_ACTION,
T20,20,4.383,MYOPIC,1,3,4.383,0.36,45.397852209288274,DESTROYING,4.023,2,CONTINUE,
T20,20,4.383,MYOPIC,2,2,4.023,0.36,60.14155438140617,DESTROYING,3.663,1,CONTINUE,
T20,20,4.383,MYOPIC,3,1,3.663,,,,,1,NO_LOCALLY_FEASIBLE_ACTION,
T20,20,4.384,MYOPIC,1,3,4.384,0.36,45.36401530220222,DESTROYING,4.024,2,CONTINUE,
T20,20,4.384,MYOPIC,2,2,4.024,0.36,60.09232528067336,DESTROYING,3.664,1,CONTINUE,
T20,20,4.384,MYOPIC,3,1,3.664,,,,,1,NO_LOCALLY_FEASIBLE_ACTION,
T20,20,4.385,MYOPIC,1,3,4.385,0.36,45.33021201350202,DESTROYING,4.025,2,CONTINUE,
T20,20,4.385,MYOPIC,2,2,4.025,0.36,60.04314989417697,DESTROYING,3.665,1,CONTINUE,
T20,20,4.385,MYOPIC,3,1,3.665,,,,,1,NO_LOCALLY_FEASIBLE_ACTION,
T20,20,4.386,MYOPIC,1,3,4.386,0.36,45.29644230144643,DESTROYING,4.026,2,CONTINUE,
T20,20,4.386,MYOPIC,2,2,4.026,0.36,59.994028148676975,DESTROYING,3.666,1,CONTINUE,
T20,20,4.386,MYOPIC,3,1,3.666,,,,,1,NO_LOCALLY_FEASIBLE_ACTION,
T20,20,4.387,MYOPIC,1,3,4.387,0.36,45.262706124356384,DESTROYING,4.027,2,CONTINUE,
T20,20,4.387,MYOPIC,2,2,4.027,0.36,59.9449599710532,DESTROYING,3.667,1,CONTINUE,
T20,20,4.387,MYOPIC,3,1,3.667,,,,,1,NO_LOCALLY_FEASIBLE_ACTION,
T20,20,4.388,MYOPIC,1,3,4.388,0.36,45.22900344061496,DESTROYING,4.028,2,CONTINUE,
T20,20,4.388,MYOPIC,2,2,4.028,0.36,59.895945288304915,DESTROYING,3.668,1,CONTINUE,
T20,20,4.388,MYOPIC,3,1,3.668,,,,,1,NO_LOCALLY_FEASIBLE_ACTION,
T20,20,4.389,MYOPIC,1,3,4.389,0.36,45.19533420866706,DESTROYING,4.029,2,CONTINUE,
T20,20,4.389,MYOPIC,2,2,4.029,0.36,59.84698402755085,DESTROYING,3.669,1,CONTINUE,
T20,20,4.389,MYOPIC,3,1,3.669,,,,,1,NO_LOCALLY_FEASIBLE_ACTION,
T20,20,4.39,MYOPIC,1,3,4.39,0.36,45.16169838701954,DESTROYING,4.03,2,CONTINUE,
T20,20,4.39,MYOPIC,2,2,4.03,0.36,59.79807611602888,DESTROYING,3.67,1,CONTINUE,
T20,20,4.39,MYOPIC,3,1,3.67,,,,,1,NO_LOCALLY_FEASIBLE_ACTION,
T20,20,4.391,MYOPIC,1,3,4.391,0.36,45.12809593424104,DESTROYING,4.031,2,CONTINUE,
T20,20,4.391,MYOPIC,2,2,4.031,0.36,59.74922148109571,DESTROYING,3.671,1,CONTINUE,
T20,20,4.391,MYOPIC,3,1,3.671,,,,,1,NO_LOCALLY_FEASIBLE_ACTION,
T20,20,4.392,MYOPIC,1,3,4.392,0.36,45.09452680896169,DESTROYING,4.032,2,CONTINUE,
T20,20,4.392,MYOPIC,2,2,4.032,0.36,59.700420050226654,DESTROYING,3.672,1,CONTINUE,
T20,20,4.392,MYOPIC,3,1,3.672,,,,,1,NO_LOCALLY_FEASIBLE_ACTION,
T20,20,4.393,MYOPIC,1,3,4.393,0.36,45.06099096987327,DESTROYING,4.033,2,CONTINUE,
T20,20,4.393,MYOPIC,2,2,4.033,0.36,59.65167175101557,DESTROYING,3.673,1,CONTINUE,
T20,20,4.393,MYOPIC,3,1,3.673,,,,,1,NO_LOCALLY_FEASIBLE_ACTION,
T20,20,4.394,MYOPIC,1,3,4.394,0.36,45.02748837572899,DESTROYING,4.034,2,CONTINUE,
T20,20,4.394,MYOPIC,2,2,4.034,0.36,59.60297651117456,DESTROYING,3.674,1,CONTINUE,
T20,20,4.394,MYOPIC,3,1,3.674,,,,,1,NO_LOCALLY_FEASIBLE_ACTION,
T20,20,4.395,MYOPIC,1,3,4.395,0.36,44.99401898534328,DESTROYING,4.035,2,CONTINUE,
T20,20,4.395,MYOPIC,2,2,4.035,0.36,59.55433425853356,DESTROYING,3.675,1,CONTINUE,
T20,20,4.395,MYOPIC,3,1,3.675,,,,,1,NO_LOCALLY_FEASIBLE_ACTION,
T20,20,4.396,MYOPIC,1,3,4.396,0.36,44.96058275759192,DESTROYING,4.036,2,CONTINUE,
T20,20,4.396,MYOPIC,2,2,4.036,0.36,59.50574492104035,DESTROYING,3.676,1,CONTINUE,
T20,20,4.396,MYOPIC,3,1,3.676,,,,,1,NO_LOCALLY_FEASIBLE_ACTION,
T20,20,4.397,MYOPIC,1,3,4.397,0.36,44.927179651411635,DESTROYING,4.037,2,CONTINUE,
T20,20,4.397,MYOPIC,2,2,4.037,0.36,59.45720842676034,DESTROYING,3.677,1,CONTINUE,
T20,20,4.397,MYOPIC,3,1,3.677,,,,,1,NO_LOCALLY_FEASIBLE_ACTION,
T20,20,4.398,MYOPIC,1,3,4.398,0.36,44.89380962580027,DESTROYING,4.038,2,CONTINUE,
T20,20,4.398,MYOPIC,2,2,4.038,0.36,59.408724703876146,DESTROYING,3.678,1,CONTINUE,
T20,20,4.398,MYOPIC,3,1,3.678,,,,,1,NO_LOCALLY_FEASIBLE_ACTION,
T20,20,4.399,MYOPIC,1,3,4.399,0.36,44.860472639816585,DESTROYING,4.039,2,CONTINUE,
T20,20,4.399,MYOPIC,2,2,4.039,0.36,59.360293680687484,DESTROYING,3.679,1,CONTINUE,
T20,20,4.399,MYOPIC,3,1,3.679,,,,,1,NO_LOCALLY_FEASIBLE_ACTION,
T20,20,4.4,MYOPIC,1,3,4.4,0.36,44.827168652579985,DESTROYING,4.04,2,CONTINUE,
T20,20,4.4,MYOPIC,2,2,4.04,0.36,59.31191528561094,DESTROYING,3.68,1,CONTINUE,
T20,20,4.4,MYOPIC,3,1,3.68,,,,,1,NO_LOCALLY_FEASIBLE_ACTION,
T20,20,4.401,MYOPIC,1,3,4.401,0.36,44.79389762327068,DESTROYING,4.041,2,CONTINUE,
T20,20,4.401,MYOPIC,2,2,4.041,0.36,59.263589447179825,DESTROYING,3.681,1,CONTINUE,
T20,20,4.401,MYOPIC,3,1,3.681,,,,,1,NO_LOCALLY_FEASIBLE_ACTION,
T20,20,4.402,MYOPIC,1,3,4.402,0.36,44.76065951112946,DESTROYING,4.042,2,CONTINUE,
T20,20,4.402,MYOPIC,2,2,4.042,0.36,59.215316094043835,DESTROYING,3.682,1,CONTINUE,
T20,20,4.402,MYOPIC,3,1,3.682,,,,,1,NO_LOCALLY_FEASIBLE_ACTION,
T20,20,4.403,MYOPIC,1,3,4.403,0.36,44.72745427545751,DESTROYING,4.043,2,CONTINUE,
T20,20,4.403,MYOPIC,2,2,4.043,0.36,59.167095154968806,DESTROYING,3.683,1,CONTINUE,
T20,20,4.403,MYOPIC,3,1,3.683,,,,,1,NO_LOCALLY_FEASIBLE_ACTION,
T20,20,4.404,MYOPIC,1,3,4.404,0.36,44.69428187561646,DESTROYING,4.044,2,CONTINUE,
T20,20,4.404,MYOPIC,2,2,4.044,0.36,59.118926558836634,DESTROYING,3.684,1,CONTINUE,
T20,20,4.404,MYOPIC,3,1,3.684,,,,,1,NO_LOCALLY_FEASIBLE_ACTION,
T20,20,4.405,MYOPIC,1,3,4.405,0.36,44.66114227102813,DESTROYING,4.045,2,CONTINUE,
T20,20,4.405,MYOPIC,2,2,4.045,0.36,59.07081023464499,DESTROYING,3.685,1,CONTINUE,
T20,20,4.405,MYOPIC,3,1,3.685,,,,,1,NO_LOCALLY_FEASIBLE_ACTION,
T20,20,4.406,MYOPIC,1,3,4.406,0.36,44.62803542117457,DESTROYING,4.046,2,CONTINUE,
T20,20,4.406,MYOPIC,2,2,4.046,0.36,59.02274611150704,DESTROYING,3.686,1,CONTINUE,
T20,20,4.406,MYOPIC,3,1,3.686,,,,,1,NO_LOCALLY_FEASIBLE_ACTION,
T20,20,4.407,MYOPIC,1,3,4.407,0.36,44.59496128559787,DESTROYING,4.047,2,CONTINUE,
T20,20,4.407,MYOPIC,2,2,4.047,0.36,58.97473411865128,DESTROYING,3.687,1,CONTINUE,
T20,20,4.407,MYOPIC,3,1,3.687,,,,,1,NO_LOCALLY_FEASIBLE_ACTION,
T20,20,4.408,MYOPIC,1,3,4.408,0.36,44.56191982390002,DESTROYING,4.048,2,CONTINUE,
T20,20,4.408,MYOPIC,2,2,4.048,0.36,58.92677418542132,DESTROYING,3.688,1,CONTINUE,
T20,20,4.408,MYOPIC,3,1,3.688,,,,,1,NO_LOCALLY_FEASIBLE_ACTION,
T20,20,4.409,MYOPIC,1,3,4.409,0.36,44.52891099574296,DESTROYING,4.049,2,CONTINUE,
T20,20,4.409,MYOPIC,2,2,4.049,0.36,58.87886624127572,DESTROYING,3.689,1,CONTINUE,
T20,20,4.409,MYOPIC,3,1,3.689,,,,,1,NO_LOCALLY_FEASIBLE_ACTION,
T20,20,4.41,MYOPIC,1,3,4.41,0.36,44.49593476084829,DESTROYING,4.05,2,CONTINUE,
T20,20,4.41,MYOPIC,2,2,4.05,0.36,58.83101021578763,DESTROYING,3.69,1,CONTINUE,
T20,20,4.41,MYOPIC,3,1,3.69,,,,,1,NO_LOCALLY_FEASIBLE_ACTION,
T20,20,4.411,MYOPIC,1,3,4.411,0.36,44.46299107899725,DESTROYING,4.051,2,CONTINUE,
T20,20,4.411,MYOPIC,2,2,4.051,0.36,58.78320603864467,DESTROYING,3.691,1,CONTINUE,
T20,20,4.411,MYOPIC,3,1,3.691,,,,,1,NO_LOCALLY_FEASIBLE_ACTION,
T20,20,4.412,MYOPIC,1,3,4.412,0.36,44.43007991003068,DESTROYING,4.052,2,CONTINUE,
T20,20,4.412,MYOPIC,2,2,4.052,0.36,58.7354536396487,DESTROYING,3.692,1,CONTINUE,
T20,20,4.412,MYOPIC,3,1,3.692,,,,,1,NO_LOCALLY_FEASIBLE_ACTION,
T20,20,4.413,MYOPIC,1,3,4.413,0.36,44.3972012138488,DESTROYING,4.053,2,CONTINUE,
T20,20,4.413,MYOPIC,2,2,4.053,0.36,58.68775294871562,DESTROYING,3.693,1,CONTINUE,
T20,20,4.413,MYOPIC,3,1,3.693,,,,,1,NO_LOCALLY_FEASIBLE_ACTION,
T20,20,4.414,MYOPIC,1,3,4.414,0.36,44.3643549504112,DESTROYING,4.054,2,CONTINUE,
T20,20,4.414,MYOPIC,2,2,4.054,0.36,58.64010389587514,DESTROYING,3.694,1,CONTINUE,
T20,20,4.414,MYOPIC,3,1,3.694,,,,,1,NO_LOCALLY_FEASIBLE_ACTION,
T20,20,4.415,MYOPIC,1,3,4.415,0.36,44.33154107973671,DESTROYING,4.055,2,CONTINUE,
T20,20,4.415,MYOPIC,2,2,4.055,0.36,58.592506411270506,DESTROYING,3.695,1,CONTINUE,
T20,20,4.415,MYOPIC,3,1,3.695,,,,,1,NO_LOCALLY_FEASIBLE_ACTION,
T20,20,4.416,MYOPIC,1,3,4.416,0.36,44.298759561903246,DESTROYING,4.056,2,CONTINUE,
T20,20,4.416,MYOPIC,2,2,4.056,0.36,58.54496042515837,DESTROYING,3.696,1,CONTINUE,
T20,20,4.416,MYOPIC,3,1,3.696,,,,,1,NO_LOCALLY_FEASIBLE_ACTION,
T20,20,4.417,MYOPIC,1,3,4.417,0.36,44.266010357047755,DESTROYING,4.057,2,CONTINUE,
T20,20,4.417,MYOPIC,2,2,4.057,0.36,58.49746586790855,DESTROYING,3.697,1,CONTINUE,
T20,20,4.417,MYOPIC,3,1,3.697,,,,,1,NO_LOCALLY_FEASIBLE_ACTION,
T20,20,4.418,MYOPIC,1,3,4.418,0.36,44.23329342536616,DESTROYING,4.058,2,CONTINUE,
T20,20,4.418,MYOPIC,2,2,4.058,0.36,58.45002267000382,DESTROYING,3.698,1,CONTINUE,
T20,20,4.418,MYOPIC,3,1,3.698,,,,,1,NO_LOCALLY_FEASIBLE_ACTION,
T20,20,4.419,MYOPIC,1,3,4.419,0.36,44.20060872711316,DESTROYING,4.059,2,CONTINUE,
T20,20,4.419,MYOPIC,2,2,4.059,0.36,58.40263076203965,DESTROYING,3.699,1,CONTINUE,
T20,20,4.419,MYOPIC,3,1,3.699,,,,,1,NO_LOCALLY_FEASIBLE_ACTION,
T20,20,4.42,MYOPIC,1,3,4.42,0.36,44.16795622260222,DESTROYING,4.06,2,CONTINUE,
T20,20,4.42,MYOPIC,2,2,4.06,0.36,58.35529007472402,DESTROYING,3.7,1,CONTINUE,
T20,20,4.42,MYOPIC,3,1,3.7,,,,,1,NO_LOCALLY_FEASIBLE_ACTION,
T20,20,4.421,MYOPIC,1,3,4.421,0.36,44.13533587220534,DESTROYING,4.061,2,CONTINUE,
T20,20,4.421,MYOPIC,2,2,4.061,0.36,58.30800053887728,DESTROYING,3.701,1,CONTINUE,
T20,20,4.421,MYOPIC,3,1,3.701,,,,,1,NO_LOCALLY_FEASIBLE_ACTION,
T20,20,4.422,MYOPIC,1,3,4.422,0.36,44.10274763635313,DESTROYING,4.062,2,CONTINUE,
T20,20,4.422,MYOPIC,2,2,4.062,0.36,58.26076208543178,DESTROYING,3.702,1,CONTINUE,
T20,20,4.422,MYOPIC,3,1,3.702,,,,,1,NO_LOCALLY_FEASIBLE_ACTION,
T20,20,4.423,MYOPIC,1,3,4.423,0.36,44.07019147553461,DESTROYING,4.063,2,CONTINUE,
T20,20,4.423,MYOPIC,2,2,4.063,0.36,58.213574645431834,DESTROYING,3.703,1,CONTINUE,
T20,20,4.423,MYOPIC,3,1,3.703,,,,,1,NO_LOCALLY_FEASIBLE_ACTION,
T20,20,4.424,MYOPIC,1,3,4.424,0.36,44.03766735029706,DESTROYING,4.064,2,CONTINUE,
T20,20,4.424,MYOPIC,2,2,4.064,0.36,58.166438150033386,DESTROYING,3.704,1,CONTINUE,
T20,20,4.424,MYOPIC,3,1,3.704,,,,,1,NO_LOCALLY_FEASIBLE_ACTION,
T20,20,4.425,MYOPIC,1,3,4.425,0.36,44.00517522124601,DESTROYING,4.065,2,CONTINUE,
T20,20,4.425,MYOPIC,2,2,4.065,0.36,58.11935253050383,DESTROYING,3.705,1,CONTINUE,
T20,20,4.425,MYOPIC,3,1,3.705,,,,,1,NO_LOCALLY_FEASIBLE_ACTION,
T20,20,4.426,MYOPIC,1,3,4.426,0.36,43.972715049045185,DESTROYING,4.066,2,CONTINUE,
T20,20,4.426,MYOPIC,2,2,4.066,0.36,58.07231771822184,DESTROYING,3.706,1,CONTINUE,
T20,20,4.426,MYOPIC,3,1,3.706,,,,,1,NO_LOCALLY_FEASIBLE_ACTION,
T20,20,4.427,MYOPIC,1,3,4.427,0.36,43.940286794416174,DESTROYING,4.067,2,CONTINUE,
T20,20,4.427,MYOPIC,2,2,4.067,0.36,58.02533364467711,DESTROYING,3.707,1,CONTINUE,
T20,20,4.427,MYOPIC,3,1,3.707,,,,,1,NO_LOCALLY_FEASIBLE_ACTION,
T20,20,4.428,MYOPIC,1,3,4.428,0.36,43.907890418138614,DESTROYING,4.068,2,CONTINUE,
T20,20,4.428,MYOPIC,2,2,4.068,0.36,57.97840024147011,DESTROYING,3.708,1,CONTINUE,
T20,20,4.428,MYOPIC,3,1,3.708,,,,,1,NO_LOCALLY_FEASIBLE_ACTION,
T20,20,4.429,MYOPIC,1,3,4.429,0.36,43.87552588104985,DESTROYING,4.069,2,CONTINUE,
T20,20,4.429,MYOPIC,2,2,4.069,0.36,57.93151744031205,DESTROYING,3.709,1,CONTINUE,
T20,20,4.429,MYOPIC,3,1,3.709,,,,,1,NO_LOCALLY_FEASIBLE_ACTION,
T20,20,4.43,MYOPIC,1,3,4.43,0.36,43.843193144045095,DESTROYING,4.07,2,CONTINUE,
T20,20,4.43,MYOPIC,2,2,4.07,0.36,57.884685173024444,DESTROYING,3.71,1,CONTINUE,
T20,20,4.43,MYOPIC,3,1,3.71,,,,,1,NO_LOCALLY_FEASIBLE_ACTION,
T20,20,4.431,MYOPIC,1,3,4.431,0.36,43.810892168077054,DESTROYING,4.071,2,CONTINUE,
T20,20,4.431,MYOPIC,2,2,4.071,0.36,57.837903371539085,DESTROYING,3.711,1,CONTINUE,
T20,20,4.431,MYOPIC,3,1,3.711,,,,,1,NO_LOCALLY_FEASIBLE_ACTION,
T20,20,4.432,MYOPIC,1,3,4.432,0.36,43.778622914155996,DESTROYING,4.072,2,CONTINUE,
T20,20,4.432,MYOPIC,2,2,4.072,0.36,57.79117196789761,DESTROYING,3.712,1,CONTINUE,
T20,20,4.432,MYOPIC,3,1,3.712,,,,,1,NO_LOCALLY_FEASIBLE_ACTION,
T20,20,4.433,MYOPIC,1,3,4.433,0.36,43.7463853433496,DESTROYING,4.073,2,CONTINUE,
T20,20,4.433,MYOPIC,2,2,4.073,0.36,57.74449089425169,DESTROYING,3.713,1,CONTINUE,
T20,20,4.433,MYOPIC,3,1,3.713,,,,,1,NO_LOCALLY_FEASIBLE_ACTION,
T20,20,4.434,MYOPIC,1,3,4.434,0.36,43.71417941678293,DESTROYING,4.074,2,CONTINUE,
T20,20,4.434,MYOPIC,2,2,4.074,0.36,57.697860082862384,DESTROYING,3.714,1,CONTINUE,
T20,20,4.434,MYOPIC,3,1,3.714,,,,,1,NO_LOCALLY_FEASIBLE_ACTION,
T20,20,4.435,MYOPIC,1,3,4.435,0.36,43.682005095638175,DESTROYING,4.075,2,CONTINUE,
T20,20,4.435,MYOPIC,2,2,4.075,0.36,57.651279466100135,DESTROYING,3.715,1,CONTINUE,
T20,20,4.435,MYOPIC,3,1,3.715,,,,,1,NO_LOCALLY_FEASIBLE_ACTION,
T20,20,4.436,MYOPIC,1,3,4.436,0.36,43.64986234115474,DESTROYING,4.076,2,CONTINUE,
T20,20,4.436,MYOPIC,2,2,4.076,0.36,57.604748976444654,DESTROYING,3.716,1,CONTINUE,
T20,20,4.436,MYOPIC,3,1,3.716,,,,,1,NO_LOCALLY_FEASIBLE_ACTION,
T20,20,4.437,MYOPIC,1,3,4.437,0.36,43.61775111462897,DESTROYING,4.077,2,CONTINUE,
T20,20,4.437,MYOPIC,2,2,4.077,0.36,57.55826854648456,DESTROYING,3.717,1,CONTINUE,
T20,20,4.437,MYOPIC,3,1,3.717,,,,,1,NO_LOCALLY_FEASIBLE_ACTION,
T20,20,4.438,MYOPIC,1,3,4.438,0.36,43.58567137741422,DESTROYING,4.078,2,CONTINUE,
T20,20,4.438,MYOPIC,2,2,4.078,0.36,57.51183810891722,DESTROYING,3.718,1,CONTINUE,
T20,20,4.438,MYOPIC,3,1,3.718,,,,,1,NO_LOCALLY_FEASIBLE_ACTION,
T20,20,4.439,MYOPIC,1,3,4.439,0.36,43.553623090920695,DESTROYING,4.079,2,CONTINUE,
T20,20,4.439,MYOPIC,2,2,4.079,0.36,57.46545759654853,DESTROYING,3.719,1,CONTINUE,
T20,20,4.439,MYOPIC,3,1,3.719,,,,,1,NO_LOCALLY_FEASIBLE_ACTION,
T20,20,4.44,MYOPIC,1,3,4.44,0.36,43.521606216615226,DESTROYING,4.08,2,CONTINUE,
T20,20,4.44,MYOPIC,2,2,4.08,0.36,57.4191269422928,DESTROYING,3.72,1,CONTINUE,
T20,20,4.44,MYOPIC,3,1,3.72,,,,,1,NO_LOCALLY_FEASIBLE_ACTION,
T20,20,4.441,MYOPIC,1,3,4.441,0.36,43.48962071602136,DESTROYING,4.081,2,CONTINUE,
T20,20,4.441,MYOPIC,2,2,4.081,0.36,57.37284607917246,DESTROYING,3.721,1,CONTINUE,
T20,20,4.441,MYOPIC,3,1,3.721,,,,,1,NO_LOCALLY_FEASIBLE_ACTION,
T20,20,4.442,MYOPIC,1,3,4.442,0.36,43.45766655071922,DESTROYING,4.082,2,CONTINUE,
T20,20,4.442,MYOPIC,2,2,4.082,0.36,57.326614940317846,DESTROYING,3.722,1,CONTINUE,
T20,20,4.442,MYOPIC,3,1,3.722,,,,,1,NO_LOCALLY_FEASIBLE_ACTION,
T20,20,4.443,MYOPIC,1,3,4.443,0.36,43.42574368234526,DESTROYING,4.083,2,CONTINUE,
T20,20,4.443,MYOPIC,2,2,4.083,0.36,57.28043345896708,DESTROYING,3.723,1,CONTINUE,
T20,20,4.443,MYOPIC,3,1,3.723,,,,,1,NO_LOCALLY_FEASIBLE_ACTION,
T20,20,4.444,MYOPIC,1,3,4.444,0.36,43.39385207259243,DESTROYING,4.084,2,CONTINUE,
T20,20,4.444,MYOPIC,2,2,4.084,0.36,57.23430156846579,DESTROYING,3.724,1,CONTINUE,
T20,20,4.444,MYOPIC,3,1,3.724,,,,,1,NO_LOCALLY_FEASIBLE_ACTION,
T20,20,4.445,MYOPIC,1,3,4.445,0.36,43.36199168320975,DESTROYING,4.085,2,CONTINUE,
T20,20,4.445,MYOPIC,2,2,4.085,0.36,57.188219202266936,DESTROYING,3.725,1,CONTINUE,
T20,20,4.445,MYOPIC,3,1,3.725,,,,,1,NO_LOCALLY_FEASIBLE_ACTION,
T20,20,4.446,MYOPIC,1,3,4.446,0.36,43.33016247600254,DESTROYING,4.086,2,CONTINUE,
T20,20,4.446,MYOPIC,2,2,4.086,0.36,57.14218629393066,DESTROYING,3.726,1,CONTINUE,
T20,20,4.446,MYOPIC,3,1,3.726,,,,,1,NO_LOCALLY_FEASIBLE_ACTION,
T20,20,4.447,MYOPIC,1,3,4.447,0.36,43.298364412832186,DESTROYING,4.087,2,CONTINUE,
T20,20,4.447,MYOPIC,2,2,4.087,0.36,57.09620277712396,DESTROYING,3.727,1,CONTINUE,
T20,20,4.447,MYOPIC,3,1,3.727,,,,,1,NO_LOCALLY_FEASIBLE_ACTION,
T20,20,4.448,MYOPIC,1,3,4.448,0.36,43.2665974556159,DESTROYING,4.088,2,CONTINUE,
T20,20,4.448,MYOPIC,2,2,4.088,0.36,57.05026858562059,DESTROYING,3.728,1,CONTINUE,
T20,20,4.448,MYOPIC,3,1,3.728,,,,,1,NO_LOCALLY_FEASIBLE_ACTION,
T20,20,4.449,MYOPIC,1,3,4.449,0.36,43.234861566326884,DESTROYING,4.089,2,CONTINUE,
T20,20,4.449,MYOPIC,2,2,4.089,0.36,57.0043836533009,DESTROYING,3.729,1,CONTINUE,
T20,20,4.449,MYOPIC,3,1,3.729,,,,,1,NO_LOCALLY_FEASIBLE_ACTION,
T20,20,4.45,MYOPIC,1,3,4.45,0.36,43.20315670699411,DESTROYING,4.09,2,CONTINUE,
T20,20,4.45,MYOPIC,2,2,4.09,0.36,56.95854791415147,DESTROYING,3.73,1,CONTINUE,
T20,20,4.45,MYOPIC,3,1,3.73,,,,,1,NO_LOCALLY_FEASIBLE_ACTION,
T20,20,4.451,MYOPIC,1,3,4.451,0.36,43.1714828397021,DESTROYING,4.091,2,CONTINUE,
T20,20,4.451,MYOPIC,2,2,4.091,0.36,56.912761302265054,DESTROYING,3.731,1,CONTINUE,
T20,20,4.451,MYOPIC,3,1,3.731,,,,,1,NO_LOCALLY_FEASIBLE_ACTION,
T20,20,4.452,MYOPIC,1,3,4.452,0.36,43.139839926591144,DESTROYING,4.092,2,CONTINUE,
T20,20,4.452,MYOPIC,2,2,4.092,0.36,56.86702375184036,DESTROYING,3.732,1,CONTINUE,
T20,20,4.452,MYOPIC,3,1,3.732,,,,,1,NO_LOCALLY_FEASIBLE_ACTION,
T20,20,4.453,MYOPIC,1,3,4.453,0.36,43.10822792985685,DESTROYING,4.093,2,CONTINUE,
T20,20,4.453,MYOPIC,2,2,4.093,0.36,56.82133519718181,DESTROYING,3.733,1,CONTINUE,
T20,20,4.453,MYOPIC,3,1,3.733,,,,,1,NO_LOCALLY_FEASIBLE_ACTION,
T20,20,4.454,MYOPIC,1,3,4.454,0.36,43.0766468117503,DESTROYING,4.094,2,CONTINUE,
T20,20,4.454,MYOPIC,2,2,4.094,0.36,56.775695572699355,DESTROYING,3.734,1,CONTINUE,
T20,20,4.454,MYOPIC,3,1,3.734,,,,,1,NO_LOCALLY_FEASIBLE_ACTION,
T20,20,4.455,MYOPIC,1,3,4.455,0.36,43.045096534577894,DESTROYING,4.095,2,CONTINUE,
T20,20,4.455,MYOPIC,2,2,4.095,0.36,56.73010481290829,DESTROYING,3.735,1,CONTINUE,
T20,20,4.455,MYOPIC,3,1,3.735,,,,,1,NO_LOCALLY_FEASIBLE_ACTION,
T20,20,4.456,MYOPIC,1,3,4.456,0.36,43.01357706070116,DESTROYING,4.096,2,CONTINUE,
T20,20,4.456,MYOPIC,2,2,4.096,0.36,56.68456285242903,DESTROYING,3.736,1,CONTINUE,
T20,20,4.456,MYOPIC,3,1,3.736,,,,,1,NO_LOCALLY_FEASIBLE_ACTION,
T20,20,4.457,MYOPIC,1,3,4.457,0.36,42.98208835253676,DESTROYING,4.097,2,CONTINUE,
T20,20,4.457,MYOPIC,2,2,4.097,0.36,56.639069625987005,DESTROYING,3.737,1,CONTINUE,
T20,20,4.457,MYOPIC,3,1,3.737,,,,,1,NO_LOCALLY_FEASIBLE_ACTION,
T20,20,4.458,MYOPIC,1,3,4.458,0.36,42.950630372556446,DESTROYING,4.098,2,CONTINUE,
T20,20,4.458,MYOPIC,2,2,4.098,0.36,56.59362506841227,DESTROYING,3.738,1,CONTINUE,
T20,20,4.458,MYOPIC,3,1,3.738,,,,,1,NO_LOCALLY_FEASIBLE_ACTION,
T20,20,4.459,MYOPIC,1,3,4.459,0.36,42.919203083286774,DESTROYING,4.099,2,CONTINUE,
T20,20,4.459,MYOPIC,2,2,4.099,0.36,56.54822911463953,DESTROYING,3.739,1,CONTINUE,
T20,20,4.459,MYOPIC,3,1,3.739,,,,,1,NO_LOCALLY_FEASIBLE_ACTION,
T20,20,4.46,MYOPIC,1,3,4.46,0.36,42.887806447309195,DESTROYING,4.1,2,CONTINUE,
T20,20,4.46,MYOPIC,2,2,4.1,0.36,56.502881699707814,DESTROYING,3.74,1,CONTINUE,
T20,20,4.46,MYOPIC,3,1,3.74,,,,,1,NO_LOCALLY_FEASIBLE_ACTION,
T20,20,4.461,MYOPIC,1,3,4.461,0.36,42.85644042725985,DESTROYING,4.101,2,CONTINUE,
T20,20,4.461,MYOPIC,2,2,4.101,0.36,56.457582758760324,DESTROYING,3.741,1,CONTINUE,
T20,20,4.461,MYOPIC,3,1,3.741,,,,,1,NO_LOCALLY_FEASIBLE_ACTION,
T20,20,4.462,MYOPIC,1,3,4.462,0.36,42.825104985829554,DESTROYING,4.102,2,CONTINUE,
T20,20,4.462,MYOPIC,2,2,4.102,0.36,56.41233222704422,DESTROYING,3.742,1,CONTINUE,
T20,20,4.462,MYOPIC,3,1,3.742,,,,,1,NO_LOCALLY_FEASIBLE_ACTION,
T20,20,4.463,MYOPIC,1,3,4.463,0.36,42.79380008576369,DESTROYING,4.103,2,CONTINUE,
T20,20,4.463,MYOPIC,2,2,4.103,0.36,56.36713003991038,DESTROYING,3.743,1,CONTINUE,
T20,20,4.463,MYOPIC,3,1,3.743,,,,,1,NO_LOCALLY_FEASIBLE_ACTION,
T20,20,4.464,MYOPIC,1,3,4.464,0.36,42.76252568986201,DESTROYING,4.104,2,CONTINUE,
T20,20,4.464,MYOPIC,2,2,4.104,0.36,56.3219761328133,DESTROYING,3.744,1,CONTINUE,
T20,20,4.464,MYOPIC,3,1,3.744,,,,,1,NO_LOCALLY_FEASIBLE_ACTION,
T20,20,4.465,MYOPIC,1,3,4.465,0.36,42.731281760978696,DESTROYING,4.105,2,CONTINUE,
T20,20,4.465,MYOPIC,2,2,4.105,0.36,56.27687044131094,DESTROYING,3.745,1,CONTINUE,
T20,20,4.465,MYOPIC,3,1,3.745,,,,,1,NO_LOCALLY_FEASIBLE_ACTION,
T20,20,4.466,MYOPIC,1,3,4.466,0.36,42.7000682620222,DESTROYING,4.106,2,CONTINUE,
T20,20,4.466,MYOPIC,2,2,4.106,0.36,56.23181290106433,DESTROYING,3.746,1,CONTINUE,
T20,20,4.466,MYOPIC,3,1,3.746,,,,,1,NO_LOCALLY_FEASIBLE_ACTION,
T20,20,4.467,MYOPIC,1,3,4.467,0.36,42.668885155955095,DESTROYING,4.107,2,CONTINUE,
T20,20,4.467,MYOPIC,2,2,4.107,0.36,56.18680344783754,DESTROYING,3.747,1,CONTINUE,
T20,20,4.467,MYOPIC,3,1,3.747,,,,,1,NO_LOCALLY_FEASIBLE_ACTION,
T20,20,4.468,MYOPIC,1,3,4.468,0.36,42.63773240579409,DESTROYING,4.108,2,CONTINUE,
T20,20,4.468,MYOPIC,2,2,4.108,0.36,56.141842017497424,DESTROYING,3.748,1,CONTINUE,
T20,20,4.468,MYOPIC,3,1,3.748,,,,,1,NO_LOCALLY_FEASIBLE_ACTION,
T20,20,4.469,MYOPIC,1,3,4.469,0.36,42.606609974609825,DESTROYING,4.109,2,CONTINUE,
T20,20,4.469,MYOPIC,2,2,4.109,0.36,56.09692854601351,DESTROYING,3.749,1,CONTINUE,
T20,20,4.469,MYOPIC,3,1,3.749,,,,,1,NO_LOCALLY_FEASIBLE_ACTION,
T20,20,4.47,MYOPIC,1,3,4.47,0.36,42.5755178255269,DESTROYING,4.11,2,CONTINUE,
T20,20,4.47,MYOPIC,2,2,4.11,0.36,56.052062969457715,DESTROYING,3.75,1,CONTINUE,
T20,20,4.47,MYOPIC,3,1,3.75,,,,,1,NO_LOCALLY_FEASIBLE_ACTION,
T20,20,4.471,MYOPIC,1,3,4.471,0.36,42.544455921723696,DESTROYING,4.111,2,CONTINUE,
T20,20,4.471,MYOPIC,2,2,4.111,0.36,56.00724522400413,DESTROYING,3.751,1,CONTINUE,
T20,20,4.471,MYOPIC,3,1,3.751,,,,,1,NO_LOCALLY_FEASIBLE_ACTION,
T20,20,4.472,MYOPIC,1,3,4.472,0.36,42.513424226432306,DESTROYING,4.112,2,CONTINUE,
T20,20,4.472,MYOPIC,2,2,4.112,0.36,55.96247524592898,DESTROYING,3.752,1,CONTINUE,
T20,20,4.472,MYOPIC,3,1,3.752,,,,,1,NO_LOCALLY_FEASIBLE_ACTION,
T20,20,4.473,MYOPIC,1,3,4.473,0.36,42.48242270293845,DESTROYING,4.113,2,CONTINUE,
T20,20,4.473,MYOPIC,2,2,4.113,0.36,55.91775297161024,DESTROYING,3.753,1,CONTINUE,
T20,20,4.473,MYOPIC,3,1,3.753,,,,,1,NO_LOCALLY_FEASIBLE_ACTION,
T20,20,4.474,MYOPIC,1,3,4.474,0.36,42.45145131458139,DESTROYING,4.114,2,CONTINUE,
T20,20,4.474,MYOPIC,2,2,4.114,0.36,55.87307833752768,DESTROYING,3.754,1,CONTINUE,
T20,20,4.474,MYOPIC,3,1,3.754,,,,,1,NO_LOCALLY_FEASIBLE_ACTION,
T20,20,4.475,MYOPIC,1,3,4.475,0.36,42.42051002475378,DESTROYING,4.115,2,CONTINUE,
T20,20,4.475,MYOPIC,2,2,4.115,0.36,55.8284512802624,DESTROYING,3.755,1,CONTINUE,
T20,20,4.475,MYOPIC,3,1,3.755,,,,,1,NO_LOCALLY_FEASIBLE_ACTION,
T20,20,4.476,MYOPIC,1,3,4.476,0.36,42.38959879690173,DESTROYING,4.116,2,CONTINUE,
T20,20,4.476,MYOPIC,2,2,4.116,0.36,55.783871736496856,DESTROYING,3.756,1,CONTINUE,
T20,20,4.476,MYOPIC,3,1,3.756,,,,,1,NO_LOCALLY_FEASIBLE_ACTION,
T20,20,4.477,MYOPIC,1,3,4.477,0.36,42.35871759452447,DESTROYING,4.117,2,CONTINUE,
T20,20,4.477,MYOPIC,2,2,4.117,0.36,55.73933964301458,DESTROYING,3.757,1,CONTINUE,
T20,20,4.477,MYOPIC,3,1,3.757,,,,,1,NO_LOCALLY_FEASIBLE_ACTION,
T20,20,4.478,MYOPIC,1,3,4.478,0.36,42.32786638117453,DESTROYING,4.118,2,CONTINUE,
T20,20,4.478,MYOPIC,2,2,4.118,0.36,55.69485493670001,DESTROYING,3.758,1,CONTINUE,
T20,20,4.478,MYOPIC,3,1,3.758,,,,,1,NO_LOCALLY_FEASIBLE_ACTION,
T20,20,4.479,MYOPIC,1,3,4.479,0.36,42.29704512045743,DESTROYING,4.119,2,CONTINUE,
T20,20,4.479,MYOPIC,2,2,4.119,0.36,55.65041755453831,DESTROYING,3.759,1,CONTINUE,
T20,20,4.479,MYOPIC,3,1,3.759,,,,,1,NO_LOCALLY_FEASIBLE_ACTION,
T20,20,4.48,MYOPIC,1,3,4.48,0.36,42.266253776031725,DESTROYING,4.12,2,CONTINUE,
T20,20,4.48,MYOPIC,2,2,4.12,0.36,55.60602743361519,DESTROYING,3.76,1,CONTINUE,
T20,20,4.48,MYOPIC,3,1,3.76,,,,,1,NO_LOCALLY_FEASIBLE_ACTION,
T20,20,4.481,MYOPIC,1,3,4.481,0.36,42.23549231160882,DESTROYING,4.121,2,CONTINUE,
T20,20,4.481,MYOPIC,2,2,4.121,0.36,55.561684511116574,DESTROYING,3.761,1,CONTINUE,
T20,20,4.481,MYOPIC,3,1,3.761,,,,,1,NO_LOCALLY_FEASIBLE_ACTION,
T20,20,4.482,MYOPIC,1,3,4.482,0.36,42.20476069095303,DESTROYING,4.122,2,CONTINUE,
T20,20,4.482,MYOPIC,2,2,4.122,0.36,55.517388724328754,DESTROYING,3.762,1,CONTINUE,
T20,20,4.482,MYOPIC,3,1,3.762,,,,,1,NO_LOCALLY_FEASIBLE_ACTION,
T20,20,4.483,MYOPIC,1,3,4.483,0.36,42.17405887788127,DESTROYING,4.123,2,CONTINUE,
T20,20,4.483,MYOPIC,2,2,4.123,0.36,55.47314001063783,DESTROYING,3.763,1,CONTINUE,
T20,20,4.483,MYOPIC,3,1,3.763,,,,,1,NO_LOCALLY_FEASIBLE_ACTION,
T20,20,4.484,MYOPIC,1,3,4.484,0.36,42.14338683626317,DESTROYING,4.124,2,CONTINUE,
T20,20,4.484,MYOPIC,2,2,4.124,0.36,55.42893830752971,DESTROYING,3.764,1,CONTINUE,
T20,20,4.484,MYOPIC,3,1,3.764,,,,,1,NO_LOCALLY_FEASIBLE_ACTION,
T20,20,4.485,MYOPIC,1,3,4.485,0.36,42.11274453002082,DESTROYING,4.125,2,CONTINUE,
T20,20,4.485,MYOPIC,2,2,4.125,0.36,55.38478355258995,DESTROYING,3.765,1,CONTINUE,
T20,20,4.485,MYOPIC,3,1,3.765,,,,,1,NO_LOCALLY_FEASIBLE_ACTION,
T20,20,4.486,MYOPIC,1,3,4.486,0.36,42.08213192312884,DESTROYING,4.126,2,CONTINUE,
T20,20,4.486,MYOPIC,2,2,4.126,0.36,55.34067568350351,DESTROYING,3.766,1,CONTINUE,
T20,20,4.486,MYOPIC,3,1,3.766,,,,,1,NO_LOCALLY_FEASIBLE_ACTION,
T20,20,4.487,MYOPIC,1,3,4.487,0.36,42.05154897961419,DESTROYING,4.127,2,CONTINUE,
T20,20,4.487,MYOPIC,2,2,4.127,0.36,55.29661463805452,DESTROYING,3.767,1,CONTINUE,
T20,20,4.487,MYOPIC,3,1,3.767,,,,,1,NO_LOCALLY_FEASIBLE_ACTION,
T20,20,4.488,MYOPIC,1,3,4.488,0.36,42.02099566355607,DESTROYING,4.128,2,CONTINUE,
T20,20,4.488,MYOPIC,2,2,4.128,0.36,55.25260035412625,DESTROYING,3.768,1,CONTINUE,
T20,20,4.488,MYOPIC,3,1,3.768,,,,,1,NO_LOCALLY_FEASIBLE_ACTION,
T20,20,4.489,MYOPIC,1,3,4.489,0.36,41.990471939085936,DESTROYING,4.129,2,CONTINUE,
T20,20,4.489,MYOPIC,2,2,4.129,0.36,55.2086327697007,DESTROYING,3.769,1,CONTINUE,
T20,20,4.489,MYOPIC,3,1,3.769,,,,,1,NO_LOCALLY_FEASIBLE_ACTION,
T20,20,4.49,MYOPIC,1,3,4.49,0.36,41.95997777038725,DESTROYING,4.13,2,CONTINUE,
T20,20,4.49,MYOPIC,2,2,4.13,0.36,55.16471182285864,DESTROYING,3.77,1,CONTINUE,
T20,20,4.49,MYOPIC,3,1,3.77,,,,,1,NO_LOCALLY_FEASIBLE_ACTION,
T20,20,4.491,MYOPIC,1,3,4.491,0.36,41.92951312169553,DESTROYING,4.131,2,CONTINUE,
T20,20,4.491,MYOPIC,2,2,4.131,0.36,55.12083745177936,DESTROYING,3.771,1,CONTINUE,
T20,20,4.491,MYOPIC,3,1,3.771,,,,,1,NO_LOCALLY_FEASIBLE_ACTION,
T20,20,4.492,MYOPIC,1,3,4.492,0.36,41.89907795729826,DESTROYING,4.132,2,CONTINUE,
T20,20,4.492,MYOPIC,2,2,4.132,0.36,55.077009594740375,DESTROYING,3.772,1,CONTINUE,
T20,20,4.492,MYOPIC,3,1,3.772,,,,,1,NO_LOCALLY_FEASIBLE_ACTION,
T20,20,4.493,MYOPIC,1,3,4.493,0.36,41.86867224153463,DESTROYING,4.133,2,CONTINUE,
T20,20,4.493,MYOPIC,2,2,4.133,0.36,55.03322819011733,DESTROYING,3.773,1,CONTINUE,
T20,20,4.493,MYOPIC,3,1,3.773,,,,,1,NO_LOCALLY_FEASIBLE_ACTION,
T20,20,4.494,MYOPIC,1,3,4.494,0.36,41.838295938795724,DESTROYING,4.134,2,CONTINUE,
T20,20,4.494,MYOPIC,2,2,4.134,0.36,54.989493176383924,DESTROYING,3.774,1,CONTINUE,
T20,20,4.494,MYOPIC,3,1,3.774,,,,,1,NO_LOCALLY_FEASIBLE_ACTION,
T20,20,4.495,MYOPIC,1,3,4.495,0.36,41.807949013524194,DESTROYING,4.135,2,CONTINUE,
T20,20,4.495,MYOPIC,2,2,4.135,0.36,54.9458044921115,DESTROYING,3.775,1,CONTINUE,
T20,20,4.495,MYOPIC,3,1,3.775,,,,,1,NO_LOCALLY_FEASIBLE_ACTION,
T20,20,4.496,MYOPIC,1,3,4.496,0.36,41.77763143021424,DESTROYING,4.136,2,CONTINUE,
T20,20,4.496,MYOPIC,2,2,4.136,0.36,54.90216207596903,DESTROYING,3.776,1,CONTINUE,
T20,20,4.496,MYOPIC,3,1,3.776,,,,,1,NO_LOCALLY_FEASIBLE_ACTION,
T20,20,4.497,MYOPIC,1,3,4.497,0.36,41.74734315341166,DESTROYING,4.137,2,CONTINUE,
T20,20,4.497,MYOPIC,2,2,4.137,0.36,54.858565866722884,DESTROYING,3.777,1,CONTINUE,
T20,20,4.497,MYOPIC,3,1,3.777,,,,,1,NO_LOCALLY_FEASIBLE_ACTION,
T20,20,4.498,MYOPIC,1,3,4.498,0.36,41.717084147713486,DESTROYING,4.138,2,CONTINUE,
T20,20,4.498,MYOPIC,2,2,4.138,0.36,54.815015803236726,DESTROYING,3.778,1,CONTINUE,
T20,20,4.498,MYOPIC,3,1,3.778,,,,,1,NO_LOCALLY_FEASIBLE_ACTION,
T20,20,4.499,MYOPIC,1,3,4.499,0.36,41.68685437776819,DESTROYING,4.139,2,CONTINUE,
T20,20,4.499,MYOPIC,2,2,4.139,0.36,54.77151182447112,DESTROYING,3.779,1,CONTINUE,
T20,20,4.499,MYOPIC,3,1,3.779,,,,,1,NO_LOCALLY_FEASIBLE_ACTION,
T20,20,4.5,MYOPIC,1,3,4.5,0.36,41.65665380827547,DESTROYING,4.14,2,CONTINUE,
T20,20,4.5,MYOPIC,2,2,4.14,0.36,54.728053869483595,DESTROYING,3.78,1,CONTINUE,
T20,20,4.5,MYOPIC,3,1,3.78,,,,,1,NO_LOCALLY_FEASIBLE_ACTION,
T20,20,4.501,MYOPIC,1,3,4.501,0.36,41.626482403986,DESTROYING,4.141,2,CONTINUE,
T20,20,4.501,MYOPIC,2,2,4.141,0.36,54.684641877428305,DESTROYING,3.781,1,CONTINUE,
T20,20,4.501,MYOPIC,3,1,3.781,,,,,1,NO_LOCALLY_FEASIBLE_ACTION,
T20,20,4.502,MYOPIC,1,3,4.502,0.36,41.59634012970168,DESTROYING,4.142,2,CONTINUE,
T20,20,4.502,MYOPIC,2,2,4.142,0.36,54.64127578755599,DESTROYING,3.782,1,CONTINUE,
T20,20,4.502,MYOPIC,3,1,3.782,,,,,1,NO_LOCALLY_FEASIBLE_ACTION,
T20,20,4.503,MYOPIC,1,3,4.503,0.36,41.566226950275336,DESTROYING,4.143,2,CONTINUE,
T20,20,4.503,MYOPIC,2,2,4.143,0.36,54.59795553921365,DESTROYING,3.783,1,CONTINUE,
T20,20,4.503,MYOPIC,3,1,3.783,,,,,1,NO_LOCALLY_FEASIBLE_ACTION,
T20,20,4.504,MYOPIC,1,3,4.504,0.36,41.53614283061056,DESTROYING,4.144,2,CONTINUE,
T20,20,4.504,MYOPIC,2,2,4.144,0.36,54.554681071844406,DESTROYING,3.784,1,CONTINUE,
T20,20,4.504,MYOPIC,3,1,3.784,,,,,1,NO_LOCALLY_FEASIBLE_ACTION,
T20,20,4.505,MYOPIC,1,3,4.505,0.36,41.50608773566187,DESTROYING,4.145,2,CONTINUE,
T20,20,4.505,MYOPIC,2,2,4.145,0.36,54.51145232498744,DESTROYING,3.785,1,CONTINUE,
T20,20,4.505,MYOPIC,3,1,3.785,,,,,1,NO_LOCALLY_FEASIBLE_ACTION,
T20,20,4.506,MYOPIC,1,3,4.506,0.36,41.476061630434394,DESTROYING,4.146,2,CONTINUE,
T20,20,4.506,MYOPIC,2,2,4.146,0.36,54.468269238277664,DESTROYING,3.786,1,CONTINUE,
T20,20,4.506,MYOPIC,3,1,3.786,,,,,1,NO_LOCALLY_FEASIBLE_ACTION,
T20,20,4.507,MYOPIC,1,3,4.507,0.36,41.446064479983946,DESTROYING,4.147,2,CONTINUE,
T20,20,4.507,MYOPIC,2,2,4.147,0.36,54.42513175144561,DESTROYING,3.787,1,CONTINUE,
T20,20,4.507,MYOPIC,3,1,3.787,,,,,1,NO_LOCALLY_FEASIBLE_ACTION,
T20,20,4.508,MYOPIC,1,3,4.508,0.36,41.41609624941688,DESTROYING,4.148,2,CONTINUE,
T20,20,4.508,MYOPIC,2,2,4.148,0.36,54.38203980431724,DESTROYING,3.788,1,CONTINUE,
T20,20,4.508,MYOPIC,3,1,3.788,,,,,1,NO_LOCALLY_FEASIBLE_ACTION,
T20,20,4.509,MYOPIC,1,3,4.509,0.36,41.386156903889876,DESTROYING,4.149,2,CONTINUE,
T20,20,4.509,MYOPIC,2,2,4.149,0.36,54.33899333681378,DESTROYING,3.789,1,CONTINUE,
T20,20,4.509,MYOPIC,3,1,3.789,,,,,1,NO_LOCALLY_FEASIBLE_ACTION,
T20,20,4.51,MYOPIC,1,3,4.51,0.36,41.35624640861013,DESTROYING,4.15,2,CONTINUE,
T20,20,4.51,MYOPIC,2,2,4.15,0.36,54.2959922889516,DESTROYING,3.79,1,CONTINUE,
T20,20,4.51,MYOPIC,3,1,3.79,,,,,1,NO_LOCALLY_FEASIBLE_ACTION,
T20,20,4.511,MYOPIC,1,3,4.511,0.36,41.32636472883508,DESTROYING,4.151,2,CONTINUE,
T20,20,4.511,MYOPIC,2,2,4.151,0.36,54.25303660084194,DESTROYING,3.791,1,CONTINUE,
T20,20,4.511,MYOPIC,3,1,3.791,,,,,1,NO_LOCALLY_FEASIBLE_ACTION,
T20,20,4.512,MYOPIC,1,3,4.512,0.36,41.29651182987225,DESTROYING,4.152,2,CONTINUE,
T20,20,4.512,MYOPIC,2,2,4.152,0.36,54.21012621269074,DESTROYING,3.792,1,CONTINUE,
T20,20,4.512,MYOPIC,3,1,3.792,,,,,1,NO_LOCALLY_FEASIBLE_ACTION,
T20,20,4.513,MYOPIC,1,3,4.513,0.36,41.26668767707942,DESTROYING,4.153,2,CONTINUE,
T20,20,4.513,MYOPIC,2,2,4.153,0.36,54.167261064798545,DESTROYING,3.793,1,CONTINUE,
T20,20,4.513,MYOPIC,3,1,3.793,,,,,1,NO_LOCALLY_FEASIBLE_ACTION,
T20,20,4.514,MYOPIC,1,3,4.514,0.36,41.23689223586426,DESTROYING,4.154,2,CONTINUE,
T20,20,4.514,MYOPIC,2,2,4.154,0.36,54.12444109756026,DESTROYING,3.794,1,CONTINUE,
T20,20,4.514,MYOPIC,3,1,3.794,,,,,1,NO_LOCALLY_FEASIBLE_ACTION,
T20,20,4.515,MYOPIC,1,3,4.515,0.36,41.20712547168453,DESTROYING,4.155,2,CONTINUE,
T20,20,4.515,MYOPIC,2,2,4.155,0.36,54.08166625146505,DESTROYING,3.795,1,CONTINUE,
T20,20,4.515,MYOPIC,3,1,3.795,,,,,1,NO_LOCALLY_FEASIBLE_ACTION,
T20,20,4.516,MYOPIC,1,3,4.516,0.36,41.177387350047745,DESTROYING,4.156,2,CONTINUE,
T20,20,4.516,MYOPIC,2,2,4.156,0.36,54.03893646709606,DESTROYING,3.796,1,CONTINUE,
T20,20,4.516,MYOPIC,3,1,3.796,,,,,1,NO_LOCALLY_FEASIBLE_ACTION,
T20,20,4.517,MYOPIC,1,3,4.517,0.36,41.1476778365112,DESTROYING,4.157,2,CONTINUE,
T20,20,4.517,MYOPIC,2,2,4.157,0.36,53.996251685130325,DESTROYING,3.797,1,CONTINUE,
T20,20,4.517,MYOPIC,3,1,3.797,,,,,1,NO_LOCALLY_FEASIBLE_ACTION,
T20,20,4.518,MYOPIC,1,3,4.518,0.36,41.11799689668186,DESTROYING,4.158,2,CONTINUE,
T20,20,4.518,MYOPIC,2,2,4.158,0.36,53.9536118463386,DESTROYING,3.798,1,CONTINUE,
T20,20,4.518,MYOPIC,3,1,3.798,,,,,1,NO_LOCALLY_FEASIBLE_ACTION,
T20,20,4.519,MYOPIC,1,3,4.519,0.36,41.08834449621642,DESTROYING,4.159,2,CONTINUE,
T20,20,4.519,MYOPIC,2,2,4.159,0.36,53.91101689158512,DESTROYING,3.799,1,CONTINUE,
T20,20,4.519,MYOPIC,3,1,3.799,,,,,1,NO_LOCALLY_FEASIBLE_ACTION,
T20,20,4.52,MYOPIC,1,3,4.52,0.36,41.058720600820905,DESTROYING,4.16,2,CONTINUE,
T20,20,4.52,MYOPIC,2,2,4.16,0.36,53.868466761827456,DESTROYING,3.8,1,CONTINUE,
T20,20,4.52,MYOPIC,3,1,3.8,,,,,1,NO_LOCALLY_FEASIBLE_ACTION,
T20,20,4.521,MYOPIC,1,3,4.521,0.36,41.029125176250965,DESTROYING,4.161,2,CONTINUE,
T20,20,4.521,MYOPIC,2,2,4.161,0.36,53.825961398116405,DESTROYING,3.801,1,CONTINUE,
T20,20,4.521,MYOPIC,3,1,3.801,,,,,1,NO_LOCALLY_FEASIBLE_ACTION,
T20,20,4.522,MYOPIC,1,3,4.522,0.36,40.999558188311454,DESTROYING,4.162,2,CONTINUE,
T20,20,4.522,MYOPIC,2,2,4.162,0.36,53.78350074159576,DESTROYING,3.802,1,CONTINUE,
T20,20,4.522,MYOPIC,3,1,3.802,,,,,1,NO_LOCALLY_FEASIBLE_ACTION,
T20,20,4.523,MYOPIC,1,3,4.523,0.36,40.970019602856574,DESTROYING,4.163,2,CONTINUE,
T20,20,4.523,MYOPIC,2,2,4.163,0.36,53.741084733502085,DESTROYING,3.803,1,CONTINUE,
T20,20,4.523,MYOPIC,3,1,3.803,,,,,1,NO_LOCALLY_FEASIBLE_ACTION,
T20,20,4.524,MYOPIC,1,3,4.524,0.36,40.940509385789774,DESTROYING,4.164,2,CONTINUE,
T20,20,4.524,MYOPIC,2,2,4.164,0.36,53.69871331516471,DESTROYING,3.804,1,CONTINUE,
T20,20,4.524,MYOPIC,3,1,3.804,,,,,1,NO_LOCALLY_FEASIBLE_ACTION,
T20,20,4.525,MYOPIC,1,3,4.525,0.36,40.91102750306345,DESTROYING,4.165,2,CONTINUE,
T20,20,4.525,MYOPIC,2,2,4.165,0.36,53.65638642800535,DESTROYING,3.805,1,CONTINUE,
T20,20,4.525,MYOPIC,3,1,3.805,,,,,1,NO_LOCALLY_FEASIBLE_ACTION,
T20,20,4.526,MYOPIC,1,3,4.526,0.36,40.88157392067915,DESTROYING,4.166,2,CONTINUE,
T20,20,4.526,MYOPIC,2,2,4.166,0.36,53.6141040135381,DESTROYING,3.806,1,CONTINUE,
T20,20,4.526,MYOPIC,3,1,3.806,,,,,1,NO_LOCALLY_FEASIBLE_ACTION,
T20,20,4.527,MYOPIC,1,3,4.527,0.36,40.852148604687365,DESTROYING,4.167,2,CONTINUE,
T20,20,4.527,MYOPIC,2,2,4.167,0.36,53.571866013369245,DESTROYING,3.807,1,CONTINUE,
T20,20,4.527,MYOPIC,3,1,3.807,,,,,1,NO_LOCALLY_FEASIBLE_ACTION,
T20,20,4.528,MYOPIC,1,3,4.528,0.36,40.82275152118738,DESTROYING,4.168,2,CONTINUE,
T20,20,4.528,MYOPIC,2,2,4.168,0.36,53.529672369196966,DESTROYING,3.808,1,CONTINUE,
T20,20,4.528,MYOPIC,3,1,3.808,,,,,1,NO_LOCALLY_FEASIBLE_ACTION,
T20,20,4.529,MYOPIC,1,3,4.529,0.36,40.7933826363273,DESTROYING,4.169,2,CONTINUE,
T20,20,4.529,MYOPIC,2,2,4.169,0.36,53.487523022811246,DESTROYING,3.809,1,CONTINUE,
T20,20,4.529,MYOPIC,3,1,3.809,,,,,1,NO_LOCALLY_FEASIBLE_ACTION,
T20,20,4.53,MYOPIC,1,3,4.53,0.36,40.76404191630387,DESTROYING,4.17,2,CONTINUE,
T20,20,4.53,MYOPIC,2,2,4.17,0.36,53.445417916093845,DESTROYING,3.81,1,CONTINUE,
T20,20,4.53,MYOPIC,3,1,3.81,,,,,1,NO_LOCALLY_FEASIBLE_ACTION,
T20,20,4.531,MYOPIC,1,3,4.531,0.36,40.73472932736253,DESTROYING,4.171,2,CONTINUE,
T20,20,4.531,MYOPIC,2,2,4.171,0.36,53.40335699101791,DESTROYING,3.811,1,CONTINUE,
T20,20,4.531,MYOPIC,3,1,3.811,,,,,1,NO_LOCALLY_FEASIBLE_ACTION,
T20,20,4.532,MYOPIC,1,3,4.532,0.36,40.70544483579725,DESTROYING,4.172,2,CONTINUE,
T20,20,4.532,MYOPIC,2,2,4.172,0.36,53.36134018964789,DESTROYING,3.812,1,CONTINUE,
T20,20,4.532,MYOPIC,3,1,3.812,,,,,1,NO_LOCALLY_FEASIBLE_ACTION,
T20,20,4.533,MYOPIC,1,3,4.533,0.36,40.67618840795035,DESTROYING,4.173,2,CONTINUE,
T20,20,4.533,MYOPIC,2,2,4.173,0.36,53.31936745413937,DESTROYING,3.813,1,CONTINUE,
T20,20,4.533,MYOPIC,3,1,3.813,,,,,1,NO_LOCALLY_FEASIBLE_ACTION,
T20,20,4.534,MYOPIC,1,3,4.534,0.36,40.64696001021262,DESTROYING,4.174,2,CONTINUE,
T20,20,4.534,MYOPIC,2,2,4.174,0.36,53.277438726738964,DESTROYING,3.814,1,CONTINUE,
T20,20,4.534,MYOPIC,3,1,3.814,,,,,1,NO_LOCALLY_FEASIBLE_ACTION,
T20,20,4.535,MYOPIC,1,3,4.535,0.36,40.617759609023146,DESTROYING,4.175,2,CONTINUE,
T20,20,4.535,MYOPIC,2,2,4.175,0.36,53.235553949784055,DESTROYING,3.815,1,CONTINUE,
T20,20,4.535,MYOPIC,3,1,3.815,,,,,1,NO_LOCALLY_FEASIBLE_ACTION,
T20,20,4.536,MYOPIC,1,3,4.536,0.36,40.58858717086911,DESTROYING,4.176,2,CONTINUE,
T20,20,4.536,MYOPIC,2,2,4.176,0.36,53.193713065702674,DESTROYING,3.816,1,CONTINUE,
T20,20,4.536,MYOPIC,3,1,3.816,,,,,1,NO_LOCALLY_FEASIBLE_ACTION,
T20,20,4.537,MYOPIC,1,3,4.537,0.36,40.55944266228596,DESTROYING,4.177,2,CONTINUE,
T20,20,4.537,MYOPIC,2,2,4.177,0.36,53.15191601701329,DESTROYING,3.817,1,CONTINUE,
T20,20,4.537,MYOPIC,3,1,3.817,,,,,1,NO_LOCALLY_FEASIBLE_ACTION,
T20,20,4.538,MYOPIC,1,3,4.538,0.36,40.530326049857074,DESTROYING,4.178,2,CONTINUE,
T20,20,4.538,MYOPIC,2,2,4.178,0.36,53.110162746324775,DESTROYING,3.818,1,CONTINUE,
T20,20,4.538,MYOPIC,3,1,3.818,,,,,1,NO_LOCALLY_FEASIBLE_ACTION,
T20,20,4.539,MYOPIC,1,3,4.539,0.36,40.50123730021388,DESTROYING,4.179,2,CONTINUE,
T20,20,4.539,MYOPIC,2,2,4.179,0.36,53.06845319633604,DESTROYING,3.819,1,CONTINUE,
T20,20,4.539,MYOPIC,3,1,3.819,,,,,1,NO_LOCALLY_FEASIBLE_ACTION,
T20,20,4.54,MYOPIC,1,3,4.54,0.36,40.47217638003568,DESTROYING,4.18,2,CONTINUE,
T20,20,4.54,MYOPIC,2,2,4.18,0.36,53.026787309836045,DESTROYING,3.82,1,CONTINUE,
T20,20,4.54,MYOPIC,3,1,3.82,,,,,1,NO_LOCALLY_FEASIBLE_ACTION,
T20,20,4.541,MYOPIC,1,3,4.541,0.36,40.443143256049474,DESTROYING,4.181,2,CONTINUE,
T20,20,4.541,MYOPIC,2,2,4.181,0.36,52.985165029703495,DESTROYING,3.821,1,CONTINUE,
T20,20,4.541,MYOPIC,3,1,3.821,,,,,1,NO_LOCALLY_FEASIBLE_ACTION,
T20,20,4.542,MYOPIC,1,3,4.542,0.36,40.414137895030166,DESTROYING,4.182,2,CONTINUE,
T20,20,4.542,MYOPIC,2,2,4.182,0.36,52.943586298906844,DESTROYING,3.822,1,CONTINUE,
T20,20,4.542,MYOPIC,3,1,3.822,,,,,1,NO_LOCALLY_FEASIBLE_ACTION,
T20,20,4.543,MYOPIC,1,3,4.543,0.36,40.385160263800216,DESTROYING,4.183,2,CONTINUE,
T20,20,4.543,MYOPIC,2,2,4.183,0.36,52.90205106050394,DESTROYING,3.823,1,CONTINUE,
T20,20,4.543,MYOPIC,3,1,3.823,,,,,1,NO_LOCALLY_FEASIBLE_ACTION,
T20,20,4.544,MYOPIC,1,3,4.544,0.36,40.35621032922957,DESTROYING,4.184,2,CONTINUE,
T20,20,4.544,MYOPIC,2,2,4.184,0.36,52.86055925764199,DESTROYING,3.824,1,CONTINUE,
T20,20,4.544,MYOPIC,3,1,3.824,,,,,1,NO_LOCALLY_FEASIBLE_ACTION,
T20,20,4.545,MYOPIC,1,3,4.545,0.36,40.327288058235844,DESTROYING,4.185,2,CONTINUE,
T20,20,4.545,MYOPIC,2,2,4.185,0.36,52.81911083355733,DESTROYING,3.825,1,CONTINUE,
T20,20,4.545,MYOPIC,3,1,3.825,,,,,1,NO_LOCALLY_FEASIBLE_ACTION,
T20,20,4.546,MYOPIC,1,3,4.546,0.36,40.29839341778387,DESTROYING,4.186,2,CONTINUE,
T20,20,4.546,MYOPIC,2,2,4.186,0.36,52.777705731575345,DESTROYING,3.826,1,CONTINUE,
T20,20,4.546,MYOPIC,3,1,3.826,,,,,1,NO_LOCALLY_FEASIBLE_ACTION,
T20,20,4.547,MYOPIC,1,3,4.547,0.36,40.269526374885935,DESTROYING,4.187,2,CONTINUE,
T20,20,4.547,MYOPIC,2,2,4.187,0.36,52.73634389511021,DESTROYING,3.827,1,CONTINUE,
T20,20,4.547,MYOPIC,3,1,3.827,,,,,1,NO_LOCALLY_FEASIBLE_ACTION,
T20,20,4.548,MYOPIC,1,3,4.548,0.36,40.24068689660155,DESTROYING,4.188,2,CONTINUE,
T20,20,4.548,MYOPIC,2,2,4.188,0.36,52.69502526766479,DESTROYING,3.828,1,CONTINUE,
T20,20,4.548,MYOPIC,3,1,3.828,,,,,1,NO_LOCALLY_FEASIBLE_ACTION,
T20,20,4.549,MYOPIC,1,3,4.549,0.36,40.21187495003736,DESTROYING,4.189,2,CONTINUE,
T20,20,4.549,MYOPIC,2,2,4.189,0.36,52.65374979283043,DESTROYING,3.829,1,CONTINUE,
T20,20,4.549,MYOPIC,3,1,3.829,,,,,1,NO_LOCALLY_FEASIBLE_ACTION,
T20,20,4.55,MYOPIC,1,3,4.55,0.36,40.18309050234715,DESTROYING,4.19,2,CONTINUE,
T20,20,4.55,MYOPIC,2,2,4.19,0.36,52.612517414286856,DESTROYING,3.83,1,CONTINUE,
T20,20,4.55,MYOPIC,3,1,3.83,,,,,1,NO_LOCALLY_FEASIBLE_ACTION,
T20,20,4.551,MYOPIC,1,3,4.551,0.36,40.154333520731676,DESTROYING,4.191,2,CONTINUE,
T20,20,4.551,MYOPIC,2,2,4.191,0.36,52.571328075801944,DESTROYING,3.831,1,CONTINUE,
T20,20,4.551,MYOPIC,3,1,3.831,,,,,1,NO_LOCALLY_FEASIBLE_ACTION,
T20,20,4.552,MYOPIC,1,3,4.552,0.36,40.12560397243863,DESTROYING,4.192,2,CONTINUE,
T20,20,4.552,MYOPIC,2,2,4.192,0.36,52.530181721231614,DESTROYING,3.832,1,CONTINUE,
T20,20,4.552,MYOPIC,3,1,3.832,,,,,1,NO_LOCALLY_FEASIBLE_ACTION,
T20,20,4.553,MYOPIC,1,3,4.553,0.36,40.096901824762625,DESTROYING,4.193,2,CONTINUE,
T20,20,4.553,MYOPIC,2,2,4.193,0.36,52.48907829451962,DESTROYING,3.833,1,CONTINUE,
T20,20,4.553,MYOPIC,3,1,3.833,,,,,1,NO_LOCALLY_FEASIBLE_ACTION,
T20,20,4.554,MYOPIC,1,3,4.554,0.36,40.06822704504492,DESTROYING,4.194,2,CONTINUE,
T20,20,4.554,MYOPIC,2,2,4.194,0.36,52.44801773969748,DESTROYING,3.834,1,CONTINUE,
T20,20,4.554,MYOPIC,3,1,3.834,,,,,1,NO_LOCALLY_FEASIBLE_ACTION,
T20,20,4.555,MYOPIC,1,3,4.555,0.36,40.039579600673626,DESTROYING,4.195,2,CONTINUE,
T20,20,4.555,MYOPIC,2,2,4.195,0.36,52.4070000008842,DESTROYING,3.835,1,CONTINUE,
T20,20,4.555,MYOPIC,3,1,3.835,,,,,1,NO_LOCALLY_FEASIBLE_ACTION,
T20,20,4.556,MYOPIC,1,3,4.556,0.36,40.01095945908339,DESTROYING,4.196,2,CONTINUE,
T20,20,4.556,MYOPIC,2,2,4.196,0.36,52.36602502228619,DESTROYING,3.836,1,CONTINUE,
T20,20,4.556,MYOPIC,3,1,3.836,,,,,1,NO_LOCALLY_FEASIBLE_ACTION,
T20,20,4.557,MYOPIC,1,3,4.557,0.36,39.98236658775538,DESTROYING,4.197,2,CONTINUE,
T20,20,4.557,MYOPIC,2,2,4.197,0.36,52.325092748197044,DESTROYING,3.837,1,CONTINUE,
T20,20,4.557,MYOPIC,3,1,3.837,,,,,1,NO_LOCALLY_FEASIBLE_ACTION,
T20,20,4.558,MYOPIC,1,3,4.558,0.36,39.95380095421732,DESTROYING,4.198,2,CONTINUE,
T20,20,4.558,MYOPIC,2,2,4.198,0.36,52.284203122997496,DESTROYING,3.838,1,CONTINUE,
T20,20,4.558,MYOPIC,3,1,3.838,,,,,1,NO_LOCALLY_FEASIBLE_ACTION,
T20,20,4.559,MYOPIC,1,3,4.559,0.36,39.925262526043255,DESTROYING,4.199,2,CONTINUE,
T20,20,4.559,MYOPIC,2,2,4.199,0.36,52.24335609115513,DESTROYING,3.839,1,CONTINUE,
T20,20,4.559,MYOPIC,3,1,3.839,,,,,1,NO_LOCALLY_FEASIBLE_ACTION,
T20,20,4.56,MYOPIC,1,3,4.56,0.36,39.89675127085353,DESTROYING,4.2,2,CONTINUE,
T20,20,4.56,MYOPIC,2,2,4.2,0.36,52.20255159722428,DESTROYING,3.84,1,CONTINUE,
T20,20,4.56,MYOPIC,3,1,3.84,,,,,1,NO_LOCALLY_FEASIBLE_ACTION,
T20,20,4.561,MYOPIC,1,3,4.561,0.36,39.86826715631479,DESTROYING,4.201,2,CONTINUE,
T20,20,4.561,MYOPIC,2,2,4.201,0.36,52.16178958584585,DESTROYING,3.841,1,CONTINUE,
T20,20,4.561,MYOPIC,3,1,3.841,,,,,1,NO_LOCALLY_FEASIBLE_ACTION,
T20,20,4.562,MYOPIC,1,3,4.562,0.36,39.83981015013977,DESTROYING,4.202,2,CONTINUE,
T20,20,4.562,MYOPIC,2,2,4.202,0.36,52.12107000174724,DESTROYING,3.842,1,CONTINUE,
T20,20,4.562,MYOPIC,3,1,3.842,,,,,1,NO_LOCALLY_FEASIBLE_ACTION,
T20,20,4.563,MYOPIC,1,3,4.563,0.36,39.81138022008733,DESTROYING,4.203,2,CONTINUE,
T20,20,4.563,MYOPIC,2,2,4.203,0.36,52.0803927897421,DESTROYING,3.843,1,CONTINUE,
T20,20,4.563,MYOPIC,3,1,3.843,,,,,1,NO_LOCALLY_FEASIBLE_ACTION,
T20,20,4.564,MYOPIC,1,3,4.564,0.36,39.78297733396235,DESTROYING,4.204,2,CONTINUE,
T20,20,4.564,MYOPIC,2,2,4.204,0.36,52.03975789473015,DESTROYING,3.844,1,CONTINUE,
T20,20,4.564,MYOPIC,3,1,3.844,,,,,1,NO_LOCALLY_FEASIBLE_ACTION,
T20,20,4.565,MYOPIC,1,3,4.565,0.36,39.75460145961555,DESTROYING,4.205,2,CONTINUE,
T20,20,4.565,MYOPIC,2,2,4.205,0.36,51.99916526169709,DESTROYING,3.845,1,CONTINUE,
T20,20,4.565,MYOPIC,3,1,3.845,,,,,1,NO_LOCALLY_FEASIBLE_ACTION,
T20,20,4.566,MYOPIC,1,3,4.566,0.36,39.72625256494357,DESTROYING,4.206,2,CONTINUE,
T20,20,4.566,MYOPIC,2,2,4.206,0.36,51.95861483571447,DESTROYING,3.846,1,CONTINUE,
T20,20,4.566,MYOPIC,3,1,3.846,,,,,1,NO_LOCALLY_FEASIBLE_ACTION,
T20,20,4.567,MYOPIC,1,3,4.567,0.36,39.697930617888886,DESTROYING,4.207,2,CONTINUE,
T20,20,4.567,MYOPIC,2,2,4.207,0.36,51.91810656193943,DESTROYING,3.847,1,CONTINUE,
T20,20,4.567,MYOPIC,3,1,3.847,,,,,1,NO_LOCALLY_FEASIBLE_ACTION,
T20,20,4.568,MYOPIC,1,3,4.568,0.36,39.669635586439504,DESTROYING,4.208,2,CONTINUE,
T20,20,4.568,MYOPIC,2,2,4.208,0.36,51.87764038561463,DESTROYING,3.848,1,CONTINUE,
T20,20,4.568,MYOPIC,3,1,3.848,,,,,1,NO_LOCALLY_FEASIBLE_ACTION,
T20,20,4.569,MYOPIC,1,3,4.569,0.36,39.64136743862921,DESTROYING,4.209,2,CONTINUE,
T20,20,4.569,MYOPIC,2,2,4.209,0.36,51.83721625206807,DESTROYING,3.849,1,CONTINUE,
T20,20,4.569,MYOPIC,3,1,3.849,,,,,1,NO_LOCALLY_FEASIBLE_ACTION,
T20,20,4.57,MYOPIC,1,3,4.57,0.36,39.61312614253726,DESTROYING,4.21,2,CONTINUE,
T20,20,4.57,MYOPIC,2,2,4.21,0.36,51.79683410671292,DESTROYING,3.85,1,CONTINUE,
T20,20,4.57,MYOPIC,3,1,3.85,,,,,1,NO_LOCALLY_FEASIBLE_ACTION,
T20,20,4.571,MYOPIC,1,3,4.571,0.36,39.58491166628836,DESTROYING,4.211,2,CONTINUE,
T20,20,4.571,MYOPIC,2,2,4.211,0.36,51.756493895047356,DESTROYING,3.851,1,CONTINUE,
T20,20,4.571,MYOPIC,3,1,3.851,,,,,1,NO_LOCALLY_FEASIBLE_ACTION,
T20,20,4.572,MYOPIC,1,3,4.572,0.36,39.55672397805272,DESTROYING,4.212,2,CONTINUE,
T20,20,4.572,MYOPIC,2,2,4.212,0.36,51.71619556265447,DESTROYING,3.852,1,CONTINUE,
T20,20,4.572,MYOPIC,3,1,3.852,,,,,1,NO_LOCALLY_FEASIBLE_ACTION,
T20,20,4.573,MYOPIC,1,3,4.573,0.36,39.528563046045726,DESTROYING,4.213,2,CONTINUE,
T20,20,4.573,MYOPIC,2,2,4.213,0.36,51.675939055202036,DESTROYING,3.853,1,CONTINUE,
T20,20,4.573,MYOPIC,3,1,3.853,,,,,1,NO_LOCALLY_FEASIBLE_ACTION,
T20,20,4.574,MYOPIC,1,3,4.574,0.36,39.500428838528094,DESTROYING,4.214,2,CONTINUE,
T20,20,4.574,MYOPIC,2,2,4.214,0.36,51.63572431844241,DESTROYING,3.854,1,CONTINUE,
T20,20,4.574,MYOPIC,3,1,3.854,,,,,1,NO_LOCALLY_FEASIBLE_ACTION,
T20,20,4.575,MYOPIC,1,3,4.575,0.36,39.47232132380577,DESTROYING,4.215,2,CONTINUE,
T20,20,4.575,MYOPIC,2,2,4.215,0.36,51.59555129821238,DESTROYING,3.855,1,CONTINUE,
T20,20,4.575,MYOPIC,3,1,3.855,,,,,1,NO_LOCALLY_FEASIBLE_ACTION,
T20,20,4.576,MYOPIC,1,3,4.576,0.36,39.44424047022963,DESTROYING,4.216,2,CONTINUE,
T20,20,4.576,MYOPIC,2,2,4.216,0.36,51.55541994043291,DESTROYING,3.856,1,CONTINUE,
T20,20,4.576,MYOPIC,3,1,3.856,,,,,1,NO_LOCALLY_FEASIBLE_ACTION,
T20,20,4.577,MYOPIC,1,3,4.577,0.36,39.41618624619572,DESTROYING,4.217,2,CONTINUE,
T20,20,4.577,MYOPIC,2,2,4.217,0.36,51.515330191109136,DESTROYING,3.857,1,CONTINUE,
T20,20,4.577,MYOPIC,3,1,3.857,,,,,1,NO_LOCALLY_FEASIBLE_ACTION,
T20,20,4.578,MYOPIC,1,3,4.578,0.36,39.38815862014494,DESTROYING,4.218,2,CONTINUE,
T20,20,4.578,MYOPIC,2,2,4.218,0.36,51.475281996330175,DESTROYING,3.858,1,CONTINUE,
T20,20,4.578,MYOPIC,3,1,3.858,,,,,1,NO_LOCALLY_FEASIBLE_ACTION,
T20,20,4.579,MYOPIC,1,3,4.579,0.36,39.360157560563124,DESTROYING,4.219,2,CONTINUE,
T20,20,4.579,MYOPIC,2,2,4.219,0.36,51.43527530226886,DESTROYING,3.859,1,CONTINUE,
T20,20,4.579,MYOPIC,3,1,3.859,,,,,1,NO_LOCALLY_FEASIBLE_ACTION,
T20,20,4.58,MYOPIC,1,3,4.58,0.36,39.33218303598084,DESTROYING,4.22,2,CONTINUE,
T20,20,4.58,MYOPIC,2,2,4.22,0.36,51.39531005518171,DESTROYING,3.86,1,CONTINUE,
T20,20,4.58,MYOPIC,3,1,3.86,,,,,1,NO_LOCALLY_FEASIBLE_ACTION,
T20,20,4.581,MYOPIC,1,3,4.581,0.36,39.30423501497342,DESTROYING,4.221,2,CONTINUE,
T20,20,4.581,MYOPIC,2,2,4.221,0.36,51.35538620140876,DESTROYING,3.861,1,CONTINUE,
T20,20,4.581,MYOPIC,3,1,3.861,,,,,1,NO_LOCALLY_FEASIBLE_ACTION,
T20,20,4.582,MYOPIC,1,3,4.582,0.36,39.27631346616083,DESTROYING,4.222,2,CONTINUE,
T20,20,4.582,MYOPIC,2,2,4.222,0.36,51.315503687373365,DESTROYING,3.862,1,CONTINUE,
T20,20,4.582,MYOPIC,3,1,3.862,,,,,1,NO_LOCALLY_FEASIBLE_ACTION,
T20,20,4.583,MYOPIC,1,3,4.583,0.36,39.248418358207665,DESTROYING,4.223,2,CONTINUE,
T20,20,4.583,MYOPIC,2,2,4.223,0.36,51.275662459582094,DESTROYING,3.863,1,CONTINUE,
T20,20,4.583,MYOPIC,3,1,3.863,,,,,1,NO_LOCALLY_FEASIBLE_ACTION,
T20,20,4.584,MYOPIC,1,3,4.584,0.36,39.22054965982289,DESTROYING,4.224,2,CONTINUE,
T20,20,4.584,MYOPIC,2,2,4.224,0.36,51.2358624646245,DESTROYING,3.864,1,CONTINUE,
T20,20,4.584,MYOPIC,3,1,3.864,,,,,1,NO_LOCALLY_FEASIBLE_ACTION,
T20,20,4.585,MYOPIC,1,3,4.585,0.36,39.19270733976004,DESTROYING,4.225,2,CONTINUE,
T20,20,4.585,MYOPIC,2,2,4.225,0.36,51.196103649173104,DESTROYING,3.865,1,CONTINUE,
T20,20,4.585,MYOPIC,3,1,3.865,,,,,1,NO_LOCALLY_FEASIBLE_ACTION,
T20,20,4.586,MYOPIC,1,3,4.586,0.36,39.16489136681687,DESTROYING,4.226,2,CONTINUE,
T20,20,4.586,MYOPIC,2,2,4.226,0.36,51.15638595998316,DESTROYING,3.866,1,CONTINUE,
T20,20,4.586,MYOPIC,3,1,3.866,,,,,1,NO_LOCALLY_FEASIBLE_ACTION,
T20,20,4.587,MYOPIC,1,3,4.587,0.36,39.13710170983555,DESTROYING,4.227,2,CONTINUE,
T20,20,4.587,MYOPIC,2,2,4.227,0.36,51.11670934389245,DESTROYING,3.867,1,CONTINUE,
T20,20,4.587,MYOPIC,3,1,3.867,,,,,1,NO_LOCALLY_FEASIBLE_ACTION,
T20,20,4.588,MYOPIC,1,3,4.588,0.36,39.10933833770236,DESTROYING,4.228,2,CONTINUE,
T20,20,4.588,MYOPIC,2,2,4.228,0.36,51.077073747821274,DESTROYING,3.868,1,CONTINUE,
T20,20,4.588,MYOPIC,3,1,3.868,,,,,1,NO_LOCALLY_FEASIBLE_ACTION,
T20,20,4.589,MYOPIC,1,3,4.589,0.36,39.08160121934772,DESTROYING,4.229,2,CONTINUE,
T20,20,4.589,MYOPIC,2,2,4.229,0.36,51.03747911877214,DESTROYING,3.869,1,CONTINUE,
T20,20,4.589,MYOPIC,3,1,3.869,,,,,1,NO_LOCALLY_FEASIBLE_ACTION,
T20,20,4.59,MYOPIC,1,3,4.59,0.36,39.05389032374616,DESTROYING,4.23,2,CONTINUE,
T20,20,4.59,MYOPIC,2,2,4.23,0.36,50.99792540382983,DESTROYING,3.87,1,CONTINUE,
T20,20,4.59,MYOPIC,3,1,3.87,,,,,1,NO_LOCALLY_FEASIBLE_ACTION,
T20,20,4.591,MYOPIC,1,3,4.591,0.36,39.02620561991619,DESTROYING,4.231,2,CONTINUE,
T20,20,4.591,MYOPIC,2,2,4.231,0.36,50.958412550161015,DESTROYING,3.871,1,CONTINUE,
T20,20,4.591,MYOPIC,3,1,3.871,,,,,1,NO_LOCALLY_FEASIBLE_ACTION,
T20,20,4.592,MYOPIC,1,3,4.592,0.36,38.998547076920154,DESTROYING,4.232,2,CONTINUE,
T20,20,4.592,MYOPIC,2,2,4.232,0.36,50.918940505014255,DESTROYING,3.872,1,CONTINUE,
T20,20,4.592,MYOPIC,3,1,3.872,,,,,1,NO_LOCALLY_FEASIBLE_ACTION,
T20,20,4.593,MYOPIC,1,3,4.593,0.36,38.970914663864356,DESTROYING,4.233,2,CONTINUE,
T20,20,4.593,MYOPIC,2,2,4.233,0.36,50.87950921571976,DESTROYING,3.873,1,CONTINUE,
T20,20,4.593,MYOPIC,3,1,3.873,,,,,1,NO_LOCALLY_FEASIBLE_ACTION,
T20,20,4.594,MYOPIC,1,3,4.594,0.36,38.94330834989874,DESTROYING,4.234,2,CONTINUE,
T20,20,4.594,MYOPIC,2,2,4.234,0.36,50.84011862968941,DESTROYING,3.874,1,CONTINUE,
T20,20,4.594,MYOPIC,3,1,3.874,,,,,1,NO_LOCALLY_FEASIBLE_ACTION,
T20,20,4.595,MYOPIC,1,3,4.595,0.36,38.91572810421705,DESTROYING,4.235,2,CONTINUE,
T20,20,4.595,MYOPIC,2,2,4.235,0.36,50.80076869441637,DESTROYING,3.875,1,CONTINUE,
T20,20,4.595,MYOPIC,3,1,3.875,,,,,1,NO_LOCALLY_FEASIBLE_ACTION,
T20,20,4.596,MYOPIC,1,3,4.596,0.36,38.88817389605667,DESTROYING,4.236,2,CONTINUE,
T20,20,4.596,MYOPIC,2,2,4.236,0.36,50.761459357475125,DESTROYING,3.876,1,CONTINUE,
T20,20,4.596,MYOPIC,3,1,3.876,,,,,1,NO_LOCALLY_FEASIBLE_ACTION,
T20,20,4.597,MYOPIC,1,3,4.597,0.36,38.86064569469842,DESTROYING,4.237,2,CONTINUE,
T20,20,4.597,MYOPIC,2,2,4.237,0.36,50.72219056652126,DESTROYING,3.877,1,CONTINUE,
T20,20,4.597,MYOPIC,3,1,3.877,,,,,1,NO_LOCALLY_FEASIBLE_ACTION,
T20,20,4.598,MYOPIC,1,3,4.598,0.36,38.833143469466684,DESTROYING,4.238,2,CONTINUE,
T20,20,4.598,MYOPIC,2,2,4.238,0.36,50.68296226929129,DESTROYING,3.878,1,CONTINUE,
T20,20,4.598,MYOPIC,3,1,3.878,,,,,1,NO_LOCALLY_FEASIBLE_ACTION,
T20,20,4.599,MYOPIC,1,3,4.599,0.36,38.80566718972927,DESTROYING,4.239,2,CONTINUE,
T20,20,4.599,MYOPIC,2,2,4.239,0.36,50.64377441360266,DESTROYING,3.879,1,CONTINUE,
T20,20,4.599,MYOPIC,3,1,3.879,,,,,1,NO_LOCALLY_FEASIBLE_ACTION,
T20,20,4.6,MYOPIC,1,3,4.6,0.36,38.778216824897235,DESTROYING,4.24,2,CONTINUE,
T20,20,4.6,MYOPIC,2,2,4.24,0.36,50.604626947353346,DESTROYING,3.88,1,CONTINUE,
T20,20,4.6,MYOPIC,3,1,3.88,,,,,1,NO_LOCALLY_FEASIBLE_ACTION,
T20,20,4.601,MYOPIC,1,3,4.601,0.36,38.75079234442502,DESTROYING,4.241,2,CONTINUE,
T20,20,4.601,MYOPIC,2,2,4.241,0.36,50.56551981852196,DESTROYING,3.881,1,CONTINUE,
T20,20,4.601,MYOPIC,3,1,3.881,,,,,1,NO_LOCALLY_FEASIBLE_ACTION,
T20,20,4.602,MYOPIC,1,3,4.602,0.36,38.72339371781016,DESTROYING,4.242,2,CONTINUE,
T20,20,4.602,MYOPIC,2,2,4.242,0.36,50.526452975167395,DESTROYING,3.882,1,CONTINUE,
T20,20,4.602,MYOPIC,3,1,3.882,,,,,1,NO_LOCALLY_FEASIBLE_ACTION,
T20,20,4.603,MYOPIC,1,3,4.603,0.36,38.69602091459336,DESTROYING,4.243,2,CONTINUE,
T20,20,4.603,MYOPIC,2,2,4.243,0.36,50.487426365428945,DESTROYING,3.883,1,CONTINUE,
T20,20,4.603,MYOPIC,3,1,3.883,,,,,1,NO_LOCALLY_FEASIBLE_ACTION,
T20,20,4.604,MYOPIC,1,3,4.604,0.36,38.668673904358386,DESTROYING,4.244,2,CONTINUE,
T20,20,4.604,MYOPIC,2,2,4.244,0.36,50.44843993752582,DESTROYING,3.884,1,CONTINUE,
T20,20,4.604,MYOPIC,3,1,3.884,,,,,1,NO_LOCALLY_FEASIBLE_ACTION,
T20,20,4.605,MYOPIC,1,3,4.605,0.36,38.64135265673196,DESTROYING,4.245,2,CONTINUE,
T20,20,4.605,MYOPIC,2,2,4.245,0.36,50.40949363975729,DESTROYING,3.885,1,CONTINUE,
T20,20,4.605,MYOPIC,3,1,3.885,,,,,1,NO_LOCALLY_FEASIBLE_ACTION,
T20,20,4.606,MYOPIC,1,3,4.606,0.36,38.6140571413837,DESTROYING,4.246,2,CONTINUE,
T20,20,4.606,MYOPIC,2,2,4.246,0.36,50.37058742050237,DESTROYING,3.886,1,CONTINUE,
T20,20,4.606,MYOPIC,3,1,3.886,,,,,1,NO_LOCALLY_FEASIBLE_ACTION,
T20,20,4.607,MYOPIC,1,3,4.607,0.36,38.58678732802613,DESTROYING,4.247,2,CONTINUE,
T20,20,4.607,MYOPIC,2,2,4.247,0.36,50.3317212282198,DESTROYING,3.887,1,CONTINUE,
T20,20,4.607,MYOPIC,3,1,3.887,,,,,1,NO_LOCALLY_FEASIBLE_ACTION,
T20,20,4.608,MYOPIC,1,3,4.608,0.36,38.55954318641445,DESTROYING,4.248,2,CONTINUE,
T20,20,4.608,MYOPIC,2,2,4.248,0.36,50.29289501144779,DESTROYING,3.888,1,CONTINUE,
T20,20,4.608,MYOPIC,3,1,3.888,,,,,1,NO_LOCALLY_FEASIBLE_ACTION,
T20,20,4.609,MYOPIC,1,3,4.609,0.36,38.53232468634667,DESTROYING,4.249,2,CONTINUE,
T20,20,4.609,MYOPIC,2,2,4.249,0.36,50.25410871880395,DESTROYING,3.889,1,CONTINUE,
T20,20,4.609,MYOPIC,3,1,3.889,,,,,1,NO_LOCALLY_FEASIBLE_ACTION,
T20,20,4.61,MYOPIC,1,3,4.61,0.36,38.5051317976633,DESTROYING,4.25,2,CONTINUE,
T20,20,4.61,MYOPIC,2,2,4.25,0.36,50.215362298985056,DESTROYING,3.89,1,CONTINUE,
T20,20,4.61,MYOPIC,3,1,3.89,,,,,1,NO_LOCALLY_FEASIBLE_ACTION,
T20,20,4.611,MYOPIC,1,3,4.611,0.36,38.47796449024749,DESTROYING,4.251,2,CONTINUE,
T20,20,4.611,MYOPIC,2,2,4.251,0.36,50.17665570076711,DESTROYING,3.891,1,CONTINUE,
T20,20,4.611,MYOPIC,3,1,3.891,,,,,1,NO_LOCALLY_FEASIBLE_ACTION,
T20,20,4.612,MYOPIC,1,3,4.612,0.36,38.45082273402491,DESTROYING,4.252,2,CONTINUE,
T20,20,4.612,MYOPIC,2,2,4.252,0.36,50.13798887300495,DESTROYING,3.892,1,CONTINUE,
T20,20,4.612,MYOPIC,3,1,3.892,,,,,1,NO_LOCALLY_FEASIBLE_ACTION,
T20,20,4.613,MYOPIC,1,3,4.613,0.36,38.42370649896353,DESTROYING,4.253,2,CONTINUE,
T20,20,4.613,MYOPIC,2,2,4.253,0.36,50.09936176463223,DESTROYING,3.893,1,CONTINUE,
T20,20,4.613,MYOPIC,3,1,3.893,,,,,1,NO_LOCALLY_FEASIBLE_ACTION,
T20,20,4.614,MYOPIC,1,3,4.614,0.36,38.39661575507381,DESTROYING,4.254,2,CONTINUE,
T20,20,4.614,MYOPIC,2,2,4.254,0.36,50.06077432466129,DESTROYING,3.894,1,CONTINUE,
T20,20,4.614,MYOPIC,3,1,3.894,,,,,1,NO_LOCALLY_FEASIBLE_ACTION,
T20,20,4.615,MYOPIC,1,3,4.615,0.36,38.36955047240835,DESTROYING,4.255,2,CONTINUE,
T20,20,4.615,MYOPIC,2,2,4.255,0.36,50.02222650218303,DESTROYING,3.895,1,CONTINUE,
T20,20,4.615,MYOPIC,3,1,3.895,,,,,1,NO_LOCALLY_FEASIBLE_ACTION,
T20,20,4.616,MYOPIC,1,3,4.616,0.36,38.34251062106204,DESTROYING,4.256,2,CONTINUE,
T20,20,4.616,MYOPIC,2,2,4.256,0.36,49.983718246366685,DESTROYING,3.896,1,CONTINUE,
T20,20,4.616,MYOPIC,3,1,3.896,,,,,1,NO_LOCALLY_FEASIBLE_ACTION,
T20,20,4.617,MYOPIC,1,3,4.617,0.36,38.315496171171944,DESTROYING,4.257,2,CONTINUE,
T20,20,4.617,MYOPIC,2,2,4.257,0.36,49.94524950645972,DESTROYING,3.897,1,CONTINUE,
T20,20,4.617,MYOPIC,3,1,3.897,,,,,1,NO_LOCALLY_FEASIBLE_ACTION,
T20,20,4.618,MYOPIC,1,3,4.618,0.36,38.28850709291708,DESTROYING,4.258,2,CONTINUE,
T20,20,4.618,MYOPIC,2,2,4.258,0.36,49.906820231787734,DESTROYING,3.898,1,CONTINUE,
T20,20,4.618,MYOPIC,3,1,3.898,,,,,1,NO_LOCALLY_FEASIBLE_ACTION,
T20,20,4.619,MYOPIC,1,3,4.619,0.36,38.26154335651859,DESTROYING,4.259,2,CONTINUE,
T20,20,4.619,MYOPIC,2,2,4.259,0.36,49.86843037175427,DESTROYING,3.899,1,CONTINUE,
T20,20,4.619,MYOPIC,3,1,3.899,,,,,1,NO_LOCALLY_FEASIBLE_ACTION,
T20,20,4.62,MYOPIC,1,3,4.62,0.36,38.23460493223948,DESTROYING,4.26,2,CONTINUE,
T20,20,4.62,MYOPIC,2,2,4.26,0.36,49.83007987584073,DESTROYING,3.9,1,CONTINUE,
T20,20,4.62,MYOPIC,3,1,3.9,,,,,1,NO_LOCALLY_FEASIBLE_ACTION,
T20,20,4.621,MYOPIC,1,3,4.621,0.36,38.2076917903846,DESTROYING,4.261,2,CONTINUE,
T20,20,4.621,MYOPIC,2,2,4.261,0.36,49.79176869360613,DESTROYING,3.901,1,CONTINUE,
T20,20,4.621,MYOPIC,3,1,3.901,,,,,1,NO_LOCALLY_FEASIBLE_ACTION,
T20,20,4.622,MYOPIC,1,3,4.622,0.36,38.18080390130068,DESTROYING,4.262,2,CONTINUE,
T20,20,4.622,MYOPIC,2,2,4.262,0.36,49.75349677468705,DESTROYING,3.902,1,CONTINUE,
T20,20,4.622,MYOPIC,3,1,3.902,,,,,1,NO_LOCALLY_FEASIBLE_ACTION,
T20,20,4.623,MYOPIC,1,3,4.623,0.36,38.15394123537605,DESTROYING,4.263,2,CONTINUE,
T20,20,4.623,MYOPIC,2,2,4.263,0.36,49.71526406879751,DESTROYING,3.903,1,CONTINUE,
T20,20,4.623,MYOPIC,3,1,3.903,,,,,1,NO_LOCALLY_FEASIBLE_ACTION,
T20,20,4.624,MYOPIC,1,3,4.624,0.36,38.12710376304084,DESTROYING,4.264,2,CONTINUE,
T20,20,4.624,MYOPIC,2,2,4.264,0.36,49.67707052572877,DESTROYING,3.904,1,CONTINUE,
T20,20,4.624,MYOPIC,3,1,3.904,,,,,1,NO_LOCALLY_FEASIBLE_ACTION,
T20,20,4.625,MYOPIC,1,3,4.625,0.36,38.100291454766705,DESTROYING,4.265,2,CONTINUE,
T20,20,4.625,MYOPIC,2,2,4.265,0.36,49.638916095349224,DESTROYING,3.905,1,CONTINUE,
T20,20,4.625,MYOPIC,3,1,3.905,,,,,1,NO_LOCALLY_FEASIBLE_ACTION,
T20,20,4.626,MYOPIC,1,3,4.626,0.36,38.07350428106674,DESTROYING,4.266,2,CONTINUE,
T20,20,4.626,MYOPIC,2,2,4.266,0.36,49.60080072760419,DESTROYING,3.906,1,CONTINUE,
T20,20,4.626,MYOPIC,3,1,3.906,,,,,1,NO_LOCALLY_FEASIBLE_ACTION,
T20,20,4.627,MYOPIC,1,3,4.627,0.36,38.04674221249563,DESTROYING,4.267,2,CONTINUE,
T20,20,4.627,MYOPIC,2,2,4.267,0.36,49.56272437251595,DESTROYING,3.907,1,CONTINUE,
T20,20,4.627,MYOPIC,3,1,3.907,,,,,1,NO_LOCALLY_FEASIBLE_ACTION,
T20,20,4.628,MYOPIC,1,3,4.628,0.36,38.0200052196494,DESTROYING,4.268,2,CONTINUE,
T20,20,4.628,MYOPIC,2,2,4.268,0.36,49.52468698018341,DESTROYING,3.908,1,CONTINUE,
T20,20,4.628,MYOPIC,3,1,3.908,,,,,1,NO_LOCALLY_FEASIBLE_ACTION,
T20,20,4.629,MYOPIC,1,3,4.629,0.36,37.99329327316532,DESTROYING,4.269,2,CONTINUE,
T20,20,4.629,MYOPIC,2,2,4.269,0.36,49.48668850078208,DESTROYING,3.909,1,CONTINUE,
T20,20,4.629,MYOPIC,3,1,3.909,,,,,1,NO_LOCALLY_FEASIBLE_ACTION,
T20,20,4.63,MYOPIC,1,3,4.63,0.36,37.96660634372201,DESTROYING,4.27,2,CONTINUE,
T20,20,4.63,MYOPIC,2,2,4.27,0.36,49.4487288845639,DESTROYING,3.91,1,CONTINUE,
T20,20,4.63,MYOPIC,3,1,3.91,,,,,1,NO_LOCALLY_FEASIBLE_ACTION,
T20,20,4.631,MYOPIC,1,3,4.631,0.36,37.93994440203917,DESTROYING,4.271,2,CONTINUE,
T20,20,4.631,MYOPIC,2,2,4.271,0.36,49.41080808185711,DESTROYING,3.911,1,CONTINUE,
T20,20,4.631,MYOPIC,3,1,3.911,,,,,1,NO_LOCALLY_FEASIBLE_ACTION,
T20,20,4.632,MYOPIC,1,3,4.632,0.36,37.913307418877736,DESTROYING,4.272,2,CONTINUE,
T20,20,4.632,MYOPIC,2,2,4.272,0.36,49.37292604306616,DESTROYING,3.912,1,CONTINUE,
T20,20,4.632,MYOPIC,3,1,3.912,,,,,1,NO_LOCALLY_FEASIBLE_ACTION,
T20,20,4.633,MYOPIC,1,3,4.633,0.36,37.88669536503963,DESTROYING,4.273,2,CONTINUE,
T20,20,4.633,MYOPIC,2,2,4.273,0.36,49.335082718671444,DESTROYING,3.913,1,CONTINUE,
T20,20,4.633,MYOPIC,3,1,3.913,,,,,1,NO_LOCALLY_FEASIBLE_ACTION,
T20,20,4.634,MYOPIC,1,3,4.634,0.36,37.86010821136769,DESTROYING,4.274,2,CONTINUE,
T20,20,4.634,MYOPIC,2,2,4.274,0.36,49.29727805922929,DESTROYING,3.914,1,CONTINUE,
T20,20,4.634,MYOPIC,3,1,3.914,,,,,1,NO_LOCALLY_FEASIBLE_ACTION,
T20,20,4.635,MYOPIC,1,3,4.635,0.36,37.83354592874575,DESTROYING,4.275,2,CONTINUE,
T20,20,4.635,MYOPIC,2,2,4.275,0.36,49.25951201537183,DESTROYING,3.915,1,CONTINUE,
T20,20,4.635,MYOPIC,3,1,3.915,,,,,1,NO_LOCALLY_FEASIBLE_ACTION,
T20,20,4.636,MYOPIC,1,3,4.636,0.36,37.807008488098504,DESTROYING,4.276,2,CONTINUE,
T20,20,4.636,MYOPIC,2,2,4.276,0.36,49.221784537806734,DESTROYING,3.916,1,CONTINUE,
T20,20,4.636,MYOPIC,3,1,3.916,,,,,1,NO_LOCALLY_FEASIBLE_ACTION,
T20,20,4.18,RPRA,1,3,4.18,0.36,53.026787309836045,PRESERVING,3.82,2,CONTINUE,
T20,20,4.18,RPRA,2,2,3.82,0.36,71.36037244201924,PRESERVING,3.46,1,CONTINUE,
T20,20,4.18,RPRA,3,1,3.46,0.36,99.22025135628195,PRESERVING,3.1,0,TERMINAL_REACHED,
T20,20,4.181,RPRA,1,3,4.181,0.36,52.985165029703495,PRESERVING,3.821,2,CONTINUE,
T20,20,4.181,RPRA,2,2,3.821,0.36,71.29853503433206,PRESERVING,3.461,1,CONTINUE,
T20,20,4.181,RPRA,3,1,3.461,0.36,99.12429367303372,PRESERVING,3.101,0,TERMINAL_REACHED,
T20,20,4.182,RPRA,1,3,4.182,0.36,52.943586298906844,PRESERVING,3.822,2,CONTINUE,
T20,20,4.182,RPRA,2,2,3.822,0.36,71.23676905304204,PRESERVING,3.462,1,CONTINUE,
T20,20,4.182,RPRA,3,1,3.462,0.36,99.02845968643378,PRESERVING,3.102,0,TERMINAL_REACHED,
T20,20,4.183,RPRA,1,3,4.183,0.36,52.90205106050394,PRESERVING,3.823,2,CONTINUE,
T20,20,4.183,RPRA,2,2,3.823,0.36,71.17507439505117,PRESERVING,3.463,1,CONTINUE,
T20,20,4.183,RPRA,3,1,3.463,0.36,98.93274919722856,PRESERVING,3.103,0,TERMINAL_REACHED,
T20,20,4.184,RPRA,1,3,4.184,0.36,52.86055925764199,PRESERVING,3.824,2,CONTINUE,
T20,20,4.184,RPRA,2,2,3.824,0.36,71.11345095743972,PRESERVING,3.464,1,CONTINUE,
T20,20,4.184,RPRA,3,1,3.464,0.36,98.83716200654949,PRESERVING,3.104,0,TERMINAL_REACHED,
T20,20,4.185,RPRA,1,3,4.185,0.36,52.81911083355733,PRESERVING,3.825,2,CONTINUE,
T20,20,4.185,RPRA,2,2,3.825,0.36,71.05189863746628,PRESERVING,3.465,1,CONTINUE,
T20,20,4.185,RPRA,3,1,3.465,0.36,98.74169791591217,PRESERVING,3.105,0,TERMINAL_REACHED,
T20,20,4.186,RPRA,1,3,4.186,0.36,52.777705731575345,PRESERVING,3.826,2,CONTINUE,
T20,20,4.186,RPRA,2,2,3.826,0.36,70.99041733256718,PRESERVING,3.466,1,CONTINUE,
T20,20,4.186,RPRA,3,1,3.466,0.36,98.64635672721552,PRESERVING,3.106,0,TERMINAL_REACHED,
T20,20,4.187,RPRA,1,3,4.187,0.36,52.73634389511021,PRESERVING,3.827,2,CONTINUE,
T20,20,4.187,RPRA,2,2,3.827,0.36,70.92900694035627,PRESERVING,3.467,1,CONTINUE,
T20,20,4.187,RPRA,3,1,3.467,0.36,98.55113824274075,PRESERVING,3.107,0,TERMINAL_REACHED,
T20,20,4.188,RPRA,1,3,4.188,0.36,52.69502526766479,PRESERVING,3.828,2,CONTINUE,
T20,20,4.188,RPRA,2,2,3.828,0.36,70.86766735862443,PRESERVING,3.468,1,CONTINUE,
T20,20,4.188,RPRA,3,1,3.468,0.36,98.45604226515093,PRESERVING,3.108,0,TERMINAL_REACHED,
T20,20,4.189,RPRA,1,3,4.189,0.36,52.65374979283043,PRESERVING,3.829,2,CONTINUE,
T20,20,4.189,RPRA,2,2,3.829,0.36,70.80639848533926,PRESERVING,3.469,1,CONTINUE,
T20,20,4.189,RPRA,3,1,3.469,0.36,98.36106859748955,PRESERVING,3.109,0,TERMINAL_REACHED,
T20,20,4.19,RPRA,1,3,4.19,0.36,52.612517414286856,PRESERVING,3.83,2,CONTINUE,
T20,20,4.19,RPRA,2,2,3.83,0.36,70.7452002186447,PRESERVING,3.47,1,CONTINUE,
T20,20,4.19,RPRA,3,1,3.47,0.36,98.26621704318018,PRESERVING,3.11,0,TERMINAL_REACHED,
T20,20,4.191,RPRA,1,3,4.191,0.36,52.571328075801944,PRESERVING,3.831,2,CONTINUE,
T20,20,4.191,RPRA,2,2,3.831,0.36,70.68407245686083,PRESERVING,3.471,1,CONTINUE,
T20,20,4.191,RPRA,3,1,3.471,0.36,98.17148740602515,PRESERVING,3.111,0,TERMINAL_REACHED,
T20,20,4.192,RPRA,1,3,4.192,0.36,52.530181721231614,PRESERVING,3.832,2,CONTINUE,
T20,20,4.192,RPRA,2,2,3.832,0.36,70.62301509848332,PRESERVING,3.472,1,CONTINUE,
T20,20,4.192,RPRA,3,1,3.472,0.36,98.07687949020522,PRESERVING,3.112,0,TERMINAL_REACHED,
T20,20,4.193,RPRA,1,3,4.193,0.36,52.48907829451962,PRESERVING,3.833,2,CONTINUE,
T20,20,4.193,RPRA,2,2,3.833,0.36,70.56202804218312,PRESERVING,3.473,1,CONTINUE,
T20,20,4.193,RPRA,3,1,3.473,0.36,97.98239310027826,PRESERVING,3.113,0,TERMINAL_REACHED,
T20,20,4.194,RPRA,1,3,4.194,0.36,52.44801773969748,PRESERVING,3.834,2,CONTINUE,
T20,20,4.194,RPRA,2,2,3.834,0.36,70.50111118680618,PRESERVING,3.474,1,CONTINUE,
T20,20,4.194,RPRA,3,1,3.474,0.36,97.88802804117866,PRESERVING,3.114,0,TERMINAL_REACHED,
T20,20,4.195,RPRA,1,3,4.195,0.36,52.4070000008842,PRESERVING,3.835,2,CONTINUE,
T20,20,4.195,RPRA,2,2,3.835,0.36,70.44026443137308,PRESERVING,3.475,1,CONTINUE,
T20,20,4.195,RPRA,3,1,3.475,0.36,97.79378411821638,PRESERVING,3.115,0,TERMINAL_REACHED,
T20,20,4.196,RPRA,1,3,4.196,0.36,52.36602502228619,PRESERVING,3.836,2,CONTINUE,
T20,20,4.196,RPRA,2,2,3.836,0.36,70.3794876750786,PRESERVING,3.476,1,CONTINUE,
T20,20,4.196,RPRA,3,1,3.476,0.36,97.69966113707625,PRESERVING,3.116,0,TERMINAL_REACHED,
T20,20,4.197,RPRA,1,3,4.197,0.36,52.325092748197044,PRESERVING,3.837,2,CONTINUE,
T20,20,4.197,RPRA,2,2,3.837,0.36,70.31878081729141,PRESERVING,3.477,1,CONTINUE,
T20,20,4.197,RPRA,3,1,3.477,0.36,97.60565890381687,PRESERVING,3.117,0,TERMINAL_REACHED,
T20,20,4.198,RPRA,1,3,4.198,0.36,52.284203122997496,PRESERVING,3.838,2,CONTINUE,
T20,20,4.198,RPRA,2,2,3.838,0.36,70.25814375755374,PRESERVING,3.478,1,CONTINUE,
T20,20,4.198,RPRA,3,1,3.478,0.36,97.51177722487003,PRESERVING,3.118,0,TERMINAL_REACHED,
T20,20,4.199,RPRA,1,3,4.199,0.36,52.24335609115513,PRESERVING,3.839,2,CONTINUE,
T20,20,4.199,RPRA,2,2,3.839,0.36,70.19757639558114,PRESERVING,3.479,1,CONTINUE,
T20,20,4.199,RPRA,3,1,3.479,0.36,97.41801590703973,PRESERVING,3.119,0,TERMINAL_REACHED,
T20,20,4.2,RPRA,1,3,4.2,0.36,52.20255159722428,PRESERVING,3.84,2,CONTINUE,
T20,20,4.2,RPRA,2,2,3.84,0.36,70.13707863126186,PRESERVING,3.48,1,CONTINUE,
T20,20,4.2,RPRA,3,1,3.48,0.36,97.3243747575014,PRESERVING,3.12,0,TERMINAL_REACHED,
T20,20,4.201,RPRA,1,3,4.201,0.36,52.16178958584585,PRESERVING,3.841,2,CONTINUE,
T20,20,4.201,RPRA,2,2,3.841,0.36,70.07665036465669,PRESERVING,3.481,1,CONTINUE,
T20,20,4.201,RPRA,3,1,3.481,0.361,97.65271581934964,PRESERVING,3.12,0,TERMINAL_REACHED,
T20,20,4.202,RPRA,1,3,4.202,0.36,52.12107000174724,PRESERVING,3.842,2,CONTINUE,
T20,20,4.202,RPRA,2,2,3.842,0.36,70.01629149599863,PRESERVING,3.482,1,CONTINUE,
T20,20,4.202,RPRA,3,1,3.482,0.362,97.9812866115601,PRESERVING,3.12,0,TERMINAL_REACHED,
T20,20,4.203,RPRA,1,3,4.203,0.36,52.0803927897421,PRESERVING,3.843,2,CONTINUE,
T20,20,4.203,RPRA,2,2,3.843,0.36,69.9560019256925,PRESERVING,3.483,1,CONTINUE,
T20,20,4.203,RPRA,3,1,3.483,0.363,98.3100867484187,PRESERVING,3.12,0,TERMINAL_REACHED,
T20,20,4.204,RPRA,1,3,4.204,0.36,52.03975789473015,PRESERVING,3.844,2,CONTINUE,
T20,20,4.204,RPRA,2,2,3.844,0.36,69.89578155431455,PRESERVING,3.484,1,CONTINUE,
T20,20,4.204,RPRA,3,1,3.484,0.364,98.63911584575672,PRESERVING,3.12,0,TERMINAL_REACHED,
T20,20,4.205,RPRA,1,3,4.205,0.36,51.99916526169709,PRESERVING,3.845,2,CONTINUE,
T20,20,4.205,RPRA,2,2,3.845,0.36,69.83563028261214,PRESERVING,3.485,1,CONTINUE,
T20,20,4.205,RPRA,3,1,3.485,0.365,98.96837352094043,PRESERVING,3.12,0,TERMINAL_REACHED,
T20,20,4.206,RPRA,1,3,4.206,0.36,51.95861483571447,PRESERVING,3.846,2,CONTINUE,
T20,20,4.206,RPRA,2,2,3.846,0.36,69.77554801150343,PRESERVING,3.486,1,CONTINUE,
T20,20,4.206,RPRA,3,1,3.486,0.366,99.29785939286056,PRESERVING,3.12,0,TERMINAL_REACHED,
T20,20,4.207,RPRA,1,3,4.207,0.36,51.91810656193943,PRESERVING,3.847,2,CONTINUE,
T20,20,4.207,RPRA,2,2,3.847,0.36,69.71553464207709,PRESERVING,3.487,1,CONTINUE,
T20,20,4.207,RPRA,3,1,3.487,0.367,99.62757308192226,PRESERVING,3.12,0,TERMINAL_REACHED,
T20,20,4.208,RPRA,1,3,4.208,0.36,51.87764038561463,PRESERVING,3.848,2,CONTINUE,
T20,20,4.208,RPRA,2,2,3.848,0.36,69.65559007559177,PRESERVING,3.488,1,CONTINUE,
T20,20,4.208,RPRA,3,1,3.488,0.368,99.95751421003307,PRESERVING,3.12,0,TERMINAL_REACHED,
T20,20,4.209,RPRA,1,3,4.209,0.36,51.83721625206807,PRESERVING,3.849,2,CONTINUE,
T20,20,4.209,RPRA,2,2,3.849,0.361,69.89058557868205,PRESERVING,3.488,1,CONTINUE,
T20,20,4.209,RPRA,3,1,3.488,0.368,99.95751421003307,PRESERVING,3.12,0,TERMINAL_REACHED,
T20,20,4.21,RPRA,1,3,4.21,0.36,51.79683410671292,PRESERVING,3.85,2,CONTINUE,
T20,20,4.21,RPRA,2,2,3.85,0.362,70.12574550105556,PRESERVING,3.488,1,CONTINUE,
T20,20,4.21,RPRA,3,1,3.488,0.368,99.95751421003307,PRESERVING,3.12,0,TERMINAL_REACHED,
T20,20,4.211,RPRA,1,3,4.211,0.36,51.756493895047356,PRESERVING,3.851,2,CONTINUE,
T20,20,4.211,RPRA,2,2,3.851,0.363,70.3610695666546,PRESERVING,3.488,1,CONTINUE,
T20,20,4.211,RPRA,3,1,3.488,0.368,99.95751421003307,PRESERVING,3.12,0,TERMINAL_REACHED,
T20,20,4.212,RPRA,1,3,4.212,0.36,51.71619556265447,PRESERVING,3.852,2,CONTINUE,
T20,20,4.212,RPRA,2,2,3.852,0.364,70.59655750052754,PRESERVING,3.488,1,CONTINUE,
T20,20,4.212,RPRA,3,1,3.488,0.368,99.95751421003307,PRESERVING,3.12,0,TERMINAL_REACHED,
T20,20,4.213,RPRA,1,3,4.213,0.36,51.675939055202036,PRESERVING,3.853,2,CONTINUE,
T20,20,4.213,RPRA,2,2,3.853,0.365,70.83220902882128,PRESERVING,3.488,1,CONTINUE,
T20,20,4.213,RPRA,3,1,3.488,0.368,99.95751421003307,PRESERVING,3.12,0,TERMINAL_REACHED,
T20,20,4.214,RPRA,1,3,4.214,0.36,51.63572431844241,PRESERVING,3.854,2,CONTINUE,
T20,20,4.214,RPRA,2,2,3.854,0.366,71.06802387877387,PRESERVING,3.488,1,CONTINUE,
T20,20,4.214,RPRA,3,1,3.488,0.368,99.95751421003307,PRESERVING,3.12,0,TERMINAL_REACHED,
T20,20,4.215,RPRA,1,3,4.215,0.36,51.59555129821238,PRESERVING,3.855,2,CONTINUE,
T20,20,4.215,RPRA,2,2,3.855,0.367,71.30400177870713,PRESERVING,3.488,1,CONTINUE,
T20,20,4.215,RPRA,3,1,3.488,0.368,99.95751421003307,PRESERVING,3.12,0,TERMINAL_REACHED,
T20,20,4.216,RPRA,1,3,4.216,0.36,51.55541994043291,PRESERVING,3.856,2,CONTINUE,
T20,20,4.216,RPRA,2,2,3.856,0.368,71.54014245801822,PRESERVING,3.488,1,CONTINUE,
T20,20,4.216,RPRA,3,1,3.488,0.368,99.95751421003307,PRESERVING,3.12,0,TERMINAL_REACHED,
T20,20,4.217,RPRA,1,3,4.217,0.36,51.515330191109136,PRESERVING,3.857,2,CONTINUE,
T20,20,4.217,RPRA,2,2,3.857,0.369,71.77644564717436,PRESERVING,3.488,1,CONTINUE,
T20,20,4.217,RPRA,3,1,3.488,0.368,99.95751421003307,PRESERVING,3.12,0,TERMINAL_REACHED,
T20,20,4.218,RPRA,1,3,4.218,0.36,51.475281996330175,PRESERVING,3.858,2,CONTINUE,
T20,20,4.218,RPRA,2,2,3.858,0.37,72.01291107770408,PRESERVING,3.488,1,CONTINUE,
T20,20,4.218,RPRA,3,1,3.488,0.368,99.95751421003307,PRESERVING,3.12,0,TERMINAL_REACHED,
T20,20,4.219,RPRA,1,3,4.219,0.36,51.43527530226886,PRESERVING,3.859,2,CONTINUE,
T20,20,4.219,RPRA,2,2,3.859,0.371,72.24953848219099,PRESERVING,3.488,1,CONTINUE,
T20,20,4.219,RPRA,3,1,3.488,0.368,99.95751421003307,PRESERVING,3.12,0,TERMINAL_REACHED,
T20,20,4.22,RPRA,1,3,4.22,0.36,51.39531005518171,PRESERVING,3.86,2,CONTINUE,
T20,20,4.22,RPRA,2,2,3.86,0.372,72.48632759426587,PRESERVING,3.488,1,CONTINUE,
T20,20,4.22,RPRA,3,1,3.488,0.368,99.95751421003307,PRESERVING,3.12,0,TERMINAL_REACHED,
T20,20,4.221,RPRA,1,3,4.221,0.36,51.35538620140876,PRESERVING,3.861,2,CONTINUE,
T20,20,4.221,RPRA,2,2,3.861,0.373,72.72327814859973,PRESERVING,3.488,1,CONTINUE,
T20,20,4.221,RPRA,3,1,3.488,0.368,99.95751421003307,PRESERVING,3.12,0,TERMINAL_REACHED,
T20,20,4.222,RPRA,1,3,4.222,0.36,51.315503687373365,PRESERVING,3.862,2,CONTINUE,
T20,20,4.222,RPRA,2,2,3.862,0.374,72.96038988089795,PRESERVING,3.488,1,CONTINUE,
T20,20,4.222,RPRA,3,1,3.488,0.368,99.95751421003307,PRESERVING,3.12,0,TERMINAL_REACHED,
T20,20,4.223,RPRA,1,3,4.223,0.36,51.275662459582094,PRESERVING,3.863,2,CONTINUE,
T20,20,4.223,RPRA,2,2,3.863,0.375,73.19766252789248,PRESERVING,3.488,1,CONTINUE,
T20,20,4.223,RPRA,3,1,3.488,0.368,99.95751421003307,PRESERVING,3.12,0,TERMINAL_REACHED,
T20,20,4.224,RPRA,1,3,4.224,0.36,51.2358624646245,PRESERVING,3.864,2,CONTINUE,
T20,20,4.224,RPRA,2,2,3.864,0.376,73.4350958273348,PRESERVING,3.488,1,CONTINUE,
T20,20,4.224,RPRA,3,1,3.488,0.368,99.95751421003307,PRESERVING,3.12,0,TERMINAL_REACHED,
T20,20,4.225,RPRA,1,3,4.225,0.36,51.196103649173104,PRESERVING,3.865,2,CONTINUE,
T20,20,4.225,RPRA,2,2,3.865,0.377,73.67268951799021,PRESERVING,3.488,1,CONTINUE,
T20,20,4.225,RPRA,3,1,3.488,0.368,99.95751421003307,PRESERVING,3.12,0,TERMINAL_REACHED,
T20,20,4.226,RPRA,1,3,4.226,0.36,51.15638595998316,PRESERVING,3.866,2,CONTINUE,
T20,20,4.226,RPRA,2,2,3.866,0.378,73.91044333962992,PRESERVING,3.488,1,CONTINUE,
T20,20,4.226,RPRA,3,1,3.488,0.368,99.95751421003307,PRESERVING,3.12,0,TERMINAL_REACHED,
T20,20,4.227,RPRA,1,3,4.227,0.36,51.11670934389245,PRESERVING,3.867,2,CONTINUE,
T20,20,4.227,RPRA,2,2,3.867,0.379,74.14835703302592,PRESERVING,3.488,1,CONTINUE,
T20,20,4.227,RPRA,3,1,3.488,0.368,99.95751421003307,PRESERVING,3.12,0,TERMINAL_REACHED,
T20,20,4.228,RPRA,1,3,4.228,0.36,51.077073747821274,PRESERVING,3.868,2,CONTINUE,
T20,20,4.228,RPRA,2,2,3.868,0.38,74.3864303399421,PRESERVING,3.488,1,CONTINUE,
T20,20,4.228,RPRA,3,1,3.488,0.368,99.95751421003307,PRESERVING,3.12,0,TERMINAL_REACHED,
T20,20,4.229,RPRA,1,3,4.229,0.36,51.03747911877214,PRESERVING,3.869,2,CONTINUE,
T20,20,4.229,RPRA,2,2,3.869,0.381,74.62466300313011,PRESERVING,3.488,1,CONTINUE,
T20,20,4.229,RPRA,3,1,3.488,0.368,99.95751421003307,PRESERVING,3.12,0,TERMINAL_REACHED,
T20,20,4.23,RPRA,1,3,4.23,0.36,50.99792540382983,PRESERVING,3.87,2,CONTINUE,
T20,20,4.23,RPRA,2,2,3.87,0.382,74.86305476632226,PRESERVING,3.488,1,CONTINUE,
T20,20,4.23,RPRA,3,1,3.488,0.368,99.95751421003307,PRESERVING,3.12,0,TERMINAL_REACHED,
T20,20,4.231,RPRA,1,3,4.231,0.36,50.958412550161015,PRESERVING,3.871,2,CONTINUE,
T20,20,4.231,RPRA,2,2,3.871,0.383,75.10160537422416,PRESERVING,3.488,1,CONTINUE,
T20,20,4.231,RPRA,3,1,3.488,0.368,99.95751421003307,PRESERVING,3.12,0,TERMINAL_REACHED,
T20,20,4.232,RPRA,1,3,4.232,0.36,50.918940505014255,PRESERVING,3.872,2,CONTINUE,
T20,20,4.232,RPRA,2,2,3.872,0.384,75.34031457250994,PRESERVING,3.488,1,CONTINUE,
T20,20,4.232,RPRA,3,1,3.488,0.368,99.95751421003307,PRESERVING,3.12,0,TERMINAL_REACHED,
T20,20,4.233,RPRA,1,3,4.233,0.36,50.87950921571976,PRESERVING,3.873,2,CONTINUE,
T20,20,4.233,RPRA,2,2,3.873,0.385,75.57918210781366,PRESERVING,3.488,1,CONTINUE,
T20,20,4.233,RPRA,3,1,3.488,0.368,99.95751421003307,PRESERVING,3.12,0,TERMINAL_REACHED,
T20,20,4.234,RPRA,1,3,4.234,0.36,50.84011862968941,PRESERVING,3.874,2,CONTINUE,
T20,20,4.234,RPRA,2,2,3.874,0.386,75.81820772772578,PRESERVING,3.488,1,CONTINUE,
T20,20,4.234,RPRA,3,1,3.488,0.368,99.95751421003307,PRESERVING,3.12,0,TERMINAL_REACHED,
T20,20,4.235,RPRA,1,3,4.235,0.36,50.80076869441637,PRESERVING,3.875,2,CONTINUE,
T20,20,4.235,RPRA,2,2,3.875,0.387,76.05739118078573,PRESERVING,3.488,1,CONTINUE,
T20,20,4.235,RPRA,3,1,3.488,0.368,99.95751421003307,PRESERVING,3.12,0,TERMINAL_REACHED,
T20,20,4.236,RPRA,1,3,4.236,0.36,50.761459357475125,PRESERVING,3.876,2,CONTINUE,
T20,20,4.236,RPRA,2,2,3.876,0.388,76.29673221647543,PRESERVING,3.488,1,CONTINUE,
T20,20,4.236,RPRA,3,1,3.488,0.368,99.95751421003307,PRESERVING,3.12,0,TERMINAL_REACHED,
T20,20,4.237,RPRA,1,3,4.237,0.36,50.72219056652126,PRESERVING,3.877,2,CONTINUE,
T20,20,4.237,RPRA,2,2,3.877,0.389,76.53623058521396,PRESERVING,3.488,1,CONTINUE,
T20,20,4.237,RPRA,3,1,3.488,0.368,99.95751421003307,PRESERVING,3.12,0,TERMINAL_REACHED,
T20,20,4.238,RPRA,1,3,4.238,0.36,50.68296226929129,PRESERVING,3.878,2,CONTINUE,
T20,20,4.238,RPRA,2,2,3.878,0.39,76.77588603835135,PRESERVING,3.488,1,CONTINUE,
T20,20,4.238,RPRA,3,1,3.488,0.368,99.95751421003307,PRESERVING,3.12,0,TERMINAL_REACHED,
T20,20,4.239,RPRA,1,3,4.239,0.36,50.64377441360266,PRESERVING,3.879,2,CONTINUE,
T20,20,4.239,RPRA,2,2,3.879,0.391,77.01569832816269,PRESERVING,3.488,1,CONTINUE,
T20,20,4.239,RPRA,3,1,3.488,0.368,99.95751421003307,PRESERVING,3.12,0,TERMINAL_REACHED,
T20,20,4.24,RPRA,1,3,4.24,0.36,50.604626947353346,PRESERVING,3.88,2,CONTINUE,
T20,20,4.24,RPRA,2,2,3.88,0.392,77.25566720784124,PRESERVING,3.488,1,CONTINUE,
T20,20,4.24,RPRA,3,1,3.488,0.368,99.95751421003307,PRESERVING,3.12,0,TERMINAL_REACHED,
T20,20,4.241,RPRA,1,3,4.241,0.36,50.56551981852196,PRESERVING,3.881,2,CONTINUE,
T20,20,4.241,RPRA,2,2,3.881,0.393,77.4957924314946,PRESERVING,3.488,1,CONTINUE,
T20,20,4.241,RPRA,3,1,3.488,0.368,99.95751421003307,PRESERVING,3.12,0,TERMINAL_REACHED,
T20,20,4.242,RPRA,1,3,4.242,0.36,50.526452975167395,PRESERVING,3.882,2,CONTINUE,
T20,20,4.242,RPRA,2,2,3.882,0.394,77.7360737541374,PRESERVING,3.488,1,CONTINUE,
T20,20,4.242,RPRA,3,1,3.488,0.368,99.95751421003307,PRESERVING,3.12,0,TERMINAL_REACHED,
T20,20,4.243,RPRA,1,3,4.243,0.36,50.487426365428945,PRESERVING,3.883,2,CONTINUE,
T20,20,4.243,RPRA,2,2,3.883,0.395,77.97651093168594,PRESERVING,3.488,1,CONTINUE,
T20,20,4.243,RPRA,3,1,3.488,0.368,99.95751421003307,PRESERVING,3.12,0,TERMINAL_REACHED,
T20,20,4.244,RPRA,1,3,4.244,0.36,50.44843993752582,PRESERVING,3.884,2,CONTINUE,
T20,20,4.244,RPRA,2,2,3.884,0.396,78.21710372095328,PRESERVING,3.488,1,CONTINUE,
T20,20,4.244,RPRA,3,1,3.488,0.368,99.95751421003307,PRESERVING,3.12,0,TERMINAL_REACHED,
T20,20,4.245,RPRA,1,3,4.245,0.36,50.40949363975729,PRESERVING,3.885,2,CONTINUE,
T20,20,4.245,RPRA,2,2,3.885,0.397,78.45785187964151,PRESERVING,3.488,1,CONTINUE,
T20,20,4.245,RPRA,3,1,3.488,0.368,99.95751421003307,PRESERVING,3.12,0,TERMINAL_REACHED,
T20,20,4.246,RPRA,1,3,4.246,0.36,50.37058742050237,PRESERVING,3.886,2,CONTINUE,
T20,20,4.246,RPRA,2,2,3.886,0.398,78.69875516633857,PRESERVING,3.488,1,CONTINUE,
T20,20,4.246,RPRA,3,1,3.488,0.368,99.95751421003307,PRESERVING,3.12,0,TERMINAL_REACHED,
T20,20,4.247,RPRA,1,3,4.247,0.36,50.3317212282198,PRESERVING,3.887,2,CONTINUE,
T20,20,4.247,RPRA,2,2,3.887,0.399,78.93981334051172,PRESERVING,3.488,1,CONTINUE,
T20,20,4.247,RPRA,3,1,3.488,0.368,99.95751421003307,PRESERVING,3.12,0,TERMINAL_REACHED,
T20,20,4.248,RPRA,1,3,4.248,0.36,50.29289501144779,PRESERVING,3.888,2,CONTINUE,
T20,20,4.248,RPRA,2,2,3.888,0.4,79.18102616250188,PRESERVING,3.488,1,CONTINUE,
T20,20,4.248,RPRA,3,1,3.488,0.368,99.95751421003307,PRESERVING,3.12,0,TERMINAL_REACHED,
T20,20,4.249,RPRA,1,3,4.249,0.36,50.25410871880395,PRESERVING,3.889,2,CONTINUE,
T20,20,4.249,RPRA,2,2,3.889,0.401,79.42239339351833,PRESERVING,3.488,1,CONTINUE,
T20,20,4.249,RPRA,3,1,3.488,0.368,99.95751421003307,PRESERVING,3.12,0,TERMINAL_REACHED,
T20,20,4.25,RPRA,1,3,4.25,0.36,50.215362298985056,PRESERVING,3.89,2,CONTINUE,
T20,20,4.25,RPRA,2,2,3.89,0.402,79.66391479563357,PRESERVING,3.488,1,CONTINUE,
T20,20,4.25,RPRA,3,1,3.488,0.368,99.95751421003307,PRESERVING,3.12,0,TERMINAL_REACHED,
T20,20,4.251,RPRA,1,3,4.251,0.36,50.17665570076711,PRESERVING,3.891,2,CONTINUE,
T20,20,4.251,RPRA,2,2,3.891,0.403,79.90559013177793,PRESERVING,3.488,1,CONTINUE,
T20,20,4.251,RPRA,3,1,3.488,0.368,99.95751421003307,PRESERVING,3.12,0,TERMINAL_REACHED,
T20,20,4.252,RPRA,1,3,4.252,0.36,50.13798887300495,PRESERVING,3.892,2,CONTINUE,
T20,20,4.252,RPRA,2,2,3.892,0.404,80.14741916573308,PRESERVING,3.488,1,CONTINUE,
T20,20,4.252,RPRA,3,1,3.488,0.368,99.95751421003307,PRESERVING,3.12,0,TERMINAL_REACHED,
T20,20,4.253,RPRA,1,3,4.253,0.36,50.09936176463223,PRESERVING,3.893,2,CONTINUE,
T20,20,4.253,RPRA,2,2,3.893,0.405,80.38940166212903,PRESERVING,3.488,1,CONTINUE,
T20,20,4.253,RPRA,3,1,3.488,0.368,99.95751421003307,PRESERVING,3.12,0,TERMINAL_REACHED,
T20,20,4.254,RPRA,1,3,4.254,0.36,50.06077432466129,PRESERVING,3.894,2,CONTINUE,
T20,20,4.254,RPRA,2,2,3.894,0.406,80.63153738643739,PRESERVING,3.488,1,CONTINUE,
T20,20,4.254,RPRA,3,1,3.488,0.368,99.95751421003307,PRESERVING,3.12,0,TERMINAL_REACHED,
T20,20,4.255,RPRA,1,3,4.255,0.36,50.02222650218303,PRESERVING,3.895,2,CONTINUE,
T20,20,4.255,RPRA,2,2,3.895,0.407,80.8738261049664,PRESERVING,3.488,1,CONTINUE,
T20,20,4.255,RPRA,3,1,3.488,0.368,99.95751421003307,PRESERVING,3.12,0,TERMINAL_REACHED,
T20,20,4.256,RPRA,1,3,4.256,0.36,49.983718246366685,PRESERVING,3.896,2,CONTINUE,
T20,20,4.256,RPRA,2,2,3.896,0.408,81.11626758485613,PRESERVING,3.488,1,CONTINUE,
T20,20,4.256,RPRA,3,1,3.488,0.368,99.95751421003307,PRESERVING,3.12,0,TERMINAL_REACHED,
T20,20,4.257,RPRA,1,3,4.257,0.36,49.94524950645972,PRESERVING,3.897,2,CONTINUE,
T20,20,4.257,RPRA,2,2,3.897,0.409,81.35886159407367,PRESERVING,3.488,1,CONTINUE,
T20,20,4.257,RPRA,3,1,3.488,0.368,99.95751421003307,PRESERVING,3.12,0,TERMINAL_REACHED,
T20,20,4.258,RPRA,1,3,4.258,0.36,49.906820231787734,PRESERVING,3.898,2,CONTINUE,
T20,20,4.258,RPRA,2,2,3.898,0.41,81.60160790140633,PRESERVING,3.488,1,CONTINUE,
T20,20,4.258,RPRA,3,1,3.488,0.368,99.95751421003307,PRESERVING,3.12,0,TERMINAL_REACHED,
T20,20,4.259,RPRA,1,3,4.259,0.36,49.86843037175427,PRESERVING,3.899,2,CONTINUE,
T20,20,4.259,RPRA,2,2,3.899,0.411,81.84450627645943,PRESERVING,3.488,1,CONTINUE,
T20,20,4.259,RPRA,3,1,3.488,0.368,99.95751421003307,PRESERVING,3.12,0,TERMINAL_REACHED,
T20,20,4.26,RPRA,1,3,4.26,0.36,49.83007987584073,PRESERVING,3.9,2,CONTINUE,
T20,20,4.26,RPRA,2,2,3.9,0.412,82.08755648964934,PRESERVING,3.488,1,CONTINUE,
T20,20,4.26,RPRA,3,1,3.488,0.368,99.95751421003307,PRESERVING,3.12,0,TERMINAL_REACHED,
T20,20,4.261,RPRA,1,3,4.261,0.36,49.79176869360613,PRESERVING,3.901,2,CONTINUE,
T20,20,4.261,RPRA,2,2,3.901,0.413,82.33075831219932,PRESERVING,3.488,1,CONTINUE,
T20,20,4.261,RPRA,3,1,3.488,0.368,99.95751421003307,PRESERVING,3.12,0,TERMINAL_REACHED,
T20,20,4.262,RPRA,1,3,4.262,0.36,49.75349677468705,PRESERVING,3.902,2,CONTINUE,
T20,20,4.262,RPRA,2,2,3.902,0.414,82.57411151613472,PRESERVING,3.488,1,CONTINUE,
T20,20,4.262,RPRA,3,1,3.488,0.368,99.95751421003307,PRESERVING,3.12,0,TERMINAL_REACHED,
T20,20,4.263,RPRA,1,3,4.263,0.36,49.71526406879751,PRESERVING,3.903,2,CONTINUE,
T20,20,4.263,RPRA,2,2,3.903,0.415,82.81761587427785,PRESERVING,3.488,1,CONTINUE,
T20,20,4.263,RPRA,3,1,3.488,0.368,99.95751421003307,PRESERVING,3.12,0,TERMINAL_REACHED,
T20,20,4.264,RPRA,1,3,4.264,0.36,49.67707052572877,PRESERVING,3.904,2,CONTINUE,
T20,20,4.264,RPRA,2,2,3.904,0.416,83.06127116024274,PRESERVING,3.488,1,CONTINUE,
T20,20,4.264,RPRA,3,1,3.488,0.368,99.95751421003307,PRESERVING,3.12,0,TERMINAL_REACHED,
T20,20,4.265,RPRA,1,3,4.265,0.36,49.638916095349224,PRESERVING,3.905,2,CONTINUE,
T20,20,4.265,RPRA,2,2,3.905,0.417,83.30507714843178,PRESERVING,3.488,1,CONTINUE,
T20,20,4.265,RPRA,3,1,3.488,0.368,99.95751421003307,PRESERVING,3.12,0,TERMINAL_REACHED,
T20,20,4.266,RPRA,1,3,4.266,0.36,49.60080072760419,PRESERVING,3.906,2,CONTINUE,
T20,20,4.266,RPRA,2,2,3.906,0.418,83.54903361402997,PRESERVING,3.488,1,CONTINUE,
T20,20,4.266,RPRA,3,1,3.488,0.368,99.95751421003307,PRESERVING,3.12,0,TERMINAL_REACHED,
T20,20,4.267,RPRA,1,3,4.267,0.36,49.56272437251595,PRESERVING,3.907,2,CONTINUE,
T20,20,4.267,RPRA,2,2,3.907,0.419,83.79314033300057,PRESERVING,3.488,1,CONTINUE,
T20,20,4.267,RPRA,3,1,3.488,0.368,99.95751421003307,PRESERVING,3.12,0,TERMINAL_REACHED,
T20,20,4.268,RPRA,1,3,4.268,0.36,49.52468698018341,PRESERVING,3.908,2,CONTINUE,
T20,20,4.268,RPRA,2,2,3.908,0.42,84.03739708208062,PRESERVING,3.488,1,CONTINUE,
T20,20,4.268,RPRA,3,1,3.488,0.368,99.95751421003307,PRESERVING,3.12,0,TERMINAL_REACHED,
T20,20,4.269,RPRA,1,3,4.269,0.36,49.48668850078208,PRESERVING,3.909,2,CONTINUE,
T20,20,4.269,RPRA,2,2,3.909,0.421,84.28180363877605,PRESERVING,3.488,1,CONTINUE,
T20,20,4.269,RPRA,3,1,3.488,0.368,99.95751421003307,PRESERVING,3.12,0,TERMINAL_REACHED,
T20,20,4.27,RPRA,1,3,4.27,0.36,49.4487288845639,PRESERVING,3.91,2,CONTINUE,
T20,20,4.27,RPRA,2,2,3.91,0.422,84.52635978135666,PRESERVING,3.488,1,CONTINUE,
T20,20,4.27,RPRA,3,1,3.488,0.368,99.95751421003307,PRESERVING,3.12,0,TERMINAL_REACHED,
T20,20,4.271,RPRA,1,3,4.271,0.36,49.41080808185711,PRESERVING,3.911,2,CONTINUE,
T20,20,4.271,RPRA,2,2,3.911,0.423,84.77106528885322,PRESERVING,3.488,1,CONTINUE,
T20,20,4.271,RPRA,3,1,3.488,0.368,99.95751421003307,PRESERVING,3.12,0,TERMINAL_REACHED,
T20,20,4.272,RPRA,1,3,4.272,0.36,49.37292604306616,PRESERVING,3.912,2,CONTINUE,
T20,20,4.272,RPRA,2,2,3.912,0.424,85.01591994105138,PRESERVING,3.488,1,CONTINUE,
T20,20,4.272,RPRA,3,1,3.488,0.368,99.95751421003307,PRESERVING,3.12,0,TERMINAL_REACHED,
T20,20,4.273,RPRA,1,3,4.273,0.36,49.335082718671444,PRESERVING,3.913,2,CONTINUE,
T20,20,4.273,RPRA,2,2,3.913,0.425,85.26092351848835,PRESERVING,3.488,1,CONTINUE,
T20,20,4.273,RPRA,3,1,3.488,0.368,99.95751421003307,PRESERVING,3.12,0,TERMINAL_REACHED,
T20,20,4.274,RPRA,1,3,4.274,0.36,49.29727805922929,PRESERVING,3.914,2,CONTINUE,
T20,20,4.274,RPRA,2,2,3.914,0.426,85.50607580244764,PRESERVING,3.488,1,CONTINUE,
T20,20,4.274,RPRA,3,1,3.488,0.368,99.95751421003307,PRESERVING,3.12,0,TERMINAL_REACHED,
T20,20,4.275,RPRA,1,3,4.275,0.36,49.25951201537183,PRESERVING,3.915,2,CONTINUE,
T20,20,4.275,RPRA,2,2,3.915,0.427,85.75137657495564,PRESERVING,3.488,1,CONTINUE,
T20,20,4.275,RPRA,3,1,3.488,0.368,99.95751421003307,PRESERVING,3.12,0,TERMINAL_REACHED,
T20,20,4.276,RPRA,1,3,4.276,0.36,49.221784537806734,PRESERVING,3.916,2,CONTINUE,
T20,20,4.276,RPRA,2,2,3.916,0.428,85.99682561877567,PRESERVING,3.488,1,CONTINUE,
T20,20,4.276,RPRA,3,1,3.488,0.368,99.95751421003307,PRESERVING,3.12,0,TERMINAL_REACHED,
T20,20,4.277,RPRA,1,3,4.277,0.36,49.18409557731721,PRESERVING,3.917,2,CONTINUE,
T20,20,4.277,RPRA,2,2,3.917,0.429,86.24242271740574,PRESERVING,3.488,1,CONTINUE,
T20,20,4.277,RPRA,3,1,3.488,0.368,99.95751421003307,PRESERVING,3.12,0,TERMINAL_REACHED,
T20,20,4.278,RPRA,1,3,4.278,0.36,49.14644508476175,PRESERVING,3.918,2,CONTINUE,
T20,20,4.278,RPRA,2,2,3.918,0.43,86.48816765507307,PRESERVING,3.488,1,CONTINUE,
T20,20,4.278,RPRA,3,1,3.488,0.368,99.95751421003307,PRESERVING,3.12,0,TERMINAL_REACHED,
T20,20,4.279,RPRA,1,3,4.279,0.36,49.108833011074196,PRESERVING,3.919,2,CONTINUE,
T20,20,4.279,RPRA,2,2,3.919,0.431,86.73406021673016,PRESERVING,3.488,1,CONTINUE,
T20,20,4.279,RPRA,3,1,3.488,0.368,99.95751421003307,PRESERVING,3.12,0,TERMINAL_REACHED,
T20,20,4.28,RPRA,1,3,4.28,0.36,49.071259307263354,PRESERVING,3.92,2,CONTINUE,
T20,20,4.28,RPRA,2,2,3.92,0.432,86.98010018805063,PRESERVING,3.488,1,CONTINUE,
T20,20,4.28,RPRA,3,1,3.488,0.368,99.95751421003307,PRESERVING,3.12,0,TERMINAL_REACHED,
T20,20,4.281,RPRA,1,3,4.281,0.36,49.03372392441303,PRESERVING,3.921,2,CONTINUE,
T20,20,4.281,RPRA,2,2,3.921,0.433,87.22628735542513,PRESERVING,3.488,1,CONTINUE,
T20,20,4.281,RPRA,3,1,3.488,0.368,99.95751421003307,PRESERVING,3.12,0,TERMINAL_REACHED,
T20,20,4.282,RPRA,1,3,4.282,0.36,48.99622681368178,PRESERVING,3.922,2,CONTINUE,
T20,20,4.282,RPRA,2,2,3.922,0.434,87.47262150595643,PRESERVING,3.488,1,CONTINUE,
T20,20,4.282,RPRA,3,1,3.488,0.368,99.95751421003307,PRESERVING,3.12,0,TERMINAL_REACHED,
T20,20,4.283,RPRA,1,3,4.283,0.36,48.958767926302954,PRESERVING,3.923,2,CONTINUE,
T20,20,4.283,RPRA,2,2,3.923,0.435,87.71910242745673,PRESERVING,3.488,1,CONTINUE,
T20,20,4.283,RPRA,3,1,3.488,0.368,99.95751421003307,PRESERVING,3.12,0,TERMINAL_REACHED,
T20,20,4.284,RPRA,1,3,4.284,0.36,48.92134721358435,PRESERVING,3.924,2,CONTINUE,
T20,20,4.284,RPRA,2,2,3.924,0.436,87.96572990844287,PRESERVING,3.488,1,CONTINUE,
T20,20,4.284,RPRA,3,1,3.488,0.368,99.95751421003307,PRESERVING,3.12,0,TERMINAL_REACHED,
T20,20,4.285,RPRA,1,3,4.285,0.36,48.88396462690824,PRESERVING,3.925,2,CONTINUE,
T20,20,4.285,RPRA,2,2,3.925,0.437,88.21250373813211,PRESERVING,3.488,1,CONTINUE,
T20,20,4.285,RPRA,3,1,3.488,0.368,99.95751421003307,PRESERVING,3.12,0,TERMINAL_REACHED,
T20,20,4.286,RPRA,1,3,4.286,0.36,48.84662011773112,PRESERVING,3.926,2,CONTINUE,
T20,20,4.286,RPRA,2,2,3.926,0.438,88.45942370643851,PRESERVING,3.488,1,CONTINUE,
T20,20,4.286,RPRA,3,1,3.488,0.368,99.95751421003307,PRESERVING,3.12,0,TERMINAL_REACHED,
T20,20,4.287,RPRA,1,3,4.287,0.36,48.80931363758369,PRESERVING,3.927,2,CONTINUE,
T20,20,4.287,RPRA,2,2,3.927,0.439,88.70648960396917,PRESERVING,3.488,1,CONTINUE,
T20,20,4.287,RPRA,3,1,3.488,0.368,99.95751421003307,PRESERVING,3.12,0,TERMINAL_REACHED,
T20,20,4.288,RPRA,1,3,4.288,0.36,48.77204513807068,PRESERVING,3.928,2,CONTINUE,
T20,20,4.288,RPRA,2,2,3.928,0.44,88.953701222019,PRESERVING,3.488,1,CONTINUE,
T20,20,4.288,RPRA,3,1,3.488,0.368,99.95751421003307,PRESERVING,3.12,0,TERMINAL_REACHED,
T20,20,4.289,RPRA,1,3,4.289,0.36,48.73481457087064,PRESERVING,3.929,2,CONTINUE,
T20,20,4.289,RPRA,2,2,3.929,0.441,89.20105835256885,PRESERVING,3.488,1,CONTINUE,
T20,20,4.289,RPRA,3,1,3.488,0.368,99.95751421003307,PRESERVING,3.12,0,TERMINAL_REACHED,
T20,20,4.29,RPRA,1,3,4.29,0.36,48.69762188773589,PRESERVING,3.93,2,CONTINUE,
T20,20,4.29,RPRA,2,2,3.93,0.442,89.44856078828013,PRESERVING,3.488,1,CONTINUE,
T20,20,4.29,RPRA,3,1,3.488,0.368,99.95751421003307,PRESERVING,3.12,0,TERMINAL_REACHED,
T20,20,4.291,RPRA,1,3,4.291,0.36,48.660467040492456,PRESERVING,3.931,2,CONTINUE,
T20,20,4.291,RPRA,2,2,3.931,0.443,89.6962083224916,PRESERVING,3.488,1,CONTINUE,
T20,20,4.291,RPRA,3,1,3.488,0.368,99.95751421003307,PRESERVING,3.12,0,TERMINAL_REACHED,
T20,20,4.292,RPRA,1,3,4.292,0.36,48.62334998103975,PRESERVING,3.932,2,CONTINUE,
T20,20,4.292,RPRA,2,2,3.932,0.444,89.94400074921556,PRESERVING,3.488,1,CONTINUE,
T20,20,4.292,RPRA,3,1,3.488,0.368,99.95751421003307,PRESERVING,3.12,0,TERMINAL_REACHED,
T20,20,4.293,RPRA,1,3,4.293,0.36,48.586270661350575,PRESERVING,3.933,2,CONTINUE,
T20,20,4.293,RPRA,2,2,3.933,0.445,90.19193786313403,PRESERVING,3.488,1,CONTINUE,
T20,20,4.293,RPRA,3,1,3.488,0.368,99.95751421003307,PRESERVING,3.12,0,TERMINAL_REACHED,
T20,20,4.294,RPRA,1,3,4.294,0.36,48.549229033471015,PRESERVING,3.934,2,CONTINUE,
T20,20,4.294,RPRA,2,2,3.934,0.446,90.44001945959397,PRESERVING,3.488,1,CONTINUE,
T20,20,4.294,RPRA,3,1,3.488,0.368,99.95751421003307,PRESERVING,3.12,0,TERMINAL_REACHED,
T20,20,4.295,RPRA,1,3,4.295,0.36,48.51222504952019,PRESERVING,3.935,2,CONTINUE,
T20,20,4.295,RPRA,2,2,3.935,0.447,90.68824533460594,PRESERVING,3.488,1,CONTINUE,
T20,20,4.295,RPRA,3,1,3.488,0.368,99.95751421003307,PRESERVING,3.12,0,TERMINAL_REACHED,
T20,20,4.296,RPRA,1,3,4.296,0.36,48.47525866169025,PRESERVING,3.936,2,CONTINUE,
T20,20,4.296,RPRA,2,2,3.936,0.448,90.9366152848381,PRESERVING,3.488,1,CONTINUE,
T20,20,4.296,RPRA,3,1,3.488,0.368,99.95751421003307,PRESERVING,3.12,0,TERMINAL_REACHED,
T20,20,4.297,RPRA,1,3,4.297,0.36,48.43832982224611,PRESERVING,3.937,2,CONTINUE,
T20,20,4.297,RPRA,2,2,3.937,0.449,91.18512910761392,PRESERVING,3.488,1,CONTINUE,
T20,20,4.297,RPRA,3,1,3.488,0.368,99.95751421003307,PRESERVING,3.12,0,TERMINAL_REACHED,
T20,20,4.298,RPRA,1,3,4.298,0.36,48.40143848352548,PRESERVING,3.938,2,CONTINUE,
T20,20,4.298,RPRA,2,2,3.938,0.45,91.43378660090794,PRESERVING,3.488,1,CONTINUE,
T20,20,4.298,RPRA,3,1,3.488,0.368,99.95751421003307,PRESERVING,3.12,0,TERMINAL_REACHED,
T20,20,4.299,RPRA,1,3,4.299,0.36,48.364584597938595,PRESERVING,3.939,2,CONTINUE,
T20,20,4.299,RPRA,2,2,3.939,0.451,91.68258756334268,PRESERVING,3.488,1,CONTINUE,
T20,20,4.299,RPRA,3,1,3.488,0.368,99.95751421003307,PRESERVING,3.12,0,TERMINAL_REACHED,
T20,20,4.3,RPRA,1,3,4.3,0.36,48.32776811796816,PRESERVING,3.94,2,CONTINUE,
T20,20,4.3,RPRA,2,2,3.94,0.452,91.9315317941837,PRESERVING,3.488,1,CONTINUE,
T20,20,4.3,RPRA,3,1,3.488,0.368,99.95751421003307,PRESERVING,3.12,0,TERMINAL_REACHED,
T20,20,4.301,RPRA,1,3,4.301,0.36,48.29098899616919,PRESERVING,3.941,2,CONTINUE,
T20,20,4.301,RPRA,2,2,3.941,0.453,92.18061909333835,PRESERVING,3.488,1,CONTINUE,
T20,20,4.301,RPRA,3,1,3.488,0.368,99.95751421003307,PRESERVING,3.12,0,TERMINAL_REACHED,
T20,20,4.302,RPRA,1,3,4.302,0.36,48.254247185168936,PRESERVING,3.942,2,CONTINUE,
T20,20,4.302,RPRA,2,2,3.942,0.454,92.42984926135013,PRESERVING,3.488,1,CONTINUE,
T20,20,4.302,RPRA,3,1,3.488,0.368,99.95751421003307,PRESERVING,3.12,0,TERMINAL_REACHED,
T20,20,4.303,RPRA,1,3,4.303,0.36,48.217542637666696,PRESERVING,3.943,2,CONTINUE,
T20,20,4.303,RPRA,2,2,3.943,0.455,92.67922209939668,PRESERVING,3.488,1,CONTINUE,
T20,20,4.303,RPRA,3,1,3.488,0.368,99.95751421003307,PRESERVING,3.12,0,TERMINAL_REACHED,
T20,20,4.304,RPRA,1,3,4.304,0.36,48.1808753064337,PRESERVING,3.944,2,CONTINUE,
T20,20,4.304,RPRA,2,2,3.944,0.456,92.92873740928535,PRESERVING,3.488,1,CONTINUE,
T20,20,4.304,RPRA,3,1,3.488,0.368,99.95751421003307,PRESERVING,3.12,0,TERMINAL_REACHED,
T20,20,4.305,RPRA,1,3,4.305,0.36,48.144245144312976,PRESERVING,3.945,2,CONTINUE,
T20,20,4.305,RPRA,2,2,3.945,0.457,93.17839499345061,PRESERVING,3.488,1,CONTINUE,
T20,20,4.305,RPRA,3,1,3.488,0.368,99.95751421003307,PRESERVING,3.12,0,TERMINAL_REACHED,
T20,20,4.306,RPRA,1,3,4.306,0.36,48.10765210421926,PRESERVING,3.946,2,CONTINUE,
T20,20,4.306,RPRA,2,2,3.946,0.458,93.42819465494904,PRESERVING,3.488,1,CONTINUE,
T20,20,4.306,RPRA,3,1,3.488,0.368,99.95751421003307,PRESERVING,3.12,0,TERMINAL_REACHED,
T20,20,4.307,RPRA,1,3,4.307,0.36,48.071096139138874,PRESERVING,3.947,2,CONTINUE,
T20,20,4.307,RPRA,2,2,3.947,0.459,93.67813619745819,PRESERVING,3.488,1,CONTINUE,
T20,20,4.307,RPRA,3,1,3.488,0.368,99.95751421003307,PRESERVING,3.12,0,TERMINAL_REACHED,
T20,20,4.308,RPRA,1,3,4.308,0.36,48.03457720212951,PRESERVING,3.948,2,CONTINUE,
T20,20,4.308,RPRA,2,2,3.948,0.46,93.92821942527158,PRESERVING,3.488,1,CONTINUE,
T20,20,4.308,RPRA,3,1,3.488,0.368,99.95751421003307,PRESERVING,3.12,0,TERMINAL_REACHED,
T20,20,4.309,RPRA,1,3,4.309,0.36,47.9980952463202,PRESERVING,3.949,2,CONTINUE,
T20,20,4.309,RPRA,2,2,3.949,0.461,94.17844414329632,PRESERVING,3.488,1,CONTINUE,
T20,20,4.309,RPRA,3,1,3.488,0.368,99.95751421003307,PRESERVING,3.12,0,TERMINAL_REACHED,
T20,20,4.31,RPRA,1,3,4.31,0.36,47.96165022491113,PRESERVING,3.95,2,CONTINUE,
T20,20,4.31,RPRA,2,2,3.95,0.462,94.42881015704893,PRESERVING,3.488,1,CONTINUE,
T20,20,4.31,RPRA,3,1,3.488,0.368,99.95751421003307,PRESERVING,3.12,0,TERMINAL_REACHED,
T20,20,4.311,RPRA,1,3,4.311,0.36,47.92524209117362,PRESERVING,3.951,2,CONTINUE,
T20,20,4.311,RPRA,2,2,3.951,0.463,94.67931727265311,PRESERVING,3.488,1,CONTINUE,
T20,20,4.311,RPRA,3,1,3.488,0.368,99.95751421003307,PRESERVING,3.12,0,TERMINAL_REACHED,
T20,20,4.312,RPRA,1,3,4.312,0.36,47.88887079844982,PRESERVING,3.952,2,CONTINUE,
T20,20,4.312,RPRA,2,2,3.952,0.464,94.92996529683467,PRESERVING,3.488,1,CONTINUE,
T20,20,4.312,RPRA,3,1,3.488,0.368,99.95751421003307,PRESERVING,3.12,0,TERMINAL_REACHED,
T20,20,4.313,RPRA,1,3,4.313,0.36,47.85253630015269,PRESERVING,3.953,2,CONTINUE,
T20,20,4.313,RPRA,2,2,3.953,0.465,95.18075403692067,PRESERVING,3.488,1,CONTINUE,
T20,20,4.313,RPRA,3,1,3.488,0.368,99.95751421003307,PRESERVING,3.12,0,TERMINAL_REACHED,
T20,20,4.314,RPRA,1,3,4.314,0.36,47.81623854976592,PRESERVING,3.954,2,CONTINUE,
T20,20,4.314,RPRA,2,2,3.954,0.466,95.43168330083482,PRESERVING,3.488,1,CONTINUE,
T20,20,4.314,RPRA,3,1,3.488,0.368,99.95751421003307,PRESERVING,3.12,0,TERMINAL_REACHED,
T20,20,4.315,RPRA,1,3,4.315,0.36,47.779977500843714,PRESERVING,3.955,2,CONTINUE,
T20,20,4.315,RPRA,2,2,3.955,0.467,95.6827528970943,PRESERVING,3.488,1,CONTINUE,
T20,20,4.315,RPRA,3,1,3.488,0.368,99.95751421003307,PRESERVING,3.12,0,TERMINAL_REACHED,
T20,20,4.316,RPRA,1,3,4.316,0.36,47.74375310701071,PRESERVING,3.956,2,CONTINUE,
T20,20,4.316,RPRA,2,2,3.956,0.468,95.93396263480705,PRESERVING,3.488,1,CONTINUE,
T20,20,4.316,RPRA,3,1,3.488,0.368,99.95751421003307,PRESERVING,3.12,0,TERMINAL_REACHED,
T20,20,4.317,RPRA,1,3,4.317,0.36,47.70756532196184,PRESERVING,3.957,2,CONTINUE,
T20,20,4.317,RPRA,2,2,3.957,0.469,96.18531232366868,PRESERVING,3.488,1,CONTINUE,
T20,20,4.317,RPRA,3,1,3.488,0.368,99.95751421003307,PRESERVING,3.12,0,TERMINAL_REACHED,
T20,20,4.318,RPRA,1,3,4.318,0.36,47.67141409946222,PRESERVING,3.958,2,CONTINUE,
T20,20,4.318,RPRA,2,2,3.958,0.47,96.4368017739578,PRESERVING,3.488,1,CONTINUE,
T20,20,4.318,RPRA,3,1,3.488,0.368,99.95751421003307,PRESERVING,3.12,0,TERMINAL_REACHED,
T20,20,4.319,RPRA,1,3,4.319,0.36,47.635299393347026,PRESERVING,3.959,2,CONTINUE,
T20,20,4.319,RPRA,2,2,3.959,0.471,96.68843079653585,PRESERVING,3.488,1,CONTINUE,
T20,20,4.319,RPRA,3,1,3.488,0.368,99.95751421003307,PRESERVING,3.12,0,TERMINAL_REACHED,
T20,20,4.32,RPRA,1,3,4.32,0.36,47.599221157521356,PRESERVING,3.96,2,CONTINUE,
T20,20,4.32,RPRA,2,2,3.96,0.472,96.94019920284155,PRESERVING,3.488,1,CONTINUE,
T20,20,4.32,RPRA,3,1,3.488,0.368,99.95751421003307,PRESERVING,3.12,0,TERMINAL_REACHED,
T20,20,4.321,RPRA,1,3,4.321,0.36,47.5631793459601,PRESERVING,3.961,2,CONTINUE,
T20,20,4.321,RPRA,2,2,3.961,0.473,97.19210680488892,PRESERVING,3.488,1,CONTINUE,
T20,20,4.321,RPRA,3,1,3.488,0.368,99.95751421003307,PRESERVING,3.12,0,TERMINAL_REACHED,
T20,20,4.322,RPRA,1,3,4.322,0.36,47.52717391270784,PRESERVING,3.962,2,CONTINUE,
T20,20,4.322,RPRA,2,2,3.962,0.474,97.44415341526418,PRESERVING,3.488,1,CONTINUE,
T20,20,4.322,RPRA,3,1,3.488,0.368,99.95751421003307,PRESERVING,3.12,0,TERMINAL_REACHED,
T20,20,4.323,RPRA,1,3,4.323,0.36,47.49120481187877,PRESERVING,3.963,2,CONTINUE,
T20,20,4.323,RPRA,2,2,3.963,0.475,97.69633884712243,PRESERVING,3.488,1,CONTINUE,
T20,20,4.323,RPRA,3,1,3.488,0.368,99.95751421003307,PRESERVING,3.12,0,TERMINAL_REACHED,
T20,20,4.324,RPRA,1,3,4.324,0.36,47.4552719976564,PRESERVING,3.964,2,CONTINUE,
T20,20,4.324,RPRA,2,2,3.964,0.476,97.94866291418533,PRESERVING,3.488,1,CONTINUE,
T20,20,4.324,RPRA,3,1,3.488,0.368,99.95751421003307,PRESERVING,3.12,0,TERMINAL_REACHED,
T20,20,4.325,RPRA,1,3,4.325,0.36,47.419375424293655,PRESERVING,3.965,2,CONTINUE,
T20,20,4.325,RPRA,2,2,3.965,0.477,98.20112543073661,PRESERVING,3.488,1,CONTINUE,
T20,20,4.325,RPRA,3,1,3.488,0.368,99.95751421003307,PRESERVING,3.12,0,TERMINAL_REACHED,
T20,20,4.326,RPRA,1,3,4.326,0.36,47.383515046112606,PRESERVING,3.966,2,CONTINUE,
T20,20,4.326,RPRA,2,2,3.966,0.478,98.45372621162127,PRESERVING,3.488,1,CONTINUE,
T20,20,4.326,RPRA,3,1,3.488,0.368,99.95751421003307,PRESERVING,3.12,0,TERMINAL_REACHED,
T20,20,4.327,RPRA,1,3,4.327,0.36,47.34769081750445,PRESERVING,3.967,2,CONTINUE,
T20,20,4.327,RPRA,2,2,3.967,0.479,98.70646507224149,PRESERVING,3.488,1,CONTINUE,
T20,20,4.327,RPRA,3,1,3.488,0.368,99.95751421003307,PRESERVING,3.12,0,TERMINAL_REACHED,
T20,20,4.328,RPRA,1,3,4.328,0.36,47.31190269292926,PRESERVING,3.968,2,CONTINUE,
T20,20,4.328,RPRA,2,2,3.968,0.48,98.95934182855326,PRESERVING,3.488,1,CONTINUE,
T20,20,4.328,RPRA,3,1,3.488,0.368,99.95751421003307,PRESERVING,3.12,0,TERMINAL_REACHED,
T20,20,4.329,RPRA,1,3,4.329,0.36,47.27615062691596,PRESERVING,3.969,2,CONTINUE,
T20,20,4.329,RPRA,2,2,3.969,0.481,99.21235629706514,PRESERVING,3.488,1,CONTINUE,
T20,20,4.329,RPRA,3,1,3.488,0.368,99.95751421003307,PRESERVING,3.12,0,TERMINAL_REACHED,
T20,20,4.33,RPRA,1,3,4.33,0.36,47.24043457406218,PRESERVING,3.97,2,CONTINUE,
T20,20,4.33,RPRA,2,2,3.97,0.482,99.46550829483306,PRESERVING,3.488,1,CONTINUE,
T20,20,4.33,RPRA,3,1,3.488,0.368,99.95751421003307,PRESERVING,3.12,0,TERMINAL_REACHED,
T20,20,4.331,RPRA,1,3,4.331,0.36,47.20475448903415,PRESERVING,3.971,2,CONTINUE,
T20,20,4.331,RPRA,2,2,3.971,0.483,99.71879763945968,PRESERVING,3.488,1,CONTINUE,
T20,20,4.331,RPRA,3,1,3.488,0.368,99.95751421003307,PRESERVING,3.12,0,TERMINAL_REACHED,
T20,20,4.332,RPRA,1,3,4.332,0.36,47.16911032656655,PRESERVING,3.972,2,CONTINUE,
T20,20,4.332,RPRA,2,2,3.972,0.484,99.97222414909085,PRESERVING,3.488,1,CONTINUE,
T20,20,4.332,RPRA,3,1,3.488,0.368,99.95751421003307,PRESERVING,3.12,0,TERMINAL_REACHED,
T20,20,4.333,RPRA,1,3,4.333,0.361,47.32824369690313,PRESERVING,3.972,2,CONTINUE,
T20,20,4.333,RPRA,2,2,3.972,0.484,99.97222414909085,PRESERVING,3.488,1,CONTINUE,
T20,20,4.333,RPRA,3,1,3.488,0.368,99.95751421003307,PRESERVING,3.12,0,TERMINAL_REACHED,
T20,20,4.334,RPRA,1,3,4.334,0.362,47.487488408071115,PRESERVING,3.972,2,CONTINUE,
T20,20,4.334,RPRA,2,2,3.972,0.484,99.97222414909085,PRESERVING,3.488,1,CONTINUE,
T20,20,4.334,RPRA,3,1,3.488,0.368,99.95751421003307,PRESERVING,3.12,0,TERMINAL_REACHED,
T20,20,4.335,RPRA,1,3,4.335,0.363,47.64684427313078,PRESERVING,3.972,2,CONTINUE,
T20,20,4.335,RPRA,2,2,3.972,0.484,99.97222414909085,PRESERVING,3.488,1,CONTINUE,
T20,20,4.335,RPRA,3,1,3.488,0.368,99.95751421003307,PRESERVING,3.12,0,TERMINAL_REACHED,
T20,20,4.336,RPRA,1,3,4.336,0.364,47.806311105891425,PRESERVING,3.972,2,CONTINUE,
T20,20,4.336,RPRA,2,2,3.972,0.484,99.97222414909085,PRESERVING,3.488,1,CONTINUE,
T20,20,4.336,RPRA,3,1,3.488,0.368,99.95751421003307,PRESERVING,3.12,0,TERMINAL_REACHED,
T20,20,4.337,RPRA,1,3,4.337,0.365,47.96588872090623,PRESERVING,3.972,2,CONTINUE,
T20,20,4.337,RPRA,2,2,3.972,0.484,99.97222414909085,PRESERVING,3.488,1,CONTINUE,
T20,20,4.337,RPRA,3,1,3.488,0.368,99.95751421003307,PRESERVING,3.12,0,TERMINAL_REACHED,
T20,20,4.338,RPRA,1,3,4.338,0.366,48.12557693346727,PRESERVING,3.972,2,CONTINUE,
T20,20,4.338,RPRA,2,2,3.972,0.484,99.97222414909085,PRESERVING,3.488,1,CONTINUE,
T20,20,4.338,RPRA,3,1,3.488,0.368,99.95751421003307,PRESERVING,3.12,0,TERMINAL_REACHED,
T20,20,4.339,RPRA,1,3,4.339,0.367,48.28537555960057,PRESERVING,3.972,2,CONTINUE,
T20,20,4.339,RPRA,2,2,3.972,0.484,99.97222414909085,PRESERVING,3.488,1,CONTINUE,
T20,20,4.339,RPRA,3,1,3.488,0.368,99.95751421003307,PRESERVING,3.12,0,TERMINAL_REACHED,
T20,20,4.34,RPRA,1,3,4.34,0.368,48.44528441606029,PRESERVING,3.972,2,CONTINUE,
T20,20,4.34,RPRA,2,2,3.972,0.484,99.97222414909085,PRESERVING,3.488,1,CONTINUE,
T20,20,4.34,RPRA,3,1,3.488,0.368,99.95751421003307,PRESERVING,3.12,0,TERMINAL_REACHED,
T20,20,4.341,RPRA,1,3,4.341,0.369,48.60530332032525,PRESERVING,3.972,2,CONTINUE,
T20,20,4.341,RPRA,2,2,3.972,0.484,99.97222414909085,PRESERVING,3.488,1,CONTINUE,
T20,20,4.341,RPRA,3,1,3.488,0.368,99.95751421003307,PRESERVING,3.12,0,TERMINAL_REACHED,
T20,20,4.342,RPRA,1,3,4.342,0.37,48.765432090592945,PRESERVING,3.972,2,CONTINUE,
T20,20,4.342,RPRA,2,2,3.972,0.484,99.97222414909085,PRESERVING,3.488,1,CONTINUE,
T20,20,4.342,RPRA,3,1,3.488,0.368,99.95751421003307,PRESERVING,3.12,0,TERMINAL_REACHED,
T20,20,4.343,RPRA,1,3,4.343,0.371,48.92567054577535,PRESERVING,3.972,2,CONTINUE,
T20,20,4.343,RPRA,2,2,3.972,0.484,99.97222414909085,PRESERVING,3.488,1,CONTINUE,
T20,20,4.343,RPRA,3,1,3.488,0.368,99.95751421003307,PRESERVING,3.12,0,TERMINAL_REACHED,
T20,20,4.344,RPRA,1,3,4.344,0.372,49.08601850549358,PRESERVING,3.972,2,CONTINUE,
T20,20,4.344,RPRA,2,2,3.972,0.484,99.97222414909085,PRESERVING,3.488,1,CONTINUE,
T20,20,4.344,RPRA,3,1,3.488,0.368,99.95751421003307,PRESERVING,3.12,0,TERMINAL_REACHED,
T20,20,4.345,RPRA,1,3,4.345,0.373,49.24647579007311,PRESERVING,3.972,2,CONTINUE,
T20,20,4.345,RPRA,2,2,3.972,0.484,99.97222414909085,PRESERVING,3.488,1,CONTINUE,
T20,20,4.345,RPRA,3,1,3.488,0.368,99.95751421003307,PRESERVING,3.12,0,TERMINAL_REACHED,
T20,20,4.346,RPRA,1,3,4.346,0.374,49.40704222053994,PRESERVING,3.972,2,CONTINUE,
T20,20,4.346,RPRA,2,2,3.972,0.484,99.97222414909085,PRESERVING,3.488,1,CONTINUE,
T20,20,4.346,RPRA,3,1,3.488,0.368,99.95751421003307,PRESERVING,3.12,0,TERMINAL_REACHED,
T20,20,4.347,RPRA,1,3,4.347,0.375,49.56771761861518,PRESERVING,3.972,2,CONTINUE,
T20,20,4.347,RPRA,2,2,3.972,0.484,99.97222414909085,PRESERVING,3.488,1,CONTINUE,
T20,20,4.347,RPRA,3,1,3.488,0.368,99.95751421003307,PRESERVING,3.12,0,TERMINAL_REACHED,
T20,20,4.348,RPRA,1,3,4.348,0.376,49.72850180671038,PRESERVING,3.972,2,CONTINUE,
T20,20,4.348,RPRA,2,2,3.972,0.484,99.97222414909085,PRESERVING,3.488,1,CONTINUE,
T20,20,4.348,RPRA,3,1,3.488,0.368,99.95751421003307,PRESERVING,3.12,0,TERMINAL_REACHED,
T20,20,4.349,RPRA,1,3,4.349,0.377,49.889394607923585,PRESERVING,3.972,2,CONTINUE,
T20,20,4.349,RPRA,2,2,3.972,0.484,99.97222414909085,PRESERVING,3.488,1,CONTINUE,
T20,20,4.349,RPRA,3,1,3.488,0.368,99.95751421003307,PRESERVING,3.12,0,TERMINAL_REACHED,
T20,20,4.35,RPRA,1,3,4.35,0.378,50.05039584603406,PRESERVING,3.972,2,CONTINUE,
T20,20,4.35,RPRA,2,2,3.972,0.484,99.97222414909085,PRESERVING,3.488,1,CONTINUE,
T20,20,4.35,RPRA,3,1,3.488,0.368,99.95751421003307,PRESERVING,3.12,0,TERMINAL_REACHED,
T20,20,4.351,RPRA,1,3,4.351,0.379,50.21150534549876,PRESERVING,3.972,2,CONTINUE,
T20,20,4.351,RPRA,2,2,3.972,0.484,99.97222414909085,PRESERVING,3.488,1,CONTINUE,
T20,20,4.351,RPRA,3,1,3.488,0.368,99.95751421003307,PRESERVING,3.12,0,TERMINAL_REACHED,
T20,20,4.352,RPRA,1,3,4.352,0.38,50.37272293144632,PRESERVING,3.972,2,CONTINUE,
T20,20,4.352,RPRA,2,2,3.972,0.484,99.97222414909085,PRESERVING,3.488,1,CONTINUE,
T20,20,4.352,RPRA,3,1,3.488,0.368,99.95751421003307,PRESERVING,3.12,0,TERMINAL_REACHED,
T20,20,4.353,RPRA,1,3,4.353,0.381,50.534048429674286,PRESERVING,3.972,2,CONTINUE,
T20,20,4.353,RPRA,2,2,3.972,0.484,99.97222414909085,PRESERVING,3.488,1,CONTINUE,
T20,20,4.353,RPRA,3,1,3.488,0.368,99.95751421003307,PRESERVING,3.12,0,TERMINAL_REACHED,
T20,20,4.354,RPRA,1,3,4.354,0.382,50.69548166664424,PRESERVING,3.972,2,CONTINUE,
T20,20,4.354,RPRA,2,2,3.972,0.484,99.97222414909085,PRESERVING,3.488,1,CONTINUE,
T20,20,4.354,RPRA,3,1,3.488,0.368,99.95751421003307,PRESERVING,3.12,0,TERMINAL_REACHED,
T20,20,4.355,RPRA,1,3,4.355,0.383,50.85702246947692,PRESERVING,3.972,2,CONTINUE,
T20,20,4.355,RPRA,2,2,3.972,0.484,99.97222414909085,PRESERVING,3.488,1,CONTINUE,
T20,20,4.355,RPRA,3,1,3.488,0.368,99.95751421003307,PRESERVING,3.12,0,TERMINAL_REACHED,
T20,20,4.356,RPRA,1,3,4.356,0.384,51.01867066594884,PRESERVING,3.972,2,CONTINUE,
T20,20,4.356,RPRA,2,2,3.972,0.484,99.97222414909085,PRESERVING,3.488,1,CONTINUE,
T20,20,4.356,RPRA,3,1,3.488,0.368,99.95751421003307,PRESERVING,3.12,0,TERMINAL_REACHED,
T20,20,4.357,RPRA,1,3,4.357,0.385,51.18042608448666,PRESERVING,3.972,2,CONTINUE,
T20,20,4.357,RPRA,2,2,3.972,0.484,99.97222414909085,PRESERVING,3.488,1,CONTINUE,
T20,20,4.357,RPRA,3,1,3.488,0.368,99.95751421003307,PRESERVING,3.12,0,TERMINAL_REACHED,
T20,20,4.358,RPRA,1,3,4.358,0.386,51.342288554164625,PRESERVING,3.972,2,CONTINUE,
T20,20,4.358,RPRA,2,2,3.972,0.484,99.97222414909085,PRESERVING,3.488,1,CONTINUE,
T20,20,4.358,RPRA,3,1,3.488,0.368,99.95751421003307,PRESERVING,3.12,0,TERMINAL_REACHED,
T20,20,4.359,RPRA,1,3,4.359,0.387,51.5042579046996,PRESERVING,3.972,2,CONTINUE,
T20,20,4.359,RPRA,2,2,3.972,0.484,99.97222414909085,PRESERVING,3.488,1,CONTINUE,
T20,20,4.359,RPRA,3,1,3.488,0.368,99.95751421003307,PRESERVING,3.12,0,TERMINAL_REACHED,
T20,20,4.36,RPRA,1,3,4.36,0.388,51.66633396644668,PRESERVING,3.972,2,CONTINUE,
T20,20,4.36,RPRA,2,2,3.972,0.484,99.97222414909085,PRESERVING,3.488,1,CONTINUE,
T20,20,4.36,RPRA,3,1,3.488,0.368,99.95751421003307,PRESERVING,3.12,0,TERMINAL_REACHED,
T20,20,4.361,RPRA,1,3,4.361,0.389,51.82851657039564,PRESERVING,3.972,2,CONTINUE,
T20,20,4.361,RPRA,2,2,3.972,0.484,99.97222414909085,PRESERVING,3.488,1,CONTINUE,
T20,20,4.361,RPRA,3,1,3.488,0.368,99.95751421003307,PRESERVING,3.12,0,TERMINAL_REACHED,
T20,20,4.362,RPRA,1,3,4.362,0.39,51.990805548166605,PRESERVING,3.972,2,CONTINUE,
T20,20,4.362,RPRA,2,2,3.972,0.484,99.97222414909085,PRESERVING,3.488,1,CONTINUE,
T20,20,4.362,RPRA,3,1,3.488,0.368,99.95751421003307,PRESERVING,3.12,0,TERMINAL_REACHED,
T20,20,4.363,RPRA,1,3,4.363,0.391,52.15320073200615,PRESERVING,3.972,2,CONTINUE,
T20,20,4.363,RPRA,2,2,3.972,0.484,99.97222414909085,PRESERVING,3.488,1,CONTINUE,
T20,20,4.363,RPRA,3,1,3.488,0.368,99.95751421003307,PRESERVING,3.12,0,TERMINAL_REACHED,
T20,20,4.364,RPRA,1,3,4.364,0.392,52.31570195478262,PRESERVING,3.972,2,CONTINUE,
T20,20,4.364,RPRA,2,2,3.972,0.484,99.97222414909085,PRESERVING,3.488,1,CONTINUE,
T20,20,4.364,RPRA,3,1,3.488,0.368,99.95751421003307,PRESERVING,3.12,0,TERMINAL_REACHED,
T20,20,4.365,RPRA,1,3,4.365,0.393,52.47830904998353,PRESERVING,3.972,2,CONTINUE,
T20,20,4.365,RPRA,2,2,3.972,0.484,99.97222414909085,PRESERVING,3.488,1,CONTINUE,
T20,20,4.365,RPRA,3,1,3.488,0.368,99.95751421003307,PRESERVING,3.12,0,TERMINAL_REACHED,
T20,20,4.366,RPRA,1,3,4.366,0.394,52.64102185171059,PRESERVING,3.972,2,CONTINUE,
T20,20,4.366,RPRA,2,2,3.972,0.484,99.97222414909085,PRESERVING,3.488,1,CONTINUE,
T20,20,4.366,RPRA,3,1,3.488,0.368,99.95751421003307,PRESERVING,3.12,0,TERMINAL_REACHED,
T20,20,4.367,RPRA,1,3,4.367,0.395,52.80384019467613,PRESERVING,3.972,2,CONTINUE,
T20,20,4.367,RPRA,2,2,3.972,0.484,99.97222414909085,PRESERVING,3.488,1,CONTINUE,
T20,20,4.367,RPRA,3,1,3.488,0.368,99.95751421003307,PRESERVING,3.12,0,TERMINAL_REACHED,
T20,20,4.368,RPRA,1,3,4.368,0.396,52.96676391419975,PRESERVING,3.972,2,CONTINUE,
T20,20,4.368,RPRA,2,2,3.972,0.484,99.97222414909085,PRESERVING,3.488,1,CONTINUE,
T20,20,4.368,RPRA,3,1,3.488,0.368,99.95751421003307,PRESERVING,3.12,0,TERMINAL_REACHED,
T20,20,4.369,RPRA,1,3,4.369,0.397,53.129792846203046,PRESERVING,3.972,2,CONTINUE,
T20,20,4.369,RPRA,2,2,3.972,0.484,99.97222414909085,PRESERVING,3.488,1,CONTINUE,
T20,20,4.369,RPRA,3,1,3.488,0.368,99.95751421003307,PRESERVING,3.12,0,TERMINAL_REACHED,
T20,20,4.37,RPRA,1,3,4.37,0.398,53.29292682720751,PRESERVING,3.972,2,CONTINUE,
T20,20,4.37,RPRA,2,2,3.972,0.484,99.97222414909085,PRESERVING,3.488,1,CONTINUE,
T20,20,4.37,RPRA,3,1,3.488,0.368,99.95751421003307,PRESERVING,3.12,0,TERMINAL_REACHED,
T20,20,4.371,RPRA,1,3,4.371,0.399,53.45616569433007,PRESERVING,3.972,2,CONTINUE,
T20,20,4.371,RPRA,2,2,3.972,0.484,99.97222414909085,PRESERVING,3.488,1,CONTINUE,
T20,20,4.371,RPRA,3,1,3.488,0.368,99.95751421003307,PRESERVING,3.12,0,TERMINAL_REACHED,
T20,20,4.372,RPRA,1,3,4.372,0.4,53.61950928527933,PRESERVING,3.972,2,CONTINUE,
T20,20,4.372,RPRA,2,2,3.972,0.484,99.97222414909085,PRESERVING,3.488,1,CONTINUE,
T20,20,4.372,RPRA,3,1,3.488,0.368,99.95751421003307,PRESERVING,3.12,0,TERMINAL_REACHED,
T20,20,4.373,RPRA,1,3,4.373,0.401,53.782957438351865,PRESERVING,3.972,2,CONTINUE,
T20,20,4.373,RPRA,2,2,3.972,0.484,99.97222414909085,PRESERVING,3.488,1,CONTINUE,
T20,20,4.373,RPRA,3,1,3.488,0.368,99.95751421003307,PRESERVING,3.12,0,TERMINAL_REACHED,
T20,20,4.374,RPRA,1,3,4.374,0.402,53.94650999242882,PRESERVING,3.972,2,CONTINUE,
T20,20,4.374,RPRA,2,2,3.972,0.484,99.97222414909085,PRESERVING,3.488,1,CONTINUE,
T20,20,4.374,RPRA,3,1,3.488,0.368,99.95751421003307,PRESERVING,3.12,0,TERMINAL_REACHED,
T20,20,4.375,RPRA,1,3,4.375,0.403,54.110166786972265,PRESERVING,3.972,2,CONTINUE,
T20,20,4.375,RPRA,2,2,3.972,0.484,99.97222414909085,PRESERVING,3.488,1,CONTINUE,
T20,20,4.375,RPRA,3,1,3.488,0.368,99.95751421003307,PRESERVING,3.12,0,TERMINAL_REACHED,
T20,20,4.376,RPRA,1,3,4.376,0.404,54.273927662020746,PRESERVING,3.972,2,CONTINUE,
T20,20,4.376,RPRA,2,2,3.972,0.484,99.97222414909085,PRESERVING,3.488,1,CONTINUE,
T20,20,4.376,RPRA,3,1,3.488,0.368,99.95751421003307,PRESERVING,3.12,0,TERMINAL_REACHED,
T20,20,4.377,RPRA,1,3,4.377,0.405,54.43779245818731,PRESERVING,3.972,2,CONTINUE,
T20,20,4.377,RPRA,2,2,3.972,0.484,99.97222414909085,PRESERVING,3.488,1,CONTINUE,
T20,20,4.377,RPRA,3,1,3.488,0.368,99.95751421003307,PRESERVING,3.12,0,TERMINAL_REACHED,
T20,20,4.378,RPRA,1,3,4.378,0.406,54.6017610166549,PRESERVING,3.972,2,CONTINUE,
T20,20,4.378,RPRA,2,2,3.972,0.484,99.97222414909085,PRESERVING,3.488,1,CONTINUE,
T20,20,4.378,RPRA,3,1,3.488,0.368,99.95751421003307,PRESERVING,3.12,0,TERMINAL_REACHED,
T20,20,4.379,RPRA,1,3,4.379,0.407,54.76583317917301,PRESERVING,3.972,2,CONTINUE,
T20,20,4.379,RPRA,2,2,3.972,0.484,99.97222414909085,PRESERVING,3.488,1,CONTINUE,
T20,20,4.379,RPRA,3,1,3.488,0.368,99.95751421003307,PRESERVING,3.12,0,TERMINAL_REACHED,
T20,20,4.38,RPRA,1,3,4.38,0.408,54.93000878805444,PRESERVING,3.972,2,CONTINUE,
T20,20,4.38,RPRA,2,2,3.972,0.484,99.97222414909085,PRESERVING,3.488,1,CONTINUE,
T20,20,4.38,RPRA,3,1,3.488,0.368,99.95751421003307,PRESERVING,3.12,0,TERMINAL_REACHED,
T20,20,4.381,RPRA,1,3,4.381,0.409,55.09428768617199,PRESERVING,3.972,2,CONTINUE,
T20,20,4.381,RPRA,2,2,3.972,0.484,99.97222414909085,PRESERVING,3.488,1,CONTINUE,
T20,20,4.381,RPRA,3,1,3.488,0.368,99.95751421003307,PRESERVING,3.12,0,TERMINAL_REACHED,
T20,20,4.382,RPRA,1,3,4.382,0.41,55.25866971695394,PRESERVING,3.972,2,CONTINUE,
T20,20,4.382,RPRA,2,2,3.972,0.484,99.97222414909085,PRESERVING,3.488,1,CONTINUE,
T20,20,4.382,RPRA,3,1,3.488,0.368,99.95751421003307,PRESERVING,3.12,0,TERMINAL_REACHED,
T20,20,4.383,RPRA,1,3,4.383,0.411,55.42315472438247,PRESERVING,3.972,2,CONTINUE,
T20,20,4.383,RPRA,2,2,3.972,0.484,99.97222414909085,PRESERVING,3.488,1,CONTINUE,
T20,20,4.383,RPRA,3,1,3.488,0.368,99.95751421003307,PRESERVING,3.12,0,TERMINAL_REACHED,
T20,20,4.384,RPRA,1,3,4.384,0.412,55.58774255298905,PRESERVING,3.972,2,CONTINUE,
T20,20,4.384,RPRA,2,2,3.972,0.484,99.97222414909085,PRESERVING,3.488,1,CONTINUE,
T20,20,4.384,RPRA,3,1,3.488,0.368,99.95751421003307,PRESERVING,3.12,0,TERMINAL_REACHED,
T20,20,4.385,RPRA,1,3,4.385,0.413,55.752433047851454,PRESERVING,3.972,2,CONTINUE,
T20,20,4.385,RPRA,2,2,3.972,0.484,99.97222414909085,PRESERVING,3.488,1,CONTINUE,
T20,20,4.385,RPRA,3,1,3.488,0.368,99.95751421003307,PRESERVING,3.12,0,TERMINAL_REACHED,
T20,20,4.386,RPRA,1,3,4.386,0.414,55.91722605459069,PRESERVING,3.972,2,CONTINUE,
T20,20,4.386,RPRA,2,2,3.972,0.484,99.97222414909085,PRESERVING,3.488,1,CONTINUE,
T20,20,4.386,RPRA,3,1,3.488,0.368,99.95751421003307,PRESERVING,3.12,0,TERMINAL_REACHED,
T20,20,4.387,RPRA,1,3,4.387,0.415,56.08212141936741,PRESERVING,3.972,2,CONTINUE,
T20,20,4.387,RPRA,2,2,3.972,0.484,99.97222414909085,PRESERVING,3.488,1,CONTINUE,
T20,20,4.387,RPRA,3,1,3.488,0.368,99.95751421003307,PRESERVING,3.12,0,TERMINAL_REACHED,
T20,20,4.388,RPRA,1,3,4.388,0.416,56.24711898887845,PRESERVING,3.972,2,CONTINUE,
T20,20,4.388,RPRA,2,2,3.972,0.484,99.97222414909085,PRESERVING,3.488,1,CONTINUE,
T20,20,4.388,RPRA,3,1,3.488,0.368,99.95751421003307,PRESERVING,3.12,0,TERMINAL_REACHED,
T20,20,4.389,RPRA,1,3,4.389,0.417,56.412218610354415,PRESERVING,3.972,2,CONTINUE,
T20,20,4.389,RPRA,2,2,3.972,0.484,99.97222414909085,PRESERVING,3.488,1,CONTINUE,
T20,20,4.389,RPRA,3,1,3.488,0.368,99.95751421003307,PRESERVING,3.12,0,TERMINAL_REACHED,
T20,20,4.39,RPRA,1,3,4.39,0.418,56.57742013155598,PRESERVING,3.972,2,CONTINUE,
T20,20,4.39,RPRA,2,2,3.972,0.484,99.97222414909085,PRESERVING,3.488,1,CONTINUE,
T20,20,4.39,RPRA,3,1,3.488,0.368,99.95751421003307,PRESERVING,3.12,0,TERMINAL_REACHED,
T20,20,4.391,RPRA,1,3,4.391,0.419,56.74272340077078,PRESERVING,3.972,2,CONTINUE,
T20,20,4.391,RPRA,2,2,3.972,0.484,99.97222414909085,PRESERVING,3.488,1,CONTINUE,
T20,20,4.391,RPRA,3,1,3.488,0.368,99.95751421003307,PRESERVING,3.12,0,TERMINAL_REACHED,
T20,20,4.392,RPRA,1,3,4.392,0.42,56.90812826681042,PRESERVING,3.972,2,CONTINUE,
T20,20,4.392,RPRA,2,2,3.972,0.484,99.97222414909085,PRESERVING,3.488,1,CONTINUE,
T20,20,4.392,RPRA,3,1,3.488,0.368,99.95751421003307,PRESERVING,3.12,0,TERMINAL_REACHED,
T20,20,4.393,RPRA,1,3,4.393,0.421,57.073634579007205,PRESERVING,3.972,2,CONTINUE,
T20,20,4.393,RPRA,2,2,3.972,0.484,99.97222414909085,PRESERVING,3.488,1,CONTINUE,
T20,20,4.393,RPRA,3,1,3.488,0.368,99.95751421003307,PRESERVING,3.12,0,TERMINAL_REACHED,
T20,20,4.394,RPRA,1,3,4.394,0.422,57.239242187210735,PRESERVING,3.972,2,CONTINUE,
T20,20,4.394,RPRA,2,2,3.972,0.484,99.97222414909085,PRESERVING,3.488,1,CONTINUE,
T20,20,4.394,RPRA,3,1,3.488,0.368,99.95751421003307,PRESERVING,3.12,0,TERMINAL_REACHED,
T20,20,4.395,RPRA,1,3,4.395,0.423,57.4049509417859,PRESERVING,3.972,2,CONTINUE,
T20,20,4.395,RPRA,2,2,3.972,0.484,99.97222414909085,PRESERVING,3.488,1,CONTINUE,
T20,20,4.395,RPRA,3,1,3.488,0.368,99.95751421003307,PRESERVING,3.12,0,TERMINAL_REACHED,
T20,20,4.396,RPRA,1,3,4.396,0.424,57.570760693608754,PRESERVING,3.972,2,CONTINUE,
T20,20,4.396,RPRA,2,2,3.972,0.484,99.97222414909085,PRESERVING,3.488,1,CONTINUE,
T20,20,4.396,RPRA,3,1,3.488,0.368,99.95751421003307,PRESERVING,3.12,0,TERMINAL_REACHED,
T20,20,4.397,RPRA,1,3,4.397,0.425,57.7366712940643,PRESERVING,3.972,2,CONTINUE,
T20,20,4.397,RPRA,2,2,3.972,0.484,99.97222414909085,PRESERVING,3.488,1,CONTINUE,
T20,20,4.397,RPRA,3,1,3.488,0.368,99.95751421003307,PRESERVING,3.12,0,TERMINAL_REACHED,
T20,20,4.398,RPRA,1,3,4.398,0.426,57.90268259504296,PRESERVING,3.972,2,CONTINUE,
T20,20,4.398,RPRA,2,2,3.972,0.484,99.97222414909085,PRESERVING,3.488,1,CONTINUE,
T20,20,4.398,RPRA,3,1,3.488,0.368,99.95751421003307,PRESERVING,3.12,0,TERMINAL_REACHED,
T20,20,4.399,RPRA,1,3,4.399,0.427,58.068794448938185,PRESERVING,3.972,2,CONTINUE,
T20,20,4.399,RPRA,2,2,3.972,0.484,99.97222414909085,PRESERVING,3.488,1,CONTINUE,
T20,20,4.399,RPRA,3,1,3.488,0.368,99.95751421003307,PRESERVING,3.12,0,TERMINAL_REACHED,
T20,20,4.4,RPRA,1,3,4.4,0.428,58.235006708642445,PRESERVING,3.972,2,CONTINUE,
T20,20,4.4,RPRA,2,2,3.972,0.484,99.97222414909085,PRESERVING,3.488,1,CONTINUE,
T20,20,4.4,RPRA,3,1,3.488,0.368,99.95751421003307,PRESERVING,3.12,0,TERMINAL_REACHED,
T20,20,4.401,RPRA,1,3,4.401,0.429,58.401319227545734,PRESERVING,3.972,2,CONTINUE,
T20,20,4.401,RPRA,2,2,3.972,0.484,99.97222414909085,PRESERVING,3.488,1,CONTINUE,
T20,20,4.401,RPRA,3,1,3.488,0.368,99.95751421003307,PRESERVING,3.12,0,TERMINAL_REACHED,
T20,20,4.402,RPRA,1,3,4.402,0.43,58.56773185953185,PRESERVING,3.972,2,CONTINUE,
T20,20,4.402,RPRA,2,2,3.972,0.484,99.97222414909085,PRESERVING,3.488,1,CONTINUE,
T20,20,4.402,RPRA,3,1,3.488,0.368,99.95751421003307,PRESERVING,3.12,0,TERMINAL_REACHED,
T20,20,4.403,RPRA,1,3,4.403,0.431,58.73424445897575,PRESERVING,3.972,2,CONTINUE,
T20,20,4.403,RPRA,2,2,3.972,0.484,99.97222414909085,PRESERVING,3.488,1,CONTINUE,
T20,20,4.403,RPRA,3,1,3.488,0.368,99.95751421003307,PRESERVING,3.12,0,TERMINAL_REACHED,
T20,20,4.404,RPRA,1,3,4.404,0.432,58.900856880740676,PRESERVING,3.972,2,CONTINUE,
T20,20,4.404,RPRA,2,2,3.972,0.484,99.97222414909085,PRESERVING,3.488,1,CONTINUE,
T20,20,4.404,RPRA,3,1,3.488,0.368,99.95751421003307,PRESERVING,3.12,0,TERMINAL_REACHED,
T20,20,4.405,RPRA,1,3,4.405,0.433,59.0675689801755,PRESERVING,3.972,2,CONTINUE,
T20,20,4.405,RPRA,2,2,3.972,0.484,99.97222414909085,PRESERVING,3.488,1,CONTINUE,
T20,20,4.405,RPRA,3,1,3.488,0.368,99.95751421003307,PRESERVING,3.12,0,TERMINAL_REACHED,
T20,20,4.406,RPRA,1,3,4.406,0.434,59.23438061311125,PRESERVING,3.972,2,CONTINUE,
T20,20,4.406,RPRA,2,2,3.972,0.484,99.97222414909085,PRESERVING,3.488,1,CONTINUE,
T20,20,4.406,RPRA,3,1,3.488,0.368,99.95751421003307,PRESERVING,3.12,0,TERMINAL_REACHED,
T20,20,4.407,RPRA,1,3,4.407,0.435,59.40129163585937,PRESERVING,3.972,2,CONTINUE,
T20,20,4.407,RPRA,2,2,3.972,0.484,99.97222414909085,PRESERVING,3.488,1,CONTINUE,
T20,20,4.407,RPRA,3,1,3.488,0.368,99.95751421003307,PRESERVING,3.12,0,TERMINAL_REACHED,
T20,20,4.408,RPRA,1,3,4.408,0.436,59.56830190520851,PRESERVING,3.972,2,CONTINUE,
T20,20,4.408,RPRA,2,2,3.972,0.484,99.97222414909085,PRESERVING,3.488,1,CONTINUE,
T20,20,4.408,RPRA,3,1,3.488,0.368,99.95751421003307,PRESERVING,3.12,0,TERMINAL_REACHED,
T20,20,4.409,RPRA,1,3,4.409,0.437,59.73541127842162,PRESERVING,3.972,2,CONTINUE,
T20,20,4.409,RPRA,2,2,3.972,0.484,99.97222414909085,PRESERVING,3.488,1,CONTINUE,
T20,20,4.409,RPRA,3,1,3.488,0.368,99.95751421003307,PRESERVING,3.12,0,TERMINAL_REACHED,
T20,20,4.41,RPRA,1,3,4.41,0.438,59.902619613233476,PRESERVING,3.972,2,CONTINUE,
T20,20,4.41,RPRA,2,2,3.972,0.484,99.97222414909085,PRESERVING,3.488,1,CONTINUE,
T20,20,4.41,RPRA,3,1,3.488,0.368,99.95751421003307,PRESERVING,3.12,0,TERMINAL_REACHED,
T20,20,4.411,RPRA,1,3,4.411,0.439,60.06992676784819,PRESERVING,3.972,2,CONTINUE,
T20,20,4.411,RPRA,2,2,3.972,0.484,99.97222414909085,PRESERVING,3.488,1,CONTINUE,
T20,20,4.411,RPRA,3,1,3.488,0.368,99.95751421003307,PRESERVING,3.12,0,TERMINAL_REACHED,
T20,20,4.412,RPRA,1,3,4.412,0.44,60.23733260093563,PRESERVING,3.972,2,CONTINUE,
T20,20,4.412,RPRA,2,2,3.972,0.484,99.97222414909085,PRESERVING,3.488,1,CONTINUE,
T20,20,4.412,RPRA,3,1,3.488,0.368,99.95751421003307,PRESERVING,3.12,0,TERMINAL_REACHED,
T20,20,4.413,RPRA,1,3,4.413,0.441,60.40483697163017,PRESERVING,3.972,2,CONTINUE,
T20,20,4.413,RPRA,2,2,3.972,0.484,99.97222414909085,PRESERVING,3.488,1,CONTINUE,
T20,20,4.413,RPRA,3,1,3.488,0.368,99.95751421003307,PRESERVING,3.12,0,TERMINAL_REACHED,
T20,20,4.414,RPRA,1,3,4.414,0.442,60.57243973952704,PRESERVING,3.972,2,CONTINUE,
T20,20,4.414,RPRA,2,2,3.972,0.484,99.97222414909085,PRESERVING,3.488,1,CONTINUE,
T20,20,4.414,RPRA,3,1,3.488,0.368,99.95751421003307,PRESERVING,3.12,0,TERMINAL_REACHED,
T20,20,4.415,RPRA,1,3,4.415,0.443,60.74014076468017,PRESERVING,3.972,2,CONTINUE,
T20,20,4.415,RPRA,2,2,3.972,0.484,99.97222414909085,PRESERVING,3.488,1,CONTINUE,
T20,20,4.415,RPRA,3,1,3.488,0.368,99.95751421003307,PRESERVING,3.12,0,TERMINAL_REACHED,
T20,20,4.416,RPRA,1,3,4.416,0.444,60.90793990759958,PRESERVING,3.972,2,CONTINUE,
T20,20,4.416,RPRA,2,2,3.972,0.484,99.97222414909085,PRESERVING,3.488,1,CONTINUE,
T20,20,4.416,RPRA,3,1,3.488,0.368,99.95751421003307,PRESERVING,3.12,0,TERMINAL_REACHED,
T20,20,4.417,RPRA,1,3,4.417,0.445,61.07583702924882,PRESERVING,3.972,2,CONTINUE,
T20,20,4.417,RPRA,2,2,3.972,0.484,99.97222414909085,PRESERVING,3.488,1,CONTINUE,
T20,20,4.417,RPRA,3,1,3.488,0.368,99.95751421003307,PRESERVING,3.12,0,TERMINAL_REACHED,
T20,20,4.418,RPRA,1,3,4.418,0.446,61.2438319910417,PRESERVING,3.972,2,CONTINUE,
T20,20,4.418,RPRA,2,2,3.972,0.484,99.97222414909085,PRESERVING,3.488,1,CONTINUE,
T20,20,4.418,RPRA,3,1,3.488,0.368,99.95751421003307,PRESERVING,3.12,0,TERMINAL_REACHED,
T20,20,4.419,RPRA,1,3,4.419,0.447,61.411924654841435,PRESERVING,3.972,2,CONTINUE,
T20,20,4.419,RPRA,2,2,3.972,0.484,99.97222414909085,PRESERVING,3.488,1,CONTINUE,
T20,20,4.419,RPRA,3,1,3.488,0.368,99.95751421003307,PRESERVING,3.12,0,TERMINAL_REACHED,
T20,20,4.42,RPRA,1,3,4.42,0.448,61.58011488295651,PRESERVING,3.972,2,CONTINUE,
T20,20,4.42,RPRA,2,2,3.972,0.484,99.97222414909085,PRESERVING,3.488,1,CONTINUE,
T20,20,4.42,RPRA,3,1,3.488,0.368,99.95751421003307,PRESERVING,3.12,0,TERMINAL_REACHED,
T20,20,4.421,RPRA,1,3,4.421,0.449,61.748402538139224,PRESERVING,3.972,2,CONTINUE,
T20,20,4.421,RPRA,2,2,3.972,0.484,99.97222414909085,PRESERVING,3.488,1,CONTINUE,
T20,20,4.421,RPRA,3,1,3.488,0.368,99.95751421003307,PRESERVING,3.12,0,TERMINAL_REACHED,
T20,20,4.422,RPRA,1,3,4.422,0.45,61.916787483582716,PRESERVING,3.972,2,CONTINUE,
T20,20,4.422,RPRA,2,2,3.972,0.484,99.97222414909085,PRESERVING,3.488,1,CONTINUE,
T20,20,4.422,RPRA,3,1,3.488,0.368,99.95751421003307,PRESERVING,3.12,0,TERMINAL_REACHED,
T20,20,4.423,RPRA,1,3,4.423,0.451,62.08526958291895,PRESERVING,3.972,2,CONTINUE,
T20,20,4.423,RPRA,2,2,3.972,0.484,99.97222414909085,PRESERVING,3.488,1,CONTINUE,
T20,20,4.423,RPRA,3,1,3.488,0.368,99.95751421003307,PRESERVING,3.12,0,TERMINAL_REACHED,
T20,20,4.424,RPRA,1,3,4.424,0.452,62.25384870021534,PRESERVING,3.972,2,CONTINUE,
T20,20,4.424,RPRA,2,2,3.972,0.484,99.97222414909085,PRESERVING,3.488,1,CONTINUE,
T20,20,4.424,RPRA,3,1,3.488,0.368,99.95751421003307,PRESERVING,3.12,0,TERMINAL_REACHED,
T20,20,4.425,RPRA,1,3,4.425,0.453,62.4225246999739,PRESERVING,3.972,2,CONTINUE,
T20,20,4.425,RPRA,2,2,3.972,0.484,99.97222414909085,PRESERVING,3.488,1,CONTINUE,
T20,20,4.425,RPRA,3,1,3.488,0.368,99.95751421003307,PRESERVING,3.12,0,TERMINAL_REACHED,
T20,20,4.426,RPRA,1,3,4.426,0.454,62.591297447127396,PRESERVING,3.972,2,CONTINUE,
T20,20,4.426,RPRA,2,2,3.972,0.484,99.97222414909085,PRESERVING,3.488,1,CONTINUE,
T20,20,4.426,RPRA,3,1,3.488,0.368,99.95751421003307,PRESERVING,3.12,0,TERMINAL_REACHED,
T20,20,4.427,RPRA,1,3,4.427,0.455,62.7601668070381,PRESERVING,3.972,2,CONTINUE,
T20,20,4.427,RPRA,2,2,3.972,0.484,99.97222414909085,PRESERVING,3.488,1,CONTINUE,
T20,20,4.427,RPRA,3,1,3.488,0.368,99.95751421003307,PRESERVING,3.12,0,TERMINAL_REACHED,
T20,20,4.428,RPRA,1,3,4.428,0.456,62.929132645494626,PRESERVING,3.972,2,CONTINUE,
T20,20,4.428,RPRA,2,2,3.972,0.484,99.97222414909085,PRESERVING,3.488,1,CONTINUE,
T20,20,4.428,RPRA,3,1,3.488,0.368,99.95751421003307,PRESERVING,3.12,0,TERMINAL_REACHED,
T20,20,4.429,RPRA,1,3,4.429,0.457,63.09819482871029,PRESERVING,3.972,2,CONTINUE,
T20,20,4.429,RPRA,2,2,3.972,0.484,99.97222414909085,PRESERVING,3.488,1,CONTINUE,
T20,20,4.429,RPRA,3,1,3.488,0.368,99.95751421003307,PRESERVING,3.12,0,TERMINAL_REACHED,
T20,20,4.43,RPRA,1,3,4.43,0.458,63.267353223319695,PRESERVING,3.972,2,CONTINUE,
T20,20,4.43,RPRA,2,2,3.972,0.484,99.97222414909085,PRESERVING,3.488,1,CONTINUE,
T20,20,4.43,RPRA,3,1,3.488,0.368,99.95751421003307,PRESERVING,3.12,0,TERMINAL_REACHED,
T20,20,4.431,RPRA,1,3,4.431,0.459,63.43660769637795,PRESERVING,3.972,2,CONTINUE,
T20,20,4.431,RPRA,2,2,3.972,0.484,99.97222414909085,PRESERVING,3.488,1,CONTINUE,
T20,20,4.431,RPRA,3,1,3.488,0.368,99.95751421003307,PRESERVING,3.12,0,TERMINAL_REACHED,
T20,20,4.432,RPRA,1,3,4.432,0.46,63.60595811535728,PRESERVING,3.972,2,CONTINUE,
T20,20,4.432,RPRA,2,2,3.972,0.484,99.97222414909085,PRESERVING,3.488,1,CONTINUE,
T20,20,4.432,RPRA,3,1,3.488,0.368,99.95751421003307,PRESERVING,3.12,0,TERMINAL_REACHED,
T20,20,4.433,RPRA,1,3,4.433,0.461,63.77540434814541,PRESERVING,3.972,2,CONTINUE,
T20,20,4.433,RPRA,2,2,3.972,0.484,99.97222414909085,PRESERVING,3.488,1,CONTINUE,
T20,20,4.433,RPRA,3,1,3.488,0.368,99.95751421003307,PRESERVING,3.12,0,TERMINAL_REACHED,
T20,20,4.434,RPRA,1,3,4.434,0.462,63.944946263042745,PRESERVING,3.972,2,CONTINUE,
T20,20,4.434,RPRA,2,2,3.972,0.484,99.97222414909085,PRESERVING,3.488,1,CONTINUE,
T20,20,4.434,RPRA,3,1,3.488,0.368,99.95751421003307,PRESERVING,3.12,0,TERMINAL_REACHED,
T20,20,4.435,RPRA,1,3,4.435,0.463,64.11458372876088,PRESERVING,3.972,2,CONTINUE,
T20,20,4.435,RPRA,2,2,3.972,0.484,99.97222414909085,PRESERVING,3.488,1,CONTINUE,
T20,20,4.435,RPRA,3,1,3.488,0.368,99.95751421003307,PRESERVING,3.12,0,TERMINAL_REACHED,
T20,20,4.436,RPRA,1,3,4.436,0.464,64.28431661441908,PRESERVING,3.972,2,CONTINUE,
T20,20,4.436,RPRA,2,2,3.972,0.484,99.97222414909085,PRESERVING,3.488,1,CONTINUE,
T20,20,4.436,RPRA,3,1,3.488,0.368,99.95751421003307,PRESERVING,3.12,0,TERMINAL_REACHED,
T20,20,4.437,RPRA,1,3,4.437,0.465,64.45414478954386,PRESERVING,3.972,2,CONTINUE,
T20,20,4.437,RPRA,2,2,3.972,0.484,99.97222414909085,PRESERVING,3.488,1,CONTINUE,
T20,20,4.437,RPRA,3,1,3.488,0.368,99.95751421003307,PRESERVING,3.12,0,TERMINAL_REACHED,
T20,20,4.438,RPRA,1,3,4.438,0.466,64.6240681240657,PRESERVING,3.972,2,CONTINUE,
T20,20,4.438,RPRA,2,2,3.972,0.484,99.97222414909085,PRESERVING,3.488,1,CONTINUE,
T20,20,4.438,RPRA,3,1,3.488,0.368,99.95751421003307,PRESERVING,3.12,0,TERMINAL_REACHED,
T20,20,4.439,RPRA,1,3,4.439,0.467,64.79408648831698,PRESERVING,3.972,2,CONTINUE,
T20,20,4.439,RPRA,2,2,3.972,0.484,99.97222414909085,PRESERVING,3.488,1,CONTINUE,
T20,20,4.439,RPRA,3,1,3.488,0.368,99.95751421003307,PRESERVING,3.12,0,TERMINAL_REACHED,
T20,20,4.44,RPRA,1,3,4.44,0.468,64.96419975303014,PRESERVING,3.972,2,CONTINUE,
T20,20,4.44,RPRA,2,2,3.972,0.484,99.97222414909085,PRESERVING,3.488,1,CONTINUE,
T20,20,4.44,RPRA,3,1,3.488,0.368,99.95751421003307,PRESERVING,3.12,0,TERMINAL_REACHED,
T20,20,4.441,RPRA,1,3,4.441,0.469,65.13440778933557,PRESERVING,3.972,2,CONTINUE,
T20,20,4.441,RPRA,2,2,3.972,0.484,99.97222414909085,PRESERVING,3.488,1,CONTINUE,
T20,20,4.441,RPRA,3,1,3.488,0.368,99.95751421003307,PRESERVING,3.12,0,TERMINAL_REACHED,
T20,20,4.442,RPRA,1,3,4.442,0.47,65.30471046875844,PRESERVING,3.972,2,CONTINUE,
T20,20,4.442,RPRA,2,2,3.972,0.484,99.97222414909085,PRESERVING,3.488,1,CONTINUE,
T20,20,4.442,RPRA,3,1,3.488,0.368,99.95751421003307,PRESERVING,3.12,0,TERMINAL_REACHED,
T20,20,4.443,RPRA,1,3,4.443,0.471,65.47510766321864,PRESERVING,3.972,2,CONTINUE,
T20,20,4.443,RPRA,2,2,3.972,0.484,99.97222414909085,PRESERVING,3.488,1,CONTINUE,
T20,20,4.443,RPRA,3,1,3.488,0.368,99.95751421003307,PRESERVING,3.12,0,TERMINAL_REACHED,
T20,20,4.444,RPRA,1,3,4.444,0.472,65.64559924502693,PRESERVING,3.972,2,CONTINUE,
T20,20,4.444,RPRA,2,2,3.972,0.484,99.97222414909085,PRESERVING,3.488,1,CONTINUE,
T20,20,4.444,RPRA,3,1,3.488,0.368,99.95751421003307,PRESERVING,3.12,0,TERMINAL_REACHED,
T20,20,4.445,RPRA,1,3,4.445,0.473,65.81618508688368,PRESERVING,3.972,2,CONTINUE,
T20,20,4.445,RPRA,2,2,3.972,0.484,99.97222414909085,PRESERVING,3.488,1,CONTINUE,
T20,20,4.445,RPRA,3,1,3.488,0.368,99.95751421003307,PRESERVING,3.12,0,TERMINAL_REACHED,
T20,20,4.446,RPRA,1,3,4.446,0.474,65.98686506187671,PRESERVING,3.972,2,CONTINUE,
T20,20,4.446,RPRA,2,2,3.972,0.484,99.97222414909085,PRESERVING,3.488,1,CONTINUE,
T20,20,4.446,RPRA,3,1,3.488,0.368,99.95751421003307,PRESERVING,3.12,0,TERMINAL_REACHED,
T20,20,4.447,RPRA,1,3,4.447,0.475,66.15763904347914,PRESERVING,3.972,2,CONTINUE,
T20,20,4.447,RPRA,2,2,3.972,0.484,99.97222414909085,PRESERVING,3.488,1,CONTINUE,
T20,20,4.447,RPRA,3,1,3.488,0.368,99.95751421003307,PRESERVING,3.12,0,TERMINAL_REACHED,
T20,20,4.448,RPRA,1,3,4.448,0.476,66.32850690554766,PRESERVING,3.972,2,CONTINUE,
T20,20,4.448,RPRA,2,2,3.972,0.484,99.97222414909085,PRESERVING,3.488,1,CONTINUE,
T20,20,4.448,RPRA,3,1,3.488,0.368,99.95751421003307,PRESERVING,3.12,0,TERMINAL_REACHED,
T20,20,4.449,RPRA,1,3,4.449,0.477,66.49946852231965,PRESERVING,3.972,2,CONTINUE,
T20,20,4.449,RPRA,2,2,3.972,0.484,99.97222414909085,PRESERVING,3.488,1,CONTINUE,
T20,20,4.449,RPRA,3,1,3.488,0.368,99.95751421003307,PRESERVING,3.12,0,TERMINAL_REACHED,
T20,20,4.45,RPRA,1,3,4.45,0.478,66.67052376841254,PRESERVING,3.972,2,CONTINUE,
T20,20,4.45,RPRA,2,2,3.972,0.484,99.97222414909085,PRESERVING,3.488,1,CONTINUE,
T20,20,4.45,RPRA,3,1,3.488,0.368,99.95751421003307,PRESERVING,3.12,0,TERMINAL_REACHED,
T20,20,4.451,RPRA,1,3,4.451,0.479,66.84167251882104,PRESERVING,3.972,2,CONTINUE,
T20,20,4.451,RPRA,2,2,3.972,0.484,99.97222414909085,PRESERVING,3.488,1,CONTINUE,
T20,20,4.451,RPRA,3,1,3.488,0.368,99.95751421003307,PRESERVING,3.12,0,TERMINAL_REACHED,
T20,20,4.452,RPRA,1,3,4.452,0.48,67.01291464891499,PRESERVING,3.972,2,CONTINUE,
T20,20,4.452,RPRA,2,2,3.972,0.484,99.97222414909085,PRESERVING,3.488,1,CONTINUE,
T20,20,4.452,RPRA,3,1,3.488,0.368,99.95751421003307,PRESERVING,3.12,0,TERMINAL_REACHED,
T20,20,4.453,RPRA,1,3,4.453,0.481,67.18425003443829,PRESERVING,3.972,2,CONTINUE,
T20,20,4.453,RPRA,2,2,3.972,0.484,99.97222414909085,PRESERVING,3.488,1,CONTINUE,
T20,20,4.453,RPRA,3,1,3.488,0.368,99.95751421003307,PRESERVING,3.12,0,TERMINAL_REACHED,
T20,20,4.454,RPRA,1,3,4.454,0.482,67.35567855150558,PRESERVING,3.972,2,CONTINUE,
T20,20,4.454,RPRA,2,2,3.972,0.484,99.97222414909085,PRESERVING,3.488,1,CONTINUE,
T20,20,4.454,RPRA,3,1,3.488,0.368,99.95751421003307,PRESERVING,3.12,0,TERMINAL_REACHED,
T20,20,4.455,RPRA,1,3,4.455,0.483,67.5272000766017,PRESERVING,3.972,2,CONTINUE,
T20,20,4.455,RPRA,2,2,3.972,0.484,99.97222414909085,PRESERVING,3.488,1,CONTINUE,
T20,20,4.455,RPRA,3,1,3.488,0.368,99.95751421003307,PRESERVING,3.12,0,TERMINAL_REACHED,
T20,20,4.456,RPRA,1,3,4.456,0.484,67.69881448657938,PRESERVING,3.972,2,CONTINUE,
T20,20,4.456,RPRA,2,2,3.972,0.484,99.97222414909085,PRESERVING,3.488,1,CONTINUE,
T20,20,4.456,RPRA,3,1,3.488,0.368,99.95751421003307,PRESERVING,3.12,0,TERMINAL_REACHED,
T20,20,4.457,RPRA,1,3,4.457,0.485,67.8705216586569,PRESERVING,3.972,2,CONTINUE,
T20,20,4.457,RPRA,2,2,3.972,0.484,99.97222414909085,PRESERVING,3.488,1,CONTINUE,
T20,20,4.457,RPRA,3,1,3.488,0.368,99.95751421003307,PRESERVING,3.12,0,TERMINAL_REACHED,
T20,20,4.458,RPRA,1,3,4.458,0.486,68.04232147041647,PRESERVING,3.972,2,CONTINUE,
T20,20,4.458,RPRA,2,2,3.972,0.484,99.97222414909085,PRESERVING,3.488,1,CONTINUE,
T20,20,4.458,RPRA,3,1,3.488,0.368,99.95751421003307,PRESERVING,3.12,0,TERMINAL_REACHED,
T20,20,4.459,RPRA,1,3,4.459,0.487,68.2142137998029,PRESERVING,3.972,2,CONTINUE,
T20,20,4.459,RPRA,2,2,3.972,0.484,99.97222414909085,PRESERVING,3.488,1,CONTINUE,
T20,20,4.459,RPRA,3,1,3.488,0.368,99.95751421003307,PRESERVING,3.12,0,TERMINAL_REACHED,
T20,20,4.46,RPRA,1,3,4.46,0.488,68.38619852512095,PRESERVING,3.972,2,CONTINUE,
T20,20,4.46,RPRA,2,2,3.972,0.484,99.97222414909085,PRESERVING,3.488,1,CONTINUE,
T20,20,4.46,RPRA,3,1,3.488,0.368,99.95751421003307,PRESERVING,3.12,0,TERMINAL_REACHED,
T20,20,4.461,RPRA,1,3,4.461,0.489,68.55827552503335,PRESERVING,3.972,2,CONTINUE,
T20,20,4.461,RPRA,2,2,3.972,0.484,99.97222414909085,PRESERVING,3.488,1,CONTINUE,
T20,20,4.461,RPRA,3,1,3.488,0.368,99.95751421003307,PRESERVING,3.12,0,TERMINAL_REACHED,
T20,20,4.462,RPRA,1,3,4.462,0.49,68.73044467856029,PRESERVING,3.972,2,CONTINUE,
T20,20,4.462,RPRA,2,2,3.972,0.484,99.97222414909085,PRESERVING,3.488,1,CONTINUE,
T20,20,4.462,RPRA,3,1,3.488,0.368,99.95751421003307,PRESERVING,3.12,0,TERMINAL_REACHED,
T20,20,4.463,RPRA,1,3,4.463,0.491,68.90270586507641,PRESERVING,3.972,2,CONTINUE,
T20,20,4.463,RPRA,2,2,3.972,0.484,99.97222414909085,PRESERVING,3.488,1,CONTINUE,
T20,20,4.463,RPRA,3,1,3.488,0.368,99.95751421003307,PRESERVING,3.12,0,TERMINAL_REACHED,
T20,20,4.464,RPRA,1,3,4.464,0.492,69.0750589643093,PRESERVING,3.972,2,CONTINUE,
T20,20,4.464,RPRA,2,2,3.972,0.484,99.97222414909085,PRESERVING,3.488,1,CONTINUE,
T20,20,4.464,RPRA,3,1,3.488,0.368,99.95751421003307,PRESERVING,3.12,0,TERMINAL_REACHED,
T20,20,4.465,RPRA,1,3,4.465,0.493,69.24750385633837,PRESERVING,3.972,2,CONTINUE,
T20,20,4.465,RPRA,2,2,3.972,0.484,99.97222414909085,PRESERVING,3.488,1,CONTINUE,
T20,20,4.465,RPRA,3,1,3.488,0.368,99.95751421003307,PRESERVING,3.12,0,TERMINAL_REACHED,
T20,20,4.466,RPRA,1,3,4.466,0.494,69.42004042159124,PRESERVING,3.972,2,CONTINUE,
T20,20,4.466,RPRA,2,2,3.972,0.484,99.97222414909085,PRESERVING,3.488,1,CONTINUE,
T20,20,4.466,RPRA,3,1,3.488,0.368,99.95751421003307,PRESERVING,3.12,0,TERMINAL_REACHED,
T20,20,4.467,RPRA,1,3,4.467,0.495,69.59266854084447,PRESERVING,3.972,2,CONTINUE,
T20,20,4.467,RPRA,2,2,3.972,0.484,99.97222414909085,PRESERVING,3.488,1,CONTINUE,
T20,20,4.467,RPRA,3,1,3.488,0.368,99.95751421003307,PRESERVING,3.12,0,TERMINAL_REACHED,
T20,20,4.468,RPRA,1,3,4.468,0.496,69.7653880952201,PRESERVING,3.972,2,CONTINUE,
T20,20,4.468,RPRA,2,2,3.972,0.484,99.97222414909085,PRESERVING,3.488,1,CONTINUE,
T20,20,4.468,RPRA,3,1,3.488,0.368,99.95751421003307,PRESERVING,3.12,0,TERMINAL_REACHED,
T20,20,4.469,RPRA,1,3,4.469,0.497,69.93819896618447,PRESERVING,3.972,2,CONTINUE,
T20,20,4.469,RPRA,2,2,3.972,0.484,99.97222414909085,PRESERVING,3.488,1,CONTINUE,
T20,20,4.469,RPRA,3,1,3.488,0.368,99.95751421003307,PRESERVING,3.12,0,TERMINAL_REACHED,
T20,20,4.47,RPRA,1,3,4.47,0.498,70.11110103554643,PRESERVING,3.972,2,CONTINUE,
T20,20,4.47,RPRA,2,2,3.972,0.484,99.97222414909085,PRESERVING,3.488,1,CONTINUE,
T20,20,4.47,RPRA,3,1,3.488,0.368,99.95751421003307,PRESERVING,3.12,0,TERMINAL_REACHED,
T20,20,4.471,RPRA,1,3,4.471,0.499,70.28409418545561,PRESERVING,3.972,2,CONTINUE,
T20,20,4.471,RPRA,2,2,3.972,0.484,99.97222414909085,PRESERVING,3.488,1,CONTINUE,
T20,20,4.471,RPRA,3,1,3.488,0.368,99.95751421003307,PRESERVING,3.12,0,TERMINAL_REACHED,
T20,20,4.472,RPRA,1,3,4.472,0.5,70.45717829840102,PRESERVING,3.972,2,CONTINUE,
T20,20,4.472,RPRA,2,2,3.972,0.484,99.97222414909085,PRESERVING,3.488,1,CONTINUE,
T20,20,4.472,RPRA,3,1,3.488,0.368,99.95751421003307,PRESERVING,3.12,0,TERMINAL_REACHED,
T20,20,4.473,RPRA,1,3,4.473,0.501,70.63035325720838,PRESERVING,3.972,2,CONTINUE,
T20,20,4.473,RPRA,2,2,3.972,0.484,99.97222414909085,PRESERVING,3.488,1,CONTINUE,
T20,20,4.473,RPRA,3,1,3.488,0.368,99.95751421003307,PRESERVING,3.12,0,TERMINAL_REACHED,
T20,20,4.474,RPRA,1,3,4.474,0.502,70.80361894503994,PRESERVING,3.972,2,CONTINUE,
T20,20,4.474,RPRA,2,2,3.972,0.484,99.97222414909085,PRESERVING,3.488,1,CONTINUE,
T20,20,4.474,RPRA,3,1,3.488,0.368,99.95751421003307,PRESERVING,3.12,0,TERMINAL_REACHED,
T20,20,4.475,RPRA,1,3,4.475,0.503,70.97697524539174,PRESERVING,3.972,2,CONTINUE,
T20,20,4.475,RPRA,2,2,3.972,0.484,99.97222414909085,PRESERVING,3.488,1,CONTINUE,
T20,20,4.475,RPRA,3,1,3.488,0.368,99.95751421003307,PRESERVING,3.12,0,TERMINAL_REACHED,
T20,20,4.476,RPRA,1,3,4.476,0.504,71.15042204209225,PRESERVING,3.972,2,CONTINUE,
T20,20,4.476,RPRA,2,2,3.972,0.484,99.97222414909085,PRESERVING,3.488,1,CONTINUE,
T20,20,4.476,RPRA,3,1,3.488,0.368,99.95751421003307,PRESERVING,3.12,0,TERMINAL_REACHED,
T20,20,4.477,RPRA,1,3,4.477,0.505,71.32395921930103,PRESERVING,3.972,2,CONTINUE,
T20,20,4.477,RPRA,2,2,3.972,0.484,99.97222414909085,PRESERVING,3.488,1,CONTINUE,
T20,20,4.477,RPRA,3,1,3.488,0.368,99.95751421003307,PRESERVING,3.12,0,TERMINAL_REACHED,
T20,20,4.478,RPRA,1,3,4.478,0.506,71.4975866615061,PRESERVING,3.972,2,CONTINUE,
T20,20,4.478,RPRA,2,2,3.972,0.484,99.97222414909085,PRESERVING,3.488,1,CONTINUE,
T20,20,4.478,RPRA,3,1,3.488,0.368,99.95751421003307,PRESERVING,3.12,0,TERMINAL_REACHED,
T20,20,4.479,RPRA,1,3,4.479,0.507,71.67130425352372,PRESERVING,3.972,2,CONTINUE,
T20,20,4.479,RPRA,2,2,3.972,0.484,99.97222414909085,PRESERVING,3.488,1,CONTINUE,
T20,20,4.479,RPRA,3,1,3.488,0.368,99.95751421003307,PRESERVING,3.12,0,TERMINAL_REACHED,
T20,20,4.48,RPRA,1,3,4.48,0.508,71.84511188049595,PRESERVING,3.972,2,CONTINUE,
T20,20,4.48,RPRA,2,2,3.972,0.484,99.97222414909085,PRESERVING,3.488,1,CONTINUE,
T20,20,4.48,RPRA,3,1,3.488,0.368,99.95751421003307,PRESERVING,3.12,0,TERMINAL_REACHED,
T20,20,4.481,RPRA,1,3,4.481,0.509,72.01900942788913,PRESERVING,3.972,2,CONTINUE,
T20,20,4.481,RPRA,2,2,3.972,0.484,99.97222414909085,PRESERVING,3.488,1,CONTINUE,
T20,20,4.481,RPRA,3,1,3.488,0.368,99.95751421003307,PRESERVING,3.12,0,TERMINAL_REACHED,
T20,20,4.482,RPRA,1,3,4.482,0.51,72.19299678149251,PRESERVING,3.972,2,CONTINUE,
T20,20,4.482,RPRA,2,2,3.972,0.484,99.97222414909085,PRESERVING,3.488,1,CONTINUE,
T20,20,4.482,RPRA,3,1,3.488,0.368,99.95751421003307,PRESERVING,3.12,0,TERMINAL_REACHED,
T20,20,4.483,RPRA,1,3,4.483,0.511,72.36707382741633,PRESERVING,3.972,2,CONTINUE,
T20,20,4.483,RPRA,2,2,3.972,0.484,99.97222414909085,PRESERVING,3.488,1,CONTINUE,
T20,20,4.483,RPRA,3,1,3.488,0.368,99.95751421003307,PRESERVING,3.12,0,TERMINAL_REACHED,
T20,20,4.484,RPRA,1,3,4.484,0.512,72.54124045209105,PRESERVING,3.972,2,CONTINUE,
T20,20,4.484,RPRA,2,2,3.972,0.484,99.97222414909085,PRESERVING,3.488,1,CONTINUE,
T20,20,4.484,RPRA,3,1,3.488,0.368,99.95751421003307,PRESERVING,3.12,0,TERMINAL_REACHED,
T20,20,4.485,RPRA,1,3,4.485,0.513,72.71549654226419,PRESERVING,3.972,2,CONTINUE,
T20,20,4.485,RPRA,2,2,3.972,0.484,99.97222414909085,PRESERVING,3.488,1,CONTINUE,
T20,20,4.485,RPRA,3,1,3.488,0.368,99.95751421003307,PRESERVING,3.12,0,TERMINAL_REACHED,
T20,20,4.486,RPRA,1,3,4.486,0.514,72.88984198500083,PRESERVING,3.972,2,CONTINUE,
T20,20,4.486,RPRA,2,2,3.972,0.484,99.97222414909085,PRESERVING,3.488,1,CONTINUE,
T20,20,4.486,RPRA,3,1,3.488,0.368,99.95751421003307,PRESERVING,3.12,0,TERMINAL_REACHED,
T20,20,4.487,RPRA,1,3,4.487,0.515,73.06427666768053,PRESERVING,3.972,2,CONTINUE,
T20,20,4.487,RPRA,2,2,3.972,0.484,99.97222414909085,PRESERVING,3.488,1,CONTINUE,
T20,20,4.487,RPRA,3,1,3.488,0.368,99.95751421003307,PRESERVING,3.12,0,TERMINAL_REACHED,
T20,20,4.488,RPRA,1,3,4.488,0.516,73.23880047799668,PRESERVING,3.972,2,CONTINUE,
T20,20,4.488,RPRA,2,2,3.972,0.484,99.97222414909085,PRESERVING,3.488,1,CONTINUE,
T20,20,4.488,RPRA,3,1,3.488,0.368,99.95751421003307,PRESERVING,3.12,0,TERMINAL_REACHED,
T20,20,4.489,RPRA,1,3,4.489,0.517,73.41341330395475,PRESERVING,3.972,2,CONTINUE,
T20,20,4.489,RPRA,2,2,3.972,0.484,99.97222414909085,PRESERVING,3.488,1,CONTINUE,
T20,20,4.489,RPRA,3,1,3.488,0.368,99.95751421003307,PRESERVING,3.12,0,TERMINAL_REACHED,
T20,20,4.49,RPRA,1,3,4.49,0.518,73.5881150338699,PRESERVING,3.972,2,CONTINUE,
T20,20,4.49,RPRA,2,2,3.972,0.484,99.97222414909085,PRESERVING,3.488,1,CONTINUE,
T20,20,4.49,RPRA,3,1,3.488,0.368,99.95751421003307,PRESERVING,3.12,0,TERMINAL_REACHED,
T20,20,4.491,RPRA,1,3,4.491,0.519,73.76290555636733,PRESERVING,3.972,2,CONTINUE,
T20,20,4.491,RPRA,2,2,3.972,0.484,99.97222414909085,PRESERVING,3.488,1,CONTINUE,
T20,20,4.491,RPRA,3,1,3.488,0.368,99.95751421003307,PRESERVING,3.12,0,TERMINAL_REACHED,
T20,20,4.492,RPRA,1,3,4.492,0.52,73.93778476037924,PRESERVING,3.972,2,CONTINUE,
T20,20,4.492,RPRA,2,2,3.972,0.484,99.97222414909085,PRESERVING,3.488,1,CONTINUE,
T20,20,4.492,RPRA,3,1,3.488,0.368,99.95751421003307,PRESERVING,3.12,0,TERMINAL_REACHED,
T20,20,4.493,RPRA,1,3,4.493,0.521,74.11275253514412,PRESERVING,3.972,2,CONTINUE,
T20,20,4.493,RPRA,2,2,3.972,0.484,99.97222414909085,PRESERVING,3.488,1,CONTINUE,
T20,20,4.493,RPRA,3,1,3.488,0.368,99.95751421003307,PRESERVING,3.12,0,TERMINAL_REACHED,
T20,20,4.494,RPRA,1,3,4.494,0.522,74.28780877020488,PRESERVING,3.972,2,CONTINUE,
T20,20,4.494,RPRA,2,2,3.972,0.484,99.97222414909085,PRESERVING,3.488,1,CONTINUE,
T20,20,4.494,RPRA,3,1,3.488,0.368,99.95751421003307,PRESERVING,3.12,0,TERMINAL_REACHED,
T20,20,4.495,RPRA,1,3,4.495,0.523,74.4629533554078,PRESERVING,3.972,2,CONTINUE,
T20,20,4.495,RPRA,2,2,3.972,0.484,99.97222414909085,PRESERVING,3.488,1,CONTINUE,
T20,20,4.495,RPRA,3,1,3.488,0.368,99.95751421003307,PRESERVING,3.12,0,TERMINAL_REACHED,
T20,20,4.496,RPRA,1,3,4.496,0.524,74.63818618090095,PRESERVING,3.972,2,CONTINUE,
T20,20,4.496,RPRA,2,2,3.972,0.484,99.97222414909085,PRESERVING,3.488,1,CONTINUE,
T20,20,4.496,RPRA,3,1,3.488,0.368,99.95751421003307,PRESERVING,3.12,0,TERMINAL_REACHED,
T20,20,4.497,RPRA,1,3,4.497,0.525,74.81350713713204,PRESERVING,3.972,2,CONTINUE,
T20,20,4.497,RPRA,2,2,3.972,0.484,99.97222414909085,PRESERVING,3.488,1,CONTINUE,
T20,20,4.497,RPRA,3,1,3.488,0.368,99.95751421003307,PRESERVING,3.12,0,TERMINAL_REACHED,
T20,20,4.498,RPRA,1,3,4.498,0.526,74.98891611484848,PRESERVING,3.972,2,CONTINUE,
T20,20,4.498,RPRA,2,2,3.972,0.484,99.97222414909085,PRESERVING,3.488,1,CONTINUE,
T20,20,4.498,RPRA,3,1,3.488,0.368,99.95751421003307,PRESERVING,3.12,0,TERMINAL_REACHED,
T20,20,4.499,RPRA,1,3,4.499,0.527,75.1644130050946,PRESERVING,3.972,2,CONTINUE,
T20,20,4.499,RPRA,2,2,3.972,0.484,99.97222414909085,PRESERVING,3.488,1,CONTINUE,
T20,20,4.499,RPRA,3,1,3.488,0.368,99.95751421003307,PRESERVING,3.12,0,TERMINAL_REACHED,
T20,20,4.5,RPRA,1,3,4.5,0.528,75.33999769921117,PRESERVING,3.972,2,CONTINUE,
T20,20,4.5,RPRA,2,2,3.972,0.484,99.97222414909085,PRESERVING,3.488,1,CONTINUE,
T20,20,4.5,RPRA,3,1,3.488,0.368,99.95751421003307,PRESERVING,3.12,0,TERMINAL_REACHED,
T20,20,4.501,RPRA,1,3,4.501,0.529,75.51567008883373,PRESERVING,3.972,2,CONTINUE,
T20,20,4.501,RPRA,2,2,3.972,0.484,99.97222414909085,PRESERVING,3.488,1,CONTINUE,
T20,20,4.501,RPRA,3,1,3.488,0.368,99.95751421003307,PRESERVING,3.12,0,TERMINAL_REACHED,
T20,20,4.502,RPRA,1,3,4.502,0.53,75.69143006589023,PRESERVING,3.972,2,CONTINUE,
T20,20,4.502,RPRA,2,2,3.972,0.484,99.97222414909085,PRESERVING,3.488,1,CONTINUE,
T20,20,4.502,RPRA,3,1,3.488,0.368,99.95751421003307,PRESERVING,3.12,0,TERMINAL_REACHED,
T20,20,4.503,RPRA,1,3,4.503,0.531,75.86727752260134,PRESERVING,3.972,2,CONTINUE,
T20,20,4.503,RPRA,2,2,3.972,0.484,99.97222414909085,PRESERVING,3.488,1,CONTINUE,
T20,20,4.503,RPRA,3,1,3.488,0.368,99.95751421003307,PRESERVING,3.12,0,TERMINAL_REACHED,
T20,20,4.504,RPRA,1,3,4.504,0.532,76.0432123514783,PRESERVING,3.972,2,CONTINUE,
T20,20,4.504,RPRA,2,2,3.972,0.484,99.97222414909085,PRESERVING,3.488,1,CONTINUE,
T20,20,4.504,RPRA,3,1,3.488,0.368,99.95751421003307,PRESERVING,3.12,0,TERMINAL_REACHED,
T20,20,4.505,RPRA,1,3,4.505,0.533,76.21923444532116,PRESERVING,3.972,2,CONTINUE,
T20,20,4.505,RPRA,2,2,3.972,0.484,99.97222414909085,PRESERVING,3.488,1,CONTINUE,
T20,20,4.505,RPRA,3,1,3.488,0.368,99.95751421003307,PRESERVING,3.12,0,TERMINAL_REACHED,
T20,20,4.506,RPRA,1,3,4.506,0.534,76.39534369721795,PRESERVING,3.972,2,CONTINUE,
T20,20,4.506,RPRA,2,2,3.972,0.484,99.97222414909085,PRESERVING,3.488,1,CONTINUE,
T20,20,4.506,RPRA,3,1,3.488,0.368,99.95751421003307,PRESERVING,3.12,0,TERMINAL_REACHED,
T20,20,4.507,RPRA,1,3,4.507,0.535,76.5715400005434,PRESERVING,3.972,2,CONTINUE,
T20,20,4.507,RPRA,2,2,3.972,0.484,99.97222414909085,PRESERVING,3.488,1,CONTINUE,
T20,20,4.507,RPRA,3,1,3.488,0.368,99.95751421003307,PRESERVING,3.12,0,TERMINAL_REACHED,
T20,20,4.508,RPRA,1,3,4.508,0.536,76.74782324895745,PRESERVING,3.972,2,CONTINUE,
T20,20,4.508,RPRA,2,2,3.972,0.484,99.97222414909085,PRESERVING,3.488,1,CONTINUE,
T20,20,4.508,RPRA,3,1,3.488,0.368,99.95751421003307,PRESERVING,3.12,0,TERMINAL_REACHED,
T20,20,4.509,RPRA,1,3,4.509,0.537,76.92419333640316,PRESERVING,3.972,2,CONTINUE,
T20,20,4.509,RPRA,2,2,3.972,0.484,99.97222414909085,PRESERVING,3.488,1,CONTINUE,
T20,20,4.509,RPRA,3,1,3.488,0.368,99.95751421003307,PRESERVING,3.12,0,TERMINAL_REACHED,
T20,20,4.51,RPRA,1,3,4.51,0.538,77.10065015710704,PRESERVING,3.972,2,CONTINUE,
T20,20,4.51,RPRA,2,2,3.972,0.484,99.97222414909085,PRESERVING,3.488,1,CONTINUE,
T20,20,4.51,RPRA,3,1,3.488,0.368,99.95751421003307,PRESERVING,3.12,0,TERMINAL_REACHED,
T20,20,4.511,RPRA,1,3,4.511,0.539,77.27719360557636,PRESERVING,3.972,2,CONTINUE,
T20,20,4.511,RPRA,2,2,3.972,0.484,99.97222414909085,PRESERVING,3.488,1,CONTINUE,
T20,20,4.511,RPRA,3,1,3.488,0.368,99.95751421003307,PRESERVING,3.12,0,TERMINAL_REACHED,
T20,20,4.512,RPRA,1,3,4.512,0.54,77.45382357659845,PRESERVING,3.972,2,CONTINUE,
T20,20,4.512,RPRA,2,2,3.972,0.484,99.97222414909085,PRESERVING,3.488,1,CONTINUE,
T20,20,4.512,RPRA,3,1,3.488,0.368,99.95751421003307,PRESERVING,3.12,0,TERMINAL_REACHED,
T20,20,4.513,RPRA,1,3,4.513,0.541,77.63053996523972,PRESERVING,3.972,2,CONTINUE,
T20,20,4.513,RPRA,2,2,3.972,0.484,99.97222414909085,PRESERVING,3.488,1,CONTINUE,
T20,20,4.513,RPRA,3,1,3.488,0.368,99.95751421003307,PRESERVING,3.12,0,TERMINAL_REACHED,
T20,20,4.514,RPRA,1,3,4.514,0.542,77.80734266684306,PRESERVING,3.972,2,CONTINUE,
T20,20,4.514,RPRA,2,2,3.972,0.484,99.97222414909085,PRESERVING,3.488,1,CONTINUE,
T20,20,4.514,RPRA,3,1,3.488,0.368,99.95751421003307,PRESERVING,3.12,0,TERMINAL_REACHED,
T20,20,4.515,RPRA,1,3,4.515,0.543,77.98423157702805,PRESERVING,3.972,2,CONTINUE,
T20,20,4.515,RPRA,2,2,3.972,0.484,99.97222414909085,PRESERVING,3.488,1,CONTINUE,
T20,20,4.515,RPRA,3,1,3.488,0.368,99.95751421003307,PRESERVING,3.12,0,TERMINAL_REACHED,
T20,20,4.516,RPRA,1,3,4.516,0.544,78.16120659168915,PRESERVING,3.972,2,CONTINUE,
T20,20,4.516,RPRA,2,2,3.972,0.484,99.97222414909085,PRESERVING,3.488,1,CONTINUE,
T20,20,4.516,RPRA,3,1,3.488,0.368,99.95751421003307,PRESERVING,3.12,0,TERMINAL_REACHED,
T20,20,4.517,RPRA,1,3,4.517,0.545,78.33826760699435,PRESERVING,3.972,2,CONTINUE,
T20,20,4.517,RPRA,2,2,3.972,0.484,99.97222414909085,PRESERVING,3.488,1,CONTINUE,
T20,20,4.517,RPRA,3,1,3.488,0.368,99.95751421003307,PRESERVING,3.12,0,TERMINAL_REACHED,
T20,20,4.518,RPRA,1,3,4.518,0.546,78.51541451938382,PRESERVING,3.972,2,CONTINUE,
T20,20,4.518,RPRA,2,2,3.972,0.484,99.97222414909085,PRESERVING,3.488,1,CONTINUE,
T20,20,4.518,RPRA,3,1,3.488,0.368,99.95751421003307,PRESERVING,3.12,0,TERMINAL_REACHED,
T20,20,4.519,RPRA,1,3,4.519,0.547,78.69264722556905,PRESERVING,3.972,2,CONTINUE,
T20,20,4.519,RPRA,2,2,3.972,0.484,99.97222414909085,PRESERVING,3.488,1,CONTINUE,
T20,20,4.519,RPRA,3,1,3.488,0.368,99.95751421003307,PRESERVING,3.12,0,TERMINAL_REACHED,
T20,20,4.52,RPRA,1,3,4.52,0.548,78.86996562253162,PRESERVING,3.972,2,CONTINUE,
T20,20,4.52,RPRA,2,2,3.972,0.484,99.97222414909085,PRESERVING,3.488,1,CONTINUE,
T20,20,4.52,RPRA,3,1,3.488,0.368,99.95751421003307,PRESERVING,3.12,0,TERMINAL_REACHED,
T20,20,4.521,RPRA,1,3,4.521,0.549,79.04736960752089,PRESERVING,3.972,2,CONTINUE,
T20,20,4.521,RPRA,2,2,3.972,0.484,99.97222414909085,PRESERVING,3.488,1,CONTINUE,
T20,20,4.521,RPRA,3,1,3.488,0.368,99.95751421003307,PRESERVING,3.12,0,TERMINAL_REACHED,
T20,20,4.522,RPRA,1,3,4.522,0.55,79.22485907805455,PRESERVING,3.972,2,CONTINUE,
T20,20,4.522,RPRA,2,2,3.972,0.484,99.97222414909085,PRESERVING,3.488,1,CONTINUE,
T20,20,4.522,RPRA,3,1,3.488,0.368,99.95751421003307,PRESERVING,3.12,0,TERMINAL_REACHED,
T20,20,4.523,RPRA,1,3,4.523,0.551,79.40243393191611,PRESERVING,3.972,2,CONTINUE,
T20,20,4.523,RPRA,2,2,3.972,0.484,99.97222414909085,PRESERVING,3.488,1,CONTINUE,
T20,20,4.523,RPRA,3,1,3.488,0.368,99.95751421003307,PRESERVING,3.12,0,TERMINAL_REACHED,
T20,20,4.524,RPRA,1,3,4.524,0.552,79.58009406715438,PRESERVING,3.972,2,CONTINUE,
T20,20,4.524,RPRA,2,2,3.972,0.484,99.97222414909085,PRESERVING,3.488,1,CONTINUE,
T20,20,4.524,RPRA,3,1,3.488,0.368,99.95751421003307,PRESERVING,3.12,0,TERMINAL_REACHED,
T20,20,4.525,RPRA,1,3,4.525,0.553,79.75783938208205,PRESERVING,3.972,2,CONTINUE,
T20,20,4.525,RPRA,2,2,3.972,0.484,99.97222414909085,PRESERVING,3.488,1,CONTINUE,
T20,20,4.525,RPRA,3,1,3.488,0.368,99.95751421003307,PRESERVING,3.12,0,TERMINAL_REACHED,
T20,20,4.526,RPRA,1,3,4.526,0.554,79.93566977527382,PRESERVING,3.972,2,CONTINUE,
T20,20,4.526,RPRA,2,2,3.972,0.484,99.97222414909085,PRESERVING,3.488,1,CONTINUE,
T20,20,4.526,RPRA,3,1,3.488,0.368,99.95751421003307,PRESERVING,3.12,0,TERMINAL_REACHED,
T20,20,4.527,RPRA,1,3,4.527,0.555,80.11358514556662,PRESERVING,3.972,2,CONTINUE,
T20,20,4.527,RPRA,2,2,3.972,0.484,99.97222414909085,PRESERVING,3.488,1,CONTINUE,
T20,20,4.527,RPRA,3,1,3.488,0.368,99.95751421003307,PRESERVING,3.12,0,TERMINAL_REACHED,
T20,20,4.528,RPRA,1,3,4.528,0.556,80.29158539205729,PRESERVING,3.972,2,CONTINUE,
T20,20,4.528,RPRA,2,2,3.972,0.484,99.97222414909085,PRESERVING,3.488,1,CONTINUE,
T20,20,4.528,RPRA,3,1,3.488,0.368,99.95751421003307,PRESERVING,3.12,0,TERMINAL_REACHED,
T20,20,4.529,RPRA,1,3,4.529,0.557,80.46967041410221,PRESERVING,3.972,2,CONTINUE,
T20,20,4.529,RPRA,2,2,3.972,0.484,99.97222414909085,PRESERVING,3.488,1,CONTINUE,
T20,20,4.529,RPRA,3,1,3.488,0.368,99.95751421003307,PRESERVING,3.12,0,TERMINAL_REACHED,
T20,20,4.53,RPRA,1,3,4.53,0.558,80.6478401113152,PRESERVING,3.972,2,CONTINUE,
T20,20,4.53,RPRA,2,2,3.972,0.484,99.97222414909085,PRESERVING,3.488,1,CONTINUE,
T20,20,4.53,RPRA,3,1,3.488,0.368,99.95751421003307,PRESERVING,3.12,0,TERMINAL_REACHED,
T20,20,4.531,RPRA,1,3,4.531,0.559,80.82609438356744,PRESERVING,3.972,2,CONTINUE,
T20,20,4.531,RPRA,2,2,3.972,0.484,99.97222414909085,PRESERVING,3.488,1,CONTINUE,
T20,20,4.531,RPRA,3,1,3.488,0.368,99.95751421003307,PRESERVING,3.12,0,TERMINAL_REACHED,
T20,20,4.532,RPRA,1,3,4.532,0.56,81.00443313098575,PRESERVING,3.972,2,CONTINUE,
T20,20,4.532,RPRA,2,2,3.972,0.484,99.97222414909085,PRESERVING,3.488,1,CONTINUE,
T20,20,4.532,RPRA,3,1,3.488,0.368,99.95751421003307,PRESERVING,3.12,0,TERMINAL_REACHED,
T20,20,4.533,RPRA,1,3,4.533,0.561,81.18285625395099,PRESERVING,3.972,2,CONTINUE,
T20,20,4.533,RPRA,2,2,3.972,0.484,99.97222414909085,PRESERVING,3.488,1,CONTINUE,
T20,20,4.533,RPRA,3,1,3.488,0.368,99.95751421003307,PRESERVING,3.12,0,TERMINAL_REACHED,
T20,20,4.534,RPRA,1,3,4.534,0.562,81.36136365309805,PRESERVING,3.972,2,CONTINUE,
T20,20,4.534,RPRA,2,2,3.972,0.484,99.97222414909085,PRESERVING,3.488,1,CONTINUE,
T20,20,4.534,RPRA,3,1,3.488,0.368,99.95751421003307,PRESERVING,3.12,0,TERMINAL_REACHED,
T20,20,4.535,RPRA,1,3,4.535,0.563,81.53995522931415,PRESERVING,3.972,2,CONTINUE,
T20,20,4.535,RPRA,2,2,3.972,0.484,99.97222414909085,PRESERVING,3.488,1,CONTINUE,
T20,20,4.535,RPRA,3,1,3.488,0.368,99.95751421003307,PRESERVING,3.12,0,TERMINAL_REACHED,
T20,20,4.536,RPRA,1,3,4.536,0.564,81.71863088373732,PRESERVING,3.972,2,CONTINUE,
T20,20,4.536,RPRA,2,2,3.972,0.484,99.97222414909085,PRESERVING,3.488,1,CONTINUE,
T20,20,4.536,RPRA,3,1,3.488,0.368,99.95751421003307,PRESERVING,3.12,0,TERMINAL_REACHED,
T20,20,4.537,RPRA,1,3,4.537,0.565,81.897390517756,PRESERVING,3.972,2,CONTINUE,
T20,20,4.537,RPRA,2,2,3.972,0.484,99.97222414909085,PRESERVING,3.488,1,CONTINUE,
T20,20,4.537,RPRA,3,1,3.488,0.368,99.95751421003307,PRESERVING,3.12,0,TERMINAL_REACHED,
T20,20,4.538,RPRA,1,3,4.538,0.566,82.076234033008,PRESERVING,3.972,2,CONTINUE,
T20,20,4.538,RPRA,2,2,3.972,0.484,99.97222414909085,PRESERVING,3.488,1,CONTINUE,
T20,20,4.538,RPRA,3,1,3.488,0.368,99.95751421003307,PRESERVING,3.12,0,TERMINAL_REACHED,
T20,20,4.539,RPRA,1,3,4.539,0.567,82.25516133137792,PRESERVING,3.972,2,CONTINUE,
T20,20,4.539,RPRA,2,2,3.972,0.484,99.97222414909085,PRESERVING,3.488,1,CONTINUE,
T20,20,4.539,RPRA,3,1,3.488,0.368,99.95751421003307,PRESERVING,3.12,0,TERMINAL_REACHED,
T20,20,4.54,RPRA,1,3,4.54,0.568,82.43417231499835,PRESERVING,3.972,2,CONTINUE,
T20,20,4.54,RPRA,2,2,3.972,0.484,99.97222414909085,PRESERVING,3.488,1,CONTINUE,
T20,20,4.54,RPRA,3,1,3.488,0.368,99.95751421003307,PRESERVING,3.12,0,TERMINAL_REACHED,
T20,20,4.541,RPRA,1,3,4.541,0.569,82.61326688624709,PRESERVING,3.972,2,CONTINUE,
T20,20,4.541,RPRA,2,2,3.972,0.484,99.97222414909085,PRESERVING,3.488,1,CONTINUE,
T20,20,4.541,RPRA,3,1,3.488,0.368,99.95751421003307,PRESERVING,3.12,0,TERMINAL_REACHED,
T20,20,4.542,RPRA,1,3,4.542,0.57,82.79244494774686,PRESERVING,3.972,2,CONTINUE,
T20,20,4.542,RPRA,2,2,3.972,0.484,99.97222414909085,PRESERVING,3.488,1,CONTINUE,
T20,20,4.542,RPRA,3,1,3.488,0.368,99.95751421003307,PRESERVING,3.12,0,TERMINAL_REACHED,
T20,20,4.543,RPRA,1,3,4.543,0.571,82.97170640236385,PRESERVING,3.972,2,CONTINUE,
T20,20,4.543,RPRA,2,2,3.972,0.484,99.97222414909085,PRESERVING,3.488,1,CONTINUE,
T20,20,4.543,RPRA,3,1,3.488,0.368,99.95751421003307,PRESERVING,3.12,0,TERMINAL_REACHED,
T20,20,4.544,RPRA,1,3,4.544,0.572,83.15105115320684,PRESERVING,3.972,2,CONTINUE,
T20,20,4.544,RPRA,2,2,3.972,0.484,99.97222414909085,PRESERVING,3.488,1,CONTINUE,
T20,20,4.544,RPRA,3,1,3.488,0.368,99.95751421003307,PRESERVING,3.12,0,TERMINAL_REACHED,
T20,20,4.545,RPRA,1,3,4.545,0.573,83.33047910362639,PRESERVING,3.972,2,CONTINUE,
T20,20,4.545,RPRA,2,2,3.972,0.484,99.97222414909085,PRESERVING,3.488,1,CONTINUE,
T20,20,4.545,RPRA,3,1,3.488,0.368,99.95751421003307,PRESERVING,3.12,0,TERMINAL_REACHED,
T20,20,4.546,RPRA,1,3,4.546,0.574,83.50999015721284,PRESERVING,3.972,2,CONTINUE,
T20,20,4.546,RPRA,2,2,3.972,0.484,99.97222414909085,PRESERVING,3.488,1,CONTINUE,
T20,20,4.546,RPRA,3,1,3.488,0.368,99.95751421003307,PRESERVING,3.12,0,TERMINAL_REACHED,
T20,20,4.547,RPRA,1,3,4.547,0.575,83.6895842177966,PRESERVING,3.972,2,CONTINUE,
T20,20,4.547,RPRA,2,2,3.972,0.484,99.97222414909085,PRESERVING,3.488,1,CONTINUE,
T20,20,4.547,RPRA,3,1,3.488,0.368,99.95751421003307,PRESERVING,3.12,0,TERMINAL_REACHED,
T20,20,4.548,RPRA,1,3,4.548,0.576,83.86926118944633,PRESERVING,3.972,2,CONTINUE,
T20,20,4.548,RPRA,2,2,3.972,0.484,99.97222414909085,PRESERVING,3.488,1,CONTINUE,
T20,20,4.548,RPRA,3,1,3.488,0.368,99.95751421003307,PRESERVING,3.12,0,TERMINAL_REACHED,
T20,20,4.549,RPRA,1,3,4.549,0.577,84.04902097646793,PRESERVING,3.972,2,CONTINUE,
T20,20,4.549,RPRA,2,2,3.972,0.484,99.97222414909085,PRESERVING,3.488,1,CONTINUE,
T20,20,4.549,RPRA,3,1,3.488,0.368,99.95751421003307,PRESERVING,3.12,0,TERMINAL_REACHED,
T20,20,4.55,RPRA,1,3,4.55,0.578,84.22886348340407,PRESERVING,3.972,2,CONTINUE,
T20,20,4.55,RPRA,2,2,3.972,0.484,99.97222414909085,PRESERVING,3.488,1,CONTINUE,
T20,20,4.55,RPRA,3,1,3.488,0.368,99.95751421003307,PRESERVING,3.12,0,TERMINAL_REACHED,
T20,20,4.551,RPRA,1,3,4.551,0.579,84.40878861503172,PRESERVING,3.972,2,CONTINUE,
T20,20,4.551,RPRA,2,2,3.972,0.484,99.97222414909085,PRESERVING,3.488,1,CONTINUE,
T20,20,4.551,RPRA,3,1,3.488,0.368,99.95751421003307,PRESERVING,3.12,0,TERMINAL_REACHED,
T20,20,4.552,RPRA,1,3,4.552,0.58,84.5887962763632,PRESERVING,3.972,2,CONTINUE,
T20,20,4.552,RPRA,2,2,3.972,0.484,99.97222414909085,PRESERVING,3.488,1,CONTINUE,
T20,20,4.552,RPRA,3,1,3.488,0.368,99.95751421003307,PRESERVING,3.12,0,TERMINAL_REACHED,
T20,20,4.553,RPRA,1,3,4.553,0.581,84.76888637264393,PRESERVING,3.972,2,CONTINUE,
T20,20,4.553,RPRA,2,2,3.972,0.484,99.97222414909085,PRESERVING,3.488,1,CONTINUE,
T20,20,4.553,RPRA,3,1,3.488,0.368,99.95751421003307,PRESERVING,3.12,0,TERMINAL_REACHED,
T20,20,4.554,RPRA,1,3,4.554,0.582,84.94905880935136,PRESERVING,3.972,2,CONTINUE,
T20,20,4.554,RPRA,2,2,3.972,0.484,99.97222414909085,PRESERVING,3.488,1,CONTINUE,
T20,20,4.554,RPRA,3,1,3.488,0.368,99.95751421003307,PRESERVING,3.12,0,TERMINAL_REACHED,
T20,20,4.555,RPRA,1,3,4.555,0.583,85.12931349219448,PRESERVING,3.972,2,CONTINUE,
T20,20,4.555,RPRA,2,2,3.972,0.484,99.97222414909085,PRESERVING,3.488,1,CONTINUE,
T20,20,4.555,RPRA,3,1,3.488,0.368,99.95751421003307,PRESERVING,3.12,0,TERMINAL_REACHED,
T20,20,4.556,RPRA,1,3,4.556,0.584,85.30965032711262,PRESERVING,3.972,2,CONTINUE,
T20,20,4.556,RPRA,2,2,3.972,0.484,99.97222414909085,PRESERVING,3.488,1,CONTINUE,
T20,20,4.556,RPRA,3,1,3.488,0.368,99.95751421003307,PRESERVING,3.12,0,TERMINAL_REACHED,
T20,20,4.557,RPRA,1,3,4.557,0.585,85.49006922027472,PRESERVING,3.972,2,CONTINUE,
T20,20,4.557,RPRA,2,2,3.972,0.484,99.97222414909085,PRESERVING,3.488,1,CONTINUE,
T20,20,4.557,RPRA,3,1,3.488,0.368,99.95751421003307,PRESERVING,3.12,0,TERMINAL_REACHED,
T20,20,4.558,RPRA,1,3,4.558,0.586,85.67057007807729,PRESERVING,3.972,2,CONTINUE,
T20,20,4.558,RPRA,2,2,3.972,0.484,99.97222414909085,PRESERVING,3.488,1,CONTINUE,
T20,20,4.558,RPRA,3,1,3.488,0.368,99.95751421003307,PRESERVING,3.12,0,TERMINAL_REACHED,
T20,20,4.559,RPRA,1,3,4.559,0.587,85.85115280714508,PRESERVING,3.972,2,CONTINUE,
T20,20,4.559,RPRA,2,2,3.972,0.484,99.97222414909085,PRESERVING,3.488,1,CONTINUE,
T20,20,4.559,RPRA,3,1,3.488,0.368,99.95751421003307,PRESERVING,3.12,0,TERMINAL_REACHED,
T20,20,4.56,RPRA,1,3,4.56,0.588,86.03181731432923,PRESERVING,3.972,2,CONTINUE,
T20,20,4.56,RPRA,2,2,3.972,0.484,99.97222414909085,PRESERVING,3.488,1,CONTINUE,
T20,20,4.56,RPRA,3,1,3.488,0.368,99.95751421003307,PRESERVING,3.12,0,TERMINAL_REACHED,
T20,20,4.561,RPRA,1,3,4.561,0.589,86.21256350670598,PRESERVING,3.972,2,CONTINUE,
T20,20,4.561,RPRA,2,2,3.972,0.484,99.97222414909085,PRESERVING,3.488,1,CONTINUE,
T20,20,4.561,RPRA,3,1,3.488,0.368,99.95751421003307,PRESERVING,3.12,0,TERMINAL_REACHED,
T20,20,4.562,RPRA,1,3,4.562,0.59,86.3933912915768,PRESERVING,3.972,2,CONTINUE,
T20,20,4.562,RPRA,2,2,3.972,0.484,99.97222414909085,PRESERVING,3.488,1,CONTINUE,
T20,20,4.562,RPRA,3,1,3.488,0.368,99.95751421003307,PRESERVING,3.12,0,TERMINAL_REACHED,
T20,20,4.563,RPRA,1,3,4.563,0.591,86.57430057646579,PRESERVING,3.972,2,CONTINUE,
T20,20,4.563,RPRA,2,2,3.972,0.484,99.97222414909085,PRESERVING,3.488,1,CONTINUE,
T20,20,4.563,RPRA,3,1,3.488,0.368,99.95751421003307,PRESERVING,3.12,0,TERMINAL_REACHED,
T20,20,4.564,RPRA,1,3,4.564,0.592,86.75529126912055,PRESERVING,3.972,2,CONTINUE,
T20,20,4.564,RPRA,2,2,3.972,0.484,99.97222414909085,PRESERVING,3.488,1,CONTINUE,
T20,20,4.564,RPRA,3,1,3.488,0.368,99.95751421003307,PRESERVING,3.12,0,TERMINAL_REACHED,
T20,20,4.565,RPRA,1,3,4.565,0.593,86.93636327751021,PRESERVING,3.972,2,CONTINUE,
T20,20,4.565,RPRA,2,2,3.972,0.484,99.97222414909085,PRESERVING,3.488,1,CONTINUE,
T20,20,4.565,RPRA,3,1,3.488,0.368,99.95751421003307,PRESERVING,3.12,0,TERMINAL_REACHED,
T20,20,4.566,RPRA,1,3,4.566,0.594,87.11751650982478,PRESERVING,3.972,2,CONTINUE,
T20,20,4.566,RPRA,2,2,3.972,0.484,99.97222414909085,PRESERVING,3.488,1,CONTINUE,
T20,20,4.566,RPRA,3,1,3.488,0.368,99.95751421003307,PRESERVING,3.12,0,TERMINAL_REACHED,
T20,20,4.567,RPRA,1,3,4.567,0.595,87.29875087447391,PRESERVING,3.972,2,CONTINUE,
T20,20,4.567,RPRA,2,2,3.972,0.484,99.97222414909085,PRESERVING,3.488,1,CONTINUE,
T20,20,4.567,RPRA,3,1,3.488,0.368,99.95751421003307,PRESERVING,3.12,0,TERMINAL_REACHED,
T20,20,4.568,RPRA,1,3,4.568,0.596,87.4800662800865,PRESERVING,3.972,2,CONTINUE,
T20,20,4.568,RPRA,2,2,3.972,0.484,99.97222414909085,PRESERVING,3.488,1,CONTINUE,
T20,20,4.568,RPRA,3,1,3.488,0.368,99.95751421003307,PRESERVING,3.12,0,TERMINAL_REACHED,
T20,20,4.569,RPRA,1,3,4.569,0.597,87.66146263550965,PRESERVING,3.972,2,CONTINUE,
T20,20,4.569,RPRA,2,2,3.972,0.484,99.97222414909085,PRESERVING,3.488,1,CONTINUE,
T20,20,4.569,RPRA,3,1,3.488,0.368,99.95751421003307,PRESERVING,3.12,0,TERMINAL_REACHED,
T20,20,4.57,RPRA,1,3,4.57,0.598,87.84293984980687,PRESERVING,3.972,2,CONTINUE,
T20,20,4.57,RPRA,2,2,3.972,0.484,99.97222414909085,PRESERVING,3.488,1,CONTINUE,
T20,20,4.57,RPRA,3,1,3.488,0.368,99.95751421003307,PRESERVING,3.12,0,TERMINAL_REACHED,
T20,20,4.571,RPRA,1,3,4.571,0.599,88.02449783225877,PRESERVING,3.972,2,CONTINUE,
T20,20,4.571,RPRA,2,2,3.972,0.484,99.97222414909085,PRESERVING,3.488,1,CONTINUE,
T20,20,4.571,RPRA,3,1,3.488,0.368,99.95751421003307,PRESERVING,3.12,0,TERMINAL_REACHED,
T20,20,4.572,RPRA,1,3,4.572,0.6,88.20613649236107,PRESERVING,3.972,2,CONTINUE,
T20,20,4.572,RPRA,2,2,3.972,0.484,99.97222414909085,PRESERVING,3.488,1,CONTINUE,
T20,20,4.572,RPRA,3,1,3.488,0.368,99.95751421003307,PRESERVING,3.12,0,TERMINAL_REACHED,
T20,20,4.573,RPRA,1,3,4.573,0.601,88.38785573982372,PRESERVING,3.972,2,CONTINUE,
T20,20,4.573,RPRA,2,2,3.972,0.484,99.97222414909085,PRESERVING,3.488,1,CONTINUE,
T20,20,4.573,RPRA,3,1,3.488,0.368,99.95751421003307,PRESERVING,3.12,0,TERMINAL_REACHED,
T20,20,4.574,RPRA,1,3,4.574,0.602,88.56965548457086,PRESERVING,3.972,2,CONTINUE,
T20,20,4.574,RPRA,2,2,3.972,0.484,99.97222414909085,PRESERVING,3.488,1,CONTINUE,
T20,20,4.574,RPRA,3,1,3.488,0.368,99.95751421003307,PRESERVING,3.12,0,TERMINAL_REACHED,
T20,20,4.575,RPRA,1,3,4.575,0.603,88.75153563673842,PRESERVING,3.972,2,CONTINUE,
T20,20,4.575,RPRA,2,2,3.972,0.484,99.97222414909085,PRESERVING,3.488,1,CONTINUE,
T20,20,4.575,RPRA,3,1,3.488,0.368,99.95751421003307,PRESERVING,3.12,0,TERMINAL_REACHED,
T20,20,4.576,RPRA,1,3,4.576,0.604,88.93349610667494,PRESERVING,3.972,2,CONTINUE,
T20,20,4.576,RPRA,2,2,3.972,0.484,99.97222414909085,PRESERVING,3.488,1,CONTINUE,
T20,20,4.576,RPRA,3,1,3.488,0.368,99.95751421003307,PRESERVING,3.12,0,TERMINAL_REACHED,
T20,20,4.577,RPRA,1,3,4.577,0.605,89.11553680493958,PRESERVING,3.972,2,CONTINUE,
T20,20,4.577,RPRA,2,2,3.972,0.484,99.97222414909085,PRESERVING,3.488,1,CONTINUE,
T20,20,4.577,RPRA,3,1,3.488,0.368,99.95751421003307,PRESERVING,3.12,0,TERMINAL_REACHED,
T20,20,4.578,RPRA,1,3,4.578,0.606,89.29765764230181,PRESERVING,3.972,2,CONTINUE,
T20,20,4.578,RPRA,2,2,3.972,0.484,99.97222414909085,PRESERVING,3.488,1,CONTINUE,
T20,20,4.578,RPRA,3,1,3.488,0.368,99.95751421003307,PRESERVING,3.12,0,TERMINAL_REACHED,
T20,20,4.579,RPRA,1,3,4.579,0.607,89.47985852974013,PRESERVING,3.972,2,CONTINUE,
T20,20,4.579,RPRA,2,2,3.972,0.484,99.97222414909085,PRESERVING,3.488,1,CONTINUE,
T20,20,4.579,RPRA,3,1,3.488,0.368,99.95751421003307,PRESERVING,3.12,0,TERMINAL_REACHED,
T20,20,4.58,RPRA,1,3,4.58,0.608,89.66213937844155,PRESERVING,3.972,2,CONTINUE,
T20,20,4.58,RPRA,2,2,3.972,0.484,99.97222414909085,PRESERVING,3.488,1,CONTINUE,
T20,20,4.58,RPRA,3,1,3.488,0.368,99.95751421003307,PRESERVING,3.12,0,TERMINAL_REACHED,
T20,20,4.581,RPRA,1,3,4.581,0.609,89.84450009980085,PRESERVING,3.972,2,CONTINUE,
T20,20,4.581,RPRA,2,2,3.972,0.484,99.97222414909085,PRESERVING,3.488,1,CONTINUE,
T20,20,4.581,RPRA,3,1,3.488,0.368,99.95751421003307,PRESERVING,3.12,0,TERMINAL_REACHED,
T20,20,4.582,RPRA,1,3,4.582,0.61,90.02694060541876,PRESERVING,3.972,2,CONTINUE,
T20,20,4.582,RPRA,2,2,3.972,0.484,99.97222414909085,PRESERVING,3.488,1,CONTINUE,
T20,20,4.582,RPRA,3,1,3.488,0.368,99.95751421003307,PRESERVING,3.12,0,TERMINAL_REACHED,
T20,20,4.583,RPRA,1,3,4.583,0.611,90.20946080710257,PRESERVING,3.972,2,CONTINUE,
T20,20,4.583,RPRA,2,2,3.972,0.484,99.97222414909085,PRESERVING,3.488,1,CONTINUE,
T20,20,4.583,RPRA,3,1,3.488,0.368,99.95751421003307,PRESERVING,3.12,0,TERMINAL_REACHED,
T20,20,4.584,RPRA,1,3,4.584,0.612,90.39206061686441,PRESERVING,3.972,2,CONTINUE,
T20,20,4.584,RPRA,2,2,3.972,0.484,99.97222414909085,PRESERVING,3.488,1,CONTINUE,
T20,20,4.584,RPRA,3,1,3.488,0.368,99.95751421003307,PRESERVING,3.12,0,TERMINAL_REACHED,
T20,20,4.585,RPRA,1,3,4.585,0.613,90.57473994692043,PRESERVING,3.972,2,CONTINUE,
T20,20,4.585,RPRA,2,2,3.972,0.484,99.97222414909085,PRESERVING,3.488,1,CONTINUE,
T20,20,4.585,RPRA,3,1,3.488,0.368,99.95751421003307,PRESERVING,3.12,0,TERMINAL_REACHED,
T20,20,4.586,RPRA,1,3,4.586,0.614,90.75749870969051,PRESERVING,3.972,2,CONTINUE,
T20,20,4.586,RPRA,2,2,3.972,0.484,99.97222414909085,PRESERVING,3.488,1,CONTINUE,
T20,20,4.586,RPRA,3,1,3.488,0.368,99.95751421003307,PRESERVING,3.12,0,TERMINAL_REACHED,
T20,20,4.587,RPRA,1,3,4.587,0.615,90.94033681779635,PRESERVING,3.972,2,CONTINUE,
T20,20,4.587,RPRA,2,2,3.972,0.484,99.97222414909085,PRESERVING,3.488,1,CONTINUE,
T20,20,4.587,RPRA,3,1,3.488,0.368,99.95751421003307,PRESERVING,3.12,0,TERMINAL_REACHED,
T20,20,4.588,RPRA,1,3,4.588,0.616,91.12325418406212,PRESERVING,3.972,2,CONTINUE,
T20,20,4.588,RPRA,2,2,3.972,0.484,99.97222414909085,PRESERVING,3.488,1,CONTINUE,
T20,20,4.588,RPRA,3,1,3.488,0.368,99.95751421003307,PRESERVING,3.12,0,TERMINAL_REACHED,
T20,20,4.589,RPRA,1,3,4.589,0.617,91.30625072151253,PRESERVING,3.972,2,CONTINUE,
T20,20,4.589,RPRA,2,2,3.972,0.484,99.97222414909085,PRESERVING,3.488,1,CONTINUE,
T20,20,4.589,RPRA,3,1,3.488,0.368,99.95751421003307,PRESERVING,3.12,0,TERMINAL_REACHED,
T20,20,4.59,RPRA,1,3,4.59,0.618,91.48932634337248,PRESERVING,3.972,2,CONTINUE,
T20,20,4.59,RPRA,2,2,3.972,0.484,99.97222414909085,PRESERVING,3.488,1,CONTINUE,
T20,20,4.59,RPRA,3,1,3.488,0.368,99.95751421003307,PRESERVING,3.12,0,TERMINAL_REACHED,
T20,20,4.591,RPRA,1,3,4.591,0.619,91.67248096306614,PRESERVING,3.972,2,CONTINUE,
T20,20,4.591,RPRA,2,2,3.972,0.484,99.97222414909085,PRESERVING,3.488,1,CONTINUE,
T20,20,4.591,RPRA,3,1,3.488,0.368,99.95751421003307,PRESERVING,3.12,0,TERMINAL_REACHED,
T20,20,4.592,RPRA,1,3,4.592,0.62,91.85571449421616,PRESERVING,3.972,2,CONTINUE,
T20,20,4.592,RPRA,2,2,3.972,0.484,99.97222414909085,PRESERVING,3.488,1,CONTINUE,
T20,20,4.592,RPRA,3,1,3.488,0.368,99.95751421003307,PRESERVING,3.12,0,TERMINAL_REACHED,
T20,20,4.593,RPRA,1,3,4.593,0.621,92.0390268506432,PRESERVING,3.972,2,CONTINUE,
T20,20,4.593,RPRA,2,2,3.972,0.484,99.97222414909085,PRESERVING,3.488,1,CONTINUE,
T20,20,4.593,RPRA,3,1,3.488,0.368,99.95751421003307,PRESERVING,3.12,0,TERMINAL_REACHED,
T20,20,4.594,RPRA,1,3,4.594,0.622,92.22241794636412,PRESERVING,3.972,2,CONTINUE,
T20,20,4.594,RPRA,2,2,3.972,0.484,99.97222414909085,PRESERVING,3.488,1,CONTINUE,
T20,20,4.594,RPRA,3,1,3.488,0.368,99.95751421003307,PRESERVING,3.12,0,TERMINAL_REACHED,
T20,20,4.595,RPRA,1,3,4.595,0.623,92.40588769559247,PRESERVING,3.972,2,CONTINUE,
T20,20,4.595,RPRA,2,2,3.972,0.484,99.97222414909085,PRESERVING,3.488,1,CONTINUE,
T20,20,4.595,RPRA,3,1,3.488,0.368,99.95751421003307,PRESERVING,3.12,0,TERMINAL_REACHED,
T20,20,4.596,RPRA,1,3,4.596,0.624,92.5894360127371,PRESERVING,3.972,2,CONTINUE,
T20,20,4.596,RPRA,2,2,3.972,0.484,99.97222414909085,PRESERVING,3.488,1,CONTINUE,
T20,20,4.596,RPRA,3,1,3.488,0.368,99.95751421003307,PRESERVING,3.12,0,TERMINAL_REACHED,
T20,20,4.597,RPRA,1,3,4.597,0.625,92.77306281240129,PRESERVING,3.972,2,CONTINUE,
T20,20,4.597,RPRA,2,2,3.972,0.484,99.97222414909085,PRESERVING,3.488,1,CONTINUE,
T20,20,4.597,RPRA,3,1,3.488,0.368,99.95751421003307,PRESERVING,3.12,0,TERMINAL_REACHED,
T20,20,4.598,RPRA,1,3,4.598,0.626,92.95676800938256,PRESERVING,3.972,2,CONTINUE,
T20,20,4.598,RPRA,2,2,3.972,0.484,99.97222414909085,PRESERVING,3.488,1,CONTINUE,
T20,20,4.598,RPRA,3,1,3.488,0.368,99.95751421003307,PRESERVING,3.12,0,TERMINAL_REACHED,
T20,20,4.599,RPRA,1,3,4.599,0.627,93.1405515186705,PRESERVING,3.972,2,CONTINUE,
T20,20,4.599,RPRA,2,2,3.972,0.484,99.97222414909085,PRESERVING,3.488,1,CONTINUE,
T20,20,4.599,RPRA,3,1,3.488,0.368,99.95751421003307,PRESERVING,3.12,0,TERMINAL_REACHED,
T20,20,4.6,RPRA,1,3,4.6,0.628,93.32441325544787,PRESERVING,3.972,2,CONTINUE,
T20,20,4.6,RPRA,2,2,3.972,0.484,99.97222414909085,PRESERVING,3.488,1,CONTINUE,
T20,20,4.6,RPRA,3,1,3.488,0.368,99.95751421003307,PRESERVING,3.12,0,TERMINAL_REACHED,
T20,20,4.601,RPRA,1,3,4.601,0.629,93.50835313508854,PRESERVING,3.972,2,CONTINUE,
T20,20,4.601,RPRA,2,2,3.972,0.484,99.97222414909085,PRESERVING,3.488,1,CONTINUE,
T20,20,4.601,RPRA,3,1,3.488,0.368,99.95751421003307,PRESERVING,3.12,0,TERMINAL_REACHED,
T20,20,4.602,RPRA,1,3,4.602,0.63,93.69237107315728,PRESERVING,3.972,2,CONTINUE,
T20,20,4.602,RPRA,2,2,3.972,0.484,99.97222414909085,PRESERVING,3.488,1,CONTINUE,
T20,20,4.602,RPRA,3,1,3.488,0.368,99.95751421003307,PRESERVING,3.12,0,TERMINAL_REACHED,
T20,20,4.603,RPRA,1,3,4.603,0.631,93.87646698540877,PRESERVING,3.972,2,CONTINUE,
T20,20,4.603,RPRA,2,2,3.972,0.484,99.97222414909085,PRESERVING,3.488,1,CONTINUE,
T20,20,4.603,RPRA,3,1,3.488,0.368,99.95751421003307,PRESERVING,3.12,0,TERMINAL_REACHED,
T20,20,4.604,RPRA,1,3,4.604,0.632,94.06064078778704,PRESERVING,3.972,2,CONTINUE,
T20,20,4.604,RPRA,2,2,3.972,0.484,99.97222414909085,PRESERVING,3.488,1,CONTINUE,
T20,20,4.604,RPRA,3,1,3.488,0.368,99.95751421003307,PRESERVING,3.12,0,TERMINAL_REACHED,
T20,20,4.605,RPRA,1,3,4.605,0.633,94.24489239642469,PRESERVING,3.972,2,CONTINUE,
T20,20,4.605,RPRA,2,2,3.972,0.484,99.97222414909085,PRESERVING,3.488,1,CONTINUE,
T20,20,4.605,RPRA,3,1,3.488,0.368,99.95751421003307,PRESERVING,3.12,0,TERMINAL_REACHED,
T20,20,4.606,RPRA,1,3,4.606,0.634,94.42922172764176,PRESERVING,3.972,2,CONTINUE,
T20,20,4.606,RPRA,2,2,3.972,0.484,99.97222414909085,PRESERVING,3.488,1,CONTINUE,
T20,20,4.606,RPRA,3,1,3.488,0.368,99.95751421003307,PRESERVING,3.12,0,TERMINAL_REACHED,
T20,20,4.607,RPRA,1,3,4.607,0.635,94.6136286979456,PRESERVING,3.972,2,CONTINUE,
T20,20,4.607,RPRA,2,2,3.972,0.484,99.97222414909085,PRESERVING,3.488,1,CONTINUE,
T20,20,4.607,RPRA,3,1,3.488,0.368,99.95751421003307,PRESERVING,3.12,0,TERMINAL_REACHED,
T20,20,4.608,RPRA,1,3,4.608,0.636,94.79811322402988,PRESERVING,3.972,2,CONTINUE,
T20,20,4.608,RPRA,2,2,3.972,0.484,99.97222414909085,PRESERVING,3.488,1,CONTINUE,
T20,20,4.608,RPRA,3,1,3.488,0.368,99.95751421003307,PRESERVING,3.12,0,TERMINAL_REACHED,
T20,20,4.609,RPRA,1,3,4.609,0.637,94.98267522277374,PRESERVING,3.972,2,CONTINUE,
T20,20,4.609,RPRA,2,2,3.972,0.484,99.97222414909085,PRESERVING,3.488,1,CONTINUE,
T20,20,4.609,RPRA,3,1,3.488,0.368,99.95751421003307,PRESERVING,3.12,0,TERMINAL_REACHED,
T20,20,4.61,RPRA,1,3,4.61,0.638,95.16731461124148,PRESERVING,3.972,2,CONTINUE,
T20,20,4.61,RPRA,2,2,3.972,0.484,99.97222414909085,PRESERVING,3.488,1,CONTINUE,
T20,20,4.61,RPRA,3,1,3.488,0.368,99.95751421003307,PRESERVING,3.12,0,TERMINAL_REACHED,
T20,20,4.611,RPRA,1,3,4.611,0.639,95.35203130668101,PRESERVING,3.972,2,CONTINUE,
T20,20,4.611,RPRA,2,2,3.972,0.484,99.97222414909085,PRESERVING,3.488,1,CONTINUE,
T20,20,4.611,RPRA,3,1,3.488,0.368,99.95751421003307,PRESERVING,3.12,0,TERMINAL_REACHED,
T20,20,4.612,RPRA,1,3,4.612,0.64,95.53682522652407,PRESERVING,3.972,2,CONTINUE,
T20,20,4.612,RPRA,2,2,3.972,0.484,99.97222414909085,PRESERVING,3.488,1,CONTINUE,
T20,20,4.612,RPRA,3,1,3.488,0.368,99.95751421003307,PRESERVING,3.12,0,TERMINAL_REACHED,
T20,20,4.613,RPRA,1,3,4.613,0.641,95.72169628838502,PRESERVING,3.972,2,CONTINUE,
T20,20,4.613,RPRA,2,2,3.972,0.484,99.97222414909085,PRESERVING,3.488,1,CONTINUE,
T20,20,4.613,RPRA,3,1,3.488,0.368,99.95751421003307,PRESERVING,3.12,0,TERMINAL_REACHED,
T20,20,4.614,RPRA,1,3,4.614,0.642,95.90664441006024,PRESERVING,3.972,2,CONTINUE,
T20,20,4.614,RPRA,2,2,3.972,0.484,99.97222414909085,PRESERVING,3.488,1,CONTINUE,
T20,20,4.614,RPRA,3,1,3.488,0.368,99.95751421003307,PRESERVING,3.12,0,TERMINAL_REACHED,
T20,20,4.615,RPRA,1,3,4.615,0.643,96.09166950952736,PRESERVING,3.972,2,CONTINUE,
T20,20,4.615,RPRA,2,2,3.972,0.484,99.97222414909085,PRESERVING,3.488,1,CONTINUE,
T20,20,4.615,RPRA,3,1,3.488,0.368,99.95751421003307,PRESERVING,3.12,0,TERMINAL_REACHED,
T20,20,4.616,RPRA,1,3,4.616,0.644,96.27677150494483,PRESERVING,3.972,2,CONTINUE,
T20,20,4.616,RPRA,2,2,3.972,0.484,99.97222414909085,PRESERVING,3.488,1,CONTINUE,
T20,20,4.616,RPRA,3,1,3.488,0.368,99.95751421003307,PRESERVING,3.12,0,TERMINAL_REACHED,
T20,20,4.617,RPRA,1,3,4.617,0.645,96.46195031465092,PRESERVING,3.972,2,CONTINUE,
T20,20,4.617,RPRA,2,2,3.972,0.484,99.97222414909085,PRESERVING,3.488,1,CONTINUE,
T20,20,4.617,RPRA,3,1,3.488,0.368,99.95751421003307,PRESERVING,3.12,0,TERMINAL_REACHED,
T20,20,4.618,RPRA,1,3,4.618,0.646,96.64720585716269,PRESERVING,3.972,2,CONTINUE,
T20,20,4.618,RPRA,2,2,3.972,0.484,99.97222414909085,PRESERVING,3.488,1,CONTINUE,
T20,20,4.618,RPRA,3,1,3.488,0.368,99.95751421003307,PRESERVING,3.12,0,TERMINAL_REACHED,
T20,20,4.619,RPRA,1,3,4.619,0.647,96.83253805117631,PRESERVING,3.972,2,CONTINUE,
T20,20,4.619,RPRA,2,2,3.972,0.484,99.97222414909085,PRESERVING,3.488,1,CONTINUE,
T20,20,4.619,RPRA,3,1,3.488,0.368,99.95751421003307,PRESERVING,3.12,0,TERMINAL_REACHED,
T20,20,4.62,RPRA,1,3,4.62,0.648,97.01794681556551,PRESERVING,3.972,2,CONTINUE,
T20,20,4.62,RPRA,2,2,3.972,0.484,99.97222414909085,PRESERVING,3.488,1,CONTINUE,
T20,20,4.62,RPRA,3,1,3.488,0.368,99.95751421003307,PRESERVING,3.12,0,TERMINAL_REACHED,
T20,20,4.621,RPRA,1,3,4.621,0.649,97.20343206938142,PRESERVING,3.972,2,CONTINUE,
T20,20,4.621,RPRA,2,2,3.972,0.484,99.97222414909085,PRESERVING,3.488,1,CONTINUE,
T20,20,4.621,RPRA,3,1,3.488,0.368,99.95751421003307,PRESERVING,3.12,0,TERMINAL_REACHED,
T20,20,4.622,RPRA,1,3,4.622,0.65,97.38899373185156,PRESERVING,3.972,2,CONTINUE,
T20,20,4.622,RPRA,2,2,3.972,0.484,99.97222414909085,PRESERVING,3.488,1,CONTINUE,
T20,20,4.622,RPRA,3,1,3.488,0.368,99.95751421003307,PRESERVING,3.12,0,TERMINAL_REACHED,
T20,20,4.623,RPRA,1,3,4.623,0.651,97.57463172237897,PRESERVING,3.972,2,CONTINUE,
T20,20,4.623,RPRA,2,2,3.972,0.484,99.97222414909085,PRESERVING,3.488,1,CONTINUE,
T20,20,4.623,RPRA,3,1,3.488,0.368,99.95751421003307,PRESERVING,3.12,0,TERMINAL_REACHED,
T20,20,4.624,RPRA,1,3,4.624,0.652,97.76034596054224,PRESERVING,3.972,2,CONTINUE,
T20,20,4.624,RPRA,2,2,3.972,0.484,99.97222414909085,PRESERVING,3.488,1,CONTINUE,
T20,20,4.624,RPRA,3,1,3.488,0.368,99.95751421003307,PRESERVING,3.12,0,TERMINAL_REACHED,
T20,20,4.625,RPRA,1,3,4.625,0.653,97.94613636609422,PRESERVING,3.972,2,CONTINUE,
T20,20,4.625,RPRA,2,2,3.972,0.484,99.97222414909085,PRESERVING,3.488,1,CONTINUE,
T20,20,4.625,RPRA,3,1,3.488,0.368,99.95751421003307,PRESERVING,3.12,0,TERMINAL_REACHED,
T20,20,4.626,RPRA,1,3,4.626,0.654,98.13200285896173,PRESERVING,3.972,2,CONTINUE,
T20,20,4.626,RPRA,2,2,3.972,0.484,99.97222414909085,PRESERVING,3.488,1,CONTINUE,
T20,20,4.626,RPRA,3,1,3.488,0.368,99.95751421003307,PRESERVING,3.12,0,TERMINAL_REACHED,
T20,20,4.627,RPRA,1,3,4.627,0.655,98.31794535924473,PRESERVING,3.972,2,CONTINUE,
T20,20,4.627,RPRA,2,2,3.972,0.484,99.97222414909085,PRESERVING,3.488,1,CONTINUE,
T20,20,4.627,RPRA,3,1,3.488,0.368,99.95751421003307,PRESERVING,3.12,0,TERMINAL_REACHED,
T20,20,4.628,RPRA,1,3,4.628,0.656,98.50396378721558,PRESERVING,3.972,2,CONTINUE,
T20,20,4.628,RPRA,2,2,3.972,0.484,99.97222414909085,PRESERVING,3.488,1,CONTINUE,
T20,20,4.628,RPRA,3,1,3.488,0.368,99.95751421003307,PRESERVING,3.12,0,TERMINAL_REACHED,
T20,20,4.629,RPRA,1,3,4.629,0.657,98.69005806331882,PRESERVING,3.972,2,CONTINUE,
T20,20,4.629,RPRA,2,2,3.972,0.484,99.97222414909085,PRESERVING,3.488,1,CONTINUE,
T20,20,4.629,RPRA,3,1,3.488,0.368,99.95751421003307,PRESERVING,3.12,0,TERMINAL_REACHED,
T20,20,4.63,RPRA,1,3,4.63,0.658,98.87622810816944,PRESERVING,3.972,2,CONTINUE,
T20,20,4.63,RPRA,2,2,3.972,0.484,99.97222414909085,PRESERVING,3.488,1,CONTINUE,
T20,20,4.63,RPRA,3,1,3.488,0.368,99.95751421003307,PRESERVING,3.12,0,TERMINAL_REACHED,
T20,20,4.631,RPRA,1,3,4.631,0.659,99.06247384255379,PRESERVING,3.972,2,CONTINUE,
T20,20,4.631,RPRA,2,2,3.972,0.484,99.97222414909085,PRESERVING,3.488,1,CONTINUE,
T20,20,4.631,RPRA,3,1,3.488,0.368,99.95751421003307,PRESERVING,3.12,0,TERMINAL_REACHED,
T20,20,4.632,RPRA,1,3,4.632,0.66,99.24879518742777,PRESERVING,3.972,2,CONTINUE,
T20,20,4.632,RPRA,2,2,3.972,0.484,99.97222414909085,PRESERVING,3.488,1,CONTINUE,
T20,20,4.632,RPRA,3,1,3.488,0.368,99.95751421003307,PRESERVING,3.12,0,TERMINAL_REACHED,
T20,20,4.633,RPRA,1,3,4.633,0.661,99.43519206391662,PRESERVING,3.972,2,CONTINUE,
T20,20,4.633,RPRA,2,2,3.972,0.484,99.97222414909085,PRESERVING,3.488,1,CONTINUE,
T20,20,4.633,RPRA,3,1,3.488,0.368,99.95751421003307,PRESERVING,3.12,0,TERMINAL_REACHED,
T20,20,4.634,RPRA,1,3,4.634,0.662,99.62166439331449,PRESERVING,3.972,2,CONTINUE,
T20,20,4.634,RPRA,2,2,3.972,0.484,99.97222414909085,PRESERVING,3.488,1,CONTINUE,
T20,20,4.634,RPRA,3,1,3.488,0.368,99.95751421003307,PRESERVING,3.12,0,TERMINAL_REACHED,
T20,20,4.635,RPRA,1,3,4.635,0.663,99.80821209708294,PRESERVING,3.972,2,CONTINUE,
T20,20,4.635,RPRA,2,2,3.972,0.484,99.97222414909085,PRESERVING,3.488,1,CONTINUE,
T20,20,4.635,RPRA,3,1,3.488,0.368,99.95751421003307,PRESERVING,3.12,0,TERMINAL_REACHED,
T20,20,4.636,RPRA,1,3,4.636,0.664,99.9948350968513,PRESERVING,3.972,2,CONTINUE,
T20,20,4.636,RPRA,2,2,3.972,0.484,99.97222414909085,PRESERVING,3.488,1,CONTINUE,
T20,20,4.636,RPRA,3,1,3.488,0.368,99.95751421003307,PRESERVING,3.12,0,TERMINAL_REACHED,
