case_id,s_observed_mm,grid_mm,s_upward_mapped_mm,mapping_delta_um,discrete_status,continuous_status,continuous_margin_um,agreement,error_type
HO-0000,4.37420629603144,0.004,4.376,1.79370396856000,RECOVERABLE,RECOVERABLE,0.7797486437176104,true,AGREEMENT_RECOVERABLE
HO-0001,4.613825224200808,0.004,4.616,2.174775799192000,IRRECOVERABLE,IRRECOVERABLE,-1.5831782530007956,true,AGREEMENT_IRRECOVERABLE
HO-0002,4.581844073372435,0.004,4.584,2.155926627565000,IRRECOVERABLE,RECOVERABLE,0.38077767381329863,false,CONSERVATIVE_FALSE_REJECTION
HO-0003,4.75801088187586,0.004,4.76,1.98911812414000,IRRECOVERABLE,IRRECOVERABLE,-10.299522851981877,true,AGREEMENT_IRRECOVERABLE
HO-0004,4.293280376741941,0.004,4.296,2.719623258059000,RECOVERABLE,RECOVERABLE,0.7797486437184062,true,AGREEMENT_RECOVERABLE
HO-0005,4.663349044275552,0.004,4.664,0.650955724448000,IRRECOVERABLE,IRRECOVERABLE,-4.6023968922444,true,AGREEMENT_IRRECOVERABLE
HO-0006,4.313658884243675,0.004,4.316,2.341115756325000,RECOVERABLE,RECOVERABLE,0.7797486437179799,true,AGREEMENT_RECOVERABLE
HO-0007,4.519087883092836,0.004,4.52,0.912116907164000,RECOVERABLE,RECOVERABLE,0.779748643718051,true,AGREEMENT_RECOVERABLE
HO-0008,4.50192900396191,0.004,4.504,2.07099603809000,RECOVERABLE,RECOVERABLE,0.7797486437178947,true,AGREEMENT_RECOVERABLE
HO-0009,4.719948242055158,0.004,4.72,0.051757944842000,IRRECOVERABLE,IRRECOVERABLE,-8.02037316578523,true,AGREEMENT_IRRECOVERABLE
HO-0010,4.629337764686904,0.004,4.632,2.662235313096000,IRRECOVERABLE,IRRECOVERABLE,-2.5317740440539325,true,AGREEMENT_IRRECOVERABLE
HO-0011,4.476066553162793,0.004,4.48,3.933446837207000,RECOVERABLE,RECOVERABLE,0.7797486437180936,true,AGREEMENT_RECOVERABLE
HO-0012,4.760673772946892,0.004,4.764,3.326227053108000,IRRECOVERABLE,IRRECOVERABLE,-10.458392241606177,true,AGREEMENT_IRRECOVERABLE
HO-0013,4.562492290326929,0.004,4.564,1.507709673071000,RECOVERABLE,RECOVERABLE,0.7797486437180936,true,AGREEMENT_RECOVERABLE
HO-0014,4.19824394841659,0.004,4.2,1.75605158341000,RECOVERABLE,RECOVERABLE,0.7797486437180936,true,AGREEMENT_RECOVERABLE
HO-0015,4.792143315316093,0.004,4.796,3.856684683907000,IRRECOVERABLE,IRRECOVERABLE,-12.330141852432575,true,AGREEMENT_IRRECOVERABLE
HO-0016,4.684076541537306,0.004,4.688,3.923458462694000,IRRECOVERABLE,IRRECOVERABLE,-5.858134323355586,true,AGREEMENT_IRRECOVERABLE
HO-0017,4.758434923201739,0.004,4.76,1.565076798261000,IRRECOVERABLE,IRRECOVERABLE,-10.324826447288558,true,AGREEMENT_IRRECOVERABLE
HO-0018,4.780337888796062,0.004,4.784,3.662111203938000,IRRECOVERABLE,IRRECOVERABLE,-11.629215878332289,true,AGREEMENT_IRRECOVERABLE
HO-0019,4.42008638109366,0.004,4.424,3.91361890634000,RECOVERABLE,RECOVERABLE,0.779748643718051,true,AGREEMENT_RECOVERABLE
HO-0020,4.747205728633559,0.004,4.748,0.794271366441000,IRRECOVERABLE,IRRECOVERABLE,-9.654102716060947,true,AGREEMENT_IRRECOVERABLE
HO-0021,4.498981834408552,0.004,4.5,1.018165591448000,RECOVERABLE,RECOVERABLE,0.779748643717781,true,AGREEMENT_RECOVERABLE
HO-0022,4.594979070831228,0.004,4.596,1.020929168772000,IRRECOVERABLE,IRRECOVERABLE,-0.4271943033291876,true,AGREEMENT_IRRECOVERABLE
HO-0023,4.240883852770871,0.004,4.244,3.116147229129000,RECOVERABLE,RECOVERABLE,0.779748643717781,true,AGREEMENT_RECOVERABLE
HO-0024,4.238155635334473,0.004,4.24,1.844364665527000,RECOVERABLE,RECOVERABLE,0.779748643716772,true,AGREEMENT_RECOVERABLE
HO-0025,4.552483083311266,0.004,4.556,3.516916688734000,RECOVERABLE,RECOVERABLE,0.779748643718051,true,AGREEMENT_RECOVERABLE
HO-0026,4.536726309805622,0.004,4.54,3.273690194378000,RECOVERABLE,RECOVERABLE,0.779748643718051,true,AGREEMENT_RECOVERABLE
HO-0027,4.512478695923455,0.004,4.516,3.521304076545000,RECOVERABLE,RECOVERABLE,0.779748643718051,true,AGREEMENT_RECOVERABLE
HO-0028,4.578150598965571,0.004,4.58,1.849401034429000,IRRECOVERABLE,RECOVERABLE,0.6083145654638571,false,CONSERVATIVE_FALSE_REJECTION
HO-0029,4.765626892398162,0.004,4.768,2.373107601838000,IRRECOVERABLE,IRRECOVERABLE,-10.753695947767653,true,AGREEMENT_IRRECOVERABLE
HO-0030,4.416514988803014,0.004,4.42,3.485011196986000,RECOVERABLE,RECOVERABLE,0.779748643718051,true,AGREEMENT_RECOVERABLE
HO-0031,4.219151990504528,0.004,4.22,0.848009495472000,RECOVERABLE,RECOVERABLE,0.779748643718051,true,AGREEMENT_RECOVERABLE
HO-0032,4.76737709477014,0.004,4.768,0.62290522986000,IRRECOVERABLE,IRRECOVERABLE,-10.857979822229026,true,AGREEMENT_IRRECOVERABLE
HO-0033,4.658416264826462,0.004,4.66,1.583735173538000,IRRECOVERABLE,IRRECOVERABLE,-4.3028668719762635,true,AGREEMENT_IRRECOVERABLE
HO-0034,4.784643678209649,0.004,4.788,3.356321790351000,IRRECOVERABLE,IRRECOVERABLE,-11.88503646798469,true,AGREEMENT_IRRECOVERABLE
HO-0035,4.58972172421304,0.004,4.592,2.27827578696000,IRRECOVERABLE,IRRECOVERABLE,-0.10402639323976359,true,AGREEMENT_IRRECOVERABLE
HO-0036,4.455930890128327,0.004,4.456,0.069109871673000,RECOVERABLE,RECOVERABLE,0.779748643718051,true,AGREEMENT_RECOVERABLE
HO-0037,4.200370501355027,0.004,4.204,3.629498644973000,RECOVERABLE,RECOVERABLE,0.779748643718051,true,AGREEMENT_RECOVERABLE
HO-0038,4.252589150544033,0.004,4.256,3.410849455967000,RECOVERABLE,RECOVERABLE,0.779748643718051,true,AGREEMENT_RECOVERABLE
HO-0039,4.268690061843886,0.004,4.272,3.309938156114000,RECOVERABLE,RECOVERABLE,0.7797486437171983,true,AGREEMENT_RECOVERABLE
HO-0040,4.43652907464818,0.004,4.44,3.47092535182000,RECOVERABLE,RECOVERABLE,0.779748643718051,true,AGREEMENT_RECOVERABLE
HO-0041,4.3507371275236775,0.004,4.352,1.2628724763225000,RECOVERABLE,RECOVERABLE,0.7797486437182215,true,AGREEMENT_RECOVERABLE
HO-0042,4.376194019296599,0.004,4.38,3.805980703401000,RECOVERABLE,RECOVERABLE,0.779748643718051,true,AGREEMENT_RECOVERABLE
HO-0043,4.744766246103497,0.004,4.748,3.233753896503000,IRRECOVERABLE,IRRECOVERABLE,-9.50821283852629,true,AGREEMENT_IRRECOVERABLE
HO-0044,4.523619202617998,0.004,4.524,0.380797382002000,RECOVERABLE,RECOVERABLE,0.7797486437174825,true,AGREEMENT_RECOVERABLE
HO-0045,4.2627719789192575,0.004,4.264,1.2280210807425000,RECOVERABLE,RECOVERABLE,0.7797486437181078,true,AGREEMENT_RECOVERABLE
HO-0046,4.544884847351838,0.004,4.548,3.115152648162000,RECOVERABLE,RECOVERABLE,0.7797486437173404,true,AGREEMENT_RECOVERABLE
HO-0047,4.511902135294749,0.004,4.512,0.097864705251000,RECOVERABLE,RECOVERABLE,0.7797486437173404,true,AGREEMENT_RECOVERABLE
HO-0048,4.332426337743301,0.004,4.336,3.573662256699000,RECOVERABLE,RECOVERABLE,0.779748643718051,true,AGREEMENT_RECOVERABLE
HO-0049,4.6187207142819755,0.004,4.62,1.2792857180245000,IRRECOVERABLE,IRRECOVERABLE,-1.8828223571654377,true,AGREEMENT_IRRECOVERABLE
HO-0050,4.531063597953599,0.004,4.532,0.936402046401000,RECOVERABLE,RECOVERABLE,0.7797486437160472,true,AGREEMENT_RECOVERABLE
HO-0051,4.335638547648988,0.004,4.336,0.361452351012000,RECOVERABLE,RECOVERABLE,0.7797486437180936,true,AGREEMENT_RECOVERABLE
HO-0052,4.411806013441196,0.004,4.412,0.193986558804000,RECOVERABLE,RECOVERABLE,0.779748643718051,true,AGREEMENT_RECOVERABLE
HO-0053,4.640227007593636,0.004,4.644,3.772992406364000,IRRECOVERABLE,IRRECOVERABLE,-3.1960864172875887,true,AGREEMENT_IRRECOVERABLE
HO-0054,4.488976353340441,0.004,4.492,3.023646659559000,RECOVERABLE,RECOVERABLE,0.7797486437180936,true,AGREEMENT_RECOVERABLE
HO-0055,4.6191677795855535,0.004,4.62,0.8322204144465000,IRRECOVERABLE,IRRECOVERABLE,-1.9101733772536846,true,AGREEMENT_IRRECOVERABLE
HO-0056,4.319364871786497,0.004,4.32,0.635128213503000,RECOVERABLE,RECOVERABLE,0.7797486437184347,true,AGREEMENT_RECOVERABLE
HO-0057,4.720063522763066,0.004,4.724,3.936477236934000,IRRECOVERABLE,IRRECOVERABLE,-8.027299561985771,true,AGREEMENT_IRRECOVERABLE
HO-0058,4.7598610568585045,0.004,4.76,0.1389431414955000,IRRECOVERABLE,IRRECOVERABLE,-10.409913248216824,true,AGREEMENT_IRRECOVERABLE
HO-0059,4.475497841549461,0.004,4.476,0.502158450539000,RECOVERABLE,RECOVERABLE,0.779748643718051,true,AGREEMENT_RECOVERABLE
HO-0060,4.554003783606177,0.004,4.556,1.996216393823000,RECOVERABLE,RECOVERABLE,0.7797486437181931,true,AGREEMENT_RECOVERABLE
HO-0061,4.478522707940769,0.004,4.48,1.477292059231000,RECOVERABLE,RECOVERABLE,0.7797486437180936,true,AGREEMENT_RECOVERABLE
HO-0062,4.570400546273355,0.004,4.572,1.599453726645000,RECOVERABLE,RECOVERABLE,0.7797486437175678,true,AGREEMENT_RECOVERABLE
HO-0063,4.261085426629963,0.004,4.264,2.914573370037000,RECOVERABLE,RECOVERABLE,0.7797486437168573,true,AGREEMENT_RECOVERABLE
HO-0064,4.74721315476132,0.004,4.748,0.78684523868000,IRRECOVERABLE,IRRECOVERABLE,-9.654546727899373,true,AGREEMENT_IRRECOVERABLE
HO-0065,4.300496663543926,0.004,4.304,3.503336456074000,RECOVERABLE,RECOVERABLE,0.779748643718051,true,AGREEMENT_RECOVERABLE
HO-0066,4.224108488190461,0.004,4.228,3.891511809539000,RECOVERABLE,RECOVERABLE,0.779748643718051,true,AGREEMENT_RECOVERABLE
HO-0067,4.499490997168674,0.004,4.5,0.509002831326000,RECOVERABLE,RECOVERABLE,0.7797486437181504,true,AGREEMENT_RECOVERABLE
HO-0068,4.312229434985069,0.004,4.316,3.770565014931000,RECOVERABLE,RECOVERABLE,0.7797486437180936,true,AGREEMENT_RECOVERABLE
HO-0069,4.43591104919126,0.004,4.436,0.08895080874000,RECOVERABLE,RECOVERABLE,0.779748643718051,true,AGREEMENT_RECOVERABLE
HO-0070,4.773804189260726,0.004,4.776,2.195810739274000,IRRECOVERABLE,IRRECOVERABLE,-11.240650290858198,true,AGREEMENT_IRRECOVERABLE
HO-0071,4.190442053176937,0.004,4.192,1.557946823063000,RECOVERABLE,RECOVERABLE,0.7797486437177525,true,AGREEMENT_RECOVERABLE
HO-0072,4.456107441068771,0.004,4.46,3.892558931229000,RECOVERABLE,RECOVERABLE,0.779748643718051,true,AGREEMENT_RECOVERABLE
HO-0073,4.577097813013781,0.004,4.58,2.902186986219000,IRRECOVERABLE,RECOVERABLE,0.6731989494052044,false,CONSERVATIVE_FALSE_REJECTION
HO-0074,4.799203005884257,0.004,4.8,0.796994115743000,IRRECOVERABLE,IRRECOVERABLE,-12.748589135731976,true,AGREEMENT_IRRECOVERABLE
HO-0075,4.67035009844101,0.004,4.672,1.64990155899000,IRRECOVERABLE,IRRECOVERABLE,-5.02706394488321,true,AGREEMENT_IRRECOVERABLE
HO-0076,4.6669474927190535,0.004,4.668,1.0525072809465000,IRRECOVERABLE,IRRECOVERABLE,-4.820736526221836,true,AGREEMENT_IRRECOVERABLE
HO-0077,4.691853464628283,0.004,4.692,0.146535371717000,IRRECOVERABLE,IRRECOVERABLE,-6.328084278193913,true,AGREEMENT_IRRECOVERABLE
HO-0078,4.341910370787552,0.004,4.344,2.089629212448000,RECOVERABLE,RECOVERABLE,0.7797486437184062,true,AGREEMENT_RECOVERABLE
HO-0079,4.418181131677429,0.004,4.42,1.818868322571000,RECOVERABLE,RECOVERABLE,0.779748643718051,true,AGREEMENT_RECOVERABLE
HO-0080,4.689281984756998,0.004,4.692,2.718015243002000,IRRECOVERABLE,IRRECOVERABLE,-6.172765308207147,true,AGREEMENT_IRRECOVERABLE
HO-0081,4.456439207693417,0.004,4.46,3.560792306583000,RECOVERABLE,RECOVERABLE,0.7797486437180936,true,AGREEMENT_RECOVERABLE
HO-0082,4.793242219677155,0.004,4.796,2.757780322845000,IRRECOVERABLE,IRRECOVERABLE,-12.395311790368623,true,AGREEMENT_IRRECOVERABLE
HO-0083,4.626749201697986,0.004,4.628,1.250798302014000,IRRECOVERABLE,IRRECOVERABLE,-2.3736652711806414,true,AGREEMENT_IRRECOVERABLE
HO-0084,4.205204224549033,0.004,4.208,2.795775450967000,RECOVERABLE,RECOVERABLE,0.7797486437180936,true,AGREEMENT_RECOVERABLE
HO-0085,4.206993975693173,0.004,4.208,1.006024306827000,RECOVERABLE,RECOVERABLE,0.779748643718051,true,AGREEMENT_RECOVERABLE
HO-0086,4.353944179858006,0.004,4.356,2.055820141994000,RECOVERABLE,RECOVERABLE,0.7797486437179373,true,AGREEMENT_RECOVERABLE
HO-0087,4.425600826554665,0.004,4.428,2.399173445335000,RECOVERABLE,RECOVERABLE,0.779748643718051,true,AGREEMENT_RECOVERABLE
HO-0088,4.46175823897744,0.004,4.464,2.24176102256000,RECOVERABLE,RECOVERABLE,0.7797486437177525,true,AGREEMENT_RECOVERABLE
HO-0089,4.1941838262134326,0.004,4.196,1.8161737865674000,RECOVERABLE,RECOVERABLE,0.7797486437180936,true,AGREEMENT_RECOVERABLE
HO-0090,4.254981756434879,0.004,4.256,1.018243565121000,RECOVERABLE,RECOVERABLE,0.7797486437180936,true,AGREEMENT_RECOVERABLE
HO-0091,4.790391248114897,0.004,4.792,1.608751885103000,IRRECOVERABLE,IRRECOVERABLE,-12.226209848904375,true,AGREEMENT_IRRECOVERABLE
HO-0092,4.331922418138382,0.004,4.332,0.077581861618000,RECOVERABLE,RECOVERABLE,0.7797486437181078,true,AGREEMENT_RECOVERABLE
HO-0093,4.635613349556147,0.004,4.636,0.386650443853000,IRRECOVERABLE,IRRECOVERABLE,-2.914781964622918,true,AGREEMENT_IRRECOVERABLE
HO-0094,4.280001333122862,0.004,4.284,3.998666877138000,RECOVERABLE,RECOVERABLE,0.7797486437180936,true,AGREEMENT_RECOVERABLE
HO-0095,4.251952911300943,0.004,4.252,0.047088699057000,RECOVERABLE,RECOVERABLE,0.7797486437179515,true,AGREEMENT_RECOVERABLE
HO-0096,4.477886934876266,0.004,4.48,2.113065123734000,RECOVERABLE,RECOVERABLE,0.779748643718051,true,AGREEMENT_RECOVERABLE
HO-0097,4.401466845769097,0.004,4.404,2.533154230903000,RECOVERABLE,RECOVERABLE,0.7797486437182215,true,AGREEMENT_RECOVERABLE
HO-0098,4.573238685785399,0.004,4.576,2.761314214601000,RECOVERABLE,RECOVERABLE,0.779748643718051,true,AGREEMENT_RECOVERABLE
HO-0099,4.538098254239547,0.004,4.54,1.901745760453000,RECOVERABLE,RECOVERABLE,0.7797486437170704,true,AGREEMENT_RECOVERABLE
HO-0100,4.260619384328261,0.004,4.264,3.380615671739000,RECOVERABLE,RECOVERABLE,0.779748643718051,true,AGREEMENT_RECOVERABLE
HO-0101,4.194779830090836,0.004,4.196,1.220169909164000,RECOVERABLE,RECOVERABLE,0.779748643718051,true,AGREEMENT_RECOVERABLE
HO-0102,4.337923322954387,0.004,4.34,2.076677045613000,RECOVERABLE,RECOVERABLE,0.7797486437179799,true,AGREEMENT_RECOVERABLE
HO-0103,4.4070625769372676,0.004,4.408,0.9374230627324000,RECOVERABLE,RECOVERABLE,0.7797486437177241,true,AGREEMENT_RECOVERABLE
HO-0104,4.462878968245348,0.004,4.464,1.121031754652000,RECOVERABLE,RECOVERABLE,0.7797486437177525,true,AGREEMENT_RECOVERABLE
HO-0105,4.450164850771611,0.004,4.452,1.835149228389000,RECOVERABLE,RECOVERABLE,0.779748643718051,true,AGREEMENT_RECOVERABLE
HO-0106,4.490890157182178,0.004,4.492,1.109842817822000,RECOVERABLE,RECOVERABLE,0.7797486437184062,true,AGREEMENT_RECOVERABLE
HO-0107,4.664350215139348,0.004,4.668,3.649784860652000,IRRECOVERABLE,IRRECOVERABLE,-4.6631580971924365,true,AGREEMENT_IRRECOVERABLE
HO-0108,4.517146101466886,0.004,4.52,2.853898533114000,RECOVERABLE,RECOVERABLE,0.7797486437178947,true,AGREEMENT_RECOVERABLE
HO-0109,4.225256936426783,0.004,4.228,2.743063573217000,RECOVERABLE,RECOVERABLE,0.7797486437183778,true,AGREEMENT_RECOVERABLE
HO-0110,4.694842783796862,0.004,4.696,1.157216203138000,IRRECOVERABLE,IRRECOVERABLE,-6.508551116460325,true,AGREEMENT_IRRECOVERABLE
HO-0111,4.50291276931817,0.004,4.504,1.08723068183000,RECOVERABLE,RECOVERABLE,0.7797486437182783,true,AGREEMENT_RECOVERABLE
HO-0112,4.316815469854136,0.004,4.32,3.184530145864000,RECOVERABLE,RECOVERABLE,0.7797486437181931,true,AGREEMENT_RECOVERABLE
HO-0113,4.369781461304282,0.004,4.372,2.218538695718000,RECOVERABLE,RECOVERABLE,0.779748643718051,true,AGREEMENT_RECOVERABLE
HO-0114,4.353585344871453,0.004,4.356,2.414655128547000,RECOVERABLE,RECOVERABLE,0.7797486437180936,true,AGREEMENT_RECOVERABLE
HO-0115,4.611503133699914,0.004,4.612,0.496866300086000,IRRECOVERABLE,IRRECOVERABLE,-1.4409557634188843,true,AGREEMENT_IRRECOVERABLE
HO-0116,4.42860586868633,0.004,4.432,3.39413131367000,RECOVERABLE,RECOVERABLE,0.779748643718051,true,AGREEMENT_RECOVERABLE
HO-0117,4.318031947448616,0.004,4.32,1.968052551384000,RECOVERABLE,RECOVERABLE,0.779748643718051,true,AGREEMENT_RECOVERABLE
HO-0118,4.783871987822764,0.004,4.784,0.128012177236000,IRRECOVERABLE,IRRECOVERABLE,-11.83920243767524,true,AGREEMENT_IRRECOVERABLE
HO-0119,4.563644953381895,0.004,4.564,0.355046618105000,RECOVERABLE,RECOVERABLE,0.7797486437173831,true,AGREEMENT_RECOVERABLE
HO-0120,4.569252081507915,0.004,4.572,2.747918492085000,RECOVERABLE,RECOVERABLE,0.7797486437178236,true,AGREEMENT_RECOVERABLE
HO-0121,4.186820637825683,0.004,4.188,1.179362174317000,RECOVERABLE,RECOVERABLE,0.7797486437180936,true,AGREEMENT_RECOVERABLE
HO-0122,4.502156412948833,0.004,4.504,1.843587051167000,RECOVERABLE,RECOVERABLE,0.7797486437180936,true,AGREEMENT_RECOVERABLE
HO-0123,4.733520398898533,0.004,4.736,2.479601101467000,IRRECOVERABLE,IRRECOVERABLE,-8.834844488510868,true,AGREEMENT_IRRECOVERABLE
HO-0124,4.685567585534869,0.004,4.688,2.432414465131000,IRRECOVERABLE,IRRECOVERABLE,-5.948287002235631,true,AGREEMENT_IRRECOVERABLE
HO-0125,4.244355889167789,0.004,4.248,3.644110832211000,RECOVERABLE,RECOVERABLE,0.7797486437165588,true,AGREEMENT_RECOVERABLE
HO-0126,4.416234152880075,0.004,4.42,3.765847119925000,RECOVERABLE,RECOVERABLE,0.7797486437180936,true,AGREEMENT_RECOVERABLE
HO-0127,4.638767087457192,0.004,4.64,1.232912542808000,IRRECOVERABLE,IRRECOVERABLE,-3.107097083597708,true,AGREEMENT_IRRECOVERABLE
HO-0128,4.4535092068489615,0.004,4.456,2.4907931510385000,RECOVERABLE,RECOVERABLE,0.779748643718051,true,AGREEMENT_RECOVERABLE
HO-0129,4.443294665667741,0.004,4.444,0.705334332259000,RECOVERABLE,RECOVERABLE,0.779748643718321,true,AGREEMENT_RECOVERABLE
HO-0130,4.763049710108843,0.004,4.764,0.950289891157000,IRRECOVERABLE,IRRECOVERABLE,-10.600077756249533,true,AGREEMENT_IRRECOVERABLE
HO-0131,4.225247327678451,0.004,4.228,2.752672321549000,RECOVERABLE,RECOVERABLE,0.7797486437182926,true,AGREEMENT_RECOVERABLE
HO-0132,4.354318990471544,0.004,4.356,1.681009528456000,RECOVERABLE,RECOVERABLE,0.7797486437179657,true,AGREEMENT_RECOVERABLE
HO-0133,4.43922073922973,0.004,4.44,0.77926077027000,RECOVERABLE,RECOVERABLE,0.7797486437180936,true,AGREEMENT_RECOVERABLE
HO-0134,4.643179885220966,0.004,4.644,0.820114779034000,IRRECOVERABLE,IRRECOVERABLE,-3.3760079356057986,true,AGREEMENT_IRRECOVERABLE
HO-0135,4.257385049789248,0.004,4.26,2.614950210752000,RECOVERABLE,RECOVERABLE,0.779748643718051,true,AGREEMENT_RECOVERABLE
HO-0136,4.452368733975462,0.004,4.456,3.631266024538000,RECOVERABLE,RECOVERABLE,0.779748643718051,true,AGREEMENT_RECOVERABLE
HO-0137,4.220666043815472,0.004,4.224,3.333956184528000,RECOVERABLE,RECOVERABLE,0.779748643718051,true,AGREEMENT_RECOVERABLE
HO-0138,4.526279125502523,0.004,4.528,1.720874497477000,RECOVERABLE,RECOVERABLE,0.779748643718051,true,AGREEMENT_RECOVERABLE
HO-0139,4.488102546024753,0.004,4.492,3.897453975247000,RECOVERABLE,RECOVERABLE,0.779748643718051,true,AGREEMENT_RECOVERABLE
HO-0140,4.657007496674924,0.004,4.66,2.992503325076000,IRRECOVERABLE,IRRECOVERABLE,-4.217274622486386,true,AGREEMENT_IRRECOVERABLE
HO-0141,4.6854850297683095,0.004,4.688,2.5149702316905000,IRRECOVERABLE,IRRECOVERABLE,-5.94329607967606,true,AGREEMENT_IRRECOVERABLE
HO-0142,4.192098417997437,0.004,4.196,3.901582002563000,RECOVERABLE,RECOVERABLE,0.779748643718051,true,AGREEMENT_RECOVERABLE
HO-0143,4.780903362368273,0.004,4.784,3.096637631727000,IRRECOVERABLE,IRRECOVERABLE,-11.662823732938847,true,AGREEMENT_IRRECOVERABLE
HO-0144,4.78579883581388,0.004,4.788,2.20116418612000,IRRECOVERABLE,IRRECOVERABLE,-11.953634411829356,true,AGREEMENT_IRRECOVERABLE
HO-0145,4.621174090603979,0.004,4.624,2.825909396021000,IRRECOVERABLE,IRRECOVERABLE,-2.032890667708159,true,AGREEMENT_IRRECOVERABLE
HO-0146,4.462342452994207,0.004,4.464,1.657547005793000,RECOVERABLE,RECOVERABLE,0.779748643718051,true,AGREEMENT_RECOVERABLE
HO-0147,4.705002965943778,0.004,4.708,2.997034056222000,IRRECOVERABLE,IRRECOVERABLE,-7.121205024449921,true,AGREEMENT_IRRECOVERABLE
HO-0148,4.554503263847892,0.004,4.556,1.496736152108000,RECOVERABLE,RECOVERABLE,0.779748643718051,true,AGREEMENT_RECOVERABLE
HO-0149,4.246146240811958,0.004,4.248,1.853759188042000,RECOVERABLE,RECOVERABLE,0.7797486437181931,true,AGREEMENT_RECOVERABLE
HO-0150,4.642769392363112,0.004,4.644,1.230607636888000,IRRECOVERABLE,IRRECOVERABLE,-3.351001913261385,true,AGREEMENT_IRRECOVERABLE
HO-0151,4.329107199602026,0.004,4.332,2.892800397974000,RECOVERABLE,RECOVERABLE,0.779748643718051,true,AGREEMENT_RECOVERABLE
HO-0152,4.3392946703000606,0.004,4.34,0.7053296999394000,RECOVERABLE,RECOVERABLE,0.7797486437170988,true,AGREEMENT_RECOVERABLE
HO-0153,4.303276178003347,0.004,4.304,0.723821996653000,RECOVERABLE,RECOVERABLE,0.779748643718051,true,AGREEMENT_RECOVERABLE
HO-0154,4.277994220289894,0.004,4.28,2.005779710106000,RECOVERABLE,RECOVERABLE,0.7797486437183778,true,AGREEMENT_RECOVERABLE
HO-0155,4.2506861330506185,0.004,4.252,1.3138669493815000,RECOVERABLE,RECOVERABLE,0.7797486437168573,true,AGREEMENT_RECOVERABLE
HO-0156,4.777217948627194,0.004,4.78,2.782051372806000,IRRECOVERABLE,IRRECOVERABLE,-11.44372678370155,true,AGREEMENT_IRRECOVERABLE
HO-0157,4.221139332744338,0.004,4.224,2.860667255662000,RECOVERABLE,RECOVERABLE,0.7797486437180936,true,AGREEMENT_RECOVERABLE
HO-0158,4.18270688015734,0.004,4.184,1.29311984266000,RECOVERABLE,RECOVERABLE,0.7797486437180936,true,AGREEMENT_RECOVERABLE
HO-0159,4.216862834685467,0.004,4.22,3.137165314533000,RECOVERABLE,RECOVERABLE,0.779748643718051,true,AGREEMENT_RECOVERABLE
HO-0160,4.189996535410152,0.004,4.192,2.003464589848000,RECOVERABLE,RECOVERABLE,0.7797486437180936,true,AGREEMENT_RECOVERABLE
HO-0161,4.475261269118578,0.004,4.476,0.738730881422000,RECOVERABLE,RECOVERABLE,0.779748643718051,true,AGREEMENT_RECOVERABLE
HO-0162,4.376404961667715,0.004,4.38,3.595038332285000,RECOVERABLE,RECOVERABLE,0.7797486437184347,true,AGREEMENT_RECOVERABLE
HO-0163,4.436073676315808,0.004,4.44,3.926323684192000,RECOVERABLE,RECOVERABLE,0.779748643718051,true,AGREEMENT_RECOVERABLE
HO-0164,4.623784122353253,0.004,4.624,0.215877646747000,IRRECOVERABLE,IRRECOVERABLE,-2.192469173674823,true,AGREEMENT_IRRECOVERABLE
HO-0165,4.247960876977332,0.004,4.248,0.039123022668000,RECOVERABLE,RECOVERABLE,0.779748643718122,true,AGREEMENT_RECOVERABLE
HO-0166,4.690862167003328,0.004,4.692,1.137832996672000,IRRECOVERABLE,IRRECOVERABLE,-6.268217761842507,true,AGREEMENT_IRRECOVERABLE
HO-0167,4.76282638710052,0.004,4.764,1.17361289948000,IRRECOVERABLE,IRRECOVERABLE,-10.586762789226896,true,AGREEMENT_IRRECOVERABLE
HO-0168,4.216577544122841,0.004,4.22,3.422455877159000,RECOVERABLE,RECOVERABLE,0.779748643718051,true,AGREEMENT_RECOVERABLE
HO-0169,4.7337437583738255,0.004,4.736,2.2562416261745000,IRRECOVERABLE,IRRECOVERABLE,-8.848231821822353,true,AGREEMENT_IRRECOVERABLE
HO-0170,4.298196551969774,0.004,4.3,1.803448030226000,RECOVERABLE,RECOVERABLE,0.779748643718051,true,AGREEMENT_RECOVERABLE
HO-0171,4.339436355268448,0.004,4.34,0.563644731552000,RECOVERABLE,RECOVERABLE,0.779748643718051,true,AGREEMENT_RECOVERABLE
HO-0172,4.53106275927958,0.004,4.532,0.93724072042000,RECOVERABLE,RECOVERABLE,0.7797486437181931,true,AGREEMENT_RECOVERABLE
HO-0173,4.3370048462467,0.004,4.34,2.9951537533000,RECOVERABLE,RECOVERABLE,0.7797486437180936,true,AGREEMENT_RECOVERABLE
HO-0174,4.26376728996606,0.004,4.264,0.23271003394000,RECOVERABLE,RECOVERABLE,0.7797486437184347,true,AGREEMENT_RECOVERABLE
HO-0175,4.585293343816971,0.004,4.588,2.706656183029000,IRRECOVERABLE,RECOVERABLE,0.16842001198990886,false,CONSERVATIVE_FALSE_REJECTION
HO-0176,4.79230103191694,0.004,4.796,3.69896808306000,IRRECOVERABLE,IRRECOVERABLE,-12.339495941593242,true,AGREEMENT_IRRECOVERABLE
HO-0177,4.438801083671846,0.004,4.44,1.198916328154000,RECOVERABLE,RECOVERABLE,0.779748643718051,true,AGREEMENT_RECOVERABLE
HO-0178,4.242550792187121,0.004,4.244,1.449207812879000,RECOVERABLE,RECOVERABLE,0.7797486437180368,true,AGREEMENT_RECOVERABLE
HO-0179,4.691866507021709,0.004,4.692,0.133492978291000,IRRECOVERABLE,IRRECOVERABLE,-6.328871864507178,true,AGREEMENT_IRRECOVERABLE
HO-0180,4.686957776754352,0.004,4.688,1.042223245648000,IRRECOVERABLE,IRRECOVERABLE,-6.032320163075752,true,AGREEMENT_IRRECOVERABLE
HO-0181,4.461190148120181,0.004,4.464,2.809851879819000,RECOVERABLE,RECOVERABLE,0.7797486437170846,true,AGREEMENT_RECOVERABLE
HO-0182,4.234774251705718,0.004,4.236,1.225748294282000,RECOVERABLE,RECOVERABLE,0.779748643718051,true,AGREEMENT_RECOVERABLE
HO-0183,4.688074782619988,0.004,4.692,3.925217380012000,IRRECOVERABLE,IRRECOVERABLE,-6.099824881431928,true,AGREEMENT_IRRECOVERABLE
HO-0184,4.272868959400577,0.004,4.276,3.131040599423000,RECOVERABLE,RECOVERABLE,0.779748643718051,true,AGREEMENT_RECOVERABLE
HO-0185,4.773303686278142,0.004,4.776,2.696313721858000,IRRECOVERABLE,IRRECOVERABLE,-11.21086608976239,true,AGREEMENT_IRRECOVERABLE
HO-0186,4.599438447103445,0.004,4.6,0.561552896555000,IRRECOVERABLE,IRRECOVERABLE,-0.701074011018207,true,AGREEMENT_IRRECOVERABLE
HO-0187,4.612337193357553,0.004,4.616,3.662806642447000,IRRECOVERABLE,IRRECOVERABLE,-1.492046701942641,true,AGREEMENT_IRRECOVERABLE
HO-0188,4.50687905213646,0.004,4.508,1.12094786354000,RECOVERABLE,RECOVERABLE,0.7797486437181931,true,AGREEMENT_RECOVERABLE
HO-0189,4.2858979364224075,0.004,4.288,2.1020635775925000,RECOVERABLE,RECOVERABLE,0.7797486437180936,true,AGREEMENT_RECOVERABLE
HO-0190,4.522313727541044,0.004,4.524,1.686272458956000,RECOVERABLE,RECOVERABLE,0.779748643718051,true,AGREEMENT_RECOVERABLE
HO-0191,4.692664006947072,0.004,4.696,3.335993052928000,IRRECOVERABLE,IRRECOVERABLE,-6.377026710115956,true,AGREEMENT_IRRECOVERABLE
HO-0192,4.765086441960155,0.004,4.768,2.913558039845000,IRRECOVERABLE,IRRECOVERABLE,-10.7214871867899,true,AGREEMENT_IRRECOVERABLE
HO-0193,4.788162636176376,0.004,4.792,3.837363823624000,IRRECOVERABLE,IRRECOVERABLE,-12.093962140936085,true,AGREEMENT_IRRECOVERABLE
HO-0194,4.440222526540162,0.004,4.444,3.777473459838000,RECOVERABLE,RECOVERABLE,0.779748643718051,true,AGREEMENT_RECOVERABLE
HO-0195,4.2229546941326745,0.004,4.224,1.0453058673255000,RECOVERABLE,RECOVERABLE,0.779748643716772,true,AGREEMENT_RECOVERABLE
HO-0196,4.79488177179293,0.004,4.796,1.11822820707000,IRRECOVERABLE,IRRECOVERABLE,-12.49252066006322,true,AGREEMENT_IRRECOVERABLE
HO-0197,4.5247343736780214,0.004,4.528,3.2656263219786000,RECOVERABLE,RECOVERABLE,0.779748643718051,true,AGREEMENT_RECOVERABLE
HO-0198,4.419765108543824,0.004,4.42,0.234891456176000,RECOVERABLE,RECOVERABLE,0.7797486437169567,true,AGREEMENT_RECOVERABLE
HO-0199,4.557454791136146,0.004,4.56,2.545208863854000,RECOVERABLE,RECOVERABLE,0.7797486437180936,true,AGREEMENT_RECOVERABLE
HO-0200,4.263976776706544,0.004,4.264,0.023223293456000,RECOVERABLE,RECOVERABLE,0.7797486437180936,true,AGREEMENT_RECOVERABLE
HO-0201,4.380856986545847,0.004,4.384,3.143013454153000,RECOVERABLE,RECOVERABLE,0.7797486437182926,true,AGREEMENT_RECOVERABLE
HO-0202,4.315056587386261,0.004,4.316,0.943412613739000,RECOVERABLE,RECOVERABLE,0.7797486437169425,true,AGREEMENT_RECOVERABLE
HO-0203,4.401067472072363,0.004,4.404,2.932527927637000,RECOVERABLE,RECOVERABLE,0.7797486437180936,true,AGREEMENT_RECOVERABLE
HO-0204,4.377859934861993,0.004,4.38,2.140065138007000,RECOVERABLE,RECOVERABLE,0.7797486437180936,true,AGREEMENT_RECOVERABLE
HO-0205,4.485258814864201,0.004,4.488,2.741185135799000,RECOVERABLE,RECOVERABLE,0.7797486437180936,true,AGREEMENT_RECOVERABLE
HO-0206,4.235704439414606,0.004,4.236,0.295560585394000,RECOVERABLE,RECOVERABLE,0.779748643718051,true,AGREEMENT_RECOVERABLE
HO-0207,4.739807762604602,0.004,4.74,0.192237395398000,IRRECOVERABLE,IRRECOVERABLE,-9.211480777124919,true,AGREEMENT_IRRECOVERABLE
HO-0208,4.710303006461145,0.004,4.712,1.696993538855000,IRRECOVERABLE,IRRECOVERABLE,-7.440352482453051,true,AGREEMENT_IRRECOVERABLE
HO-0209,4.429794963868144,0.004,4.432,2.205036131856000,RECOVERABLE,RECOVERABLE,0.779748643718051,true,AGREEMENT_RECOVERABLE
HO-0210,4.259364399447993,0.004,4.26,0.635600552007000,RECOVERABLE,RECOVERABLE,0.7797486437179515,true,AGREEMENT_RECOVERABLE
HO-0211,4.32874714822675,0.004,4.332,3.25285177325000,RECOVERABLE,RECOVERABLE,0.7797486437182783,true,AGREEMENT_RECOVERABLE
HO-0212,4.712086419593088,0.004,4.716,3.913580406912000,IRRECOVERABLE,IRRECOVERABLE,-7.547674422574161,true,AGREEMENT_IRRECOVERABLE
HO-0213,4.433175410072156,0.004,4.436,2.824589927844000,RECOVERABLE,RECOVERABLE,0.779748643718051,true,AGREEMENT_RECOVERABLE
HO-0214,4.380068587429199,0.004,4.384,3.931412570801000,RECOVERABLE,RECOVERABLE,0.7797486437182783,true,AGREEMENT_RECOVERABLE
HO-0215,4.5288075792162585,0.004,4.532,3.1924207837415000,RECOVERABLE,RECOVERABLE,0.7797486437182783,true,AGREEMENT_RECOVERABLE
HO-0216,4.494979421299346,0.004,4.496,1.020578700654000,RECOVERABLE,RECOVERABLE,0.779748643717582,true,AGREEMENT_RECOVERABLE
HO-0217,4.483566270733208,0.004,4.484,0.433729266792000,RECOVERABLE,RECOVERABLE,0.7797486437180936,true,AGREEMENT_RECOVERABLE
HO-0218,4.314219963278319,0.004,4.316,1.780036721681000,RECOVERABLE,RECOVERABLE,0.7797486437182215,true,AGREEMENT_RECOVERABLE
HO-0219,4.493066002649676,0.004,4.496,2.933997350324000,RECOVERABLE,RECOVERABLE,0.7797486437180936,true,AGREEMENT_RECOVERABLE
HO-0220,4.594621328980901,0.004,4.596,1.378671019099000,IRRECOVERABLE,IRRECOVERABLE,-0.40521358709200683,true,AGREEMENT_IRRECOVERABLE
HO-0221,4.603345095812043,0.004,4.604,0.654904187957000,IRRECOVERABLE,IRRECOVERABLE,-0.940828287481267,true,AGREEMENT_IRRECOVERABLE
HO-0222,4.706874580337588,0.004,4.708,1.125419662412000,IRRECOVERABLE,IRRECOVERABLE,-7.233940853045453,true,AGREEMENT_IRRECOVERABLE
HO-0223,4.767413000785325,0.004,4.768,0.586999214675000,IRRECOVERABLE,IRRECOVERABLE,-10.860118899637627,true,AGREEMENT_IRRECOVERABLE
HO-0224,4.258862379613877,0.004,4.26,1.137620386123000,RECOVERABLE,RECOVERABLE,0.7797486437180936,true,AGREEMENT_RECOVERABLE
HO-0225,4.535549748401663,0.004,4.536,0.450251598337000,RECOVERABLE,RECOVERABLE,0.779748643718051,true,AGREEMENT_RECOVERABLE
HO-0226,4.295008894904713,0.004,4.296,0.991105095287000,RECOVERABLE,RECOVERABLE,0.779748643718051,true,AGREEMENT_RECOVERABLE
HO-0227,4.693615626842647,0.004,4.696,2.384373157353000,IRRECOVERABLE,IRRECOVERABLE,-6.4344786681493105,true,AGREEMENT_IRRECOVERABLE
HO-0228,4.771925031091264,0.004,4.772,0.074968908736000,IRRECOVERABLE,IRRECOVERABLE,-11.128810499027324,true,AGREEMENT_IRRECOVERABLE
HO-0229,4.613910970741299,0.004,4.616,2.089029258701000,IRRECOVERABLE,IRRECOVERABLE,-1.5884288958382484,true,AGREEMENT_IRRECOVERABLE
HO-0230,4.410870322220826,0.004,4.412,1.129677779174000,RECOVERABLE,RECOVERABLE,0.7797486437180936,true,AGREEMENT_RECOVERABLE
HO-0231,4.614789382895334,0.004,4.616,1.210617104666000,IRRECOVERABLE,IRRECOVERABLE,-1.6422133616996604,true,AGREEMENT_IRRECOVERABLE
HO-0232,4.684699898941406,0.004,4.688,3.300101058594000,IRRECOVERABLE,IRRECOVERABLE,-5.895827178230121,true,AGREEMENT_IRRECOVERABLE
HO-0233,4.235274102731098,0.004,4.236,0.725897268902000,RECOVERABLE,RECOVERABLE,0.7797486437184062,true,AGREEMENT_RECOVERABLE
HO-0234,4.2517644621210176,0.004,4.252,0.2355378789824000,RECOVERABLE,RECOVERABLE,0.7797486437160899,true,AGREEMENT_RECOVERABLE
HO-0235,4.296786119588176,0.004,4.3,3.213880411824000,RECOVERABLE,RECOVERABLE,0.779748643718051,true,AGREEMENT_RECOVERABLE
HO-0236,4.33943997816172,0.004,4.34,0.56002183828000,RECOVERABLE,RECOVERABLE,0.779748643718051,true,AGREEMENT_RECOVERABLE
HO-0237,4.522735308919008,0.004,4.524,1.264691080992000,RECOVERABLE,RECOVERABLE,0.779748643718051,true,AGREEMENT_RECOVERABLE
HO-0238,4.2595859635413715,0.004,4.26,0.4140364586285000,RECOVERABLE,RECOVERABLE,0.7797486437180936,true,AGREEMENT_RECOVERABLE
HO-0239,4.600688199286319,0.004,4.604,3.311800713681000,IRRECOVERABLE,IRRECOVERABLE,-0.7777905008059918,true,AGREEMENT_IRRECOVERABLE
HO-0240,4.773149010374309,0.004,4.776,2.850989625691000,IRRECOVERABLE,IRRECOVERABLE,-11.201661011604898,true,AGREEMENT_IRRECOVERABLE
HO-0241,4.523156760070922,0.004,4.524,0.843239929078000,RECOVERABLE,RECOVERABLE,0.779748643718051,true,AGREEMENT_RECOVERABLE
HO-0242,4.406197994079311,0.004,4.408,1.802005920689000,RECOVERABLE,RECOVERABLE,0.7797486437168004,true,AGREEMENT_RECOVERABLE
HO-0243,4.536558915597194,0.004,4.54,3.441084402806000,RECOVERABLE,RECOVERABLE,0.779748643718051,true,AGREEMENT_RECOVERABLE
HO-0244,4.483916502273719,0.004,4.484,0.083497726281000,RECOVERABLE,RECOVERABLE,0.779748643717241,true,AGREEMENT_RECOVERABLE
HO-0245,4.285741755095019,0.004,4.288,2.258244904981000,RECOVERABLE,RECOVERABLE,0.7797486437177241,true,AGREEMENT_RECOVERABLE
HO-0246,4.3739363053787335,0.004,4.376,2.0636946212665000,RECOVERABLE,RECOVERABLE,0.779748643718122,true,AGREEMENT_RECOVERABLE
HO-0247,4.72050386023197,0.004,4.724,3.49613976803000,IRRECOVERABLE,IRRECOVERABLE,-8.053754984980529,true,AGREEMENT_IRRECOVERABLE
HO-0248,4.539312099983378,0.004,4.54,0.687900016622000,RECOVERABLE,RECOVERABLE,0.779748643718051,true,AGREEMENT_RECOVERABLE
HO-0249,4.316832200773263,0.004,4.32,3.167799226737000,RECOVERABLE,RECOVERABLE,0.7797486437180936,true,AGREEMENT_RECOVERABLE
HO-0250,4.6484800878834305,0.004,4.652,3.5199121165695000,IRRECOVERABLE,IRRECOVERABLE,-3.698716058008003,true,AGREEMENT_IRRECOVERABLE
HO-0251,4.658177106652792,0.004,4.66,1.822893347208000,IRRECOVERABLE,IRRECOVERABLE,-4.288337905377659,true,AGREEMENT_IRRECOVERABLE
HO-0252,4.6197534697980815,0.004,4.62,0.2465302019185000,IRRECOVERABLE,IRRECOVERABLE,-1.9460020328559295,true,AGREEMENT_IRRECOVERABLE
HO-0253,4.740538422616776,0.004,4.744,3.461577383224000,IRRECOVERABLE,IRRECOVERABLE,-9.255222470122803,true,AGREEMENT_IRRECOVERABLE
HO-0254,4.336675585697343,0.004,4.34,3.324414302657000,RECOVERABLE,RECOVERABLE,0.779748643718051,true,AGREEMENT_RECOVERABLE
HO-0255,4.297829099443481,0.004,4.3,2.170900556519000,RECOVERABLE,RECOVERABLE,0.779748643718051,true,AGREEMENT_RECOVERABLE
HO-0256,4.196866352124337,0.004,4.2,3.133647875663000,RECOVERABLE,RECOVERABLE,0.7797486437180936,true,AGREEMENT_RECOVERABLE
HO-0257,4.218016314874403,0.004,4.22,1.983685125597000,RECOVERABLE,RECOVERABLE,0.7797486437181931,true,AGREEMENT_RECOVERABLE
HO-0258,4.5330812572688775,0.004,4.536,2.9187427311225000,RECOVERABLE,RECOVERABLE,0.779748643718051,true,AGREEMENT_RECOVERABLE
HO-0259,4.722737773770555,0.004,4.724,1.262226229445000,IRRECOVERABLE,IRRECOVERABLE,-8.187936080282185,true,AGREEMENT_IRRECOVERABLE
HO-0260,4.411235040355428,0.004,4.412,0.764959644572000,RECOVERABLE,RECOVERABLE,0.779748643718051,true,AGREEMENT_RECOVERABLE
HO-0261,4.454293633519824,0.004,4.456,1.706366480176000,RECOVERABLE,RECOVERABLE,0.779748643718051,true,AGREEMENT_RECOVERABLE
HO-0262,4.579648251680525,0.004,4.58,0.351748319475000,IRRECOVERABLE,RECOVERABLE,0.5160334818272077,false,CONSERVATIVE_FALSE_REJECTION
HO-0263,4.399515572824726,0.004,4.4,0.484427175274000,RECOVERABLE,RECOVERABLE,0.779748643718051,true,AGREEMENT_RECOVERABLE
HO-0264,4.444096584465793,0.004,4.448,3.903415534207000,RECOVERABLE,RECOVERABLE,0.7797486437170988,true,AGREEMENT_RECOVERABLE
HO-0265,4.1821271972869,0.004,4.184,1.8728027131000,RECOVERABLE,RECOVERABLE,0.779748643718051,true,AGREEMENT_RECOVERABLE
HO-0266,4.614245181701608,0.004,4.616,1.754818298392000,IRRECOVERABLE,IRRECOVERABLE,-1.608893355945355,true,AGREEMENT_IRRECOVERABLE
HO-0267,4.437199353220012,0.004,4.44,2.800646779988000,RECOVERABLE,RECOVERABLE,0.7797486437180794,true,AGREEMENT_RECOVERABLE
HO-0268,4.718902247743952,0.004,4.72,1.097752256048000,IRRECOVERABLE,IRRECOVERABLE,-7.957520280230966,true,AGREEMENT_IRRECOVERABLE
HO-0269,4.532948152716715,0.004,4.536,3.051847283285000,RECOVERABLE,RECOVERABLE,0.7797486437166867,true,AGREEMENT_RECOVERABLE
HO-0270,4.384877493503352,0.004,4.388,3.122506496648000,RECOVERABLE,RECOVERABLE,0.7797486437180936,true,AGREEMENT_RECOVERABLE
HO-0271,4.240807005069452,0.004,4.244,3.192994930548000,RECOVERABLE,RECOVERABLE,0.7797486437180794,true,AGREEMENT_RECOVERABLE
HO-0272,4.508278411274363,0.004,4.512,3.721588725637000,RECOVERABLE,RECOVERABLE,0.779748643718051,true,AGREEMENT_RECOVERABLE
HO-0273,4.500362426223895,0.004,4.504,3.637573776105000,RECOVERABLE,RECOVERABLE,0.779748643718051,true,AGREEMENT_RECOVERABLE
HO-0274,4.21066031511328,0.004,4.212,1.33968488672000,RECOVERABLE,RECOVERABLE,0.779748643718051,true,AGREEMENT_RECOVERABLE
HO-0275,4.204432099592492,0.004,4.208,3.567900407508000,RECOVERABLE,RECOVERABLE,0.7797486437180936,true,AGREEMENT_RECOVERABLE
HO-0276,4.219667275943991,0.004,4.22,0.332724056009000,RECOVERABLE,RECOVERABLE,0.779748643718051,true,AGREEMENT_RECOVERABLE
HO-0277,4.4068323543451475,0.004,4.408,1.1676456548525000,RECOVERABLE,RECOVERABLE,0.779748643718051,true,AGREEMENT_RECOVERABLE
HO-0278,4.760383492844862,0.004,4.764,3.616507155138000,IRRECOVERABLE,IRRECOVERABLE,-10.441077674089712,true,AGREEMENT_IRRECOVERABLE
HO-0279,4.28350734808447,0.004,4.284,0.49265191553000,RECOVERABLE,RECOVERABLE,0.779748643718051,true,AGREEMENT_RECOVERABLE
HO-0280,4.698499719549031,0.004,4.7,1.500280450969000,IRRECOVERABLE,IRRECOVERABLE,-6.729190971247917,true,AGREEMENT_IRRECOVERABLE
HO-0281,4.458769316761501,0.004,4.46,1.230683238499000,RECOVERABLE,RECOVERABLE,0.7797486437173831,true,AGREEMENT_RECOVERABLE
HO-0282,4.5436675340499155,0.004,4.544,0.3324659500845000,RECOVERABLE,RECOVERABLE,0.7797486437173831,true,AGREEMENT_RECOVERABLE
HO-0283,4.6121974683126945,0.004,4.616,3.8025316873055000,IRRECOVERABLE,IRRECOVERABLE,-1.4834882713886515,true,AGREEMENT_IRRECOVERABLE
HO-0284,4.757697951320182,0.004,4.76,2.302048679818000,IRRECOVERABLE,IRRECOVERABLE,-10.280848276710714,true,AGREEMENT_IRRECOVERABLE
HO-0285,4.249823344498326,0.004,4.252,2.176655501674000,RECOVERABLE,RECOVERABLE,0.7797486437181078,true,AGREEMENT_RECOVERABLE
HO-0286,4.478598236350356,0.004,4.48,1.401763649644000,RECOVERABLE,RECOVERABLE,0.7797486437181931,true,AGREEMENT_RECOVERABLE
HO-0287,4.262005361258353,0.004,4.264,1.994638741647000,RECOVERABLE,RECOVERABLE,0.779748643718051,true,AGREEMENT_RECOVERABLE
HO-0288,4.502989543140222,0.004,4.504,1.010456859778000,RECOVERABLE,RECOVERABLE,0.779748643718051,true,AGREEMENT_RECOVERABLE
HO-0289,4.7754655725900355,0.004,4.776,0.5344274099645000,IRRECOVERABLE,IRRECOVERABLE,-11.339497607755192,true,AGREEMENT_IRRECOVERABLE
HO-0290,4.764187128766017,0.004,4.768,3.812871233983000,IRRECOVERABLE,IRRECOVERABLE,-10.667884666329485,true,AGREEMENT_IRRECOVERABLE
HO-0291,4.706474815187922,0.004,4.708,1.525184812078000,IRRECOVERABLE,IRRECOVERABLE,-7.209864358973036,true,AGREEMENT_IRRECOVERABLE
HO-0292,4.433832538186649,0.004,4.436,2.167461813351000,RECOVERABLE,RECOVERABLE,0.779748643718051,true,AGREEMENT_RECOVERABLE
HO-0293,4.678482383809467,0.004,4.68,1.517616190533000,IRRECOVERABLE,IRRECOVERABLE,-5.51968134948801,true,AGREEMENT_IRRECOVERABLE
HO-0294,4.685760508856092,0.004,4.688,2.239491143908000,IRRECOVERABLE,IRRECOVERABLE,-5.959949925988752,true,AGREEMENT_IRRECOVERABLE
HO-0295,4.45989724105928,0.004,4.46,0.10275894072000,RECOVERABLE,RECOVERABLE,0.7797486437180936,true,AGREEMENT_RECOVERABLE
HO-0296,4.263795296068574,0.004,4.264,0.204703931426000,RECOVERABLE,RECOVERABLE,0.7797486437183778,true,AGREEMENT_RECOVERABLE
HO-0297,4.463124605663279,0.004,4.464,0.875394336721000,RECOVERABLE,RECOVERABLE,0.7797486437176389,true,AGREEMENT_RECOVERABLE
HO-0298,4.595410694722665,0.004,4.596,0.589305277335000,IRRECOVERABLE,IRRECOVERABLE,-0.4537126858363081,true,AGREEMENT_IRRECOVERABLE
HO-0299,4.524220388713423,0.004,4.528,3.779611286577000,RECOVERABLE,RECOVERABLE,0.779748643718051,true,AGREEMENT_RECOVERABLE
HO-0300,4.517674504700294,0.004,4.52,2.325495299706000,RECOVERABLE,RECOVERABLE,0.779748643718051,true,AGREEMENT_RECOVERABLE
HO-0301,4.734691862557367,0.004,4.736,1.308137442633000,IRRECOVERABLE,IRRECOVERABLE,-8.905051679637026,true,AGREEMENT_IRRECOVERABLE
HO-0302,4.72386884213687,0.004,4.724,0.13115786313000,IRRECOVERABLE,IRRECOVERABLE,-8.255853759252844,true,AGREEMENT_IRRECOVERABLE
HO-0303,4.438396171375063,0.004,4.44,1.603828624937000,RECOVERABLE,RECOVERABLE,0.7797486437181931,true,AGREEMENT_RECOVERABLE
HO-0304,4.751274920432616,0.004,4.752,0.725079567384000,IRRECOVERABLE,IRRECOVERABLE,-9.897313085124779,true,AGREEMENT_IRRECOVERABLE
HO-0305,4.603168108045408,0.004,4.604,0.831891954592000,IRRECOVERABLE,IRRECOVERABLE,-0.92997001111776,true,AGREEMENT_IRRECOVERABLE
HO-0306,4.455490464480525,0.004,4.456,0.509535519475000,RECOVERABLE,RECOVERABLE,0.7797486437171415,true,AGREEMENT_RECOVERABLE
HO-0307,4.680466076294044,0.004,4.684,3.533923705956000,IRRECOVERABLE,IRRECOVERABLE,-5.63973581103177,true,AGREEMENT_IRRECOVERABLE
HO-0308,4.263478617331405,0.004,4.264,0.521382668595000,RECOVERABLE,RECOVERABLE,0.7797486437180936,true,AGREEMENT_RECOVERABLE
HO-0309,4.702976471240461,0.004,4.704,1.023528759539000,IRRECOVERABLE,IRRECOVERABLE,-6.999097417553301,true,AGREEMENT_IRRECOVERABLE
HO-0310,4.474396964397968,0.004,4.476,1.603035602032000,RECOVERABLE,RECOVERABLE,0.779748643718051,true,AGREEMENT_RECOVERABLE
HO-0311,4.6849302248436455,0.004,4.688,3.0697751563545000,IRRECOVERABLE,IRRECOVERABLE,-5.909753342126422,true,AGREEMENT_IRRECOVERABLE
HO-0312,4.351967504101432,0.004,4.352,0.032495898568000,RECOVERABLE,RECOVERABLE,0.779748643718051,true,AGREEMENT_RECOVERABLE
HO-0313,4.267634112266438,0.004,4.268,0.365887733562000,RECOVERABLE,RECOVERABLE,0.779748643718051,true,AGREEMENT_RECOVERABLE
HO-0314,4.7278925447232965,0.004,4.728,0.1074552767035000,IRRECOVERABLE,IRRECOVERABLE,-8.497354898418351,true,AGREEMENT_IRRECOVERABLE
HO-0315,4.3826135474704895,0.004,4.384,1.3864525295105000,RECOVERABLE,RECOVERABLE,0.7797486437180936,true,AGREEMENT_RECOVERABLE
HO-0316,4.572011189713105,0.004,4.576,3.988810286895000,RECOVERABLE,RECOVERABLE,0.779748643718051,true,AGREEMENT_RECOVERABLE
HO-0317,4.7612880925305126,0.004,4.764,2.7119074694874000,IRRECOVERABLE,IRRECOVERABLE,-10.49503207551831,true,AGREEMENT_IRRECOVERABLE
HO-0318,4.6650125506882665,0.004,4.668,2.9874493117335000,IRRECOVERABLE,IRRECOVERABLE,-4.70334935747708,true,AGREEMENT_IRRECOVERABLE
HO-0319,4.606188323137983,0.004,4.608,1.811676862017000,IRRECOVERABLE,IRRECOVERABLE,-1.1152145700953184,true,AGREEMENT_IRRECOVERABLE
HO-0320,4.386793916790533,0.004,4.388,1.206083209467000,RECOVERABLE,RECOVERABLE,0.7797486437182073,true,AGREEMENT_RECOVERABLE
HO-0321,4.340266986879385,0.004,4.344,3.733013120615000,RECOVERABLE,RECOVERABLE,0.779748643718051,true,AGREEMENT_RECOVERABLE
HO-0322,4.410201832307787,0.004,4.412,1.798167692213000,RECOVERABLE,RECOVERABLE,0.779748643718051,true,AGREEMENT_RECOVERABLE
HO-0323,4.188332665744485,0.004,4.192,3.667334255515000,RECOVERABLE,RECOVERABLE,0.7797486437180936,true,AGREEMENT_RECOVERABLE
HO-0324,4.585103286995221,0.004,4.588,2.896713004779000,IRRECOVERABLE,RECOVERABLE,0.18011764966588828,false,CONSERVATIVE_FALSE_REJECTION
HO-0325,4.647557485816645,0.004,4.648,0.442514183355000,IRRECOVERABLE,IRRECOVERABLE,-3.64256448337251,true,AGREEMENT_IRRECOVERABLE
HO-0326,4.3112600597209845,0.004,4.312,0.7399402790155000,RECOVERABLE,RECOVERABLE,0.7797486437180936,true,AGREEMENT_RECOVERABLE
HO-0327,4.529018474143326,0.004,4.532,2.981525856674000,RECOVERABLE,RECOVERABLE,0.7797486437178947,true,AGREEMENT_RECOVERABLE
HO-0328,4.466008713161516,0.004,4.468,1.991286838484000,RECOVERABLE,RECOVERABLE,0.7797486437180936,true,AGREEMENT_RECOVERABLE
HO-0329,4.212519674405195,0.004,4.216,3.480325594805000,RECOVERABLE,RECOVERABLE,0.779748643718321,true,AGREEMENT_RECOVERABLE
HO-0330,4.19954235826655,0.004,4.2,0.45764173345000,RECOVERABLE,RECOVERABLE,0.779748643718051,true,AGREEMENT_RECOVERABLE
HO-0331,4.415203161059675,0.004,4.416,0.796838940325000,RECOVERABLE,RECOVERABLE,0.7797486437184062,true,AGREEMENT_RECOVERABLE
HO-0332,4.184399472415371,0.004,4.188,3.600527584629000,RECOVERABLE,RECOVERABLE,0.779748643718051,true,AGREEMENT_RECOVERABLE
HO-0333,4.5649189756349315,0.004,4.568,3.0810243650685000,RECOVERABLE,RECOVERABLE,0.7797486437183352,true,AGREEMENT_RECOVERABLE
HO-0334,4.249582216683863,0.004,4.252,2.417783316137000,RECOVERABLE,RECOVERABLE,0.7797486437180936,true,AGREEMENT_RECOVERABLE
HO-0335,4.588772488900757,0.004,4.592,3.227511099243000,IRRECOVERABLE,IRRECOVERABLE,-0.045644856918329424,true,AGREEMENT_IRRECOVERABLE
HO-0336,4.723365326315602,0.004,4.724,0.634673684398000,IRRECOVERABLE,IRRECOVERABLE,-8.225620659949527,true,AGREEMENT_IRRECOVERABLE
HO-0337,4.199702349379385,0.004,4.2,0.297650620615000,RECOVERABLE,RECOVERABLE,0.7797486437180936,true,AGREEMENT_RECOVERABLE
HO-0338,4.325743447628143,0.004,4.328,2.256552371857000,RECOVERABLE,RECOVERABLE,0.7797486437184347,true,AGREEMENT_RECOVERABLE
HO-0339,4.658075861466345,0.004,4.66,1.924138533655000,IRRECOVERABLE,IRRECOVERABLE,-4.282187027561832,true,AGREEMENT_IRRECOVERABLE
HO-0340,4.2443258488307745,0.004,4.248,3.6741511692255000,RECOVERABLE,RECOVERABLE,0.779748643718051,true,AGREEMENT_RECOVERABLE
HO-0341,4.517594650681326,0.004,4.52,2.405349318674000,RECOVERABLE,RECOVERABLE,0.7797486437166867,true,AGREEMENT_RECOVERABLE
HO-0342,4.693321155188984,0.004,4.696,2.678844811016000,IRRECOVERABLE,IRRECOVERABLE,-6.416701635939091,true,AGREEMENT_IRRECOVERABLE
HO-0343,4.7756351975531715,0.004,4.776,0.3648024468285000,IRRECOVERABLE,IRRECOVERABLE,-11.34958812538244,true,AGREEMENT_IRRECOVERABLE
HO-0344,4.243042695803634,0.004,4.244,0.957304196366000,RECOVERABLE,RECOVERABLE,0.779748643718051,true,AGREEMENT_RECOVERABLE
HO-0345,4.667207888792505,0.004,4.668,0.792111207495000,IRRECOVERABLE,IRRECOVERABLE,-4.8365308783584595,true,AGREEMENT_IRRECOVERABLE
HO-0346,4.314974988206637,0.004,4.316,1.025011793363000,RECOVERABLE,RECOVERABLE,0.7797486437181931,true,AGREEMENT_RECOVERABLE
HO-0347,4.217243623426232,0.004,4.22,2.756376573768000,RECOVERABLE,RECOVERABLE,0.779748643718051,true,AGREEMENT_RECOVERABLE
HO-0348,4.427368614711052,0.004,4.428,0.631385288948000,RECOVERABLE,RECOVERABLE,0.779748643718051,true,AGREEMENT_RECOVERABLE
HO-0349,4.477539167249881,0.004,4.48,2.460832750119000,RECOVERABLE,RECOVERABLE,0.779748643718051,true,AGREEMENT_RECOVERABLE
HO-0350,4.352843110230568,0.004,4.356,3.156889769432000,RECOVERABLE,RECOVERABLE,0.7797486437183778,true,AGREEMENT_RECOVERABLE
HO-0351,4.258583436355398,0.004,4.26,1.416563644602000,RECOVERABLE,RECOVERABLE,0.779748643718051,true,AGREEMENT_RECOVERABLE
HO-0352,4.57918982589244,0.004,4.58,0.81017410756000,IRRECOVERABLE,RECOVERABLE,0.544277758263604,false,CONSERVATIVE_FALSE_REJECTION
HO-0353,4.309458478071517,0.004,4.312,2.541521928483000,RECOVERABLE,RECOVERABLE,0.7797486437180936,true,AGREEMENT_RECOVERABLE
HO-0354,4.211140099207676,0.004,4.212,0.859900792324000,RECOVERABLE,RECOVERABLE,0.7797486437180936,true,AGREEMENT_RECOVERABLE
HO-0355,4.531962998598874,0.004,4.532,0.037001401126000,RECOVERABLE,RECOVERABLE,0.779748643718051,true,AGREEMENT_RECOVERABLE
HO-0356,4.550371861871152,0.004,4.552,1.628138128848000,RECOVERABLE,RECOVERABLE,0.7797486437180936,true,AGREEMENT_RECOVERABLE
HO-0357,4.215852704527609,0.004,4.216,0.147295472391000,RECOVERABLE,RECOVERABLE,0.7797486437179373,true,AGREEMENT_RECOVERABLE
HO-0358,4.29454656543872,0.004,4.296,1.45343456128000,RECOVERABLE,RECOVERABLE,0.7797486437184062,true,AGREEMENT_RECOVERABLE
HO-0359,4.776583218534591,0.004,4.78,3.416781465409000,IRRECOVERABLE,IRRECOVERABLE,-11.405977603121784,true,AGREEMENT_IRRECOVERABLE
HO-0360,4.408342734715121,0.004,4.412,3.657265284879000,RECOVERABLE,RECOVERABLE,0.779748643718051,true,AGREEMENT_RECOVERABLE
HO-0361,4.469572675842679,0.004,4.472,2.427324157321000,RECOVERABLE,RECOVERABLE,0.7797486437181931,true,AGREEMENT_RECOVERABLE
HO-0362,4.227054102859978,0.004,4.228,0.945897140022000,RECOVERABLE,RECOVERABLE,0.779748643718051,true,AGREEMENT_RECOVERABLE
HO-0363,4.520014458327241,0.004,4.524,3.985541672759000,RECOVERABLE,RECOVERABLE,0.779748643718051,true,AGREEMENT_RECOVERABLE
HO-0364,4.513601527880645,0.004,4.516,2.398472119355000,RECOVERABLE,RECOVERABLE,0.7797486437179799,true,AGREEMENT_RECOVERABLE
HO-0365,4.379013519608071,0.004,4.38,0.986480391929000,RECOVERABLE,RECOVERABLE,0.779748643718051,true,AGREEMENT_RECOVERABLE
HO-0366,4.7511547548880095,0.004,4.752,0.8452451119905000,IRRECOVERABLE,IRRECOVERABLE,-9.890133488489425,true,AGREEMENT_IRRECOVERABLE
HO-0367,4.59088369598898,0.004,4.592,1.11630401102000,IRRECOVERABLE,IRRECOVERABLE,-0.17547858801567884,true,AGREEMENT_IRRECOVERABLE
HO-0368,4.699777714293262,0.004,4.7,0.222285706738000,IRRECOVERABLE,IRRECOVERABLE,-6.806264233390905,true,AGREEMENT_IRRECOVERABLE
HO-0369,4.778499005318221,0.004,4.78,1.500994681779000,IRRECOVERABLE,IRRECOVERABLE,-11.519901724810467,true,AGREEMENT_IRRECOVERABLE
HO-0370,4.1861104919866055,0.004,4.188,1.8895080133945000,RECOVERABLE,RECOVERABLE,0.779748643718051,true,AGREEMENT_RECOVERABLE
HO-0371,4.348777473547692,0.004,4.352,3.222526452308000,RECOVERABLE,RECOVERABLE,0.7797486437184062,true,AGREEMENT_RECOVERABLE
HO-0372,4.68851299086416,0.004,4.692,3.48700913584000,IRRECOVERABLE,IRRECOVERABLE,-6.126303708837497,true,AGREEMENT_IRRECOVERABLE
HO-0373,4.5868043086666415,0.004,4.588,1.1956913333585000,IRRECOVERABLE,RECOVERABLE,0.07543706474405099,false,CONSERVATIVE_FALSE_REJECTION
HO-0374,4.368168804579614,0.004,4.372,3.831195420386000,RECOVERABLE,RECOVERABLE,0.7797486437180936,true,AGREEMENT_RECOVERABLE
HO-0375,4.5806491080198715,0.004,4.584,3.3508919801285000,IRRECOVERABLE,RECOVERABLE,0.4543772795041434,false,CONSERVATIVE_FALSE_REJECTION
HO-0376,4.679285093124347,0.004,4.68,0.714906875653000,IRRECOVERABLE,IRRECOVERABLE,-5.56826701554742,true,AGREEMENT_IRRECOVERABLE
HO-0377,4.475436987592205,0.004,4.476,0.563012407795000,RECOVERABLE,RECOVERABLE,0.7797486437169141,true,AGREEMENT_RECOVERABLE
HO-0378,4.493229981524511,0.004,4.496,2.770018475489000,RECOVERABLE,RECOVERABLE,0.7797486437171415,true,AGREEMENT_RECOVERABLE
HO-0379,4.608116724548496,0.004,4.612,3.883275451504000,IRRECOVERABLE,IRRECOVERABLE,-1.2334406923259849,true,AGREEMENT_IRRECOVERABLE
HO-0380,4.432055974022411,0.004,4.436,3.944025977589000,RECOVERABLE,RECOVERABLE,0.779748643718051,true,AGREEMENT_RECOVERABLE
HO-0381,4.706712347457397,0.004,4.708,1.287652542603000,IRRECOVERABLE,IRRECOVERABLE,-7.224170326877882,true,AGREEMENT_IRRECOVERABLE
HO-0382,4.718000082789128,0.004,4.72,1.999917210872000,IRRECOVERABLE,IRRECOVERABLE,-7.903300509057118,true,AGREEMENT_IRRECOVERABLE
HO-0383,4.413007622807831,0.004,4.416,2.992377192169000,RECOVERABLE,RECOVERABLE,0.779748643718051,true,AGREEMENT_RECOVERABLE
HO-0384,4.360711670512432,0.004,4.364,3.288329487568000,RECOVERABLE,RECOVERABLE,0.779748643718051,true,AGREEMENT_RECOVERABLE
HO-0385,4.5370341970854575,0.004,4.54,2.9658029145425000,RECOVERABLE,RECOVERABLE,0.7797486437170136,true,AGREEMENT_RECOVERABLE
HO-0386,4.248833117418943,0.004,4.252,3.166882581057000,RECOVERABLE,RECOVERABLE,0.779748643718051,true,AGREEMENT_RECOVERABLE
HO-0387,4.445686954460854,0.004,4.448,2.313045539146000,RECOVERABLE,RECOVERABLE,0.779748643714484,true,AGREEMENT_RECOVERABLE
HO-0388,4.2150039107653825,0.004,4.216,0.9960892346175000,RECOVERABLE,RECOVERABLE,0.7797486437179799,true,AGREEMENT_RECOVERABLE
HO-0389,4.683646327586858,0.004,4.684,0.353672413142000,IRRECOVERABLE,IRRECOVERABLE,-5.832117913943037,true,AGREEMENT_IRRECOVERABLE
HO-0390,4.251041304189705,0.004,4.252,0.958695810295000,RECOVERABLE,RECOVERABLE,0.779748643718051,true,AGREEMENT_RECOVERABLE
HO-0391,4.537700197269396,0.004,4.54,2.299802730604000,RECOVERABLE,RECOVERABLE,0.779748643718051,true,AGREEMENT_RECOVERABLE
HO-0392,4.773666056757346,0.004,4.776,2.333943242654000,IRRECOVERABLE,IRRECOVERABLE,-11.232430494722635,true,AGREEMENT_IRRECOVERABLE
HO-0393,4.632102890638034,0.004,4.636,3.897109361966000,IRRECOVERABLE,IRRECOVERABLE,-2.7005865348179015,true,AGREEMENT_IRRECOVERABLE
HO-0394,4.259669804210354,0.004,4.26,0.330195789646000,RECOVERABLE,RECOVERABLE,0.779748643718051,true,AGREEMENT_RECOVERABLE
HO-0395,4.405572771744087,0.004,4.408,2.427228255913000,RECOVERABLE,RECOVERABLE,0.7797486437176673,true,AGREEMENT_RECOVERABLE
HO-0396,4.394154464008367,0.004,4.396,1.845535991633000,RECOVERABLE,RECOVERABLE,0.7797486437144983,true,AGREEMENT_RECOVERABLE
HO-0397,4.770377677987383,0.004,4.772,1.622322012617000,IRRECOVERABLE,IRRECOVERABLE,-11.0366900656321,true,AGREEMENT_IRRECOVERABLE
HO-0398,4.5227327383479246,0.004,4.524,1.2672616520754000,RECOVERABLE,RECOVERABLE,0.7797486437176389,true,AGREEMENT_RECOVERABLE
HO-0399,4.181757842446211,0.004,4.184,2.242157553789000,RECOVERABLE,RECOVERABLE,0.779748643718051,true,AGREEMENT_RECOVERABLE
HO-0000,4.37420629603144,0.002,4.376,1.79370396856000,RECOVERABLE,RECOVERABLE,0.7797486437176104,true,AGREEMENT_RECOVERABLE
HO-0001,4.613825224200808,0.002,4.614,0.174775799192000,IRRECOVERABLE,IRRECOVERABLE,-1.5831782530007956,true,AGREEMENT_IRRECOVERABLE
HO-0002,4.581844073372435,0.002,4.582,0.155926627565000,RECOVERABLE,RECOVERABLE,0.38077767381329863,true,AGREEMENT_RECOVERABLE
HO-0003,4.75801088187586,0.002,4.76,1.98911812414000,IRRECOVERABLE,IRRECOVERABLE,-10.299522851981877,true,AGREEMENT_IRRECOVERABLE
HO-0004,4.293280376741941,0.002,4.294,0.719623258059000,RECOVERABLE,RECOVERABLE,0.7797486437184062,true,AGREEMENT_RECOVERABLE
HO-0005,4.663349044275552,0.002,4.664,0.650955724448000,IRRECOVERABLE,IRRECOVERABLE,-4.6023968922444,true,AGREEMENT_IRRECOVERABLE
HO-0006,4.313658884243675,0.002,4.314,0.341115756325000,RECOVERABLE,RECOVERABLE,0.7797486437179799,true,AGREEMENT_RECOVERABLE
HO-0007,4.519087883092836,0.002,4.52,0.912116907164000,RECOVERABLE,RECOVERABLE,0.779748643718051,true,AGREEMENT_RECOVERABLE
HO-0008,4.50192900396191,0.002,4.502,0.07099603809000,RECOVERABLE,RECOVERABLE,0.7797486437178947,true,AGREEMENT_RECOVERABLE
HO-0009,4.719948242055158,0.002,4.72,0.051757944842000,IRRECOVERABLE,IRRECOVERABLE,-8.02037316578523,true,AGREEMENT_IRRECOVERABLE
HO-0010,4.629337764686904,0.002,4.63,0.662235313096000,IRRECOVERABLE,IRRECOVERABLE,-2.5317740440539325,true,AGREEMENT_IRRECOVERABLE
HO-0011,4.476066553162793,0.002,4.478,1.933446837207000,RECOVERABLE,RECOVERABLE,0.7797486437180936,true,AGREEMENT_RECOVERABLE
HO-0012,4.760673772946892,0.002,4.762,1.326227053108000,IRRECOVERABLE,IRRECOVERABLE,-10.458392241606177,true,AGREEMENT_IRRECOVERABLE
HO-0013,4.562492290326929,0.002,4.564,1.507709673071000,RECOVERABLE,RECOVERABLE,0.7797486437180936,true,AGREEMENT_RECOVERABLE
HO-0014,4.19824394841659,0.002,4.2,1.75605158341000,RECOVERABLE,RECOVERABLE,0.7797486437180936,true,AGREEMENT_RECOVERABLE
HO-0015,4.792143315316093,0.002,4.794,1.856684683907000,IRRECOVERABLE,IRRECOVERABLE,-12.330141852432575,true,AGREEMENT_IRRECOVERABLE
HO-0016,4.684076541537306,0.002,4.686,1.923458462694000,IRRECOVERABLE,IRRECOVERABLE,-5.858134323355586,true,AGREEMENT_IRRECOVERABLE
HO-0017,4.758434923201739,0.002,4.76,1.565076798261000,IRRECOVERABLE,IRRECOVERABLE,-10.324826447288558,true,AGREEMENT_IRRECOVERABLE
HO-0018,4.780337888796062,0.002,4.782,1.662111203938000,IRRECOVERABLE,IRRECOVERABLE,-11.629215878332289,true,AGREEMENT_IRRECOVERABLE
HO-0019,4.42008638109366,0.002,4.422,1.91361890634000,RECOVERABLE,RECOVERABLE,0.779748643718051,true,AGREEMENT_RECOVERABLE
HO-0020,4.747205728633559,0.002,4.748,0.794271366441000,IRRECOVERABLE,IRRECOVERABLE,-9.654102716060947,true,AGREEMENT_IRRECOVERABLE
HO-0021,4.498981834408552,0.002,4.5,1.018165591448000,RECOVERABLE,RECOVERABLE,0.779748643717781,true,AGREEMENT_RECOVERABLE
HO-0022,4.594979070831228,0.002,4.596,1.020929168772000,IRRECOVERABLE,IRRECOVERABLE,-0.4271943033291876,true,AGREEMENT_IRRECOVERABLE
HO-0023,4.240883852770871,0.002,4.242,1.116147229129000,RECOVERABLE,RECOVERABLE,0.779748643717781,true,AGREEMENT_RECOVERABLE
HO-0024,4.238155635334473,0.002,4.24,1.844364665527000,RECOVERABLE,RECOVERABLE,0.779748643716772,true,AGREEMENT_RECOVERABLE
HO-0025,4.552483083311266,0.002,4.554,1.516916688734000,RECOVERABLE,RECOVERABLE,0.779748643718051,true,AGREEMENT_RECOVERABLE
HO-0026,4.536726309805622,0.002,4.538,1.273690194378000,RECOVERABLE,RECOVERABLE,0.779748643718051,true,AGREEMENT_RECOVERABLE
HO-0027,4.512478695923455,0.002,4.514,1.521304076545000,RECOVERABLE,RECOVERABLE,0.779748643718051,true,AGREEMENT_RECOVERABLE
HO-0028,4.578150598965571,0.002,4.58,1.849401034429000,RECOVERABLE,RECOVERABLE,0.6083145654638571,true,AGREEMENT_RECOVERABLE
HO-0029,4.765626892398162,0.002,4.766,0.373107601838000,IRRECOVERABLE,IRRECOVERABLE,-10.753695947767653,true,AGREEMENT_IRRECOVERABLE
HO-0030,4.416514988803014,0.002,4.418,1.485011196986000,RECOVERABLE,RECOVERABLE,0.779748643718051,true,AGREEMENT_RECOVERABLE
HO-0031,4.219151990504528,0.002,4.22,0.848009495472000,RECOVERABLE,RECOVERABLE,0.779748643718051,true,AGREEMENT_RECOVERABLE
HO-0032,4.76737709477014,0.002,4.768,0.62290522986000,IRRECOVERABLE,IRRECOVERABLE,-10.857979822229026,true,AGREEMENT_IRRECOVERABLE
HO-0033,4.658416264826462,0.002,4.66,1.583735173538000,IRRECOVERABLE,IRRECOVERABLE,-4.3028668719762635,true,AGREEMENT_IRRECOVERABLE
HO-0034,4.784643678209649,0.002,4.786,1.356321790351000,IRRECOVERABLE,IRRECOVERABLE,-11.88503646798469,true,AGREEMENT_IRRECOVERABLE
HO-0035,4.58972172421304,0.002,4.59,0.27827578696000,IRRECOVERABLE,IRRECOVERABLE,-0.10402639323976359,true,AGREEMENT_IRRECOVERABLE
HO-0036,4.455930890128327,0.002,4.456,0.069109871673000,RECOVERABLE,RECOVERABLE,0.779748643718051,true,AGREEMENT_RECOVERABLE
HO-0037,4.200370501355027,0.002,4.202,1.629498644973000,RECOVERABLE,RECOVERABLE,0.779748643718051,true,AGREEMENT_RECOVERABLE
HO-0038,4.252589150544033,0.002,4.254,1.410849455967000,RECOVERABLE,RECOVERABLE,0.779748643718051,true,AGREEMENT_RECOVERABLE
HO-0039,4.268690061843886,0.002,4.27,1.309938156114000,RECOVERABLE,RECOVERABLE,0.7797486437171983,true,AGREEMENT_RECOVERABLE
HO-0040,4.43652907464818,0.002,4.438,1.47092535182000,RECOVERABLE,RECOVERABLE,0.779748643718051,true,AGREEMENT_RECOVERABLE
HO-0041,4.3507371275236775,0.002,4.352,1.2628724763225000,RECOVERABLE,RECOVERABLE,0.7797486437182215,true,AGREEMENT_RECOVERABLE
HO-0042,4.376194019296599,0.002,4.378,1.805980703401000,RECOVERABLE,RECOVERABLE,0.779748643718051,true,AGREEMENT_RECOVERABLE
HO-0043,4.744766246103497,0.002,4.746,1.233753896503000,IRRECOVERABLE,IRRECOVERABLE,-9.50821283852629,true,AGREEMENT_IRRECOVERABLE
HO-0044,4.523619202617998,0.002,4.524,0.380797382002000,RECOVERABLE,RECOVERABLE,0.7797486437174825,true,AGREEMENT_RECOVERABLE
HO-0045,4.2627719789192575,0.002,4.264,1.2280210807425000,RECOVERABLE,RECOVERABLE,0.7797486437181078,true,AGREEMENT_RECOVERABLE
HO-0046,4.544884847351838,0.002,4.546,1.115152648162000,RECOVERABLE,RECOVERABLE,0.7797486437173404,true,AGREEMENT_RECOVERABLE
HO-0047,4.511902135294749,0.002,4.512,0.097864705251000,RECOVERABLE,RECOVERABLE,0.7797486437173404,true,AGREEMENT_RECOVERABLE
HO-0048,4.332426337743301,0.002,4.334,1.573662256699000,RECOVERABLE,RECOVERABLE,0.779748643718051,true,AGREEMENT_RECOVERABLE
HO-0049,4.6187207142819755,0.002,4.62,1.2792857180245000,IRRECOVERABLE,IRRECOVERABLE,-1.8828223571654377,true,AGREEMENT_IRRECOVERABLE
HO-0050,4.531063597953599,0.002,4.532,0.936402046401000,RECOVERABLE,RECOVERABLE,0.7797486437160472,true,AGREEMENT_RECOVERABLE
HO-0051,4.335638547648988,0.002,4.336,0.361452351012000,RECOVERABLE,RECOVERABLE,0.7797486437180936,true,AGREEMENT_RECOVERABLE
HO-0052,4.411806013441196,0.002,4.412,0.193986558804000,RECOVERABLE,RECOVERABLE,0.779748643718051,true,AGREEMENT_RECOVERABLE
HO-0053,4.640227007593636,0.002,4.642,1.772992406364000,IRRECOVERABLE,IRRECOVERABLE,-3.1960864172875887,true,AGREEMENT_IRRECOVERABLE
HO-0054,4.488976353340441,0.002,4.49,1.023646659559000,RECOVERABLE,RECOVERABLE,0.7797486437180936,true,AGREEMENT_RECOVERABLE
HO-0055,4.6191677795855535,0.002,4.62,0.8322204144465000,IRRECOVERABLE,IRRECOVERABLE,-1.9101733772536846,true,AGREEMENT_IRRECOVERABLE
HO-0056,4.319364871786497,0.002,4.32,0.635128213503000,RECOVERABLE,RECOVERABLE,0.7797486437184347,true,AGREEMENT_RECOVERABLE
HO-0057,4.720063522763066,0.002,4.722,1.936477236934000,IRRECOVERABLE,IRRECOVERABLE,-8.027299561985771,true,AGREEMENT_IRRECOVERABLE
HO-0058,4.7598610568585045,0.002,4.76,0.1389431414955000,IRRECOVERABLE,IRRECOVERABLE,-10.409913248216824,true,AGREEMENT_IRRECOVERABLE
HO-0059,4.475497841549461,0.002,4.476,0.502158450539000,RECOVERABLE,RECOVERABLE,0.779748643718051,true,AGREEMENT_RECOVERABLE
HO-0060,4.554003783606177,0.002,4.556,1.996216393823000,RECOVERABLE,RECOVERABLE,0.7797486437181931,true,AGREEMENT_RECOVERABLE
HO-0061,4.478522707940769,0.002,4.48,1.477292059231000,RECOVERABLE,RECOVERABLE,0.7797486437180936,true,AGREEMENT_RECOVERABLE
HO-0062,4.570400546273355,0.002,4.572,1.599453726645000,RECOVERABLE,RECOVERABLE,0.7797486437175678,true,AGREEMENT_RECOVERABLE
HO-0063,4.261085426629963,0.002,4.262,0.914573370037000,RECOVERABLE,RECOVERABLE,0.7797486437168573,true,AGREEMENT_RECOVERABLE
HO-0064,4.74721315476132,0.002,4.748,0.78684523868000,IRRECOVERABLE,IRRECOVERABLE,-9.654546727899373,true,AGREEMENT_IRRECOVERABLE
HO-0065,4.300496663543926,0.002,4.302,1.503336456074000,RECOVERABLE,RECOVERABLE,0.779748643718051,true,AGREEMENT_RECOVERABLE
HO-0066,4.224108488190461,0.002,4.226,1.891511809539000,RECOVERABLE,RECOVERABLE,0.779748643718051,true,AGREEMENT_RECOVERABLE
HO-0067,4.499490997168674,0.002,4.5,0.509002831326000,RECOVERABLE,RECOVERABLE,0.7797486437181504,true,AGREEMENT_RECOVERABLE
HO-0068,4.312229434985069,0.002,4.314,1.770565014931000,RECOVERABLE,RECOVERABLE,0.7797486437180936,true,AGREEMENT_RECOVERABLE
HO-0069,4.43591104919126,0.002,4.436,0.08895080874000,RECOVERABLE,RECOVERABLE,0.779748643718051,true,AGREEMENT_RECOVERABLE
HO-0070,4.773804189260726,0.002,4.774,0.195810739274000,IRRECOVERABLE,IRRECOVERABLE,-11.240650290858198,true,AGREEMENT_IRRECOVERABLE
HO-0071,4.190442053176937,0.002,4.192,1.557946823063000,RECOVERABLE,RECOVERABLE,0.7797486437177525,true,AGREEMENT_RECOVERABLE
HO-0072,4.456107441068771,0.002,4.458,1.892558931229000,RECOVERABLE,RECOVERABLE,0.779748643718051,true,AGREEMENT_RECOVERABLE
HO-0073,4.577097813013781,0.002,4.578,0.902186986219000,RECOVERABLE,RECOVERABLE,0.6731989494052044,true,AGREEMENT_RECOVERABLE
HO-0074,4.799203005884257,0.002,4.8,0.796994115743000,IRRECOVERABLE,IRRECOVERABLE,-12.748589135731976,true,AGREEMENT_IRRECOVERABLE
HO-0075,4.67035009844101,0.002,4.672,1.64990155899000,IRRECOVERABLE,IRRECOVERABLE,-5.02706394488321,true,AGREEMENT_IRRECOVERABLE
HO-0076,4.6669474927190535,0.002,4.668,1.0525072809465000,IRRECOVERABLE,IRRECOVERABLE,-4.820736526221836,true,AGREEMENT_IRRECOVERABLE
HO-0077,4.691853464628283,0.002,4.692,0.146535371717000,IRRECOVERABLE,IRRECOVERABLE,-6.328084278193913,true,AGREEMENT_IRRECOVERABLE
HO-0078,4.341910370787552,0.002,4.342,0.089629212448000,RECOVERABLE,RECOVERABLE,0.7797486437184062,true,AGREEMENT_RECOVERABLE
HO-0079,4.418181131677429,0.002,4.42,1.818868322571000,RECOVERABLE,RECOVERABLE,0.779748643718051,true,AGREEMENT_RECOVERABLE
HO-0080,4.689281984756998,0.002,4.69,0.718015243002000,IRRECOVERABLE,IRRECOVERABLE,-6.172765308207147,true,AGREEMENT_IRRECOVERABLE
HO-0081,4.456439207693417,0.002,4.458,1.560792306583000,RECOVERABLE,RECOVERABLE,0.7797486437180936,true,AGREEMENT_RECOVERABLE
HO-0082,4.793242219677155,0.002,4.794,0.757780322845000,IRRECOVERABLE,IRRECOVERABLE,-12.395311790368623,true,AGREEMENT_IRRECOVERABLE
HO-0083,4.626749201697986,0.002,4.628,1.250798302014000,IRRECOVERABLE,IRRECOVERABLE,-2.3736652711806414,true,AGREEMENT_IRRECOVERABLE
HO-0084,4.205204224549033,0.002,4.206,0.795775450967000,RECOVERABLE,RECOVERABLE,0.7797486437180936,true,AGREEMENT_RECOVERABLE
HO-0085,4.206993975693173,0.002,4.208,1.006024306827000,RECOVERABLE,RECOVERABLE,0.779748643718051,true,AGREEMENT_RECOVERABLE
HO-0086,4.353944179858006,0.002,4.354,0.055820141994000,RECOVERABLE,RECOVERABLE,0.7797486437179373,true,AGREEMENT_RECOVERABLE
HO-0087,4.425600826554665,0.002,4.426,0.399173445335000,RECOVERABLE,RECOVERABLE,0.779748643718051,true,AGREEMENT_RECOVERABLE
HO-0088,4.46175823897744,0.002,4.462,0.24176102256000,RECOVERABLE,RECOVERABLE,0.7797486437177525,true,AGREEMENT_RECOVERABLE
HO-0089,4.1941838262134326,0.002,4.196,1.8161737865674000,RECOVERABLE,RECOVERABLE,0.7797486437180936,true,AGREEMENT_RECOVERABLE
HO-0090,4.254981756434879,0.002,4.256,1.018243565121000,RECOVERABLE,RECOVERABLE,0.7797486437180936,true,AGREEMENT_RECOVERABLE
HO-0091,4.790391248114897,0.002,4.792,1.608751885103000,IRRECOVERABLE,IRRECOVERABLE,-12.226209848904375,true,AGREEMENT_IRRECOVERABLE
HO-0092,4.331922418138382,0.002,4.332,0.077581861618000,RECOVERABLE,RECOVERABLE,0.7797486437181078,true,AGREEMENT_RECOVERABLE
HO-0093,4.635613349556147,0.002,4.636,0.386650443853000,IRRECOVERABLE,IRRECOVERABLE,-2.914781964622918,true,AGREEMENT_IRRECOVERABLE
HO-0094,4.280001333122862,0.002,4.282,1.998666877138000,RECOVERABLE,RECOVERABLE,0.7797486437180936,true,AGREEMENT_RECOVERABLE
HO-0095,4.251952911300943,0.002,4.252,0.047088699057000,RECOVERABLE,RECOVERABLE,0.7797486437179515,true,AGREEMENT_RECOVERABLE
HO-0096,4.477886934876266,0.002,4.478,0.113065123734000,RECOVERABLE,RECOVERABLE,0.779748643718051,true,AGREEMENT_RECOVERABLE
HO-0097,4.401466845769097,0.002,4.402,0.533154230903000,RECOVERABLE,RECOVERABLE,0.7797486437182215,true,AGREEMENT_RECOVERABLE
HO-0098,4.573238685785399,0.002,4.574,0.761314214601000,RECOVERABLE,RECOVERABLE,0.779748643718051,true,AGREEMENT_RECOVERABLE
HO-0099,4.538098254239547,0.002,4.54,1.901745760453000,RECOVERABLE,RECOVERABLE,0.7797486437170704,true,AGREEMENT_RECOVERABLE
HO-0100,4.260619384328261,0.002,4.262,1.380615671739000,RECOVERABLE,RECOVERABLE,0.779748643718051,true,AGREEMENT_RECOVERABLE
HO-0101,4.194779830090836,0.002,4.196,1.220169909164000,RECOVERABLE,RECOVERABLE,0.779748643718051,true,AGREEMENT_RECOVERABLE
HO-0102,4.337923322954387,0.002,4.338,0.076677045613000,RECOVERABLE,RECOVERABLE,0.7797486437179799,true,AGREEMENT_RECOVERABLE
HO-0103,4.4070625769372676,0.002,4.408,0.9374230627324000,RECOVERABLE,RECOVERABLE,0.7797486437177241,true,AGREEMENT_RECOVERABLE
HO-0104,4.462878968245348,0.002,4.464,1.121031754652000,RECOVERABLE,RECOVERABLE,0.7797486437177525,true,AGREEMENT_RECOVERABLE
HO-0105,4.450164850771611,0.002,4.452,1.835149228389000,RECOVERABLE,RECOVERABLE,0.779748643718051,true,AGREEMENT_RECOVERABLE
HO-0106,4.490890157182178,0.002,4.492,1.109842817822000,RECOVERABLE,RECOVERABLE,0.7797486437184062,true,AGREEMENT_RECOVERABLE
HO-0107,4.664350215139348,0.002,4.666,1.649784860652000,IRRECOVERABLE,IRRECOVERABLE,-4.6631580971924365,true,AGREEMENT_IRRECOVERABLE
HO-0108,4.517146101466886,0.002,4.518,0.853898533114000,RECOVERABLE,RECOVERABLE,0.7797486437178947,true,AGREEMENT_RECOVERABLE
HO-0109,4.225256936426783,0.002,4.226,0.743063573217000,RECOVERABLE,RECOVERABLE,0.7797486437183778,true,AGREEMENT_RECOVERABLE
HO-0110,4.694842783796862,0.002,4.696,1.157216203138000,IRRECOVERABLE,IRRECOVERABLE,-6.508551116460325,true,AGREEMENT_IRRECOVERABLE
HO-0111,4.50291276931817,0.002,4.504,1.08723068183000,RECOVERABLE,RECOVERABLE,0.7797486437182783,true,AGREEMENT_RECOVERABLE
HO-0112,4.316815469854136,0.002,4.318,1.184530145864000,RECOVERABLE,RECOVERABLE,0.7797486437181931,true,AGREEMENT_RECOVERABLE
HO-0113,4.369781461304282,0.002,4.37,0.218538695718000,RECOVERABLE,RECOVERABLE,0.779748643718051,true,AGREEMENT_RECOVERABLE
HO-0114,4.353585344871453,0.002,4.354,0.414655128547000,RECOVERABLE,RECOVERABLE,0.7797486437180936,true,AGREEMENT_RECOVERABLE
HO-0115,4.611503133699914,0.002,4.612,0.496866300086000,IRRECOVERABLE,IRRECOVERABLE,-1.4409557634188843,true,AGREEMENT_IRRECOVERABLE
HO-0116,4.42860586868633,0.002,4.43,1.39413131367000,RECOVERABLE,RECOVERABLE,0.779748643718051,true,AGREEMENT_RECOVERABLE
HO-0117,4.318031947448616,0.002,4.32,1.968052551384000,RECOVERABLE,RECOVERABLE,0.779748643718051,true,AGREEMENT_RECOVERABLE
HO-0118,4.783871987822764,0.002,4.784,0.128012177236000,IRRECOVERABLE,IRRECOVERABLE,-11.83920243767524,true,AGREEMENT_IRRECOVERABLE
HO-0119,4.563644953381895,0.002,4.564,0.355046618105000,RECOVERABLE,RECOVERABLE,0.7797486437173831,true,AGREEMENT_RECOVERABLE
HO-0120,4.569252081507915,0.002,4.57,0.747918492085000,RECOVERABLE,RECOVERABLE,0.7797486437178236,true,AGREEMENT_RECOVERABLE
HO-0121,4.186820637825683,0.002,4.188,1.179362174317000,RECOVERABLE,RECOVERABLE,0.7797486437180936,true,AGREEMENT_RECOVERABLE
HO-0122,4.502156412948833,0.002,4.504,1.843587051167000,RECOVERABLE,RECOVERABLE,0.7797486437180936,true,AGREEMENT_RECOVERABLE
HO-0123,4.733520398898533,0.002,4.734,0.479601101467000,IRRECOVERABLE,IRRECOVERABLE,-8.834844488510868,true,AGREEMENT_IRRECOVERABLE
HO-0124,4.685567585534869,0.002,4.686,0.432414465131000,IRRECOVERABLE,IRRECOVERABLE,-5.948287002235631,true,AGREEMENT_IRRECOVERABLE
HO-0125,4.244355889167789,0.002,4.246,1.644110832211000,RECOVERABLE,RECOVERABLE,0.7797486437165588,true,AGREEMENT_RECOVERABLE
HO-0126,4.416234152880075,0.002,4.418,1.765847119925000,RECOVERABLE,RECOVERABLE,0.7797486437180936,true,AGREEMENT_RECOVERABLE
HO-0127,4.638767087457192,0.002,4.64,1.232912542808000,IRRECOVERABLE,IRRECOVERABLE,-3.107097083597708,true,AGREEMENT_IRRECOVERABLE
HO-0128,4.4535092068489615,0.002,4.454,0.4907931510385000,RECOVERABLE,RECOVERABLE,0.779748643718051,true,AGREEMENT_RECOVERABLE
HO-0129,4.443294665667741,0.002,4.444,0.705334332259000,RECOVERABLE,RECOVERABLE,0.779748643718321,true,AGREEMENT_RECOVERABLE
HO-0130,4.763049710108843,0.002,4.764,0.950289891157000,IRRECOVERABLE,IRRECOVERABLE,-10.600077756249533,true,AGREEMENT_IRRECOVERABLE
HO-0131,4.225247327678451,0.002,4.226,0.752672321549000,RECOVERABLE,RECOVERABLE,0.7797486437182926,true,AGREEMENT_RECOVERABLE
HO-0132,4.354318990471544,0.002,4.356,1.681009528456000,RECOVERABLE,RECOVERABLE,0.7797486437179657,true,AGREEMENT_RECOVERABLE
HO-0133,4.43922073922973,0.002,4.44,0.77926077027000,RECOVERABLE,RECOVERABLE,0.7797486437180936,true,AGREEMENT_RECOVERABLE
HO-0134,4.643179885220966,0.002,4.644,0.820114779034000,IRRECOVERABLE,IRRECOVERABLE,-3.3760079356057986,true,AGREEMENT_IRRECOVERABLE
HO-0135,4.257385049789248,0.002,4.258,0.614950210752000,RECOVERABLE,RECOVERABLE,0.779748643718051,true,AGREEMENT_RECOVERABLE
HO-0136,4.452368733975462,0.002,4.454,1.631266024538000,RECOVERABLE,RECOVERABLE,0.779748643718051,true,AGREEMENT_RECOVERABLE
HO-0137,4.220666043815472,0.002,4.222,1.333956184528000,RECOVERABLE,RECOVERABLE,0.779748643718051,true,AGREEMENT_RECOVERABLE
HO-0138,4.526279125502523,0.002,4.528,1.720874497477000,RECOVERABLE,RECOVERABLE,0.779748643718051,true,AGREEMENT_RECOVERABLE
HO-0139,4.488102546024753,0.002,4.49,1.897453975247000,RECOVERABLE,RECOVERABLE,0.779748643718051,true,AGREEMENT_RECOVERABLE
HO-0140,4.657007496674924,0.002,4.658,0.992503325076000,IRRECOVERABLE,IRRECOVERABLE,-4.217274622486386,true,AGREEMENT_IRRECOVERABLE
HO-0141,4.6854850297683095,0.002,4.686,0.5149702316905000,IRRECOVERABLE,IRRECOVERABLE,-5.94329607967606,true,AGREEMENT_IRRECOVERABLE
HO-0142,4.192098417997437,0.002,4.194,1.901582002563000,RECOVERABLE,RECOVERABLE,0.779748643718051,true,AGREEMENT_RECOVERABLE
HO-0143,4.780903362368273,0.002,4.782,1.096637631727000,IRRECOVERABLE,IRRECOVERABLE,-11.662823732938847,true,AGREEMENT_IRRECOVERABLE
HO-0144,4.78579883581388,0.002,4.786,0.20116418612000,IRRECOVERABLE,IRRECOVERABLE,-11.953634411829356,true,AGREEMENT_IRRECOVERABLE
HO-0145,4.621174090603979,0.002,4.622,0.825909396021000,IRRECOVERABLE,IRRECOVERABLE,-2.032890667708159,true,AGREEMENT_IRRECOVERABLE
HO-0146,4.462342452994207,0.002,4.464,1.657547005793000,RECOVERABLE,RECOVERABLE,0.779748643718051,true,AGREEMENT_RECOVERABLE
HO-0147,4.705002965943778,0.002,4.706,0.997034056222000,IRRECOVERABLE,IRRECOVERABLE,-7.121205024449921,true,AGREEMENT_IRRECOVERABLE
HO-0148,4.554503263847892,0.002,4.556,1.496736152108000,RECOVERABLE,RECOVERABLE,0.779748643718051,true,AGREEMENT_RECOVERABLE
HO-0149,4.246146240811958,0.002,4.248,1.853759188042000,RECOVERABLE,RECOVERABLE,0.7797486437181931,true,AGREEMENT_RECOVERABLE
HO-0150,4.642769392363112,0.002,4.644,1.230607636888000,IRRECOVERABLE,IRRECOVERABLE,-3.351001913261385,true,AGREEMENT_IRRECOVERABLE
HO-0151,4.329107199602026,0.002,4.33,0.892800397974000,RECOVERABLE,RECOVERABLE,0.779748643718051,true,AGREEMENT_RECOVERABLE
HO-0152,4.3392946703000606,0.002,4.34,0.7053296999394000,RECOVERABLE,RECOVERABLE,0.7797486437170988,true,AGREEMENT_RECOVERABLE
HO-0153,4.303276178003347,0.002,4.304,0.723821996653000,RECOVERABLE,RECOVERABLE,0.779748643718051,true,AGREEMENT_RECOVERABLE
HO-0154,4.277994220289894,0.002,4.278,0.005779710106000,RECOVERABLE,RECOVERABLE,0.7797486437183778,true,AGREEMENT_RECOVERABLE
HO-0155,4.2506861330506185,0.002,4.252,1.3138669493815000,RECOVERABLE,RECOVERABLE,0.7797486437168573,true,AGREEMENT_RECOVERABLE
HO-0156,4.777217948627194,0.002,4.778,0.782051372806000,IRRECOVERABLE,IRRECOVERABLE,-11.44372678370155,true,AGREEMENT_IRRECOVERABLE
HO-0157,4.221139332744338,0.002,4.222,0.860667255662000,RECOVERABLE,RECOVERABLE,0.7797486437180936,true,AGREEMENT_RECOVERABLE
HO-0158,4.18270688015734,0.002,4.184,1.29311984266000,RECOVERABLE,RECOVERABLE,0.7797486437180936,true,AGREEMENT_RECOVERABLE
HO-0159,4.216862834685467,0.002,4.218,1.137165314533000,RECOVERABLE,RECOVERABLE,0.779748643718051,true,AGREEMENT_RECOVERABLE
HO-0160,4.189996535410152,0.002,4.19,0.003464589848000,RECOVERABLE,RECOVERABLE,0.7797486437180936,true,AGREEMENT_RECOVERABLE
HO-0161,4.475261269118578,0.002,4.476,0.738730881422000,RECOVERABLE,RECOVERABLE,0.779748643718051,true,AGREEMENT_RECOVERABLE
HO-0162,4.376404961667715,0.002,4.378,1.595038332285000,RECOVERABLE,RECOVERABLE,0.7797486437184347,true,AGREEMENT_RECOVERABLE
HO-0163,4.436073676315808,0.002,4.438,1.926323684192000,RECOVERABLE,RECOVERABLE,0.779748643718051,true,AGREEMENT_RECOVERABLE
HO-0164,4.623784122353253,0.002,4.624,0.215877646747000,IRRECOVERABLE,IRRECOVERABLE,-2.192469173674823,true,AGREEMENT_IRRECOVERABLE
HO-0165,4.247960876977332,0.002,4.248,0.039123022668000,RECOVERABLE,RECOVERABLE,0.779748643718122,true,AGREEMENT_RECOVERABLE
HO-0166,4.690862167003328,0.002,4.692,1.137832996672000,IRRECOVERABLE,IRRECOVERABLE,-6.268217761842507,true,AGREEMENT_IRRECOVERABLE
HO-0167,4.76282638710052,0.002,4.764,1.17361289948000,IRRECOVERABLE,IRRECOVERABLE,-10.586762789226896,true,AGREEMENT_IRRECOVERABLE
HO-0168,4.216577544122841,0.002,4.218,1.422455877159000,RECOVERABLE,RECOVERABLE,0.779748643718051,true,AGREEMENT_RECOVERABLE
HO-0169,4.7337437583738255,0.002,4.734,0.2562416261745000,IRRECOVERABLE,IRRECOVERABLE,-8.848231821822353,true,AGREEMENT_IRRECOVERABLE
HO-0170,4.298196551969774,0.002,4.3,1.803448030226000,RECOVERABLE,RECOVERABLE,0.779748643718051,true,AGREEMENT_RECOVERABLE
HO-0171,4.339436355268448,0.002,4.34,0.563644731552000,RECOVERABLE,RECOVERABLE,0.779748643718051,true,AGREEMENT_RECOVERABLE
HO-0172,4.53106275927958,0.002,4.532,0.93724072042000,RECOVERABLE,RECOVERABLE,0.7797486437181931,true,AGREEMENT_RECOVERABLE
HO-0173,4.3370048462467,0.002,4.338,0.9951537533000,RECOVERABLE,RECOVERABLE,0.7797486437180936,true,AGREEMENT_RECOVERABLE
HO-0174,4.26376728996606,0.002,4.264,0.23271003394000,RECOVERABLE,RECOVERABLE,0.7797486437184347,true,AGREEMENT_RECOVERABLE
HO-0175,4.585293343816971,0.002,4.586,0.706656183029000,IRRECOVERABLE,RECOVERABLE,0.16842001198990886,false,CONSERVATIVE_FALSE_REJECTION
HO-0176,4.79230103191694,0.002,4.794,1.69896808306000,IRRECOVERABLE,IRRECOVERABLE,-12.339495941593242,true,AGREEMENT_IRRECOVERABLE
HO-0177,4.438801083671846,0.002,4.44,1.198916328154000,RECOVERABLE,RECOVERABLE,0.779748643718051,true,AGREEMENT_RECOVERABLE
HO-0178,4.242550792187121,0.002,4.244,1.449207812879000,RECOVERABLE,RECOVERABLE,0.7797486437180368,true,AGREEMENT_RECOVERABLE
HO-0179,4.691866507021709,0.002,4.692,0.133492978291000,IRRECOVERABLE,IRRECOVERABLE,-6.328871864507178,true,AGREEMENT_IRRECOVERABLE
HO-0180,4.686957776754352,0.002,4.688,1.042223245648000,IRRECOVERABLE,IRRECOVERABLE,-6.032320163075752,true,AGREEMENT_IRRECOVERABLE
HO-0181,4.461190148120181,0.002,4.462,0.809851879819000,RECOVERABLE,RECOVERABLE,0.7797486437170846,true,AGREEMENT_RECOVERABLE
HO-0182,4.234774251705718,0.002,4.236,1.225748294282000,RECOVERABLE,RECOVERABLE,0.779748643718051,true,AGREEMENT_RECOVERABLE
HO-0183,4.688074782619988,0.002,4.69,1.925217380012000,IRRECOVERABLE,IRRECOVERABLE,-6.099824881431928,true,AGREEMENT_IRRECOVERABLE
HO-0184,4.272868959400577,0.002,4.274,1.131040599423000,RECOVERABLE,RECOVERABLE,0.779748643718051,true,AGREEMENT_RECOVERABLE
HO-0185,4.773303686278142,0.002,4.774,0.696313721858000,IRRECOVERABLE,IRRECOVERABLE,-11.21086608976239,true,AGREEMENT_IRRECOVERABLE
HO-0186,4.599438447103445,0.002,4.6,0.561552896555000,IRRECOVERABLE,IRRECOVERABLE,-0.701074011018207,true,AGREEMENT_IRRECOVERABLE
HO-0187,4.612337193357553,0.002,4.614,1.662806642447000,IRRECOVERABLE,IRRECOVERABLE,-1.492046701942641,true,AGREEMENT_IRRECOVERABLE
HO-0188,4.50687905213646,0.002,4.508,1.12094786354000,RECOVERABLE,RECOVERABLE,0.7797486437181931,true,AGREEMENT_RECOVERABLE
HO-0189,4.2858979364224075,0.002,4.286,0.1020635775925000,RECOVERABLE,RECOVERABLE,0.7797486437180936,true,AGREEMENT_RECOVERABLE
HO-0190,4.522313727541044,0.002,4.524,1.686272458956000,RECOVERABLE,RECOVERABLE,0.779748643718051,true,AGREEMENT_RECOVERABLE
HO-0191,4.692664006947072,0.002,4.694,1.335993052928000,IRRECOVERABLE,IRRECOVERABLE,-6.377026710115956,true,AGREEMENT_IRRECOVERABLE
HO-0192,4.765086441960155,0.002,4.766,0.913558039845000,IRRECOVERABLE,IRRECOVERABLE,-10.7214871867899,true,AGREEMENT_IRRECOVERABLE
HO-0193,4.788162636176376,0.002,4.79,1.837363823624000,IRRECOVERABLE,IRRECOVERABLE,-12.093962140936085,true,AGREEMENT_IRRECOVERABLE
HO-0194,4.440222526540162,0.002,4.442,1.777473459838000,RECOVERABLE,RECOVERABLE,0.779748643718051,true,AGREEMENT_RECOVERABLE
HO-0195,4.2229546941326745,0.002,4.224,1.0453058673255000,RECOVERABLE,RECOVERABLE,0.779748643716772,true,AGREEMENT_RECOVERABLE
HO-0196,4.79488177179293,0.002,4.796,1.11822820707000,IRRECOVERABLE,IRRECOVERABLE,-12.49252066006322,true,AGREEMENT_IRRECOVERABLE
HO-0197,4.5247343736780214,0.002,4.526,1.2656263219786000,RECOVERABLE,RECOVERABLE,0.779748643718051,true,AGREEMENT_RECOVERABLE
HO-0198,4.419765108543824,0.002,4.42,0.234891456176000,RECOVERABLE,RECOVERABLE,0.7797486437169567,true,AGREEMENT_RECOVERABLE
HO-0199,4.557454791136146,0.002,4.558,0.545208863854000,RECOVERABLE,RECOVERABLE,0.7797486437180936,true,AGREEMENT_RECOVERABLE
HO-0200,4.263976776706544,0.002,4.264,0.023223293456000,RECOVERABLE,RECOVERABLE,0.7797486437180936,true,AGREEMENT_RECOVERABLE
HO-0201,4.380856986545847,0.002,4.382,1.143013454153000,RECOVERABLE,RECOVERABLE,0.7797486437182926,true,AGREEMENT_RECOVERABLE
HO-0202,4.315056587386261,0.002,4.316,0.943412613739000,RECOVERABLE,RECOVERABLE,0.7797486437169425,true,AGREEMENT_RECOVERABLE
HO-0203,4.401067472072363,0.002,4.402,0.932527927637000,RECOVERABLE,RECOVERABLE,0.7797486437180936,true,AGREEMENT_RECOVERABLE
HO-0204,4.377859934861993,0.002,4.378,0.140065138007000,RECOVERABLE,RECOVERABLE,0.7797486437180936,true,AGREEMENT_RECOVERABLE
HO-0205,4.485258814864201,0.002,4.486,0.741185135799000,RECOVERABLE,RECOVERABLE,0.7797486437180936,true,AGREEMENT_RECOVERABLE
HO-0206,4.235704439414606,0.002,4.236,0.295560585394000,RECOVERABLE,RECOVERABLE,0.779748643718051,true,AGREEMENT_RECOVERABLE
HO-0207,4.739807762604602,0.002,4.74,0.192237395398000,IRRECOVERABLE,IRRECOVERABLE,-9.211480777124919,true,AGREEMENT_IRRECOVERABLE
HO-0208,4.710303006461145,0.002,4.712,1.696993538855000,IRRECOVERABLE,IRRECOVERABLE,-7.440352482453051,true,AGREEMENT_IRRECOVERABLE
HO-0209,4.429794963868144,0.002,4.43,0.205036131856000,RECOVERABLE,RECOVERABLE,0.779748643718051,true,AGREEMENT_RECOVERABLE
HO-0210,4.259364399447993,0.002,4.26,0.635600552007000,RECOVERABLE,RECOVERABLE,0.7797486437179515,true,AGREEMENT_RECOVERABLE
HO-0211,4.32874714822675,0.002,4.33,1.25285177325000,RECOVERABLE,RECOVERABLE,0.7797486437182783,true,AGREEMENT_RECOVERABLE
HO-0212,4.712086419593088,0.002,4.714,1.913580406912000,IRRECOVERABLE,IRRECOVERABLE,-7.547674422574161,true,AGREEMENT_IRRECOVERABLE
HO-0213,4.433175410072156,0.002,4.434,0.824589927844000,RECOVERABLE,RECOVERABLE,0.779748643718051,true,AGREEMENT_RECOVERABLE
HO-0214,4.380068587429199,0.002,4.382,1.931412570801000,RECOVERABLE,RECOVERABLE,0.7797486437182783,true,AGREEMENT_RECOVERABLE
HO-0215,4.5288075792162585,0.002,4.53,1.1924207837415000,RECOVERABLE,RECOVERABLE,0.7797486437182783,true,AGREEMENT_RECOVERABLE
HO-0216,4.494979421299346,0.002,4.496,1.020578700654000,RECOVERABLE,RECOVERABLE,0.779748643717582,true,AGREEMENT_RECOVERABLE
HO-0217,4.483566270733208,0.002,4.484,0.433729266792000,RECOVERABLE,RECOVERABLE,0.7797486437180936,true,AGREEMENT_RECOVERABLE
HO-0218,4.314219963278319,0.002,4.316,1.780036721681000,RECOVERABLE,RECOVERABLE,0.7797486437182215,true,AGREEMENT_RECOVERABLE
HO-0219,4.493066002649676,0.002,4.494,0.933997350324000,RECOVERABLE,RECOVERABLE,0.7797486437180936,true,AGREEMENT_RECOVERABLE
HO-0220,4.594621328980901,0.002,4.596,1.378671019099000,IRRECOVERABLE,IRRECOVERABLE,-0.40521358709200683,true,AGREEMENT_IRRECOVERABLE
HO-0221,4.603345095812043,0.002,4.604,0.654904187957000,IRRECOVERABLE,IRRECOVERABLE,-0.940828287481267,true,AGREEMENT_IRRECOVERABLE
HO-0222,4.706874580337588,0.002,4.708,1.125419662412000,IRRECOVERABLE,IRRECOVERABLE,-7.233940853045453,true,AGREEMENT_IRRECOVERABLE
HO-0223,4.767413000785325,0.002,4.768,0.586999214675000,IRRECOVERABLE,IRRECOVERABLE,-10.860118899637627,true,AGREEMENT_IRRECOVERABLE
HO-0224,4.258862379613877,0.002,4.26,1.137620386123000,RECOVERABLE,RECOVERABLE,0.7797486437180936,true,AGREEMENT_RECOVERABLE
HO-0225,4.535549748401663,0.002,4.536,0.450251598337000,RECOVERABLE,RECOVERABLE,0.779748643718051,true,AGREEMENT_RECOVERABLE
HO-0226,4.295008894904713,0.002,4.296,0.991105095287000,RECOVERABLE,RECOVERABLE,0.779748643718051,true,AGREEMENT_RECOVERABLE
HO-0227,4.693615626842647,0.002,4.694,0.384373157353000,IRRECOVERABLE,IRRECOVERABLE,-6.4344786681493105,true,AGREEMENT_IRRECOVERABLE
HO-0228,4.771925031091264,0.002,4.772,0.074968908736000,IRRECOVERABLE,IRRECOVERABLE,-11.128810499027324,true,AGREEMENT_IRRECOVERABLE
HO-0229,4.613910970741299,0.002,4.614,0.089029258701000,IRRECOVERABLE,IRRECOVERABLE,-1.5884288958382484,true,AGREEMENT_IRRECOVERABLE
HO-0230,4.410870322220826,0.002,4.412,1.129677779174000,RECOVERABLE,RECOVERABLE,0.7797486437180936,true,AGREEMENT_RECOVERABLE
HO-0231,4.614789382895334,0.002,4.616,1.210617104666000,IRRECOVERABLE,IRRECOVERABLE,-1.6422133616996604,true,AGREEMENT_IRRECOVERABLE
HO-0232,4.684699898941406,0.002,4.686,1.300101058594000,IRRECOVERABLE,IRRECOVERABLE,-5.895827178230121,true,AGREEMENT_IRRECOVERABLE
HO-0233,4.235274102731098,0.002,4.236,0.725897268902000,RECOVERABLE,RECOVERABLE,0.7797486437184062,true,AGREEMENT_RECOVERABLE
HO-0234,4.2517644621210176,0.002,4.252,0.2355378789824000,RECOVERABLE,RECOVERABLE,0.7797486437160899,true,AGREEMENT_RECOVERABLE
HO-0235,4.296786119588176,0.002,4.298,1.213880411824000,RECOVERABLE,RECOVERABLE,0.779748643718051,true,AGREEMENT_RECOVERABLE
HO-0236,4.33943997816172,0.002,4.34,0.56002183828000,RECOVERABLE,RECOVERABLE,0.779748643718051,true,AGREEMENT_RECOVERABLE
HO-0237,4.522735308919008,0.002,4.524,1.264691080992000,RECOVERABLE,RECOVERABLE,0.779748643718051,true,AGREEMENT_RECOVERABLE
HO-0238,4.2595859635413715,0.002,4.26,0.4140364586285000,RECOVERABLE,RECOVERABLE,0.7797486437180936,true,AGREEMENT_RECOVERABLE
HO-0239,4.600688199286319,0.002,4.602,1.311800713681000,IRRECOVERABLE,IRRECOVERABLE,-0.7777905008059918,true,AGREEMENT_IRRECOVERABLE
HO-0240,4.773149010374309,0.002,4.774,0.850989625691000,IRRECOVERABLE,IRRECOVERABLE,-11.201661011604898,true,AGREEMENT_IRRECOVERABLE
HO-0241,4.523156760070922,0.002,4.524,0.843239929078000,RECOVERABLE,RECOVERABLE,0.779748643718051,true,AGREEMENT_RECOVERABLE
HO-0242,4.406197994079311,0.002,4.408,1.802005920689000,RECOVERABLE,RECOVERABLE,0.7797486437168004,true,AGREEMENT_RECOVERABLE
HO-0243,4.536558915597194,0.002,4.538,1.441084402806000,RECOVERABLE,RECOVERABLE,0.779748643718051,true,AGREEMENT_RECOVERABLE
HO-0244,4.483916502273719,0.002,4.484,0.083497726281000,RECOVERABLE,RECOVERABLE,0.779748643717241,true,AGREEMENT_RECOVERABLE
HO-0245,4.285741755095019,0.002,4.286,0.258244904981000,RECOVERABLE,RECOVERABLE,0.7797486437177241,true,AGREEMENT_RECOVERABLE
HO-0246,4.3739363053787335,0.002,4.374,0.0636946212665000,RECOVERABLE,RECOVERABLE,0.779748643718122,true,AGREEMENT_RECOVERABLE
HO-0247,4.72050386023197,0.002,4.722,1.49613976803000,IRRECOVERABLE,IRRECOVERABLE,-8.053754984980529,true,AGREEMENT_IRRECOVERABLE
HO-0248,4.539312099983378,0.002,4.54,0.687900016622000,RECOVERABLE,RECOVERABLE,0.779748643718051,true,AGREEMENT_RECOVERABLE
HO-0249,4.316832200773263,0.002,4.318,1.167799226737000,RECOVERABLE,RECOVERABLE,0.7797486437180936,true,AGREEMENT_RECOVERABLE
HO-0250,4.6484800878834305,0.002,4.65,1.5199121165695000,IRRECOVERABLE,IRRECOVERABLE,-3.698716058008003,true,AGREEMENT_IRRECOVERABLE
HO-0251,4.658177106652792,0.002,4.66,1.822893347208000,IRRECOVERABLE,IRRECOVERABLE,-4.288337905377659,true,AGREEMENT_IRRECOVERABLE
HO-0252,4.6197534697980815,0.002,4.62,0.2465302019185000,IRRECOVERABLE,IRRECOVERABLE,-1.9460020328559295,true,AGREEMENT_IRRECOVERABLE
HO-0253,4.740538422616776,0.002,4.742,1.461577383224000,IRRECOVERABLE,IRRECOVERABLE,-9.255222470122803,true,AGREEMENT_IRRECOVERABLE
HO-0254,4.336675585697343,0.002,4.338,1.324414302657000,RECOVERABLE,RECOVERABLE,0.779748643718051,true,AGREEMENT_RECOVERABLE
HO-0255,4.297829099443481,0.002,4.298,0.170900556519000,RECOVERABLE,RECOVERABLE,0.779748643718051,true,AGREEMENT_RECOVERABLE
HO-0256,4.196866352124337,0.002,4.198,1.133647875663000,RECOVERABLE,RECOVERABLE,0.7797486437180936,true,AGREEMENT_RECOVERABLE
HO-0257,4.218016314874403,0.002,4.22,1.983685125597000,RECOVERABLE,RECOVERABLE,0.7797486437181931,true,AGREEMENT_RECOVERABLE
HO-0258,4.5330812572688775,0.002,4.534,0.9187427311225000,RECOVERABLE,RECOVERABLE,0.779748643718051,true,AGREEMENT_RECOVERABLE
HO-0259,4.722737773770555,0.002,4.724,1.262226229445000,IRRECOVERABLE,IRRECOVERABLE,-8.187936080282185,true,AGREEMENT_IRRECOVERABLE
HO-0260,4.411235040355428,0.002,4.412,0.764959644572000,RECOVERABLE,RECOVERABLE,0.779748643718051,true,AGREEMENT_RECOVERABLE
HO-0261,4.454293633519824,0.002,4.456,1.706366480176000,RECOVERABLE,RECOVERABLE,0.779748643718051,true,AGREEMENT_RECOVERABLE
HO-0262,4.579648251680525,0.002,4.58,0.351748319475000,RECOVERABLE,RECOVERABLE,0.5160334818272077,true,AGREEMENT_RECOVERABLE
HO-0263,4.399515572824726,0.002,4.4,0.484427175274000,RECOVERABLE,RECOVERABLE,0.779748643718051,true,AGREEMENT_RECOVERABLE
HO-0264,4.444096584465793,0.002,4.446,1.903415534207000,RECOVERABLE,RECOVERABLE,0.7797486437170988,true,AGREEMENT_RECOVERABLE
HO-0265,4.1821271972869,0.002,4.184,1.8728027131000,RECOVERABLE,RECOVERABLE,0.779748643718051,true,AGREEMENT_RECOVERABLE
HO-0266,4.614245181701608,0.002,4.616,1.754818298392000,IRRECOVERABLE,IRRECOVERABLE,-1.608893355945355,true,AGREEMENT_IRRECOVERABLE
HO-0267,4.437199353220012,0.002,4.438,0.800646779988000,RECOVERABLE,RECOVERABLE,0.7797486437180794,true,AGREEMENT_RECOVERABLE
HO-0268,4.718902247743952,0.002,4.72,1.097752256048000,IRRECOVERABLE,IRRECOVERABLE,-7.957520280230966,true,AGREEMENT_IRRECOVERABLE
HO-0269,4.532948152716715,0.002,4.534,1.051847283285000,RECOVERABLE,RECOVERABLE,0.7797486437166867,true,AGREEMENT_RECOVERABLE
HO-0270,4.384877493503352,0.002,4.386,1.122506496648000,RECOVERABLE,RECOVERABLE,0.7797486437180936,true,AGREEMENT_RECOVERABLE
HO-0271,4.240807005069452,0.002,4.242,1.192994930548000,RECOVERABLE,RECOVERABLE,0.7797486437180794,true,AGREEMENT_RECOVERABLE
HO-0272,4.508278411274363,0.002,4.51,1.721588725637000,RECOVERABLE,RECOVERABLE,0.779748643718051,true,AGREEMENT_RECOVERABLE
HO-0273,4.500362426223895,0.002,4.502,1.637573776105000,RECOVERABLE,RECOVERABLE,0.779748643718051,true,AGREEMENT_RECOVERABLE
HO-0274,4.21066031511328,0.002,4.212,1.33968488672000,RECOVERABLE,RECOVERABLE,0.779748643718051,true,AGREEMENT_RECOVERABLE
HO-0275,4.204432099592492,0.002,4.206,1.567900407508000,RECOVERABLE,RECOVERABLE,0.7797486437180936,true,AGREEMENT_RECOVERABLE
HO-0276,4.219667275943991,0.002,4.22,0.332724056009000,RECOVERABLE,RECOVERABLE,0.779748643718051,true,AGREEMENT_RECOVERABLE
HO-0277,4.4068323543451475,0.002,4.408,1.1676456548525000,RECOVERABLE,RECOVERABLE,0.779748643718051,true,AGREEMENT_RECOVERABLE
HO-0278,4.760383492844862,0.002,4.762,1.616507155138000,IRRECOVERABLE,IRRECOVERABLE,-10.441077674089712,true,AGREEMENT_IRRECOVERABLE
HO-0279,4.28350734808447,0.002,4.284,0.49265191553000,RECOVERABLE,RECOVERABLE,0.779748643718051,true,AGREEMENT_RECOVERABLE
HO-0280,4.698499719549031,0.002,4.7,1.500280450969000,IRRECOVERABLE,IRRECOVERABLE,-6.729190971247917,true,AGREEMENT_IRRECOVERABLE
HO-0281,4.458769316761501,0.002,4.46,1.230683238499000,RECOVERABLE,RECOVERABLE,0.7797486437173831,true,AGREEMENT_RECOVERABLE
HO-0282,4.5436675340499155,0.002,4.544,0.3324659500845000,RECOVERABLE,RECOVERABLE,0.7797486437173831,true,AGREEMENT_RECOVERABLE
HO-0283,4.6121974683126945,0.002,4.614,1.8025316873055000,IRRECOVERABLE,IRRECOVERABLE,-1.4834882713886515,true,AGREEMENT_IRRECOVERABLE
HO-0284,4.757697951320182,0.002,4.758,0.302048679818000,IRRECOVERABLE,IRRECOVERABLE,-10.280848276710714,true,AGREEMENT_IRRECOVERABLE
HO-0285,4.249823344498326,0.002,4.25,0.176655501674000,RECOVERABLE,RECOVERABLE,0.7797486437181078,true,AGREEMENT_RECOVERABLE
HO-0286,4.478598236350356,0.002,4.48,1.401763649644000,RECOVERABLE,RECOVERABLE,0.7797486437181931,true,AGREEMENT_RECOVERABLE
HO-0287,4.262005361258353,0.002,4.264,1.994638741647000,RECOVERABLE,RECOVERABLE,0.779748643718051,true,AGREEMENT_RECOVERABLE
HO-0288,4.502989543140222,0.002,4.504,1.010456859778000,RECOVERABLE,RECOVERABLE,0.779748643718051,true,AGREEMENT_RECOVERABLE
HO-0289,4.7754655725900355,0.002,4.776,0.5344274099645000,IRRECOVERABLE,IRRECOVERABLE,-11.339497607755192,true,AGREEMENT_IRRECOVERABLE
HO-0290,4.764187128766017,0.002,4.766,1.812871233983000,IRRECOVERABLE,IRRECOVERABLE,-10.667884666329485,true,AGREEMENT_IRRECOVERABLE
HO-0291,4.706474815187922,0.002,4.708,1.525184812078000,IRRECOVERABLE,IRRECOVERABLE,-7.209864358973036,true,AGREEMENT_IRRECOVERABLE
HO-0292,4.433832538186649,0.002,4.434,0.167461813351000,RECOVERABLE,RECOVERABLE,0.779748643718051,true,AGREEMENT_RECOVERABLE
HO-0293,4.678482383809467,0.002,4.68,1.517616190533000,IRRECOVERABLE,IRRECOVERABLE,-5.51968134948801,true,AGREEMENT_IRRECOVERABLE
HO-0294,4.685760508856092,0.002,4.686,0.239491143908000,IRRECOVERABLE,IRRECOVERABLE,-5.959949925988752,true,AGREEMENT_IRRECOVERABLE
HO-0295,4.45989724105928,0.002,4.46,0.10275894072000,RECOVERABLE,RECOVERABLE,0.7797486437180936,true,AGREEMENT_RECOVERABLE
HO-0296,4.263795296068574,0.002,4.264,0.204703931426000,RECOVERABLE,RECOVERABLE,0.7797486437183778,true,AGREEMENT_RECOVERABLE
HO-0297,4.463124605663279,0.002,4.464,0.875394336721000,RECOVERABLE,RECOVERABLE,0.7797486437176389,true,AGREEMENT_RECOVERABLE
HO-0298,4.595410694722665,0.002,4.596,0.589305277335000,IRRECOVERABLE,IRRECOVERABLE,-0.4537126858363081,true,AGREEMENT_IRRECOVERABLE
HO-0299,4.524220388713423,0.002,4.526,1.779611286577000,RECOVERABLE,RECOVERABLE,0.779748643718051,true,AGREEMENT_RECOVERABLE
HO-0300,4.517674504700294,0.002,4.518,0.325495299706000,RECOVERABLE,RECOVERABLE,0.779748643718051,true,AGREEMENT_RECOVERABLE
HO-0301,4.734691862557367,0.002,4.736,1.308137442633000,IRRECOVERABLE,IRRECOVERABLE,-8.905051679637026,true,AGREEMENT_IRRECOVERABLE
HO-0302,4.72386884213687,0.002,4.724,0.13115786313000,IRRECOVERABLE,IRRECOVERABLE,-8.255853759252844,true,AGREEMENT_IRRECOVERABLE
HO-0303,4.438396171375063,0.002,4.44,1.603828624937000,RECOVERABLE,RECOVERABLE,0.7797486437181931,true,AGREEMENT_RECOVERABLE
HO-0304,4.751274920432616,0.002,4.752,0.725079567384000,IRRECOVERABLE,IRRECOVERABLE,-9.897313085124779,true,AGREEMENT_IRRECOVERABLE
HO-0305,4.603168108045408,0.002,4.604,0.831891954592000,IRRECOVERABLE,IRRECOVERABLE,-0.92997001111776,true,AGREEMENT_IRRECOVERABLE
HO-0306,4.455490464480525,0.002,4.456,0.509535519475000,RECOVERABLE,RECOVERABLE,0.7797486437171415,true,AGREEMENT_RECOVERABLE
HO-0307,4.680466076294044,0.002,4.682,1.533923705956000,IRRECOVERABLE,IRRECOVERABLE,-5.63973581103177,true,AGREEMENT_IRRECOVERABLE
HO-0308,4.263478617331405,0.002,4.264,0.521382668595000,RECOVERABLE,RECOVERABLE,0.7797486437180936,true,AGREEMENT_RECOVERABLE
HO-0309,4.702976471240461,0.002,4.704,1.023528759539000,IRRECOVERABLE,IRRECOVERABLE,-6.999097417553301,true,AGREEMENT_IRRECOVERABLE
HO-0310,4.474396964397968,0.002,4.476,1.603035602032000,RECOVERABLE,RECOVERABLE,0.779748643718051,true,AGREEMENT_RECOVERABLE
HO-0311,4.6849302248436455,0.002,4.686,1.0697751563545000,IRRECOVERABLE,IRRECOVERABLE,-5.909753342126422,true,AGREEMENT_IRRECOVERABLE
HO-0312,4.351967504101432,0.002,4.352,0.032495898568000,RECOVERABLE,RECOVERABLE,0.779748643718051,true,AGREEMENT_RECOVERABLE
HO-0313,4.267634112266438,0.002,4.268,0.365887733562000,RECOVERABLE,RECOVERABLE,0.779748643718051,true,AGREEMENT_RECOVERABLE
HO-0314,4.7278925447232965,0.002,4.728,0.1074552767035000,IRRECOVERABLE,IRRECOVERABLE,-8.497354898418351,true,AGREEMENT_IRRECOVERABLE
HO-0315,4.3826135474704895,0.002,4.384,1.3864525295105000,RECOVERABLE,RECOVERABLE,0.7797486437180936,true,AGREEMENT_RECOVERABLE
HO-0316,4.572011189713105,0.002,4.574,1.988810286895000,RECOVERABLE,RECOVERABLE,0.779748643718051,true,AGREEMENT_RECOVERABLE
HO-0317,4.7612880925305126,0.002,4.762,0.7119074694874000,IRRECOVERABLE,IRRECOVERABLE,-10.49503207551831,true,AGREEMENT_IRRECOVERABLE
HO-0318,4.6650125506882665,0.002,4.666,0.9874493117335000,IRRECOVERABLE,IRRECOVERABLE,-4.70334935747708,true,AGREEMENT_IRRECOVERABLE
HO-0319,4.606188323137983,0.002,4.608,1.811676862017000,IRRECOVERABLE,IRRECOVERABLE,-1.1152145700953184,true,AGREEMENT_IRRECOVERABLE
HO-0320,4.386793916790533,0.002,4.388,1.206083209467000,RECOVERABLE,RECOVERABLE,0.7797486437182073,true,AGREEMENT_RECOVERABLE
HO-0321,4.340266986879385,0.002,4.342,1.733013120615000,RECOVERABLE,RECOVERABLE,0.779748643718051,true,AGREEMENT_RECOVERABLE
HO-0322,4.410201832307787,0.002,4.412,1.798167692213000,RECOVERABLE,RECOVERABLE,0.779748643718051,true,AGREEMENT_RECOVERABLE
HO-0323,4.188332665744485,0.002,4.19,1.667334255515000,RECOVERABLE,RECOVERABLE,0.7797486437180936,true,AGREEMENT_RECOVERABLE
HO-0324,4.585103286995221,0.002,4.586,0.896713004779000,IRRECOVERABLE,RECOVERABLE,0.18011764966588828,false,CONSERVATIVE_FALSE_REJECTION
HO-0325,4.647557485816645,0.002,4.648,0.442514183355000,IRRECOVERABLE,IRRECOVERABLE,-3.64256448337251,true,AGREEMENT_IRRECOVERABLE
HO-0326,4.3112600597209845,0.002,4.312,0.7399402790155000,RECOVERABLE,RECOVERABLE,0.7797486437180936,true,AGREEMENT_RECOVERABLE
HO-0327,4.529018474143326,0.002,4.53,0.981525856674000,RECOVERABLE,RECOVERABLE,0.7797486437178947,true,AGREEMENT_RECOVERABLE
HO-0328,4.466008713161516,0.002,4.468,1.991286838484000,RECOVERABLE,RECOVERABLE,0.7797486437180936,true,AGREEMENT_RECOVERABLE
HO-0329,4.212519674405195,0.002,4.214,1.480325594805000,RECOVERABLE,RECOVERABLE,0.779748643718321,true,AGREEMENT_RECOVERABLE
HO-0330,4.19954235826655,0.002,4.2,0.45764173345000,RECOVERABLE,RECOVERABLE,0.779748643718051,true,AGREEMENT_RECOVERABLE
HO-0331,4.415203161059675,0.002,4.416,0.796838940325000,RECOVERABLE,RECOVERABLE,0.7797486437184062,true,AGREEMENT_RECOVERABLE
HO-0332,4.184399472415371,0.002,4.186,1.600527584629000,RECOVERABLE,RECOVERABLE,0.779748643718051,true,AGREEMENT_RECOVERABLE
HO-0333,4.5649189756349315,0.002,4.566,1.0810243650685000,RECOVERABLE,RECOVERABLE,0.7797486437183352,true,AGREEMENT_RECOVERABLE
HO-0334,4.249582216683863,0.002,4.25,0.417783316137000,RECOVERABLE,RECOVERABLE,0.7797486437180936,true,AGREEMENT_RECOVERABLE
HO-0335,4.588772488900757,0.002,4.59,1.227511099243000,IRRECOVERABLE,IRRECOVERABLE,-0.045644856918329424,true,AGREEMENT_IRRECOVERABLE
HO-0336,4.723365326315602,0.002,4.724,0.634673684398000,IRRECOVERABLE,IRRECOVERABLE,-8.225620659949527,true,AGREEMENT_IRRECOVERABLE
HO-0337,4.199702349379385,0.002,4.2,0.297650620615000,RECOVERABLE,RECOVERABLE,0.7797486437180936,true,AGREEMENT_RECOVERABLE
HO-0338,4.325743447628143,0.002,4.326,0.256552371857000,RECOVERABLE,RECOVERABLE,0.7797486437184347,true,AGREEMENT_RECOVERABLE
HO-0339,4.658075861466345,0.002,4.66,1.924138533655000,IRRECOVERABLE,IRRECOVERABLE,-4.282187027561832,true,AGREEMENT_IRRECOVERABLE
HO-0340,4.2443258488307745,0.002,4.246,1.6741511692255000,RECOVERABLE,RECOVERABLE,0.779748643718051,true,AGREEMENT_RECOVERABLE
HO-0341,4.517594650681326,0.002,4.518,0.405349318674000,RECOVERABLE,RECOVERABLE,0.7797486437166867,true,AGREEMENT_RECOVERABLE
HO-0342,4.693321155188984,0.002,4.694,0.678844811016000,IRRECOVERABLE,IRRECOVERABLE,-6.416701635939091,true,AGREEMENT_IRRECOVERABLE
HO-0343,4.7756351975531715,0.002,4.776,0.3648024468285000,IRRECOVERABLE,IRRECOVERABLE,-11.34958812538244,true,AGREEMENT_IRRECOVERABLE
HO-0344,4.243042695803634,0.002,4.244,0.957304196366000,RECOVERABLE,RECOVERABLE,0.779748643718051,true,AGREEMENT_RECOVERABLE
HO-0345,4.667207888792505,0.002,4.668,0.792111207495000,IRRECOVERABLE,IRRECOVERABLE,-4.8365308783584595,true,AGREEMENT_IRRECOVERABLE
HO-0346,4.314974988206637,0.002,4.316,1.025011793363000,RECOVERABLE,RECOVERABLE,0.7797486437181931,true,AGREEMENT_RECOVERABLE
HO-0347,4.217243623426232,0.002,4.218,0.756376573768000,RECOVERABLE,RECOVERABLE,0.779748643718051,true,AGREEMENT_RECOVERABLE
HO-0348,4.427368614711052,0.002,4.428,0.631385288948000,RECOVERABLE,RECOVERABLE,0.779748643718051,true,AGREEMENT_RECOVERABLE
HO-0349,4.477539167249881,0.002,4.478,0.460832750119000,RECOVERABLE,RECOVERABLE,0.779748643718051,true,AGREEMENT_RECOVERABLE
HO-0350,4.352843110230568,0.002,4.354,1.156889769432000,RECOVERABLE,RECOVERABLE,0.7797486437183778,true,AGREEMENT_RECOVERABLE
HO-0351,4.258583436355398,0.002,4.26,1.416563644602000,RECOVERABLE,RECOVERABLE,0.779748643718051,true,AGREEMENT_RECOVERABLE
HO-0352,4.57918982589244,0.002,4.58,0.81017410756000,RECOVERABLE,RECOVERABLE,0.544277758263604,true,AGREEMENT_RECOVERABLE
HO-0353,4.309458478071517,0.002,4.31,0.541521928483000,RECOVERABLE,RECOVERABLE,0.7797486437180936,true,AGREEMENT_RECOVERABLE
HO-0354,4.211140099207676,0.002,4.212,0.859900792324000,RECOVERABLE,RECOVERABLE,0.7797486437180936,true,AGREEMENT_RECOVERABLE
HO-0355,4.531962998598874,0.002,4.532,0.037001401126000,RECOVERABLE,RECOVERABLE,0.779748643718051,true,AGREEMENT_RECOVERABLE
HO-0356,4.550371861871152,0.002,4.552,1.628138128848000,RECOVERABLE,RECOVERABLE,0.7797486437180936,true,AGREEMENT_RECOVERABLE
HO-0357,4.215852704527609,0.002,4.216,0.147295472391000,RECOVERABLE,RECOVERABLE,0.7797486437179373,true,AGREEMENT_RECOVERABLE
HO-0358,4.29454656543872,0.002,4.296,1.45343456128000,RECOVERABLE,RECOVERABLE,0.7797486437184062,true,AGREEMENT_RECOVERABLE
HO-0359,4.776583218534591,0.002,4.778,1.416781465409000,IRRECOVERABLE,IRRECOVERABLE,-11.405977603121784,true,AGREEMENT_IRRECOVERABLE
HO-0360,4.408342734715121,0.002,4.41,1.657265284879000,RECOVERABLE,RECOVERABLE,0.779748643718051,true,AGREEMENT_RECOVERABLE
HO-0361,4.469572675842679,0.002,4.47,0.427324157321000,RECOVERABLE,RECOVERABLE,0.7797486437181931,true,AGREEMENT_RECOVERABLE
HO-0362,4.227054102859978,0.002,4.228,0.945897140022000,RECOVERABLE,RECOVERABLE,0.779748643718051,true,AGREEMENT_RECOVERABLE
HO-0363,4.520014458327241,0.002,4.522,1.985541672759000,RECOVERABLE,RECOVERABLE,0.779748643718051,true,AGREEMENT_RECOVERABLE
HO-0364,4.513601527880645,0.002,4.514,0.398472119355000,RECOVERABLE,RECOVERABLE,0.7797486437179799,true,AGREEMENT_RECOVERABLE
HO-0365,4.379013519608071,0.002,4.38,0.986480391929000,RECOVERABLE,RECOVERABLE,0.779748643718051,true,AGREEMENT_RECOVERABLE
HO-0366,4.7511547548880095,0.002,4.752,0.8452451119905000,IRRECOVERABLE,IRRECOVERABLE,-9.890133488489425,true,AGREEMENT_IRRECOVERABLE
HO-0367,4.59088369598898,0.002,4.592,1.11630401102000,IRRECOVERABLE,IRRECOVERABLE,-0.17547858801567884,true,AGREEMENT_IRRECOVERABLE
HO-0368,4.699777714293262,0.002,4.7,0.222285706738000,IRRECOVERABLE,IRRECOVERABLE,-6.806264233390905,true,AGREEMENT_IRRECOVERABLE
HO-0369,4.778499005318221,0.002,4.78,1.500994681779000,IRRECOVERABLE,IRRECOVERABLE,-11.519901724810467,true,AGREEMENT_IRRECOVERABLE
HO-0370,4.1861104919866055,0.002,4.188,1.8895080133945000,RECOVERABLE,RECOVERABLE,0.779748643718051,true,AGREEMENT_RECOVERABLE
HO-0371,4.348777473547692,0.002,4.35,1.222526452308000,RECOVERABLE,RECOVERABLE,0.7797486437184062,true,AGREEMENT_RECOVERABLE
HO-0372,4.68851299086416,0.002,4.69,1.48700913584000,IRRECOVERABLE,IRRECOVERABLE,-6.126303708837497,true,AGREEMENT_IRRECOVERABLE
HO-0373,4.5868043086666415,0.002,4.588,1.1956913333585000,IRRECOVERABLE,RECOVERABLE,0.07543706474405099,false,CONSERVATIVE_FALSE_REJECTION
HO-0374,4.368168804579614,0.002,4.37,1.831195420386000,RECOVERABLE,RECOVERABLE,0.7797486437180936,true,AGREEMENT_RECOVERABLE
HO-0375,4.5806491080198715,0.002,4.582,1.3508919801285000,RECOVERABLE,RECOVERABLE,0.4543772795041434,true,AGREEMENT_RECOVERABLE
HO-0376,4.679285093124347,0.002,4.68,0.714906875653000,IRRECOVERABLE,IRRECOVERABLE,-5.56826701554742,true,AGREEMENT_IRRECOVERABLE
HO-0377,4.475436987592205,0.002,4.476,0.563012407795000,RECOVERABLE,RECOVERABLE,0.7797486437169141,true,AGREEMENT_RECOVERABLE
HO-0378,4.493229981524511,0.002,4.494,0.770018475489000,RECOVERABLE,RECOVERABLE,0.7797486437171415,true,AGREEMENT_RECOVERABLE
HO-0379,4.608116724548496,0.002,4.61,1.883275451504000,IRRECOVERABLE,IRRECOVERABLE,-1.2334406923259849,true,AGREEMENT_IRRECOVERABLE
HO-0380,4.432055974022411,0.002,4.434,1.944025977589000,RECOVERABLE,RECOVERABLE,0.779748643718051,true,AGREEMENT_RECOVERABLE
HO-0381,4.706712347457397,0.002,4.708,1.287652542603000,IRRECOVERABLE,IRRECOVERABLE,-7.224170326877882,true,AGREEMENT_IRRECOVERABLE
HO-0382,4.718000082789128,0.002,4.72,1.999917210872000,IRRECOVERABLE,IRRECOVERABLE,-7.903300509057118,true,AGREEMENT_IRRECOVERABLE
HO-0383,4.413007622807831,0.002,4.414,0.992377192169000,RECOVERABLE,RECOVERABLE,0.779748643718051,true,AGREEMENT_RECOVERABLE
HO-0384,4.360711670512432,0.002,4.362,1.288329487568000,RECOVERABLE,RECOVERABLE,0.779748643718051,true,AGREEMENT_RECOVERABLE
HO-0385,4.5370341970854575,0.002,4.538,0.9658029145425000,RECOVERABLE,RECOVERABLE,0.7797486437170136,true,AGREEMENT_RECOVERABLE
HO-0386,4.248833117418943,0.002,4.25,1.166882581057000,RECOVERABLE,RECOVERABLE,0.779748643718051,true,AGREEMENT_RECOVERABLE
HO-0387,4.445686954460854,0.002,4.446,0.313045539146000,RECOVERABLE,RECOVERABLE,0.779748643714484,true,AGREEMENT_RECOVERABLE
HO-0388,4.2150039107653825,0.002,4.216,0.9960892346175000,RECOVERABLE,RECOVERABLE,0.7797486437179799,true,AGREEMENT_RECOVERABLE
HO-0389,4.683646327586858,0.002,4.684,0.353672413142000,IRRECOVERABLE,IRRECOVERABLE,-5.832117913943037,true,AGREEMENT_IRRECOVERABLE
HO-0390,4.251041304189705,0.002,4.252,0.958695810295000,RECOVERABLE,RECOVERABLE,0.779748643718051,true,AGREEMENT_RECOVERABLE
HO-0391,4.537700197269396,0.002,4.538,0.299802730604000,RECOVERABLE,RECOVERABLE,0.779748643718051,true,AGREEMENT_RECOVERABLE
HO-0392,4.773666056757346,0.002,4.774,0.333943242654000,IRRECOVERABLE,IRRECOVERABLE,-11.232430494722635,true,AGREEMENT_IRRECOVERABLE
HO-0393,4.632102890638034,0.002,4.634,1.897109361966000,IRRECOVERABLE,IRRECOVERABLE,-2.7005865348179015,true,AGREEMENT_IRRECOVERABLE
HO-0394,4.259669804210354,0.002,4.26,0.330195789646000,RECOVERABLE,RECOVERABLE,0.779748643718051,true,AGREEMENT_RECOVERABLE
HO-0395,4.405572771744087,0.002,4.406,0.427228255913000,RECOVERABLE,RECOVERABLE,0.7797486437176673,true,AGREEMENT_RECOVERABLE
HO-0396,4.394154464008367,0.002,4.396,1.845535991633000,RECOVERABLE,RECOVERABLE,0.7797486437144983,true,AGREEMENT_RECOVERABLE
HO-0397,4.770377677987383,0.002,4.772,1.622322012617000,IRRECOVERABLE,IRRECOVERABLE,-11.0366900656321,true,AGREEMENT_IRRECOVERABLE
HO-0398,4.5227327383479246,0.002,4.524,1.2672616520754000,RECOVERABLE,RECOVERABLE,0.7797486437176389,true,AGREEMENT_RECOVERABLE
HO-0399,4.181757842446211,0.002,4.182,0.242157553789000,RECOVERABLE,RECOVERABLE,0.779748643718051,true,AGREEMENT_RECOVERABLE
HO-0000,4.37420629603144,0.001,4.375,0.79370396856000,RECOVERABLE,RECOVERABLE,0.7797486437176104,true,AGREEMENT_RECOVERABLE
HO-0001,4.613825224200808,0.001,4.614,0.174775799192000,IRRECOVERABLE,IRRECOVERABLE,-1.5831782530007956,true,AGREEMENT_IRRECOVERABLE
HO-0002,4.581844073372435,0.001,4.582,0.155926627565000,RECOVERABLE,RECOVERABLE,0.38077767381329863,true,AGREEMENT_RECOVERABLE
HO-0003,4.75801088187586,0.001,4.759,0.98911812414000,IRRECOVERABLE,IRRECOVERABLE,-10.299522851981877,true,AGREEMENT_IRRECOVERABLE
HO-0004,4.293280376741941,0.001,4.294,0.719623258059000,RECOVERABLE,RECOVERABLE,0.7797486437184062,true,AGREEMENT_RECOVERABLE
HO-0005,4.663349044275552,0.001,4.664,0.650955724448000,IRRECOVERABLE,IRRECOVERABLE,-4.6023968922444,true,AGREEMENT_IRRECOVERABLE
HO-0006,4.313658884243675,0.001,4.314,0.341115756325000,RECOVERABLE,RECOVERABLE,0.7797486437179799,true,AGREEMENT_RECOVERABLE
HO-0007,4.519087883092836,0.001,4.52,0.912116907164000,RECOVERABLE,RECOVERABLE,0.779748643718051,true,AGREEMENT_RECOVERABLE
HO-0008,4.50192900396191,0.001,4.502,0.07099603809000,RECOVERABLE,RECOVERABLE,0.7797486437178947,true,AGREEMENT_RECOVERABLE
HO-0009,4.719948242055158,0.001,4.72,0.051757944842000,IRRECOVERABLE,IRRECOVERABLE,-8.02037316578523,true,AGREEMENT_IRRECOVERABLE
HO-0010,4.629337764686904,0.001,4.63,0.662235313096000,IRRECOVERABLE,IRRECOVERABLE,-2.5317740440539325,true,AGREEMENT_IRRECOVERABLE
HO-0011,4.476066553162793,0.001,4.477,0.933446837207000,RECOVERABLE,RECOVERABLE,0.7797486437180936,true,AGREEMENT_RECOVERABLE
HO-0012,4.760673772946892,0.001,4.761,0.326227053108000,IRRECOVERABLE,IRRECOVERABLE,-10.458392241606177,true,AGREEMENT_IRRECOVERABLE
HO-0013,4.562492290326929,0.001,4.563,0.507709673071000,RECOVERABLE,RECOVERABLE,0.7797486437180936,true,AGREEMENT_RECOVERABLE
HO-0014,4.19824394841659,0.001,4.199,0.75605158341000,RECOVERABLE,RECOVERABLE,0.7797486437180936,true,AGREEMENT_RECOVERABLE
HO-0015,4.792143315316093,0.001,4.793,0.856684683907000,IRRECOVERABLE,IRRECOVERABLE,-12.330141852432575,true,AGREEMENT_IRRECOVERABLE
HO-0016,4.684076541537306,0.001,4.685,0.923458462694000,IRRECOVERABLE,IRRECOVERABLE,-5.858134323355586,true,AGREEMENT_IRRECOVERABLE
HO-0017,4.758434923201739,0.001,4.759,0.565076798261000,IRRECOVERABLE,IRRECOVERABLE,-10.324826447288558,true,AGREEMENT_IRRECOVERABLE
HO-0018,4.780337888796062,0.001,4.781,0.662111203938000,IRRECOVERABLE,IRRECOVERABLE,-11.629215878332289,true,AGREEMENT_IRRECOVERABLE
HO-0019,4.42008638109366,0.001,4.421,0.91361890634000,RECOVERABLE,RECOVERABLE,0.779748643718051,true,AGREEMENT_RECOVERABLE
HO-0020,4.747205728633559,0.001,4.748,0.794271366441000,IRRECOVERABLE,IRRECOVERABLE,-9.654102716060947,true,AGREEMENT_IRRECOVERABLE
HO-0021,4.498981834408552,0.001,4.499,0.018165591448000,RECOVERABLE,RECOVERABLE,0.779748643717781,true,AGREEMENT_RECOVERABLE
HO-0022,4.594979070831228,0.001,4.595,0.020929168772000,IRRECOVERABLE,IRRECOVERABLE,-0.4271943033291876,true,AGREEMENT_IRRECOVERABLE
HO-0023,4.240883852770871,0.001,4.241,0.116147229129000,RECOVERABLE,RECOVERABLE,0.779748643717781,true,AGREEMENT_RECOVERABLE
HO-0024,4.238155635334473,0.001,4.239,0.844364665527000,RECOVERABLE,RECOVERABLE,0.779748643716772,true,AGREEMENT_RECOVERABLE
HO-0025,4.552483083311266,0.001,4.553,0.516916688734000,RECOVERABLE,RECOVERABLE,0.779748643718051,true,AGREEMENT_RECOVERABLE
HO-0026,4.536726309805622,0.001,4.537,0.273690194378000,RECOVERABLE,RECOVERABLE,0.779748643718051,true,AGREEMENT_RECOVERABLE
HO-0027,4.512478695923455,0.001,4.513,0.521304076545000,RECOVERABLE,RECOVERABLE,0.779748643718051,true,AGREEMENT_RECOVERABLE
HO-0028,4.578150598965571,0.001,4.579,0.849401034429000,RECOVERABLE,RECOVERABLE,0.6083145654638571,true,AGREEMENT_RECOVERABLE
HO-0029,4.765626892398162,0.001,4.766,0.373107601838000,IRRECOVERABLE,IRRECOVERABLE,-10.753695947767653,true,AGREEMENT_IRRECOVERABLE
HO-0030,4.416514988803014,0.001,4.417,0.485011196986000,RECOVERABLE,RECOVERABLE,0.779748643718051,true,AGREEMENT_RECOVERABLE
HO-0031,4.219151990504528,0.001,4.22,0.848009495472000,RECOVERABLE,RECOVERABLE,0.779748643718051,true,AGREEMENT_RECOVERABLE
HO-0032,4.76737709477014,0.001,4.768,0.62290522986000,IRRECOVERABLE,IRRECOVERABLE,-10.857979822229026,true,AGREEMENT_IRRECOVERABLE
HO-0033,4.658416264826462,0.001,4.659,0.583735173538000,IRRECOVERABLE,IRRECOVERABLE,-4.3028668719762635,true,AGREEMENT_IRRECOVERABLE
HO-0034,4.784643678209649,0.001,4.785,0.356321790351000,IRRECOVERABLE,IRRECOVERABLE,-11.88503646798469,true,AGREEMENT_IRRECOVERABLE
HO-0035,4.58972172421304,0.001,4.59,0.27827578696000,IRRECOVERABLE,IRRECOVERABLE,-0.10402639323976359,true,AGREEMENT_IRRECOVERABLE
HO-0036,4.455930890128327,0.001,4.456,0.069109871673000,RECOVERABLE,RECOVERABLE,0.779748643718051,true,AGREEMENT_RECOVERABLE
HO-0037,4.200370501355027,0.001,4.201,0.629498644973000,RECOVERABLE,RECOVERABLE,0.779748643718051,true,AGREEMENT_RECOVERABLE
HO-0038,4.252589150544033,0.001,4.253,0.410849455967000,RECOVERABLE,RECOVERABLE,0.779748643718051,true,AGREEMENT_RECOVERABLE
HO-0039,4.268690061843886,0.001,4.269,0.309938156114000,RECOVERABLE,RECOVERABLE,0.7797486437171983,true,AGREEMENT_RECOVERABLE
HO-0040,4.43652907464818,0.001,4.437,0.47092535182000,RECOVERABLE,RECOVERABLE,0.779748643718051,true,AGREEMENT_RECOVERABLE
HO-0041,4.3507371275236775,0.001,4.351,0.2628724763225000,RECOVERABLE,RECOVERABLE,0.7797486437182215,true,AGREEMENT_RECOVERABLE
HO-0042,4.376194019296599,0.001,4.377,0.805980703401000,RECOVERABLE,RECOVERABLE,0.779748643718051,true,AGREEMENT_RECOVERABLE
HO-0043,4.744766246103497,0.001,4.745,0.233753896503000,IRRECOVERABLE,IRRECOVERABLE,-9.50821283852629,true,AGREEMENT_IRRECOVERABLE
HO-0044,4.523619202617998,0.001,4.524,0.380797382002000,RECOVERABLE,RECOVERABLE,0.7797486437174825,true,AGREEMENT_RECOVERABLE
HO-0045,4.2627719789192575,0.001,4.263,0.2280210807425000,RECOVERABLE,RECOVERABLE,0.7797486437181078,true,AGREEMENT_RECOVERABLE
HO-0046,4.544884847351838,0.001,4.545,0.115152648162000,RECOVERABLE,RECOVERABLE,0.7797486437173404,true,AGREEMENT_RECOVERABLE
HO-0047,4.511902135294749,0.001,4.512,0.097864705251000,RECOVERABLE,RECOVERABLE,0.7797486437173404,true,AGREEMENT_RECOVERABLE
HO-0048,4.332426337743301,0.001,4.333,0.573662256699000,RECOVERABLE,RECOVERABLE,0.779748643718051,true,AGREEMENT_RECOVERABLE
HO-0049,4.6187207142819755,0.001,4.619,0.2792857180245000,IRRECOVERABLE,IRRECOVERABLE,-1.8828223571654377,true,AGREEMENT_IRRECOVERABLE
HO-0050,4.531063597953599,0.001,4.532,0.936402046401000,RECOVERABLE,RECOVERABLE,0.7797486437160472,true,AGREEMENT_RECOVERABLE
HO-0051,4.335638547648988,0.001,4.336,0.361452351012000,RECOVERABLE,RECOVERABLE,0.7797486437180936,true,AGREEMENT_RECOVERABLE
HO-0052,4.411806013441196,0.001,4.412,0.193986558804000,RECOVERABLE,RECOVERABLE,0.779748643718051,true,AGREEMENT_RECOVERABLE
HO-0053,4.640227007593636,0.001,4.641,0.772992406364000,IRRECOVERABLE,IRRECOVERABLE,-3.1960864172875887,true,AGREEMENT_IRRECOVERABLE
HO-0054,4.488976353340441,0.001,4.489,0.023646659559000,RECOVERABLE,RECOVERABLE,0.7797486437180936,true,AGREEMENT_RECOVERABLE
HO-0055,4.6191677795855535,0.001,4.62,0.8322204144465000,IRRECOVERABLE,IRRECOVERABLE,-1.9101733772536846,true,AGREEMENT_IRRECOVERABLE
HO-0056,4.319364871786497,0.001,4.32,0.635128213503000,RECOVERABLE,RECOVERABLE,0.7797486437184347,true,AGREEMENT_RECOVERABLE
HO-0057,4.720063522763066,0.001,4.721,0.936477236934000,IRRECOVERABLE,IRRECOVERABLE,-8.027299561985771,true,AGREEMENT_IRRECOVERABLE
HO-0058,4.7598610568585045,0.001,4.76,0.1389431414955000,IRRECOVERABLE,IRRECOVERABLE,-10.409913248216824,true,AGREEMENT_IRRECOVERABLE
HO-0059,4.475497841549461,0.001,4.476,0.502158450539000,RECOVERABLE,RECOVERABLE,0.779748643718051,true,AGREEMENT_RECOVERABLE
HO-0060,4.554003783606177,0.001,4.555,0.996216393823000,RECOVERABLE,RECOVERABLE,0.7797486437181931,true,AGREEMENT_RECOVERABLE
HO-0061,4.478522707940769,0.001,4.479,0.477292059231000,RECOVERABLE,RECOVERABLE,0.7797486437180936,true,AGREEMENT_RECOVERABLE
HO-0062,4.570400546273355,0.001,4.571,0.599453726645000,RECOVERABLE,RECOVERABLE,0.7797486437175678,true,AGREEMENT_RECOVERABLE
HO-0063,4.261085426629963,0.001,4.262,0.914573370037000,RECOVERABLE,RECOVERABLE,0.7797486437168573,true,AGREEMENT_RECOVERABLE
HO-0064,4.74721315476132,0.001,4.748,0.78684523868000,IRRECOVERABLE,IRRECOVERABLE,-9.654546727899373,true,AGREEMENT_IRRECOVERABLE
HO-0065,4.300496663543926,0.001,4.301,0.503336456074000,RECOVERABLE,RECOVERABLE,0.779748643718051,true,AGREEMENT_RECOVERABLE
HO-0066,4.224108488190461,0.001,4.225,0.891511809539000,RECOVERABLE,RECOVERABLE,0.779748643718051,true,AGREEMENT_RECOVERABLE
HO-0067,4.499490997168674,0.001,4.5,0.509002831326000,RECOVERABLE,RECOVERABLE,0.7797486437181504,true,AGREEMENT_RECOVERABLE
HO-0068,4.312229434985069,0.001,4.313,0.770565014931000,RECOVERABLE,RECOVERABLE,0.7797486437180936,true,AGREEMENT_RECOVERABLE
HO-0069,4.43591104919126,0.001,4.436,0.08895080874000,RECOVERABLE,RECOVERABLE,0.779748643718051,true,AGREEMENT_RECOVERABLE
HO-0070,4.773804189260726,0.001,4.774,0.195810739274000,IRRECOVERABLE,IRRECOVERABLE,-11.240650290858198,true,AGREEMENT_IRRECOVERABLE
HO-0071,4.190442053176937,0.001,4.191,0.557946823063000,RECOVERABLE,RECOVERABLE,0.7797486437177525,true,AGREEMENT_RECOVERABLE
HO-0072,4.456107441068771,0.001,4.457,0.892558931229000,RECOVERABLE,RECOVERABLE,0.779748643718051,true,AGREEMENT_RECOVERABLE
HO-0073,4.577097813013781,0.001,4.578,0.902186986219000,RECOVERABLE,RECOVERABLE,0.6731989494052044,true,AGREEMENT_RECOVERABLE
HO-0074,4.799203005884257,0.001,4.8,0.796994115743000,IRRECOVERABLE,IRRECOVERABLE,-12.748589135731976,true,AGREEMENT_IRRECOVERABLE
HO-0075,4.67035009844101,0.001,4.671,0.64990155899000,IRRECOVERABLE,IRRECOVERABLE,-5.02706394488321,true,AGREEMENT_IRRECOVERABLE
HO-0076,4.6669474927190535,0.001,4.667,0.0525072809465000,IRRECOVERABLE,IRRECOVERABLE,-4.820736526221836,true,AGREEMENT_IRRECOVERABLE
HO-0077,4.691853464628283,0.001,4.692,0.146535371717000,IRRECOVERABLE,IRRECOVERABLE,-6.328084278193913,true,AGREEMENT_IRRECOVERABLE
HO-0078,4.341910370787552,0.001,4.342,0.089629212448000,RECOVERABLE,RECOVERABLE,0.7797486437184062,true,AGREEMENT_RECOVERABLE
HO-0079,4.418181131677429,0.001,4.419,0.818868322571000,RECOVERABLE,RECOVERABLE,0.779748643718051,true,AGREEMENT_RECOVERABLE
HO-0080,4.689281984756998,0.001,4.69,0.718015243002000,IRRECOVERABLE,IRRECOVERABLE,-6.172765308207147,true,AGREEMENT_IRRECOVERABLE
HO-0081,4.456439207693417,0.001,4.457,0.560792306583000,RECOVERABLE,RECOVERABLE,0.7797486437180936,true,AGREEMENT_RECOVERABLE
HO-0082,4.793242219677155,0.001,4.794,0.757780322845000,IRRECOVERABLE,IRRECOVERABLE,-12.395311790368623,true,AGREEMENT_IRRECOVERABLE
HO-0083,4.626749201697986,0.001,4.627,0.250798302014000,IRRECOVERABLE,IRRECOVERABLE,-2.3736652711806414,true,AGREEMENT_IRRECOVERABLE
HO-0084,4.205204224549033,0.001,4.206,0.795775450967000,RECOVERABLE,RECOVERABLE,0.7797486437180936,true,AGREEMENT_RECOVERABLE
HO-0085,4.206993975693173,0.001,4.207,0.006024306827000,RECOVERABLE,RECOVERABLE,0.779748643718051,true,AGREEMENT_RECOVERABLE
HO-0086,4.353944179858006,0.001,4.354,0.055820141994000,RECOVERABLE,RECOVERABLE,0.7797486437179373,true,AGREEMENT_RECOVERABLE
HO-0087,4.425600826554665,0.001,4.426,0.399173445335000,RECOVERABLE,RECOVERABLE,0.779748643718051,true,AGREEMENT_RECOVERABLE
HO-0088,4.46175823897744,0.001,4.462,0.24176102256000,RECOVERABLE,RECOVERABLE,0.7797486437177525,true,AGREEMENT_RECOVERABLE
HO-0089,4.1941838262134326,0.001,4.195,0.8161737865674000,RECOVERABLE,RECOVERABLE,0.7797486437180936,true,AGREEMENT_RECOVERABLE
HO-0090,4.254981756434879,0.001,4.255,0.018243565121000,RECOVERABLE,RECOVERABLE,0.7797486437180936,true,AGREEMENT_RECOVERABLE
HO-0091,4.790391248114897,0.001,4.791,0.608751885103000,IRRECOVERABLE,IRRECOVERABLE,-12.226209848904375,true,AGREEMENT_IRRECOVERABLE
HO-0092,4.331922418138382,0.001,4.332,0.077581861618000,RECOVERABLE,RECOVERABLE,0.7797486437181078,true,AGREEMENT_RECOVERABLE
HO-0093,4.635613349556147,0.001,4.636,0.386650443853000,IRRECOVERABLE,IRRECOVERABLE,-2.914781964622918,true,AGREEMENT_IRRECOVERABLE
HO-0094,4.280001333122862,0.001,4.281,0.998666877138000,RECOVERABLE,RECOVERABLE,0.7797486437180936,true,AGREEMENT_RECOVERABLE
HO-0095,4.251952911300943,0.001,4.252,0.047088699057000,RECOVERABLE,RECOVERABLE,0.7797486437179515,true,AGREEMENT_RECOVERABLE
HO-0096,4.477886934876266,0.001,4.478,0.113065123734000,RECOVERABLE,RECOVERABLE,0.779748643718051,true,AGREEMENT_RECOVERABLE
HO-0097,4.401466845769097,0.001,4.402,0.533154230903000,RECOVERABLE,RECOVERABLE,0.7797486437182215,true,AGREEMENT_RECOVERABLE
HO-0098,4.573238685785399,0.001,4.574,0.761314214601000,RECOVERABLE,RECOVERABLE,0.779748643718051,true,AGREEMENT_RECOVERABLE
HO-0099,4.538098254239547,0.001,4.539,0.901745760453000,RECOVERABLE,RECOVERABLE,0.7797486437170704,true,AGREEMENT_RECOVERABLE
HO-0100,4.260619384328261,0.001,4.261,0.380615671739000,RECOVERABLE,RECOVERABLE,0.779748643718051,true,AGREEMENT_RECOVERABLE
HO-0101,4.194779830090836,0.001,4.195,0.220169909164000,RECOVERABLE,RECOVERABLE,0.779748643718051,true,AGREEMENT_RECOVERABLE
HO-0102,4.337923322954387,0.001,4.338,0.076677045613000,RECOVERABLE,RECOVERABLE,0.7797486437179799,true,AGREEMENT_RECOVERABLE
HO-0103,4.4070625769372676,0.001,4.408,0.9374230627324000,RECOVERABLE,RECOVERABLE,0.7797486437177241,true,AGREEMENT_RECOVERABLE
HO-0104,4.462878968245348,0.001,4.463,0.121031754652000,RECOVERABLE,RECOVERABLE,0.7797486437177525,true,AGREEMENT_RECOVERABLE
HO-0105,4.450164850771611,0.001,4.451,0.835149228389000,RECOVERABLE,RECOVERABLE,0.779748643718051,true,AGREEMENT_RECOVERABLE
HO-0106,4.490890157182178,0.001,4.491,0.109842817822000,RECOVERABLE,RECOVERABLE,0.7797486437184062,true,AGREEMENT_RECOVERABLE
HO-0107,4.664350215139348,0.001,4.665,0.649784860652000,IRRECOVERABLE,IRRECOVERABLE,-4.6631580971924365,true,AGREEMENT_IRRECOVERABLE
HO-0108,4.517146101466886,0.001,4.518,0.853898533114000,RECOVERABLE,RECOVERABLE,0.7797486437178947,true,AGREEMENT_RECOVERABLE
HO-0109,4.225256936426783,0.001,4.226,0.743063573217000,RECOVERABLE,RECOVERABLE,0.7797486437183778,true,AGREEMENT_RECOVERABLE
HO-0110,4.694842783796862,0.001,4.695,0.157216203138000,IRRECOVERABLE,IRRECOVERABLE,-6.508551116460325,true,AGREEMENT_IRRECOVERABLE
HO-0111,4.50291276931817,0.001,4.503,0.08723068183000,RECOVERABLE,RECOVERABLE,0.7797486437182783,true,AGREEMENT_RECOVERABLE
HO-0112,4.316815469854136,0.001,4.317,0.184530145864000,RECOVERABLE,RECOVERABLE,0.7797486437181931,true,AGREEMENT_RECOVERABLE
HO-0113,4.369781461304282,0.001,4.37,0.218538695718000,RECOVERABLE,RECOVERABLE,0.779748643718051,true,AGREEMENT_RECOVERABLE
HO-0114,4.353585344871453,0.001,4.354,0.414655128547000,RECOVERABLE,RECOVERABLE,0.7797486437180936,true,AGREEMENT_RECOVERABLE
HO-0115,4.611503133699914,0.001,4.612,0.496866300086000,IRRECOVERABLE,IRRECOVERABLE,-1.4409557634188843,true,AGREEMENT_IRRECOVERABLE
HO-0116,4.42860586868633,0.001,4.429,0.39413131367000,RECOVERABLE,RECOVERABLE,0.779748643718051,true,AGREEMENT_RECOVERABLE
HO-0117,4.318031947448616,0.001,4.319,0.968052551384000,RECOVERABLE,RECOVERABLE,0.779748643718051,true,AGREEMENT_RECOVERABLE
HO-0118,4.783871987822764,0.001,4.784,0.128012177236000,IRRECOVERABLE,IRRECOVERABLE,-11.83920243767524,true,AGREEMENT_IRRECOVERABLE
HO-0119,4.563644953381895,0.001,4.564,0.355046618105000,RECOVERABLE,RECOVERABLE,0.7797486437173831,true,AGREEMENT_RECOVERABLE
HO-0120,4.569252081507915,0.001,4.57,0.747918492085000,RECOVERABLE,RECOVERABLE,0.7797486437178236,true,AGREEMENT_RECOVERABLE
HO-0121,4.186820637825683,0.001,4.187,0.179362174317000,RECOVERABLE,RECOVERABLE,0.7797486437180936,true,AGREEMENT_RECOVERABLE
HO-0122,4.502156412948833,0.001,4.503,0.843587051167000,RECOVERABLE,RECOVERABLE,0.7797486437180936,true,AGREEMENT_RECOVERABLE
HO-0123,4.733520398898533,0.001,4.734,0.479601101467000,IRRECOVERABLE,IRRECOVERABLE,-8.834844488510868,true,AGREEMENT_IRRECOVERABLE
HO-0124,4.685567585534869,0.001,4.686,0.432414465131000,IRRECOVERABLE,IRRECOVERABLE,-5.948287002235631,true,AGREEMENT_IRRECOVERABLE
HO-0125,4.244355889167789,0.001,4.245,0.644110832211000,RECOVERABLE,RECOVERABLE,0.7797486437165588,true,AGREEMENT_RECOVERABLE
HO-0126,4.416234152880075,0.001,4.417,0.765847119925000,RECOVERABLE,RECOVERABLE,0.7797486437180936,true,AGREEMENT_RECOVERABLE
HO-0127,4.638767087457192,0.001,4.639,0.232912542808000,IRRECOVERABLE,IRRECOVERABLE,-3.107097083597708,true,AGREEMENT_IRRECOVERABLE
HO-0128,4.4535092068489615,0.001,4.454,0.4907931510385000,RECOVERABLE,RECOVERABLE,0.779748643718051,true,AGREEMENT_RECOVERABLE
HO-0129,4.443294665667741,0.001,4.444,0.705334332259000,RECOVERABLE,RECOVERABLE,0.779748643718321,true,AGREEMENT_RECOVERABLE
HO-0130,4.763049710108843,0.001,4.764,0.950289891157000,IRRECOVERABLE,IRRECOVERABLE,-10.600077756249533,true,AGREEMENT_IRRECOVERABLE
HO-0131,4.225247327678451,0.001,4.226,0.752672321549000,RECOVERABLE,RECOVERABLE,0.7797486437182926,true,AGREEMENT_RECOVERABLE
HO-0132,4.354318990471544,0.001,4.355,0.681009528456000,RECOVERABLE,RECOVERABLE,0.7797486437179657,true,AGREEMENT_RECOVERABLE
HO-0133,4.43922073922973,0.001,4.44,0.77926077027000,RECOVERABLE,RECOVERABLE,0.7797486437180936,true,AGREEMENT_RECOVERABLE
HO-0134,4.643179885220966,0.001,4.644,0.820114779034000,IRRECOVERABLE,IRRECOVERABLE,-3.3760079356057986,true,AGREEMENT_IRRECOVERABLE
HO-0135,4.257385049789248,0.001,4.258,0.614950210752000,RECOVERABLE,RECOVERABLE,0.779748643718051,true,AGREEMENT_RECOVERABLE
HO-0136,4.452368733975462,0.001,4.453,0.631266024538000,RECOVERABLE,RECOVERABLE,0.779748643718051,true,AGREEMENT_RECOVERABLE
HO-0137,4.220666043815472,0.001,4.221,0.333956184528000,RECOVERABLE,RECOVERABLE,0.779748643718051,true,AGREEMENT_RECOVERABLE
HO-0138,4.526279125502523,0.001,4.527,0.720874497477000,RECOVERABLE,RECOVERABLE,0.779748643718051,true,AGREEMENT_RECOVERABLE
HO-0139,4.488102546024753,0.001,4.489,0.897453975247000,RECOVERABLE,RECOVERABLE,0.779748643718051,true,AGREEMENT_RECOVERABLE
HO-0140,4.657007496674924,0.001,4.658,0.992503325076000,IRRECOVERABLE,IRRECOVERABLE,-4.217274622486386,true,AGREEMENT_IRRECOVERABLE
HO-0141,4.6854850297683095,0.001,4.686,0.5149702316905000,IRRECOVERABLE,IRRECOVERABLE,-5.94329607967606,true,AGREEMENT_IRRECOVERABLE
HO-0142,4.192098417997437,0.001,4.193,0.901582002563000,RECOVERABLE,RECOVERABLE,0.779748643718051,true,AGREEMENT_RECOVERABLE
HO-0143,4.780903362368273,0.001,4.781,0.096637631727000,IRRECOVERABLE,IRRECOVERABLE,-11.662823732938847,true,AGREEMENT_IRRECOVERABLE
HO-0144,4.78579883581388,0.001,4.786,0.20116418612000,IRRECOVERABLE,IRRECOVERABLE,-11.953634411829356,true,AGREEMENT_IRRECOVERABLE
HO-0145,4.621174090603979,0.001,4.622,0.825909396021000,IRRECOVERABLE,IRRECOVERABLE,-2.032890667708159,true,AGREEMENT_IRRECOVERABLE
HO-0146,4.462342452994207,0.001,4.463,0.657547005793000,RECOVERABLE,RECOVERABLE,0.779748643718051,true,AGREEMENT_RECOVERABLE
HO-0147,4.705002965943778,0.001,4.706,0.997034056222000,IRRECOVERABLE,IRRECOVERABLE,-7.121205024449921,true,AGREEMENT_IRRECOVERABLE
HO-0148,4.554503263847892,0.001,4.555,0.496736152108000,RECOVERABLE,RECOVERABLE,0.779748643718051,true,AGREEMENT_RECOVERABLE
HO-0149,4.246146240811958,0.001,4.247,0.853759188042000,RECOVERABLE,RECOVERABLE,0.7797486437181931,true,AGREEMENT_RECOVERABLE
HO-0150,4.642769392363112,0.001,4.643,0.230607636888000,IRRECOVERABLE,IRRECOVERABLE,-3.351001913261385,true,AGREEMENT_IRRECOVERABLE
HO-0151,4.329107199602026,0.001,4.33,0.892800397974000,RECOVERABLE,RECOVERABLE,0.779748643718051,true,AGREEMENT_RECOVERABLE
HO-0152,4.3392946703000606,0.001,4.34,0.7053296999394000,RECOVERABLE,RECOVERABLE,0.7797486437170988,true,AGREEMENT_RECOVERABLE
HO-0153,4.303276178003347,0.001,4.304,0.723821996653000,RECOVERABLE,RECOVERABLE,0.779748643718051,true,AGREEMENT_RECOVERABLE
HO-0154,4.277994220289894,0.001,4.278,0.005779710106000,RECOVERABLE,RECOVERABLE,0.7797486437183778,true,AGREEMENT_RECOVERABLE
HO-0155,4.2506861330506185,0.001,4.251,0.3138669493815000,RECOVERABLE,RECOVERABLE,0.7797486437168573,true,AGREEMENT_RECOVERABLE
HO-0156,4.777217948627194,0.001,4.778,0.782051372806000,IRRECOVERABLE,IRRECOVERABLE,-11.44372678370155,true,AGREEMENT_IRRECOVERABLE
HO-0157,4.221139332744338,0.001,4.222,0.860667255662000,RECOVERABLE,RECOVERABLE,0.7797486437180936,true,AGREEMENT_RECOVERABLE
HO-0158,4.18270688015734,0.001,4.183,0.29311984266000,RECOVERABLE,RECOVERABLE,0.7797486437180936,true,AGREEMENT_RECOVERABLE
HO-0159,4.216862834685467,0.001,4.217,0.137165314533000,RECOVERABLE,RECOVERABLE,0.779748643718051,true,AGREEMENT_RECOVERABLE
HO-0160,4.189996535410152,0.001,4.19,0.003464589848000,RECOVERABLE,RECOVERABLE,0.7797486437180936,true,AGREEMENT_RECOVERABLE
HO-0161,4.475261269118578,0.001,4.476,0.738730881422000,RECOVERABLE,RECOVERABLE,0.779748643718051,true,AGREEMENT_RECOVERABLE
HO-0162,4.376404961667715,0.001,4.377,0.595038332285000,RECOVERABLE,RECOVERABLE,0.7797486437184347,true,AGREEMENT_RECOVERABLE
HO-0163,4.436073676315808,0.001,4.437,0.926323684192000,RECOVERABLE,RECOVERABLE,0.779748643718051,true,AGREEMENT_RECOVERABLE
HO-0164,4.623784122353253,0.001,4.624,0.215877646747000,IRRECOVERABLE,IRRECOVERABLE,-2.192469173674823,true,AGREEMENT_IRRECOVERABLE
HO-0165,4.247960876977332,0.001,4.248,0.039123022668000,RECOVERABLE,RECOVERABLE,0.779748643718122,true,AGREEMENT_RECOVERABLE
HO-0166,4.690862167003328,0.001,4.691,0.137832996672000,IRRECOVERABLE,IRRECOVERABLE,-6.268217761842507,true,AGREEMENT_IRRECOVERABLE
HO-0167,4.76282638710052,0.001,4.763,0.17361289948000,IRRECOVERABLE,IRRECOVERABLE,-10.586762789226896,true,AGREEMENT_IRRECOVERABLE
HO-0168,4.216577544122841,0.001,4.217,0.422455877159000,RECOVERABLE,RECOVERABLE,0.779748643718051,true,AGREEMENT_RECOVERABLE
HO-0169,4.7337437583738255,0.001,4.734,0.2562416261745000,IRRECOVERABLE,IRRECOVERABLE,-8.848231821822353,true,AGREEMENT_IRRECOVERABLE
HO-0170,4.298196551969774,0.001,4.299,0.803448030226000,RECOVERABLE,RECOVERABLE,0.779748643718051,true,AGREEMENT_RECOVERABLE
HO-0171,4.339436355268448,0.001,4.34,0.563644731552000,RECOVERABLE,RECOVERABLE,0.779748643718051,true,AGREEMENT_RECOVERABLE
HO-0172,4.53106275927958,0.001,4.532,0.93724072042000,RECOVERABLE,RECOVERABLE,0.7797486437181931,true,AGREEMENT_RECOVERABLE
HO-0173,4.3370048462467,0.001,4.338,0.9951537533000,RECOVERABLE,RECOVERABLE,0.7797486437180936,true,AGREEMENT_RECOVERABLE
HO-0174,4.26376728996606,0.001,4.264,0.23271003394000,RECOVERABLE,RECOVERABLE,0.7797486437184347,true,AGREEMENT_RECOVERABLE
HO-0175,4.585293343816971,0.001,4.586,0.706656183029000,RECOVERABLE,RECOVERABLE,0.16842001198990886,true,AGREEMENT_RECOVERABLE
HO-0176,4.79230103191694,0.001,4.793,0.69896808306000,IRRECOVERABLE,IRRECOVERABLE,-12.339495941593242,true,AGREEMENT_IRRECOVERABLE
HO-0177,4.438801083671846,0.001,4.439,0.198916328154000,RECOVERABLE,RECOVERABLE,0.779748643718051,true,AGREEMENT_RECOVERABLE
HO-0178,4.242550792187121,0.001,4.243,0.449207812879000,RECOVERABLE,RECOVERABLE,0.7797486437180368,true,AGREEMENT_RECOVERABLE
HO-0179,4.691866507021709,0.001,4.692,0.133492978291000,IRRECOVERABLE,IRRECOVERABLE,-6.328871864507178,true,AGREEMENT_IRRECOVERABLE
HO-0180,4.686957776754352,0.001,4.687,0.042223245648000,IRRECOVERABLE,IRRECOVERABLE,-6.032320163075752,true,AGREEMENT_IRRECOVERABLE
HO-0181,4.461190148120181,0.001,4.462,0.809851879819000,RECOVERABLE,RECOVERABLE,0.7797486437170846,true,AGREEMENT_RECOVERABLE
HO-0182,4.234774251705718,0.001,4.235,0.225748294282000,RECOVERABLE,RECOVERABLE,0.779748643718051,true,AGREEMENT_RECOVERABLE
HO-0183,4.688074782619988,0.001,4.689,0.925217380012000,IRRECOVERABLE,IRRECOVERABLE,-6.099824881431928,true,AGREEMENT_IRRECOVERABLE
HO-0184,4.272868959400577,0.001,4.273,0.131040599423000,RECOVERABLE,RECOVERABLE,0.779748643718051,true,AGREEMENT_RECOVERABLE
HO-0185,4.773303686278142,0.001,4.774,0.696313721858000,IRRECOVERABLE,IRRECOVERABLE,-11.21086608976239,true,AGREEMENT_IRRECOVERABLE
HO-0186,4.599438447103445,0.001,4.6,0.561552896555000,IRRECOVERABLE,IRRECOVERABLE,-0.701074011018207,true,AGREEMENT_IRRECOVERABLE
HO-0187,4.612337193357553,0.001,4.613,0.662806642447000,IRRECOVERABLE,IRRECOVERABLE,-1.492046701942641,true,AGREEMENT_IRRECOVERABLE
HO-0188,4.50687905213646,0.001,4.507,0.12094786354000,RECOVERABLE,RECOVERABLE,0.7797486437181931,true,AGREEMENT_RECOVERABLE
HO-0189,4.2858979364224075,0.001,4.286,0.1020635775925000,RECOVERABLE,RECOVERABLE,0.7797486437180936,true,AGREEMENT_RECOVERABLE
HO-0190,4.522313727541044,0.001,4.523,0.686272458956000,RECOVERABLE,RECOVERABLE,0.779748643718051,true,AGREEMENT_RECOVERABLE
HO-0191,4.692664006947072,0.001,4.693,0.335993052928000,IRRECOVERABLE,IRRECOVERABLE,-6.377026710115956,true,AGREEMENT_IRRECOVERABLE
HO-0192,4.765086441960155,0.001,4.766,0.913558039845000,IRRECOVERABLE,IRRECOVERABLE,-10.7214871867899,true,AGREEMENT_IRRECOVERABLE
HO-0193,4.788162636176376,0.001,4.789,0.837363823624000,IRRECOVERABLE,IRRECOVERABLE,-12.093962140936085,true,AGREEMENT_IRRECOVERABLE
HO-0194,4.440222526540162,0.001,4.441,0.777473459838000,RECOVERABLE,RECOVERABLE,0.779748643718051,true,AGREEMENT_RECOVERABLE
HO-0195,4.2229546941326745,0.001,4.223,0.0453058673255000,RECOVERABLE,RECOVERABLE,0.779748643716772,true,AGREEMENT_RECOVERABLE
HO-0196,4.79488177179293,0.001,4.795,0.11822820707000,IRRECOVERABLE,IRRECOVERABLE,-12.49252066006322,true,AGREEMENT_IRRECOVERABLE
HO-0197,4.5247343736780214,0.001,4.525,0.2656263219786000,RECOVERABLE,RECOVERABLE,0.779748643718051,true,AGREEMENT_RECOVERABLE
HO-0198,4.419765108543824,0.001,4.42,0.234891456176000,RECOVERABLE,RECOVERABLE,0.7797486437169567,true,AGREEMENT_RECOVERABLE
HO-0199,4.557454791136146,0.001,4.558,0.545208863854000,RECOVERABLE,RECOVERABLE,0.7797486437180936,true,AGREEMENT_RECOVERABLE
HO-0200,4.263976776706544,0.001,4.264,0.023223293456000,RECOVERABLE,RECOVERABLE,0.7797486437180936,true,AGREEMENT_RECOVERABLE
HO-0201,4.380856986545847,0.001,4.381,0.143013454153000,RECOVERABLE,RECOVERABLE,0.7797486437182926,true,AGREEMENT_RECOVERABLE
HO-0202,4.315056587386261,0.001,4.316,0.943412613739000,RECOVERABLE,RECOVERABLE,0.7797486437169425,true,AGREEMENT_RECOVERABLE
HO-0203,4.401067472072363,0.001,4.402,0.932527927637000,RECOVERABLE,RECOVERABLE,0.7797486437180936,true,AGREEMENT_RECOVERABLE
HO-0204,4.377859934861993,0.001,4.378,0.140065138007000,RECOVERABLE,RECOVERABLE,0.7797486437180936,true,AGREEMENT_RECOVERABLE
HO-0205,4.485258814864201,0.001,4.486,0.741185135799000,RECOVERABLE,RECOVERABLE,0.7797486437180936,true,AGREEMENT_RECOVERABLE
HO-0206,4.235704439414606,0.001,4.236,0.295560585394000,RECOVERABLE,RECOVERABLE,0.779748643718051,true,AGREEMENT_RECOVERABLE
HO-0207,4.739807762604602,0.001,4.74,0.192237395398000,IRRECOVERABLE,IRRECOVERABLE,-9.211480777124919,true,AGREEMENT_IRRECOVERABLE
HO-0208,4.710303006461145,0.001,4.711,0.696993538855000,IRRECOVERABLE,IRRECOVERABLE,-7.440352482453051,true,AGREEMENT_IRRECOVERABLE
HO-0209,4.429794963868144,0.001,4.43,0.205036131856000,RECOVERABLE,RECOVERABLE,0.779748643718051,true,AGREEMENT_RECOVERABLE
HO-0210,4.259364399447993,0.001,4.26,0.635600552007000,RECOVERABLE,RECOVERABLE,0.7797486437179515,true,AGREEMENT_RECOVERABLE
HO-0211,4.32874714822675,0.001,4.329,0.25285177325000,RECOVERABLE,RECOVERABLE,0.7797486437182783,true,AGREEMENT_RECOVERABLE
HO-0212,4.712086419593088,0.001,4.713,0.913580406912000,IRRECOVERABLE,IRRECOVERABLE,-7.547674422574161,true,AGREEMENT_IRRECOVERABLE
HO-0213,4.433175410072156,0.001,4.434,0.824589927844000,RECOVERABLE,RECOVERABLE,0.779748643718051,true,AGREEMENT_RECOVERABLE
HO-0214,4.380068587429199,0.001,4.381,0.931412570801000,RECOVERABLE,RECOVERABLE,0.7797486437182783,true,AGREEMENT_RECOVERABLE
HO-0215,4.5288075792162585,0.001,4.529,0.1924207837415000,RECOVERABLE,RECOVERABLE,0.7797486437182783,true,AGREEMENT_RECOVERABLE
HO-0216,4.494979421299346,0.001,4.495,0.020578700654000,RECOVERABLE,RECOVERABLE,0.779748643717582,true,AGREEMENT_RECOVERABLE
HO-0217,4.483566270733208,0.001,4.484,0.433729266792000,RECOVERABLE,RECOVERABLE,0.7797486437180936,true,AGREEMENT_RECOVERABLE
HO-0218,4.314219963278319,0.001,4.315,0.780036721681000,RECOVERABLE,RECOVERABLE,0.7797486437182215,true,AGREEMENT_RECOVERABLE
HO-0219,4.493066002649676,0.001,4.494,0.933997350324000,RECOVERABLE,RECOVERABLE,0.7797486437180936,true,AGREEMENT_RECOVERABLE
HO-0220,4.594621328980901,0.001,4.595,0.378671019099000,IRRECOVERABLE,IRRECOVERABLE,-0.40521358709200683,true,AGREEMENT_IRRECOVERABLE
HO-0221,4.603345095812043,0.001,4.604,0.654904187957000,IRRECOVERABLE,IRRECOVERABLE,-0.940828287481267,true,AGREEMENT_IRRECOVERABLE
HO-0222,4.706874580337588,0.001,4.707,0.125419662412000,IRRECOVERABLE,IRRECOVERABLE,-7.233940853045453,true,AGREEMENT_IRRECOVERABLE
HO-0223,4.767413000785325,0.001,4.768,0.586999214675000,IRRECOVERABLE,IRRECOVERABLE,-10.860118899637627,true,AGREEMENT_IRRECOVERABLE
HO-0224,4.258862379613877,0.001,4.259,0.137620386123000,RECOVERABLE,RECOVERABLE,0.7797486437180936,true,AGREEMENT_RECOVERABLE
HO-0225,4.535549748401663,0.001,4.536,0.450251598337000,RECOVERABLE,RECOVERABLE,0.779748643718051,true,AGREEMENT_RECOVERABLE
HO-0226,4.295008894904713,0.001,4.296,0.991105095287000,RECOVERABLE,RECOVERABLE,0.779748643718051,true,AGREEMENT_RECOVERABLE
HO-0227,4.693615626842647,0.001,4.694,0.384373157353000,IRRECOVERABLE,IRRECOVERABLE,-6.4344786681493105,true,AGREEMENT_IRRECOVERABLE
HO-0228,4.771925031091264,0.001,4.772,0.074968908736000,IRRECOVERABLE,IRRECOVERABLE,-11.128810499027324,true,AGREEMENT_IRRECOVERABLE
HO-0229,4.613910970741299,0.001,4.614,0.089029258701000,IRRECOVERABLE,IRRECOVERABLE,-1.5884288958382484,true,AGREEMENT_IRRECOVERABLE
HO-0230,4.410870322220826,0.001,4.411,0.129677779174000,RECOVERABLE,RECOVERABLE,0.7797486437180936,true,AGREEMENT_RECOVERABLE
HO-0231,4.614789382895334,0.001,4.615,0.210617104666000,IRRECOVERABLE,IRRECOVERABLE,-1.6422133616996604,true,AGREEMENT_IRRECOVERABLE
HO-0232,4.684699898941406,0.001,4.685,0.300101058594000,IRRECOVERABLE,IRRECOVERABLE,-5.895827178230121,true,AGREEMENT_IRRECOVERABLE
HO-0233,4.235274102731098,0.001,4.236,0.725897268902000,RECOVERABLE,RECOVERABLE,0.7797486437184062,true,AGREEMENT_RECOVERABLE
HO-0234,4.2517644621210176,0.001,4.252,0.2355378789824000,RECOVERABLE,RECOVERABLE,0.7797486437160899,true,AGREEMENT_RECOVERABLE
HO-0235,4.296786119588176,0.001,4.297,0.213880411824000,RECOVERABLE,RECOVERABLE,0.779748643718051,true,AGREEMENT_RECOVERABLE
HO-0236,4.33943997816172,0.001,4.34,0.56002183828000,RECOVERABLE,RECOVERABLE,0.779748643718051,true,AGREEMENT_RECOVERABLE
HO-0237,4.522735308919008,0.001,4.523,0.264691080992000,RECOVERABLE,RECOVERABLE,0.779748643718051,true,AGREEMENT_RECOVERABLE
HO-0238,4.2595859635413715,0.001,4.26,0.4140364586285000,RECOVERABLE,RECOVERABLE,0.7797486437180936,true,AGREEMENT_RECOVERABLE
HO-0239,4.600688199286319,0.001,4.601,0.311800713681000,IRRECOVERABLE,IRRECOVERABLE,-0.7777905008059918,true,AGREEMENT_IRRECOVERABLE
HO-0240,4.773149010374309,0.001,4.774,0.850989625691000,IRRECOVERABLE,IRRECOVERABLE,-11.201661011604898,true,AGREEMENT_IRRECOVERABLE
HO-0241,4.523156760070922,0.001,4.524,0.843239929078000,RECOVERABLE,RECOVERABLE,0.779748643718051,true,AGREEMENT_RECOVERABLE
HO-0242,4.406197994079311,0.001,4.407,0.802005920689000,RECOVERABLE,RECOVERABLE,0.7797486437168004,true,AGREEMENT_RECOVERABLE
HO-0243,4.536558915597194,0.001,4.537,0.441084402806000,RECOVERABLE,RECOVERABLE,0.779748643718051,true,AGREEMENT_RECOVERABLE
HO-0244,4.483916502273719,0.001,4.484,0.083497726281000,RECOVERABLE,RECOVERABLE,0.779748643717241,true,AGREEMENT_RECOVERABLE
HO-0245,4.285741755095019,0.001,4.286,0.258244904981000,RECOVERABLE,RECOVERABLE,0.7797486437177241,true,AGREEMENT_RECOVERABLE
HO-0246,4.3739363053787335,0.001,4.374,0.0636946212665000,RECOVERABLE,RECOVERABLE,0.779748643718122,true,AGREEMENT_RECOVERABLE
HO-0247,4.72050386023197,0.001,4.721,0.49613976803000,IRRECOVERABLE,IRRECOVERABLE,-8.053754984980529,true,AGREEMENT_IRRECOVERABLE
HO-0248,4.539312099983378,0.001,4.54,0.687900016622000,RECOVERABLE,RECOVERABLE,0.779748643718051,true,AGREEMENT_RECOVERABLE
HO-0249,4.316832200773263,0.001,4.317,0.167799226737000,RECOVERABLE,RECOVERABLE,0.7797486437180936,true,AGREEMENT_RECOVERABLE
HO-0250,4.6484800878834305,0.001,4.649,0.5199121165695000,IRRECOVERABLE,IRRECOVERABLE,-3.698716058008003,true,AGREEMENT_IRRECOVERABLE
HO-0251,4.658177106652792,0.001,4.659,0.822893347208000,IRRECOVERABLE,IRRECOVERABLE,-4.288337905377659,true,AGREEMENT_IRRECOVERABLE
HO-0252,4.6197534697980815,0.001,4.62,0.2465302019185000,IRRECOVERABLE,IRRECOVERABLE,-1.9460020328559295,true,AGREEMENT_IRRECOVERABLE
HO-0253,4.740538422616776,0.001,4.741,0.461577383224000,IRRECOVERABLE,IRRECOVERABLE,-9.255222470122803,true,AGREEMENT_IRRECOVERABLE
HO-0254,4.336675585697343,0.001,4.337,0.324414302657000,RECOVERABLE,RECOVERABLE,0.779748643718051,true,AGREEMENT_RECOVERABLE
HO-0255,4.297829099443481,0.001,4.298,0.170900556519000,RECOVERABLE,RECOVERABLE,0.779748643718051,true,AGREEMENT_RECOVERABLE
HO-0256,4.196866352124337,0.001,4.197,0.133647875663000,RECOVERABLE,RECOVERABLE,0.7797486437180936,true,AGREEMENT_RECOVERABLE
HO-0257,4.218016314874403,0.001,4.219,0.983685125597000,RECOVERABLE,RECOVERABLE,0.7797486437181931,true,AGREEMENT_RECOVERABLE
HO-0258,4.5330812572688775,0.001,4.534,0.9187427311225000,RECOVERABLE,RECOVERABLE,0.779748643718051,true,AGREEMENT_RECOVERABLE
HO-0259,4.722737773770555,0.001,4.723,0.262226229445000,IRRECOVERABLE,IRRECOVERABLE,-8.187936080282185,true,AGREEMENT_IRRECOVERABLE
HO-0260,4.411235040355428,0.001,4.412,0.764959644572000,RECOVERABLE,RECOVERABLE,0.779748643718051,true,AGREEMENT_RECOVERABLE
HO-0261,4.454293633519824,0.001,4.455,0.706366480176000,RECOVERABLE,RECOVERABLE,0.779748643718051,true,AGREEMENT_RECOVERABLE
HO-0262,4.579648251680525,0.001,4.58,0.351748319475000,RECOVERABLE,RECOVERABLE,0.5160334818272077,true,AGREEMENT_RECOVERABLE
HO-0263,4.399515572824726,0.001,4.4,0.484427175274000,RECOVERABLE,RECOVERABLE,0.779748643718051,true,AGREEMENT_RECOVERABLE
HO-0264,4.444096584465793,0.001,4.445,0.903415534207000,RECOVERABLE,RECOVERABLE,0.7797486437170988,true,AGREEMENT_RECOVERABLE
HO-0265,4.1821271972869,0.001,4.183,0.8728027131000,RECOVERABLE,RECOVERABLE,0.779748643718051,true,AGREEMENT_RECOVERABLE
HO-0266,4.614245181701608,0.001,4.615,0.754818298392000,IRRECOVERABLE,IRRECOVERABLE,-1.608893355945355,true,AGREEMENT_IRRECOVERABLE
HO-0267,4.437199353220012,0.001,4.438,0.800646779988000,RECOVERABLE,RECOVERABLE,0.7797486437180794,true,AGREEMENT_RECOVERABLE
HO-0268,4.718902247743952,0.001,4.719,0.097752256048000,IRRECOVERABLE,IRRECOVERABLE,-7.957520280230966,true,AGREEMENT_IRRECOVERABLE
HO-0269,4.532948152716715,0.001,4.533,0.051847283285000,RECOVERABLE,RECOVERABLE,0.7797486437166867,true,AGREEMENT_RECOVERABLE
HO-0270,4.384877493503352,0.001,4.385,0.122506496648000,RECOVERABLE,RECOVERABLE,0.7797486437180936,true,AGREEMENT_RECOVERABLE
HO-0271,4.240807005069452,0.001,4.241,0.192994930548000,RECOVERABLE,RECOVERABLE,0.7797486437180794,true,AGREEMENT_RECOVERABLE
HO-0272,4.508278411274363,0.001,4.509,0.721588725637000,RECOVERABLE,RECOVERABLE,0.779748643718051,true,AGREEMENT_RECOVERABLE
HO-0273,4.500362426223895,0.001,4.501,0.637573776105000,RECOVERABLE,RECOVERABLE,0.779748643718051,true,AGREEMENT_RECOVERABLE
HO-0274,4.21066031511328,0.001,4.211,0.33968488672000,RECOVERABLE,RECOVERABLE,0.779748643718051,true,AGREEMENT_RECOVERABLE
HO-0275,4.204432099592492,0.001,4.205,0.567900407508000,RECOVERABLE,RECOVERABLE,0.7797486437180936,true,AGREEMENT_RECOVERABLE
HO-0276,4.219667275943991,0.001,4.22,0.332724056009000,RECOVERABLE,RECOVERABLE,0.779748643718051,true,AGREEMENT_RECOVERABLE
HO-0277,4.4068323543451475,0.001,4.407,0.1676456548525000,RECOVERABLE,RECOVERABLE,0.779748643718051,true,AGREEMENT_RECOVERABLE
HO-0278,4.760383492844862,0.001,4.761,0.616507155138000,IRRECOVERABLE,IRRECOVERABLE,-10.441077674089712,true,AGREEMENT_IRRECOVERABLE
HO-0279,4.28350734808447,0.001,4.284,0.49265191553000,RECOVERABLE,RECOVERABLE,0.779748643718051,true,AGREEMENT_RECOVERABLE
HO-0280,4.698499719549031,0.001,4.699,0.500280450969000,IRRECOVERABLE,IRRECOVERABLE,-6.729190971247917,true,AGREEMENT_IRRECOVERABLE
HO-0281,4.458769316761501,0.001,4.459,0.230683238499000,RECOVERABLE,RECOVERABLE,0.7797486437173831,true,AGREEMENT_RECOVERABLE
HO-0282,4.5436675340499155,0.001,4.544,0.3324659500845000,RECOVERABLE,RECOVERABLE,0.7797486437173831,true,AGREEMENT_RECOVERABLE
HO-0283,4.6121974683126945,0.001,4.613,0.8025316873055000,IRRECOVERABLE,IRRECOVERABLE,-1.4834882713886515,true,AGREEMENT_IRRECOVERABLE
HO-0284,4.757697951320182,0.001,4.758,0.302048679818000,IRRECOVERABLE,IRRECOVERABLE,-10.280848276710714,true,AGREEMENT_IRRECOVERABLE
HO-0285,4.249823344498326,0.001,4.25,0.176655501674000,RECOVERABLE,RECOVERABLE,0.7797486437181078,true,AGREEMENT_RECOVERABLE
HO-0286,4.478598236350356,0.001,4.479,0.401763649644000,RECOVERABLE,RECOVERABLE,0.7797486437181931,true,AGREEMENT_RECOVERABLE
HO-0287,4.262005361258353,0.001,4.263,0.994638741647000,RECOVERABLE,RECOVERABLE,0.779748643718051,true,AGREEMENT_RECOVERABLE
HO-0288,4.502989543140222,0.001,4.503,0.010456859778000,RECOVERABLE,RECOVERABLE,0.779748643718051,true,AGREEMENT_RECOVERABLE
HO-0289,4.7754655725900355,0.001,4.776,0.5344274099645000,IRRECOVERABLE,IRRECOVERABLE,-11.339497607755192,true,AGREEMENT_IRRECOVERABLE
HO-0290,4.764187128766017,0.001,4.765,0.812871233983000,IRRECOVERABLE,IRRECOVERABLE,-10.667884666329485,true,AGREEMENT_IRRECOVERABLE
HO-0291,4.706474815187922,0.001,4.707,0.525184812078000,IRRECOVERABLE,IRRECOVERABLE,-7.209864358973036,true,AGREEMENT_IRRECOVERABLE
HO-0292,4.433832538186649,0.001,4.434,0.167461813351000,RECOVERABLE,RECOVERABLE,0.779748643718051,true,AGREEMENT_RECOVERABLE
HO-0293,4.678482383809467,0.001,4.679,0.517616190533000,IRRECOVERABLE,IRRECOVERABLE,-5.51968134948801,true,AGREEMENT_IRRECOVERABLE
HO-0294,4.685760508856092,0.001,4.686,0.239491143908000,IRRECOVERABLE,IRRECOVERABLE,-5.959949925988752,true,AGREEMENT_IRRECOVERABLE
HO-0295,4.45989724105928,0.001,4.46,0.10275894072000,RECOVERABLE,RECOVERABLE,0.7797486437180936,true,AGREEMENT_RECOVERABLE
HO-0296,4.263795296068574,0.001,4.264,0.204703931426000,RECOVERABLE,RECOVERABLE,0.7797486437183778,true,AGREEMENT_RECOVERABLE
HO-0297,4.463124605663279,0.001,4.464,0.875394336721000,RECOVERABLE,RECOVERABLE,0.7797486437176389,true,AGREEMENT_RECOVERABLE
HO-0298,4.595410694722665,0.001,4.596,0.589305277335000,IRRECOVERABLE,IRRECOVERABLE,-0.4537126858363081,true,AGREEMENT_IRRECOVERABLE
HO-0299,4.524220388713423,0.001,4.525,0.779611286577000,RECOVERABLE,RECOVERABLE,0.779748643718051,true,AGREEMENT_RECOVERABLE
HO-0300,4.517674504700294,0.001,4.518,0.325495299706000,RECOVERABLE,RECOVERABLE,0.779748643718051,true,AGREEMENT_RECOVERABLE
HO-0301,4.734691862557367,0.001,4.735,0.308137442633000,IRRECOVERABLE,IRRECOVERABLE,-8.905051679637026,true,AGREEMENT_IRRECOVERABLE
HO-0302,4.72386884213687,0.001,4.724,0.13115786313000,IRRECOVERABLE,IRRECOVERABLE,-8.255853759252844,true,AGREEMENT_IRRECOVERABLE
HO-0303,4.438396171375063,0.001,4.439,0.603828624937000,RECOVERABLE,RECOVERABLE,0.7797486437181931,true,AGREEMENT_RECOVERABLE
HO-0304,4.751274920432616,0.001,4.752,0.725079567384000,IRRECOVERABLE,IRRECOVERABLE,-9.897313085124779,true,AGREEMENT_IRRECOVERABLE
HO-0305,4.603168108045408,0.001,4.604,0.831891954592000,IRRECOVERABLE,IRRECOVERABLE,-0.92997001111776,true,AGREEMENT_IRRECOVERABLE
HO-0306,4.455490464480525,0.001,4.456,0.509535519475000,RECOVERABLE,RECOVERABLE,0.7797486437171415,true,AGREEMENT_RECOVERABLE
HO-0307,4.680466076294044,0.001,4.681,0.533923705956000,IRRECOVERABLE,IRRECOVERABLE,-5.63973581103177,true,AGREEMENT_IRRECOVERABLE
HO-0308,4.263478617331405,0.001,4.264,0.521382668595000,RECOVERABLE,RECOVERABLE,0.7797486437180936,true,AGREEMENT_RECOVERABLE
HO-0309,4.702976471240461,0.001,4.703,0.023528759539000,IRRECOVERABLE,IRRECOVERABLE,-6.999097417553301,true,AGREEMENT_IRRECOVERABLE
HO-0310,4.474396964397968,0.001,4.475,0.603035602032000,RECOVERABLE,RECOVERABLE,0.779748643718051,true,AGREEMENT_RECOVERABLE
HO-0311,4.6849302248436455,0.001,4.685,0.0697751563545000,IRRECOVERABLE,IRRECOVERABLE,-5.909753342126422,true,AGREEMENT_IRRECOVERABLE
HO-0312,4.351967504101432,0.001,4.352,0.032495898568000,RECOVERABLE,RECOVERABLE,0.779748643718051,true,AGREEMENT_RECOVERABLE
HO-0313,4.267634112266438,0.001,4.268,0.365887733562000,RECOVERABLE,RECOVERABLE,0.779748643718051,true,AGREEMENT_RECOVERABLE
HO-0314,4.7278925447232965,0.001,4.728,0.1074552767035000,IRRECOVERABLE,IRRECOVERABLE,-8.497354898418351,true,AGREEMENT_IRRECOVERABLE
HO-0315,4.3826135474704895,0.001,4.383,0.3864525295105000,RECOVERABLE,RECOVERABLE,0.7797486437180936,true,AGREEMENT_RECOVERABLE
HO-0316,4.572011189713105,0.001,4.573,0.988810286895000,RECOVERABLE,RECOVERABLE,0.779748643718051,true,AGREEMENT_RECOVERABLE
HO-0317,4.7612880925305126,0.001,4.762,0.7119074694874000,IRRECOVERABLE,IRRECOVERABLE,-10.49503207551831,true,AGREEMENT_IRRECOVERABLE
HO-0318,4.6650125506882665,0.001,4.666,0.9874493117335000,IRRECOVERABLE,IRRECOVERABLE,-4.70334935747708,true,AGREEMENT_IRRECOVERABLE
HO-0319,4.606188323137983,0.001,4.607,0.811676862017000,IRRECOVERABLE,IRRECOVERABLE,-1.1152145700953184,true,AGREEMENT_IRRECOVERABLE
HO-0320,4.386793916790533,0.001,4.387,0.206083209467000,RECOVERABLE,RECOVERABLE,0.7797486437182073,true,AGREEMENT_RECOVERABLE
HO-0321,4.340266986879385,0.001,4.341,0.733013120615000,RECOVERABLE,RECOVERABLE,0.779748643718051,true,AGREEMENT_RECOVERABLE
HO-0322,4.410201832307787,0.001,4.411,0.798167692213000,RECOVERABLE,RECOVERABLE,0.779748643718051,true,AGREEMENT_RECOVERABLE
HO-0323,4.188332665744485,0.001,4.189,0.667334255515000,RECOVERABLE,RECOVERABLE,0.7797486437180936,true,AGREEMENT_RECOVERABLE
HO-0324,4.585103286995221,0.001,4.586,0.896713004779000,RECOVERABLE,RECOVERABLE,0.18011764966588828,true,AGREEMENT_RECOVERABLE
HO-0325,4.647557485816645,0.001,4.648,0.442514183355000,IRRECOVERABLE,IRRECOVERABLE,-3.64256448337251,true,AGREEMENT_IRRECOVERABLE
HO-0326,4.3112600597209845,0.001,4.312,0.7399402790155000,RECOVERABLE,RECOVERABLE,0.7797486437180936,true,AGREEMENT_RECOVERABLE
HO-0327,4.529018474143326,0.001,4.53,0.981525856674000,RECOVERABLE,RECOVERABLE,0.7797486437178947,true,AGREEMENT_RECOVERABLE
HO-0328,4.466008713161516,0.001,4.467,0.991286838484000,RECOVERABLE,RECOVERABLE,0.7797486437180936,true,AGREEMENT_RECOVERABLE
HO-0329,4.212519674405195,0.001,4.213,0.480325594805000,RECOVERABLE,RECOVERABLE,0.779748643718321,true,AGREEMENT_RECOVERABLE
HO-0330,4.19954235826655,0.001,4.2,0.45764173345000,RECOVERABLE,RECOVERABLE,0.779748643718051,true,AGREEMENT_RECOVERABLE
HO-0331,4.415203161059675,0.001,4.416,0.796838940325000,RECOVERABLE,RECOVERABLE,0.7797486437184062,true,AGREEMENT_RECOVERABLE
HO-0332,4.184399472415371,0.001,4.185,0.600527584629000,RECOVERABLE,RECOVERABLE,0.779748643718051,true,AGREEMENT_RECOVERABLE
HO-0333,4.5649189756349315,0.001,4.565,0.0810243650685000,RECOVERABLE,RECOVERABLE,0.7797486437183352,true,AGREEMENT_RECOVERABLE
HO-0334,4.249582216683863,0.001,4.25,0.417783316137000,RECOVERABLE,RECOVERABLE,0.7797486437180936,true,AGREEMENT_RECOVERABLE
HO-0335,4.588772488900757,0.001,4.589,0.227511099243000,IRRECOVERABLE,IRRECOVERABLE,-0.045644856918329424,true,AGREEMENT_IRRECOVERABLE
HO-0336,4.723365326315602,0.001,4.724,0.634673684398000,IRRECOVERABLE,IRRECOVERABLE,-8.225620659949527,true,AGREEMENT_IRRECOVERABLE
HO-0337,4.199702349379385,0.001,4.2,0.297650620615000,RECOVERABLE,RECOVERABLE,0.7797486437180936,true,AGREEMENT_RECOVERABLE
HO-0338,4.325743447628143,0.001,4.326,0.256552371857000,RECOVERABLE,RECOVERABLE,0.7797486437184347,true,AGREEMENT_RECOVERABLE
HO-0339,4.658075861466345,0.001,4.659,0.924138533655000,IRRECOVERABLE,IRRECOVERABLE,-4.282187027561832,true,AGREEMENT_IRRECOVERABLE
HO-0340,4.2443258488307745,0.001,4.245,0.6741511692255000,RECOVERABLE,RECOVERABLE,0.779748643718051,true,AGREEMENT_RECOVERABLE
HO-0341,4.517594650681326,0.001,4.518,0.405349318674000,RECOVERABLE,RECOVERABLE,0.7797486437166867,true,AGREEMENT_RECOVERABLE
HO-0342,4.693321155188984,0.001,4.694,0.678844811016000,IRRECOVERABLE,IRRECOVERABLE,-6.416701635939091,true,AGREEMENT_IRRECOVERABLE
HO-0343,4.7756351975531715,0.001,4.776,0.3648024468285000,IRRECOVERABLE,IRRECOVERABLE,-11.34958812538244,true,AGREEMENT_IRRECOVERABLE
HO-0344,4.243042695803634,0.001,4.244,0.957304196366000,RECOVERABLE,RECOVERABLE,0.779748643718051,true,AGREEMENT_RECOVERABLE
HO-0345,4.667207888792505,0.001,4.668,0.792111207495000,IRRECOVERABLE,IRRECOVERABLE,-4.8365308783584595,true,AGREEMENT_IRRECOVERABLE
HO-0346,4.314974988206637,0.001,4.315,0.025011793363000,RECOVERABLE,RECOVERABLE,0.7797486437181931,true,AGREEMENT_RECOVERABLE
HO-0347,4.217243623426232,0.001,4.218,0.756376573768000,RECOVERABLE,RECOVERABLE,0.779748643718051,true,AGREEMENT_RECOVERABLE
HO-0348,4.427368614711052,0.001,4.428,0.631385288948000,RECOVERABLE,RECOVERABLE,0.779748643718051,true,AGREEMENT_RECOVERABLE
HO-0349,4.477539167249881,0.001,4.478,0.460832750119000,RECOVERABLE,RECOVERABLE,0.779748643718051,true,AGREEMENT_RECOVERABLE
HO-0350,4.352843110230568,0.001,4.353,0.156889769432000,RECOVERABLE,RECOVERABLE,0.7797486437183778,true,AGREEMENT_RECOVERABLE
HO-0351,4.258583436355398,0.001,4.259,0.416563644602000,RECOVERABLE,RECOVERABLE,0.779748643718051,true,AGREEMENT_RECOVERABLE
HO-0352,4.57918982589244,0.001,4.58,0.81017410756000,RECOVERABLE,RECOVERABLE,0.544277758263604,true,AGREEMENT_RECOVERABLE
HO-0353,4.309458478071517,0.001,4.31,0.541521928483000,RECOVERABLE,RECOVERABLE,0.7797486437180936,true,AGREEMENT_RECOVERABLE
HO-0354,4.211140099207676,0.001,4.212,0.859900792324000,RECOVERABLE,RECOVERABLE,0.7797486437180936,true,AGREEMENT_RECOVERABLE
HO-0355,4.531962998598874,0.001,4.532,0.037001401126000,RECOVERABLE,RECOVERABLE,0.779748643718051,true,AGREEMENT_RECOVERABLE
HO-0356,4.550371861871152,0.001,4.551,0.628138128848000,RECOVERABLE,RECOVERABLE,0.7797486437180936,true,AGREEMENT_RECOVERABLE
HO-0357,4.215852704527609,0.001,4.216,0.147295472391000,RECOVERABLE,RECOVERABLE,0.7797486437179373,true,AGREEMENT_RECOVERABLE
HO-0358,4.29454656543872,0.001,4.295,0.45343456128000,RECOVERABLE,RECOVERABLE,0.7797486437184062,true,AGREEMENT_RECOVERABLE
HO-0359,4.776583218534591,0.001,4.777,0.416781465409000,IRRECOVERABLE,IRRECOVERABLE,-11.405977603121784,true,AGREEMENT_IRRECOVERABLE
HO-0360,4.408342734715121,0.001,4.409,0.657265284879000,RECOVERABLE,RECOVERABLE,0.779748643718051,true,AGREEMENT_RECOVERABLE
HO-0361,4.469572675842679,0.001,4.47,0.427324157321000,RECOVERABLE,RECOVERABLE,0.7797486437181931,true,AGREEMENT_RECOVERABLE
HO-0362,4.227054102859978,0.001,4.228,0.945897140022000,RECOVERABLE,RECOVERABLE,0.779748643718051,true,AGREEMENT_RECOVERABLE
HO-0363,4.520014458327241,0.001,4.521,0.985541672759000,RECOVERABLE,RECOVERABLE,0.779748643718051,true,AGREEMENT_RECOVERABLE
HO-0364,4.513601527880645,0.001,4.514,0.398472119355000,RECOVERABLE,RECOVERABLE,0.7797486437179799,true,AGREEMENT_RECOVERABLE
HO-0365,4.379013519608071,0.001,4.38,0.986480391929000,RECOVERABLE,RECOVERABLE,0.779748643718051,true,AGREEMENT_RECOVERABLE
HO-0366,4.7511547548880095,0.001,4.752,0.8452451119905000,IRRECOVERABLE,IRRECOVERABLE,-9.890133488489425,true,AGREEMENT_IRRECOVERABLE
HO-0367,4.59088369598898,0.001,4.591,0.11630401102000,IRRECOVERABLE,IRRECOVERABLE,-0.17547858801567884,true,AGREEMENT_IRRECOVERABLE
HO-0368,4.699777714293262,0.001,4.7,0.222285706738000,IRRECOVERABLE,IRRECOVERABLE,-6.806264233390905,true,AGREEMENT_IRRECOVERABLE
HO-0369,4.778499005318221,0.001,4.779,0.500994681779000,IRRECOVERABLE,IRRECOVERABLE,-11.519901724810467,true,AGREEMENT_IRRECOVERABLE
HO-0370,4.1861104919866055,0.001,4.187,0.8895080133945000,RECOVERABLE,RECOVERABLE,0.779748643718051,true,AGREEMENT_RECOVERABLE
HO-0371,4.348777473547692,0.001,4.349,0.222526452308000,RECOVERABLE,RECOVERABLE,0.7797486437184062,true,AGREEMENT_RECOVERABLE
HO-0372,4.68851299086416,0.001,4.689,0.48700913584000,IRRECOVERABLE,IRRECOVERABLE,-6.126303708837497,true,AGREEMENT_IRRECOVERABLE
HO-0373,4.5868043086666415,0.001,4.587,0.1956913333585000,IRRECOVERABLE,RECOVERABLE,0.07543706474405099,false,CONSERVATIVE_FALSE_REJECTION
HO-0374,4.368168804579614,0.001,4.369,0.831195420386000,RECOVERABLE,RECOVERABLE,0.7797486437180936,true,AGREEMENT_RECOVERABLE
HO-0375,4.5806491080198715,0.001,4.581,0.3508919801285000,RECOVERABLE,RECOVERABLE,0.4543772795041434,true,AGREEMENT_RECOVERABLE
HO-0376,4.679285093124347,0.001,4.68,0.714906875653000,IRRECOVERABLE,IRRECOVERABLE,-5.56826701554742,true,AGREEMENT_IRRECOVERABLE
HO-0377,4.475436987592205,0.001,4.476,0.563012407795000,RECOVERABLE,RECOVERABLE,0.7797486437169141,true,AGREEMENT_RECOVERABLE
HO-0378,4.493229981524511,0.001,4.494,0.770018475489000,RECOVERABLE,RECOVERABLE,0.7797486437171415,true,AGREEMENT_RECOVERABLE
HO-0379,4.608116724548496,0.001,4.609,0.883275451504000,IRRECOVERABLE,IRRECOVERABLE,-1.2334406923259849,true,AGREEMENT_IRRECOVERABLE
HO-0380,4.432055974022411,0.001,4.433,0.944025977589000,RECOVERABLE,RECOVERABLE,0.779748643718051,true,AGREEMENT_RECOVERABLE
HO-0381,4.706712347457397,0.001,4.707,0.287652542603000,IRRECOVERABLE,IRRECOVERABLE,-7.224170326877882,true,AGREEMENT_IRRECOVERABLE
HO-0382,4.718000082789128,0.001,4.719,0.999917210872000,IRRECOVERABLE,IRRECOVERABLE,-7.903300509057118,true,AGREEMENT_IRRECOVERABLE
HO-0383,4.413007622807831,0.001,4.414,0.992377192169000,RECOVERABLE,RECOVERABLE,0.779748643718051,true,AGREEMENT_RECOVERABLE
HO-0384,4.360711670512432,0.001,4.361,0.288329487568000,RECOVERABLE,RECOVERABLE,0.779748643718051,true,AGREEMENT_RECOVERABLE
HO-0385,4.5370341970854575,0.001,4.538,0.9658029145425000,RECOVERABLE,RECOVERABLE,0.7797486437170136,true,AGREEMENT_RECOVERABLE
HO-0386,4.248833117418943,0.001,4.249,0.166882581057000,RECOVERABLE,RECOVERABLE,0.779748643718051,true,AGREEMENT_RECOVERABLE
HO-0387,4.445686954460854,0.001,4.446,0.313045539146000,RECOVERABLE,RECOVERABLE,0.779748643714484,true,AGREEMENT_RECOVERABLE
HO-0388,4.2150039107653825,0.001,4.216,0.9960892346175000,RECOVERABLE,RECOVERABLE,0.7797486437179799,true,AGREEMENT_RECOVERABLE
HO-0389,4.683646327586858,0.001,4.684,0.353672413142000,IRRECOVERABLE,IRRECOVERABLE,-5.832117913943037,true,AGREEMENT_IRRECOVERABLE
HO-0390,4.251041304189705,0.001,4.252,0.958695810295000,RECOVERABLE,RECOVERABLE,0.779748643718051,true,AGREEMENT_RECOVERABLE
HO-0391,4.537700197269396,0.001,4.538,0.299802730604000,RECOVERABLE,RECOVERABLE,0.779748643718051,true,AGREEMENT_RECOVERABLE
HO-0392,4.773666056757346,0.001,4.774,0.333943242654000,IRRECOVERABLE,IRRECOVERABLE,-11.232430494722635,true,AGREEMENT_IRRECOVERABLE
HO-0393,4.632102890638034,0.001,4.633,0.897109361966000,IRRECOVERABLE,IRRECOVERABLE,-2.7005865348179015,true,AGREEMENT_IRRECOVERABLE
HO-0394,4.259669804210354,0.001,4.26,0.330195789646000,RECOVERABLE,RECOVERABLE,0.779748643718051,true,AGREEMENT_RECOVERABLE
HO-0395,4.405572771744087,0.001,4.406,0.427228255913000,RECOVERABLE,RECOVERABLE,0.7797486437176673,true,AGREEMENT_RECOVERABLE
HO-0396,4.394154464008367,0.001,4.395,0.845535991633000,RECOVERABLE,RECOVERABLE,0.7797486437144983,true,AGREEMENT_RECOVERABLE
HO-0397,4.770377677987383,0.001,4.771,0.622322012617000,IRRECOVERABLE,IRRECOVERABLE,-11.0366900656321,true,AGREEMENT_IRRECOVERABLE
HO-0398,4.5227327383479246,0.001,4.523,0.2672616520754000,RECOVERABLE,RECOVERABLE,0.7797486437176389,true,AGREEMENT_RECOVERABLE
HO-0399,4.181757842446211,0.001,4.182,0.242157553789000,RECOVERABLE,RECOVERABLE,0.779748643718051,true,AGREEMENT_RECOVERABLE
HO-0000,4.37420629603144,0.0005,4.3745,0.29370396856000,RECOVERABLE,RECOVERABLE,0.7797486437176104,true,AGREEMENT_RECOVERABLE
HO-0001,4.613825224200808,0.0005,4.614,0.174775799192000,IRRECOVERABLE,IRRECOVERABLE,-1.5831782530007956,true,AGREEMENT_IRRECOVERABLE
HO-0002,4.581844073372435,0.0005,4.582,0.155926627565000,RECOVERABLE,RECOVERABLE,0.38077767381329863,true,AGREEMENT_RECOVERABLE
HO-0003,4.75801088187586,0.0005,4.7585,0.48911812414000,IRRECOVERABLE,IRRECOVERABLE,-10.299522851981877,true,AGREEMENT_IRRECOVERABLE
HO-0004,4.293280376741941,0.0005,4.2935,0.219623258059000,RECOVERABLE,RECOVERABLE,0.7797486437184062,true,AGREEMENT_RECOVERABLE
HO-0005,4.663349044275552,0.0005,4.6635,0.150955724448000,IRRECOVERABLE,IRRECOVERABLE,-4.6023968922444,true,AGREEMENT_IRRECOVERABLE
HO-0006,4.313658884243675,0.0005,4.314,0.341115756325000,RECOVERABLE,RECOVERABLE,0.7797486437179799,true,AGREEMENT_RECOVERABLE
HO-0007,4.519087883092836,0.0005,4.5195,0.412116907164000,RECOVERABLE,RECOVERABLE,0.779748643718051,true,AGREEMENT_RECOVERABLE
HO-0008,4.50192900396191,0.0005,4.502,0.07099603809000,RECOVERABLE,RECOVERABLE,0.7797486437178947,true,AGREEMENT_RECOVERABLE
HO-0009,4.719948242055158,0.0005,4.72,0.051757944842000,IRRECOVERABLE,IRRECOVERABLE,-8.02037316578523,true,AGREEMENT_IRRECOVERABLE
HO-0010,4.629337764686904,0.0005,4.6295,0.162235313096000,IRRECOVERABLE,IRRECOVERABLE,-2.5317740440539325,true,AGREEMENT_IRRECOVERABLE
HO-0011,4.476066553162793,0.0005,4.4765,0.433446837207000,RECOVERABLE,RECOVERABLE,0.7797486437180936,true,AGREEMENT_RECOVERABLE
HO-0012,4.760673772946892,0.0005,4.761,0.326227053108000,IRRECOVERABLE,IRRECOVERABLE,-10.458392241606177,true,AGREEMENT_IRRECOVERABLE
HO-0013,4.562492290326929,0.0005,4.5625,0.007709673071000,RECOVERABLE,RECOVERABLE,0.7797486437180936,true,AGREEMENT_RECOVERABLE
HO-0014,4.19824394841659,0.0005,4.1985,0.25605158341000,RECOVERABLE,RECOVERABLE,0.7797486437180936,true,AGREEMENT_RECOVERABLE
HO-0015,4.792143315316093,0.0005,4.7925,0.356684683907000,IRRECOVERABLE,IRRECOVERABLE,-12.330141852432575,true,AGREEMENT_IRRECOVERABLE
HO-0016,4.684076541537306,0.0005,4.6845,0.423458462694000,IRRECOVERABLE,IRRECOVERABLE,-5.858134323355586,true,AGREEMENT_IRRECOVERABLE
HO-0017,4.758434923201739,0.0005,4.7585,0.065076798261000,IRRECOVERABLE,IRRECOVERABLE,-10.324826447288558,true,AGREEMENT_IRRECOVERABLE
HO-0018,4.780337888796062,0.0005,4.7805,0.162111203938000,IRRECOVERABLE,IRRECOVERABLE,-11.629215878332289,true,AGREEMENT_IRRECOVERABLE
HO-0019,4.42008638109366,0.0005,4.4205,0.41361890634000,RECOVERABLE,RECOVERABLE,0.779748643718051,true,AGREEMENT_RECOVERABLE
HO-0020,4.747205728633559,0.0005,4.7475,0.294271366441000,IRRECOVERABLE,IRRECOVERABLE,-9.654102716060947,true,AGREEMENT_IRRECOVERABLE
HO-0021,4.498981834408552,0.0005,4.499,0.018165591448000,RECOVERABLE,RECOVERABLE,0.779748643717781,true,AGREEMENT_RECOVERABLE
HO-0022,4.594979070831228,0.0005,4.595,0.020929168772000,IRRECOVERABLE,IRRECOVERABLE,-0.4271943033291876,true,AGREEMENT_IRRECOVERABLE
HO-0023,4.240883852770871,0.0005,4.241,0.116147229129000,RECOVERABLE,RECOVERABLE,0.779748643717781,true,AGREEMENT_RECOVERABLE
HO-0024,4.238155635334473,0.0005,4.2385,0.344364665527000,RECOVERABLE,RECOVERABLE,0.779748643716772,true,AGREEMENT_RECOVERABLE
HO-0025,4.552483083311266,0.0005,4.5525,0.016916688734000,RECOVERABLE,RECOVERABLE,0.779748643718051,true,AGREEMENT_RECOVERABLE
HO-0026,4.536726309805622,0.0005,4.537,0.273690194378000,RECOVERABLE,RECOVERABLE,0.779748643718051,true,AGREEMENT_RECOVERABLE
HO-0027,4.512478695923455,0.0005,4.5125,0.021304076545000,RECOVERABLE,RECOVERABLE,0.779748643718051,true,AGREEMENT_RECOVERABLE
HO-0028,4.578150598965571,0.0005,4.5785,0.349401034429000,RECOVERABLE,RECOVERABLE,0.6083145654638571,true,AGREEMENT_RECOVERABLE
HO-0029,4.765626892398162,0.0005,4.766,0.373107601838000,IRRECOVERABLE,IRRECOVERABLE,-10.753695947767653,true,AGREEMENT_IRRECOVERABLE
HO-0030,4.416514988803014,0.0005,4.417,0.485011196986000,RECOVERABLE,RECOVERABLE,0.779748643718051,true,AGREEMENT_RECOVERABLE
HO-0031,4.219151990504528,0.0005,4.2195,0.348009495472000,RECOVERABLE,RECOVERABLE,0.779748643718051,true,AGREEMENT_RECOVERABLE
HO-0032,4.76737709477014,0.0005,4.7675,0.12290522986000,IRRECOVERABLE,IRRECOVERABLE,-10.857979822229026,true,AGREEMENT_IRRECOVERABLE
HO-0033,4.658416264826462,0.0005,4.6585,0.083735173538000,IRRECOVERABLE,IRRECOVERABLE,-4.3028668719762635,true,AGREEMENT_IRRECOVERABLE
HO-0034,4.784643678209649,0.0005,4.785,0.356321790351000,IRRECOVERABLE,IRRECOVERABLE,-11.88503646798469,true,AGREEMENT_IRRECOVERABLE
HO-0035,4.58972172421304,0.0005,4.59,0.27827578696000,IRRECOVERABLE,IRRECOVERABLE,-0.10402639323976359,true,AGREEMENT_IRRECOVERABLE
HO-0036,4.455930890128327,0.0005,4.456,0.069109871673000,RECOVERABLE,RECOVERABLE,0.779748643718051,true,AGREEMENT_RECOVERABLE
HO-0037,4.200370501355027,0.0005,4.2005,0.129498644973000,RECOVERABLE,RECOVERABLE,0.779748643718051,true,AGREEMENT_RECOVERABLE
HO-0038,4.252589150544033,0.0005,4.253,0.410849455967000,RECOVERABLE,RECOVERABLE,0.779748643718051,true,AGREEMENT_RECOVERABLE
HO-0039,4.268690061843886,0.0005,4.269,0.309938156114000,RECOVERABLE,RECOVERABLE,0.7797486437171983,true,AGREEMENT_RECOVERABLE
HO-0040,4.43652907464818,0.0005,4.437,0.47092535182000,RECOVERABLE,RECOVERABLE,0.779748643718051,true,AGREEMENT_RECOVERABLE
HO-0041,4.3507371275236775,0.0005,4.351,0.2628724763225000,RECOVERABLE,RECOVERABLE,0.7797486437182215,true,AGREEMENT_RECOVERABLE
HO-0042,4.376194019296599,0.0005,4.3765,0.305980703401000,RECOVERABLE,RECOVERABLE,0.779748643718051,true,AGREEMENT_RECOVERABLE
HO-0043,4.744766246103497,0.0005,4.745,0.233753896503000,IRRECOVERABLE,IRRECOVERABLE,-9.50821283852629,true,AGREEMENT_IRRECOVERABLE
HO-0044,4.523619202617998,0.0005,4.524,0.380797382002000,RECOVERABLE,RECOVERABLE,0.7797486437174825,true,AGREEMENT_RECOVERABLE
HO-0045,4.2627719789192575,0.0005,4.263,0.2280210807425000,RECOVERABLE,RECOVERABLE,0.7797486437181078,true,AGREEMENT_RECOVERABLE
HO-0046,4.544884847351838,0.0005,4.545,0.115152648162000,RECOVERABLE,RECOVERABLE,0.7797486437173404,true,AGREEMENT_RECOVERABLE
HO-0047,4.511902135294749,0.0005,4.512,0.097864705251000,RECOVERABLE,RECOVERABLE,0.7797486437173404,true,AGREEMENT_RECOVERABLE
HO-0048,4.332426337743301,0.0005,4.3325,0.073662256699000,RECOVERABLE,RECOVERABLE,0.779748643718051,true,AGREEMENT_RECOVERABLE
HO-0049,4.6187207142819755,0.0005,4.619,0.2792857180245000,IRRECOVERABLE,IRRECOVERABLE,-1.8828223571654377,true,AGREEMENT_IRRECOVERABLE
HO-0050,4.531063597953599,0.0005,4.5315,0.436402046401000,RECOVERABLE,RECOVERABLE,0.7797486437160472,true,AGREEMENT_RECOVERABLE
HO-0051,4.335638547648988,0.0005,4.336,0.361452351012000,RECOVERABLE,RECOVERABLE,0.7797486437180936,true,AGREEMENT_RECOVERABLE
HO-0052,4.411806013441196,0.0005,4.412,0.193986558804000,RECOVERABLE,RECOVERABLE,0.779748643718051,true,AGREEMENT_RECOVERABLE
HO-0053,4.640227007593636,0.0005,4.6405,0.272992406364000,IRRECOVERABLE,IRRECOVERABLE,-3.1960864172875887,true,AGREEMENT_IRRECOVERABLE
HO-0054,4.488976353340441,0.0005,4.489,0.023646659559000,RECOVERABLE,RECOVERABLE,0.7797486437180936,true,AGREEMENT_RECOVERABLE
HO-0055,4.6191677795855535,0.0005,4.6195,0.3322204144465000,IRRECOVERABLE,IRRECOVERABLE,-1.9101733772536846,true,AGREEMENT_IRRECOVERABLE
HO-0056,4.319364871786497,0.0005,4.3195,0.135128213503000,RECOVERABLE,RECOVERABLE,0.7797486437184347,true,AGREEMENT_RECOVERABLE
HO-0057,4.720063522763066,0.0005,4.7205,0.436477236934000,IRRECOVERABLE,IRRECOVERABLE,-8.027299561985771,true,AGREEMENT_IRRECOVERABLE
HO-0058,4.7598610568585045,0.0005,4.76,0.1389431414955000,IRRECOVERABLE,IRRECOVERABLE,-10.409913248216824,true,AGREEMENT_IRRECOVERABLE
HO-0059,4.475497841549461,0.0005,4.4755,0.002158450539000,RECOVERABLE,RECOVERABLE,0.779748643718051,true,AGREEMENT_RECOVERABLE
HO-0060,4.554003783606177,0.0005,4.5545,0.496216393823000,RECOVERABLE,RECOVERABLE,0.7797486437181931,true,AGREEMENT_RECOVERABLE
HO-0061,4.478522707940769,0.0005,4.479,0.477292059231000,RECOVERABLE,RECOVERABLE,0.7797486437180936,true,AGREEMENT_RECOVERABLE
HO-0062,4.570400546273355,0.0005,4.5705,0.099453726645000,RECOVERABLE,RECOVERABLE,0.7797486437175678,true,AGREEMENT_RECOVERABLE
HO-0063,4.261085426629963,0.0005,4.2615,0.414573370037000,RECOVERABLE,RECOVERABLE,0.7797486437168573,true,AGREEMENT_RECOVERABLE
HO-0064,4.74721315476132,0.0005,4.7475,0.28684523868000,IRRECOVERABLE,IRRECOVERABLE,-9.654546727899373,true,AGREEMENT_IRRECOVERABLE
HO-0065,4.300496663543926,0.0005,4.3005,0.003336456074000,RECOVERABLE,RECOVERABLE,0.779748643718051,true,AGREEMENT_RECOVERABLE
HO-0066,4.224108488190461,0.0005,4.2245,0.391511809539000,RECOVERABLE,RECOVERABLE,0.779748643718051,true,AGREEMENT_RECOVERABLE
HO-0067,4.499490997168674,0.0005,4.4995,0.009002831326000,RECOVERABLE,RECOVERABLE,0.7797486437181504,true,AGREEMENT_RECOVERABLE
HO-0068,4.312229434985069,0.0005,4.3125,0.270565014931000,RECOVERABLE,RECOVERABLE,0.7797486437180936,true,AGREEMENT_RECOVERABLE
HO-0069,4.43591104919126,0.0005,4.436,0.08895080874000,RECOVERABLE,RECOVERABLE,0.779748643718051,true,AGREEMENT_RECOVERABLE
HO-0070,4.773804189260726,0.0005,4.774,0.195810739274000,IRRECOVERABLE,IRRECOVERABLE,-11.240650290858198,true,AGREEMENT_IRRECOVERABLE
HO-0071,4.190442053176937,0.0005,4.1905,0.057946823063000,RECOVERABLE,RECOVERABLE,0.7797486437177525,true,AGREEMENT_RECOVERABLE
HO-0072,4.456107441068771,0.0005,4.4565,0.392558931229000,RECOVERABLE,RECOVERABLE,0.779748643718051,true,AGREEMENT_RECOVERABLE
HO-0073,4.577097813013781,0.0005,4.5775,0.402186986219000,RECOVERABLE,RECOVERABLE,0.6731989494052044,true,AGREEMENT_RECOVERABLE
HO-0074,4.799203005884257,0.0005,4.7995,0.296994115743000,IRRECOVERABLE,IRRECOVERABLE,-12.748589135731976,true,AGREEMENT_IRRECOVERABLE
HO-0075,4.67035009844101,0.0005,4.6705,0.14990155899000,IRRECOVERABLE,IRRECOVERABLE,-5.02706394488321,true,AGREEMENT_IRRECOVERABLE
HO-0076,4.6669474927190535,0.0005,4.667,0.0525072809465000,IRRECOVERABLE,IRRECOVERABLE,-4.820736526221836,true,AGREEMENT_IRRECOVERABLE
HO-0077,4.691853464628283,0.0005,4.692,0.146535371717000,IRRECOVERABLE,IRRECOVERABLE,-6.328084278193913,true,AGREEMENT_IRRECOVERABLE
HO-0078,4.341910370787552,0.0005,4.342,0.089629212448000,RECOVERABLE,RECOVERABLE,0.7797486437184062,true,AGREEMENT_RECOVERABLE
HO-0079,4.418181131677429,0.0005,4.4185,0.318868322571000,RECOVERABLE,RECOVERABLE,0.779748643718051,true,AGREEMENT_RECOVERABLE
HO-0080,4.689281984756998,0.0005,4.6895,0.218015243002000,IRRECOVERABLE,IRRECOVERABLE,-6.172765308207147,true,AGREEMENT_IRRECOVERABLE
HO-0081,4.456439207693417,0.0005,4.4565,0.060792306583000,RECOVERABLE,RECOVERABLE,0.7797486437180936,true,AGREEMENT_RECOVERABLE
HO-0082,4.793242219677155,0.0005,4.7935,0.257780322845000,IRRECOVERABLE,IRRECOVERABLE,-12.395311790368623,true,AGREEMENT_IRRECOVERABLE
HO-0083,4.626749201697986,0.0005,4.627,0.250798302014000,IRRECOVERABLE,IRRECOVERABLE,-2.3736652711806414,true,AGREEMENT_IRRECOVERABLE
HO-0084,4.205204224549033,0.0005,4.2055,0.295775450967000,RECOVERABLE,RECOVERABLE,0.7797486437180936,true,AGREEMENT_RECOVERABLE
HO-0085,4.206993975693173,0.0005,4.207,0.006024306827000,RECOVERABLE,RECOVERABLE,0.779748643718051,true,AGREEMENT_RECOVERABLE
HO-0086,4.353944179858006,0.0005,4.354,0.055820141994000,RECOVERABLE,RECOVERABLE,0.7797486437179373,true,AGREEMENT_RECOVERABLE
HO-0087,4.425600826554665,0.0005,4.426,0.399173445335000,RECOVERABLE,RECOVERABLE,0.779748643718051,true,AGREEMENT_RECOVERABLE
HO-0088,4.46175823897744,0.0005,4.462,0.24176102256000,RECOVERABLE,RECOVERABLE,0.7797486437177525,true,AGREEMENT_RECOVERABLE
HO-0089,4.1941838262134326,0.0005,4.1945,0.3161737865674000,RECOVERABLE,RECOVERABLE,0.7797486437180936,true,AGREEMENT_RECOVERABLE
HO-0090,4.254981756434879,0.0005,4.255,0.018243565121000,RECOVERABLE,RECOVERABLE,0.7797486437180936,true,AGREEMENT_RECOVERABLE
HO-0091,4.790391248114897,0.0005,4.7905,0.108751885103000,IRRECOVERABLE,IRRECOVERABLE,-12.226209848904375,true,AGREEMENT_IRRECOVERABLE
HO-0092,4.331922418138382,0.0005,4.332,0.077581861618000,RECOVERABLE,RECOVERABLE,0.7797486437181078,true,AGREEMENT_RECOVERABLE
HO-0093,4.635613349556147,0.0005,4.636,0.386650443853000,IRRECOVERABLE,IRRECOVERABLE,-2.914781964622918,true,AGREEMENT_IRRECOVERABLE
HO-0094,4.280001333122862,0.0005,4.2805,0.498666877138000,RECOVERABLE,RECOVERABLE,0.7797486437180936,true,AGREEMENT_RECOVERABLE
HO-0095,4.251952911300943,0.0005,4.252,0.047088699057000,RECOVERABLE,RECOVERABLE,0.7797486437179515,true,AGREEMENT_RECOVERABLE
HO-0096,4.477886934876266,0.0005,4.478,0.113065123734000,RECOVERABLE,RECOVERABLE,0.779748643718051,true,AGREEMENT_RECOVERABLE
HO-0097,4.401466845769097,0.0005,4.4015,0.033154230903000,RECOVERABLE,RECOVERABLE,0.7797486437182215,true,AGREEMENT_RECOVERABLE
HO-0098,4.573238685785399,0.0005,4.5735,0.261314214601000,RECOVERABLE,RECOVERABLE,0.779748643718051,true,AGREEMENT_RECOVERABLE
HO-0099,4.538098254239547,0.0005,4.5385,0.401745760453000,RECOVERABLE,RECOVERABLE,0.7797486437170704,true,AGREEMENT_RECOVERABLE
HO-0100,4.260619384328261,0.0005,4.261,0.380615671739000,RECOVERABLE,RECOVERABLE,0.779748643718051,true,AGREEMENT_RECOVERABLE
HO-0101,4.194779830090836,0.0005,4.195,0.220169909164000,RECOVERABLE,RECOVERABLE,0.779748643718051,true,AGREEMENT_RECOVERABLE
HO-0102,4.337923322954387,0.0005,4.338,0.076677045613000,RECOVERABLE,RECOVERABLE,0.7797486437179799,true,AGREEMENT_RECOVERABLE
HO-0103,4.4070625769372676,0.0005,4.4075,0.4374230627324000,RECOVERABLE,RECOVERABLE,0.7797486437177241,true,AGREEMENT_RECOVERABLE
HO-0104,4.462878968245348,0.0005,4.463,0.121031754652000,RECOVERABLE,RECOVERABLE,0.7797486437177525,true,AGREEMENT_RECOVERABLE
HO-0105,4.450164850771611,0.0005,4.4505,0.335149228389000,RECOVERABLE,RECOVERABLE,0.779748643718051,true,AGREEMENT_RECOVERABLE
HO-0106,4.490890157182178,0.0005,4.491,0.109842817822000,RECOVERABLE,RECOVERABLE,0.7797486437184062,true,AGREEMENT_RECOVERABLE
HO-0107,4.664350215139348,0.0005,4.6645,0.149784860652000,IRRECOVERABLE,IRRECOVERABLE,-4.6631580971924365,true,AGREEMENT_IRRECOVERABLE
HO-0108,4.517146101466886,0.0005,4.5175,0.353898533114000,RECOVERABLE,RECOVERABLE,0.7797486437178947,true,AGREEMENT_RECOVERABLE
HO-0109,4.225256936426783,0.0005,4.2255,0.243063573217000,RECOVERABLE,RECOVERABLE,0.7797486437183778,true,AGREEMENT_RECOVERABLE
HO-0110,4.694842783796862,0.0005,4.695,0.157216203138000,IRRECOVERABLE,IRRECOVERABLE,-6.508551116460325,true,AGREEMENT_IRRECOVERABLE
HO-0111,4.50291276931817,0.0005,4.503,0.08723068183000,RECOVERABLE,RECOVERABLE,0.7797486437182783,true,AGREEMENT_RECOVERABLE
HO-0112,4.316815469854136,0.0005,4.317,0.184530145864000,RECOVERABLE,RECOVERABLE,0.7797486437181931,true,AGREEMENT_RECOVERABLE
HO-0113,4.369781461304282,0.0005,4.37,0.218538695718000,RECOVERABLE,RECOVERABLE,0.779748643718051,true,AGREEMENT_RECOVERABLE
HO-0114,4.353585344871453,0.0005,4.354,0.414655128547000,RECOVERABLE,RECOVERABLE,0.7797486437180936,true,AGREEMENT_RECOVERABLE
HO-0115,4.611503133699914,0.0005,4.612,0.496866300086000,IRRECOVERABLE,IRRECOVERABLE,-1.4409557634188843,true,AGREEMENT_IRRECOVERABLE
HO-0116,4.42860586868633,0.0005,4.429,0.39413131367000,RECOVERABLE,RECOVERABLE,0.779748643718051,true,AGREEMENT_RECOVERABLE
HO-0117,4.318031947448616,0.0005,4.3185,0.468052551384000,RECOVERABLE,RECOVERABLE,0.779748643718051,true,AGREEMENT_RECOVERABLE
HO-0118,4.783871987822764,0.0005,4.784,0.128012177236000,IRRECOVERABLE,IRRECOVERABLE,-11.83920243767524,true,AGREEMENT_IRRECOVERABLE
HO-0119,4.563644953381895,0.0005,4.564,0.355046618105000,RECOVERABLE,RECOVERABLE,0.7797486437173831,true,AGREEMENT_RECOVERABLE
HO-0120,4.569252081507915,0.0005,4.5695,0.247918492085000,RECOVERABLE,RECOVERABLE,0.7797486437178236,true,AGREEMENT_RECOVERABLE
HO-0121,4.186820637825683,0.0005,4.187,0.179362174317000,RECOVERABLE,RECOVERABLE,0.7797486437180936,true,AGREEMENT_RECOVERABLE
HO-0122,4.502156412948833,0.0005,4.5025,0.343587051167000,RECOVERABLE,RECOVERABLE,0.7797486437180936,true,AGREEMENT_RECOVERABLE
HO-0123,4.733520398898533,0.0005,4.734,0.479601101467000,IRRECOVERABLE,IRRECOVERABLE,-8.834844488510868,true,AGREEMENT_IRRECOVERABLE
HO-0124,4.685567585534869,0.0005,4.686,0.432414465131000,IRRECOVERABLE,IRRECOVERABLE,-5.948287002235631,true,AGREEMENT_IRRECOVERABLE
HO-0125,4.244355889167789,0.0005,4.2445,0.144110832211000,RECOVERABLE,RECOVERABLE,0.7797486437165588,true,AGREEMENT_RECOVERABLE
HO-0126,4.416234152880075,0.0005,4.4165,0.265847119925000,RECOVERABLE,RECOVERABLE,0.7797486437180936,true,AGREEMENT_RECOVERABLE
HO-0127,4.638767087457192,0.0005,4.639,0.232912542808000,IRRECOVERABLE,IRRECOVERABLE,-3.107097083597708,true,AGREEMENT_IRRECOVERABLE
HO-0128,4.4535092068489615,0.0005,4.454,0.4907931510385000,RECOVERABLE,RECOVERABLE,0.779748643718051,true,AGREEMENT_RECOVERABLE
HO-0129,4.443294665667741,0.0005,4.4435,0.205334332259000,RECOVERABLE,RECOVERABLE,0.779748643718321,true,AGREEMENT_RECOVERABLE
HO-0130,4.763049710108843,0.0005,4.7635,0.450289891157000,IRRECOVERABLE,IRRECOVERABLE,-10.600077756249533,true,AGREEMENT_IRRECOVERABLE
HO-0131,4.225247327678451,0.0005,4.2255,0.252672321549000,RECOVERABLE,RECOVERABLE,0.7797486437182926,true,AGREEMENT_RECOVERABLE
HO-0132,4.354318990471544,0.0005,4.3545,0.181009528456000,RECOVERABLE,RECOVERABLE,0.7797486437179657,true,AGREEMENT_RECOVERABLE
HO-0133,4.43922073922973,0.0005,4.4395,0.27926077027000,RECOVERABLE,RECOVERABLE,0.7797486437180936,true,AGREEMENT_RECOVERABLE
HO-0134,4.643179885220966,0.0005,4.6435,0.320114779034000,IRRECOVERABLE,IRRECOVERABLE,-3.3760079356057986,true,AGREEMENT_IRRECOVERABLE
HO-0135,4.257385049789248,0.0005,4.2575,0.114950210752000,RECOVERABLE,RECOVERABLE,0.779748643718051,true,AGREEMENT_RECOVERABLE
HO-0136,4.452368733975462,0.0005,4.4525,0.131266024538000,RECOVERABLE,RECOVERABLE,0.779748643718051,true,AGREEMENT_RECOVERABLE
HO-0137,4.220666043815472,0.0005,4.221,0.333956184528000,RECOVERABLE,RECOVERABLE,0.779748643718051,true,AGREEMENT_RECOVERABLE
HO-0138,4.526279125502523,0.0005,4.5265,0.220874497477000,RECOVERABLE,RECOVERABLE,0.779748643718051,true,AGREEMENT_RECOVERABLE
HO-0139,4.488102546024753,0.0005,4.4885,0.397453975247000,RECOVERABLE,RECOVERABLE,0.779748643718051,true,AGREEMENT_RECOVERABLE
HO-0140,4.657007496674924,0.0005,4.6575,0.492503325076000,IRRECOVERABLE,IRRECOVERABLE,-4.217274622486386,true,AGREEMENT_IRRECOVERABLE
HO-0141,4.6854850297683095,0.0005,4.6855,0.0149702316905000,IRRECOVERABLE,IRRECOVERABLE,-5.94329607967606,true,AGREEMENT_IRRECOVERABLE
HO-0142,4.192098417997437,0.0005,4.1925,0.401582002563000,RECOVERABLE,RECOVERABLE,0.779748643718051,true,AGREEMENT_RECOVERABLE
HO-0143,4.780903362368273,0.0005,4.781,0.096637631727000,IRRECOVERABLE,IRRECOVERABLE,-11.662823732938847,true,AGREEMENT_IRRECOVERABLE
HO-0144,4.78579883581388,0.0005,4.786,0.20116418612000,IRRECOVERABLE,IRRECOVERABLE,-11.953634411829356,true,AGREEMENT_IRRECOVERABLE
HO-0145,4.621174090603979,0.0005,4.6215,0.325909396021000,IRRECOVERABLE,IRRECOVERABLE,-2.032890667708159,true,AGREEMENT_IRRECOVERABLE
HO-0146,4.462342452994207,0.0005,4.4625,0.157547005793000,RECOVERABLE,RECOVERABLE,0.779748643718051,true,AGREEMENT_RECOVERABLE
HO-0147,4.705002965943778,0.0005,4.7055,0.497034056222000,IRRECOVERABLE,IRRECOVERABLE,-7.121205024449921,true,AGREEMENT_IRRECOVERABLE
HO-0148,4.554503263847892,0.0005,4.555,0.496736152108000,RECOVERABLE,RECOVERABLE,0.779748643718051,true,AGREEMENT_RECOVERABLE
HO-0149,4.246146240811958,0.0005,4.2465,0.353759188042000,RECOVERABLE,RECOVERABLE,0.7797486437181931,true,AGREEMENT_RECOVERABLE
HO-0150,4.642769392363112,0.0005,4.643,0.230607636888000,IRRECOVERABLE,IRRECOVERABLE,-3.351001913261385,true,AGREEMENT_IRRECOVERABLE
HO-0151,4.329107199602026,0.0005,4.3295,0.392800397974000,RECOVERABLE,RECOVERABLE,0.779748643718051,true,AGREEMENT_RECOVERABLE
HO-0152,4.3392946703000606,0.0005,4.3395,0.2053296999394000,RECOVERABLE,RECOVERABLE,0.7797486437170988,true,AGREEMENT_RECOVERABLE
HO-0153,4.303276178003347,0.0005,4.3035,0.223821996653000,RECOVERABLE,RECOVERABLE,0.779748643718051,true,AGREEMENT_RECOVERABLE
HO-0154,4.277994220289894,0.0005,4.278,0.005779710106000,RECOVERABLE,RECOVERABLE,0.7797486437183778,true,AGREEMENT_RECOVERABLE
HO-0155,4.2506861330506185,0.0005,4.251,0.3138669493815000,RECOVERABLE,RECOVERABLE,0.7797486437168573,true,AGREEMENT_RECOVERABLE
HO-0156,4.777217948627194,0.0005,4.7775,0.282051372806000,IRRECOVERABLE,IRRECOVERABLE,-11.44372678370155,true,AGREEMENT_IRRECOVERABLE
HO-0157,4.221139332744338,0.0005,4.2215,0.360667255662000,RECOVERABLE,RECOVERABLE,0.7797486437180936,true,AGREEMENT_RECOVERABLE
HO-0158,4.18270688015734,0.0005,4.183,0.29311984266000,RECOVERABLE,RECOVERABLE,0.7797486437180936,true,AGREEMENT_RECOVERABLE
HO-0159,4.216862834685467,0.0005,4.217,0.137165314533000,RECOVERABLE,RECOVERABLE,0.779748643718051,true,AGREEMENT_RECOVERABLE
HO-0160,4.189996535410152,0.0005,4.19,0.003464589848000,RECOVERABLE,RECOVERABLE,0.7797486437180936,true,AGREEMENT_RECOVERABLE
HO-0161,4.475261269118578,0.0005,4.4755,0.238730881422000,RECOVERABLE,RECOVERABLE,0.779748643718051,true,AGREEMENT_RECOVERABLE
HO-0162,4.376404961667715,0.0005,4.3765,0.095038332285000,RECOVERABLE,RECOVERABLE,0.7797486437184347,true,AGREEMENT_RECOVERABLE
HO-0163,4.436073676315808,0.0005,4.4365,0.426323684192000,RECOVERABLE,RECOVERABLE,0.779748643718051,true,AGREEMENT_RECOVERABLE
HO-0164,4.623784122353253,0.0005,4.624,0.215877646747000,IRRECOVERABLE,IRRECOVERABLE,-2.192469173674823,true,AGREEMENT_IRRECOVERABLE
HO-0165,4.247960876977332,0.0005,4.248,0.039123022668000,RECOVERABLE,RECOVERABLE,0.779748643718122,true,AGREEMENT_RECOVERABLE
HO-0166,4.690862167003328,0.0005,4.691,0.137832996672000,IRRECOVERABLE,IRRECOVERABLE,-6.268217761842507,true,AGREEMENT_IRRECOVERABLE
HO-0167,4.76282638710052,0.0005,4.763,0.17361289948000,IRRECOVERABLE,IRRECOVERABLE,-10.586762789226896,true,AGREEMENT_IRRECOVERABLE
HO-0168,4.216577544122841,0.0005,4.217,0.422455877159000,RECOVERABLE,RECOVERABLE,0.779748643718051,true,AGREEMENT_RECOVERABLE
HO-0169,4.7337437583738255,0.0005,4.734,0.2562416261745000,IRRECOVERABLE,IRRECOVERABLE,-8.848231821822353,true,AGREEMENT_IRRECOVERABLE
HO-0170,4.298196551969774,0.0005,4.2985,0.303448030226000,RECOVERABLE,RECOVERABLE,0.779748643718051,true,AGREEMENT_RECOVERABLE
HO-0171,4.339436355268448,0.0005,4.3395,0.063644731552000,RECOVERABLE,RECOVERABLE,0.779748643718051,true,AGREEMENT_RECOVERABLE
HO-0172,4.53106275927958,0.0005,4.5315,0.43724072042000,RECOVERABLE,RECOVERABLE,0.7797486437181931,true,AGREEMENT_RECOVERABLE
HO-0173,4.3370048462467,0.0005,4.3375,0.4951537533000,RECOVERABLE,RECOVERABLE,0.7797486437180936,true,AGREEMENT_RECOVERABLE
HO-0174,4.26376728996606,0.0005,4.264,0.23271003394000,RECOVERABLE,RECOVERABLE,0.7797486437184347,true,AGREEMENT_RECOVERABLE
HO-0175,4.585293343816971,0.0005,4.5855,0.206656183029000,RECOVERABLE,RECOVERABLE,0.16842001198990886,true,AGREEMENT_RECOVERABLE
HO-0176,4.79230103191694,0.0005,4.7925,0.19896808306000,IRRECOVERABLE,IRRECOVERABLE,-12.339495941593242,true,AGREEMENT_IRRECOVERABLE
HO-0177,4.438801083671846,0.0005,4.439,0.198916328154000,RECOVERABLE,RECOVERABLE,0.779748643718051,true,AGREEMENT_RECOVERABLE
HO-0178,4.242550792187121,0.0005,4.243,0.449207812879000,RECOVERABLE,RECOVERABLE,0.7797486437180368,true,AGREEMENT_RECOVERABLE
HO-0179,4.691866507021709,0.0005,4.692,0.133492978291000,IRRECOVERABLE,IRRECOVERABLE,-6.328871864507178,true,AGREEMENT_IRRECOVERABLE
HO-0180,4.686957776754352,0.0005,4.687,0.042223245648000,IRRECOVERABLE,IRRECOVERABLE,-6.032320163075752,true,AGREEMENT_IRRECOVERABLE
HO-0181,4.461190148120181,0.0005,4.4615,0.309851879819000,RECOVERABLE,RECOVERABLE,0.7797486437170846,true,AGREEMENT_RECOVERABLE
HO-0182,4.234774251705718,0.0005,4.235,0.225748294282000,RECOVERABLE,RECOVERABLE,0.779748643718051,true,AGREEMENT_RECOVERABLE
HO-0183,4.688074782619988,0.0005,4.6885,0.425217380012000,IRRECOVERABLE,IRRECOVERABLE,-6.099824881431928,true,AGREEMENT_IRRECOVERABLE
HO-0184,4.272868959400577,0.0005,4.273,0.131040599423000,RECOVERABLE,RECOVERABLE,0.779748643718051,true,AGREEMENT_RECOVERABLE
HO-0185,4.773303686278142,0.0005,4.7735,0.196313721858000,IRRECOVERABLE,IRRECOVERABLE,-11.21086608976239,true,AGREEMENT_IRRECOVERABLE
HO-0186,4.599438447103445,0.0005,4.5995,0.061552896555000,IRRECOVERABLE,IRRECOVERABLE,-0.701074011018207,true,AGREEMENT_IRRECOVERABLE
HO-0187,4.612337193357553,0.0005,4.6125,0.162806642447000,IRRECOVERABLE,IRRECOVERABLE,-1.492046701942641,true,AGREEMENT_IRRECOVERABLE
HO-0188,4.50687905213646,0.0005,4.507,0.12094786354000,RECOVERABLE,RECOVERABLE,0.7797486437181931,true,AGREEMENT_RECOVERABLE
HO-0189,4.2858979364224075,0.0005,4.286,0.1020635775925000,RECOVERABLE,RECOVERABLE,0.7797486437180936,true,AGREEMENT_RECOVERABLE
HO-0190,4.522313727541044,0.0005,4.5225,0.186272458956000,RECOVERABLE,RECOVERABLE,0.779748643718051,true,AGREEMENT_RECOVERABLE
HO-0191,4.692664006947072,0.0005,4.693,0.335993052928000,IRRECOVERABLE,IRRECOVERABLE,-6.377026710115956,true,AGREEMENT_IRRECOVERABLE
HO-0192,4.765086441960155,0.0005,4.7655,0.413558039845000,IRRECOVERABLE,IRRECOVERABLE,-10.7214871867899,true,AGREEMENT_IRRECOVERABLE
HO-0193,4.788162636176376,0.0005,4.7885,0.337363823624000,IRRECOVERABLE,IRRECOVERABLE,-12.093962140936085,true,AGREEMENT_IRRECOVERABLE
HO-0194,4.440222526540162,0.0005,4.4405,0.277473459838000,RECOVERABLE,RECOVERABLE,0.779748643718051,true,AGREEMENT_RECOVERABLE
HO-0195,4.2229546941326745,0.0005,4.223,0.0453058673255000,RECOVERABLE,RECOVERABLE,0.779748643716772,true,AGREEMENT_RECOVERABLE
HO-0196,4.79488177179293,0.0005,4.795,0.11822820707000,IRRECOVERABLE,IRRECOVERABLE,-12.49252066006322,true,AGREEMENT_IRRECOVERABLE
HO-0197,4.5247343736780214,0.0005,4.525,0.2656263219786000,RECOVERABLE,RECOVERABLE,0.779748643718051,true,AGREEMENT_RECOVERABLE
HO-0198,4.419765108543824,0.0005,4.42,0.234891456176000,RECOVERABLE,RECOVERABLE,0.7797486437169567,true,AGREEMENT_RECOVERABLE
HO-0199,4.557454791136146,0.0005,4.5575,0.045208863854000,RECOVERABLE,RECOVERABLE,0.7797486437180936,true,AGREEMENT_RECOVERABLE
HO-0200,4.263976776706544,0.0005,4.264,0.023223293456000,RECOVERABLE,RECOVERABLE,0.7797486437180936,true,AGREEMENT_RECOVERABLE
HO-0201,4.380856986545847,0.0005,4.381,0.143013454153000,RECOVERABLE,RECOVERABLE,0.7797486437182926,true,AGREEMENT_RECOVERABLE
HO-0202,4.315056587386261,0.0005,4.3155,0.443412613739000,RECOVERABLE,RECOVERABLE,0.7797486437169425,true,AGREEMENT_RECOVERABLE
HO-0203,4.401067472072363,0.0005,4.4015,0.432527927637000,RECOVERABLE,RECOVERABLE,0.7797486437180936,true,AGREEMENT_RECOVERABLE
HO-0204,4.377859934861993,0.0005,4.378,0.140065138007000,RECOVERABLE,RECOVERABLE,0.7797486437180936,true,AGREEMENT_RECOVERABLE
HO-0205,4.485258814864201,0.0005,4.4855,0.241185135799000,RECOVERABLE,RECOVERABLE,0.7797486437180936,true,AGREEMENT_RECOVERABLE
HO-0206,4.235704439414606,0.0005,4.236,0.295560585394000,RECOVERABLE,RECOVERABLE,0.779748643718051,true,AGREEMENT_RECOVERABLE
HO-0207,4.739807762604602,0.0005,4.74,0.192237395398000,IRRECOVERABLE,IRRECOVERABLE,-9.211480777124919,true,AGREEMENT_IRRECOVERABLE
HO-0208,4.710303006461145,0.0005,4.7105,0.196993538855000,IRRECOVERABLE,IRRECOVERABLE,-7.440352482453051,true,AGREEMENT_IRRECOVERABLE
HO-0209,4.429794963868144,0.0005,4.43,0.205036131856000,RECOVERABLE,RECOVERABLE,0.779748643718051,true,AGREEMENT_RECOVERABLE
HO-0210,4.259364399447993,0.0005,4.2595,0.135600552007000,RECOVERABLE,RECOVERABLE,0.7797486437179515,true,AGREEMENT_RECOVERABLE
HO-0211,4.32874714822675,0.0005,4.329,0.25285177325000,RECOVERABLE,RECOVERABLE,0.7797486437182783,true,AGREEMENT_RECOVERABLE
HO-0212,4.712086419593088,0.0005,4.7125,0.413580406912000,IRRECOVERABLE,IRRECOVERABLE,-7.547674422574161,true,AGREEMENT_IRRECOVERABLE
HO-0213,4.433175410072156,0.0005,4.4335,0.324589927844000,RECOVERABLE,RECOVERABLE,0.779748643718051,true,AGREEMENT_RECOVERABLE
HO-0214,4.380068587429199,0.0005,4.3805,0.431412570801000,RECOVERABLE,RECOVERABLE,0.7797486437182783,true,AGREEMENT_RECOVERABLE
HO-0215,4.5288075792162585,0.0005,4.529,0.1924207837415000,RECOVERABLE,RECOVERABLE,0.7797486437182783,true,AGREEMENT_RECOVERABLE
HO-0216,4.494979421299346,0.0005,4.495,0.020578700654000,RECOVERABLE,RECOVERABLE,0.779748643717582,true,AGREEMENT_RECOVERABLE
HO-0217,4.483566270733208,0.0005,4.484,0.433729266792000,RECOVERABLE,RECOVERABLE,0.7797486437180936,true,AGREEMENT_RECOVERABLE
HO-0218,4.314219963278319,0.0005,4.3145,0.280036721681000,RECOVERABLE,RECOVERABLE,0.7797486437182215,true,AGREEMENT_RECOVERABLE
HO-0219,4.493066002649676,0.0005,4.4935,0.433997350324000,RECOVERABLE,RECOVERABLE,0.7797486437180936,true,AGREEMENT_RECOVERABLE
HO-0220,4.594621328980901,0.0005,4.595,0.378671019099000,IRRECOVERABLE,IRRECOVERABLE,-0.40521358709200683,true,AGREEMENT_IRRECOVERABLE
HO-0221,4.603345095812043,0.0005,4.6035,0.154904187957000,IRRECOVERABLE,IRRECOVERABLE,-0.940828287481267,true,AGREEMENT_IRRECOVERABLE
HO-0222,4.706874580337588,0.0005,4.707,0.125419662412000,IRRECOVERABLE,IRRECOVERABLE,-7.233940853045453,true,AGREEMENT_IRRECOVERABLE
HO-0223,4.767413000785325,0.0005,4.7675,0.086999214675000,IRRECOVERABLE,IRRECOVERABLE,-10.860118899637627,true,AGREEMENT_IRRECOVERABLE
HO-0224,4.258862379613877,0.0005,4.259,0.137620386123000,RECOVERABLE,RECOVERABLE,0.7797486437180936,true,AGREEMENT_RECOVERABLE
HO-0225,4.535549748401663,0.0005,4.536,0.450251598337000,RECOVERABLE,RECOVERABLE,0.779748643718051,true,AGREEMENT_RECOVERABLE
HO-0226,4.295008894904713,0.0005,4.2955,0.491105095287000,RECOVERABLE,RECOVERABLE,0.779748643718051,true,AGREEMENT_RECOVERABLE
HO-0227,4.693615626842647,0.0005,4.694,0.384373157353000,IRRECOVERABLE,IRRECOVERABLE,-6.4344786681493105,true,AGREEMENT_IRRECOVERABLE
HO-0228,4.771925031091264,0.0005,4.772,0.074968908736000,IRRECOVERABLE,IRRECOVERABLE,-11.128810499027324,true,AGREEMENT_IRRECOVERABLE
HO-0229,4.613910970741299,0.0005,4.614,0.089029258701000,IRRECOVERABLE,IRRECOVERABLE,-1.5884288958382484,true,AGREEMENT_IRRECOVERABLE
HO-0230,4.410870322220826,0.0005,4.411,0.129677779174000,RECOVERABLE,RECOVERABLE,0.7797486437180936,true,AGREEMENT_RECOVERABLE
HO-0231,4.614789382895334,0.0005,4.615,0.210617104666000,IRRECOVERABLE,IRRECOVERABLE,-1.6422133616996604,true,AGREEMENT_IRRECOVERABLE
HO-0232,4.684699898941406,0.0005,4.685,0.300101058594000,IRRECOVERABLE,IRRECOVERABLE,-5.895827178230121,true,AGREEMENT_IRRECOVERABLE
HO-0233,4.235274102731098,0.0005,4.2355,0.225897268902000,RECOVERABLE,RECOVERABLE,0.7797486437184062,true,AGREEMENT_RECOVERABLE
HO-0234,4.2517644621210176,0.0005,4.252,0.2355378789824000,RECOVERABLE,RECOVERABLE,0.7797486437160899,true,AGREEMENT_RECOVERABLE
HO-0235,4.296786119588176,0.0005,4.297,0.213880411824000,RECOVERABLE,RECOVERABLE,0.779748643718051,true,AGREEMENT_RECOVERABLE
HO-0236,4.33943997816172,0.0005,4.3395,0.06002183828000,RECOVERABLE,RECOVERABLE,0.779748643718051,true,AGREEMENT_RECOVERABLE
HO-0237,4.522735308919008,0.0005,4.523,0.264691080992000,RECOVERABLE,RECOVERABLE,0.779748643718051,true,AGREEMENT_RECOVERABLE
HO-0238,4.2595859635413715,0.0005,4.26,0.4140364586285000,RECOVERABLE,RECOVERABLE,0.7797486437180936,true,AGREEMENT_RECOVERABLE
HO-0239,4.600688199286319,0.0005,4.601,0.311800713681000,IRRECOVERABLE,IRRECOVERABLE,-0.7777905008059918,true,AGREEMENT_IRRECOVERABLE
HO-0240,4.773149010374309,0.0005,4.7735,0.350989625691000,IRRECOVERABLE,IRRECOVERABLE,-11.201661011604898,true,AGREEMENT_IRRECOVERABLE
HO-0241,4.523156760070922,0.0005,4.5235,0.343239929078000,RECOVERABLE,RECOVERABLE,0.779748643718051,true,AGREEMENT_RECOVERABLE
HO-0242,4.406197994079311,0.0005,4.4065,0.302005920689000,RECOVERABLE,RECOVERABLE,0.7797486437168004,true,AGREEMENT_RECOVERABLE
HO-0243,4.536558915597194,0.0005,4.537,0.441084402806000,RECOVERABLE,RECOVERABLE,0.779748643718051,true,AGREEMENT_RECOVERABLE
HO-0244,4.483916502273719,0.0005,4.484,0.083497726281000,RECOVERABLE,RECOVERABLE,0.779748643717241,true,AGREEMENT_RECOVERABLE
HO-0245,4.285741755095019,0.0005,4.286,0.258244904981000,RECOVERABLE,RECOVERABLE,0.7797486437177241,true,AGREEMENT_RECOVERABLE
HO-0246,4.3739363053787335,0.0005,4.374,0.0636946212665000,RECOVERABLE,RECOVERABLE,0.779748643718122,true,AGREEMENT_RECOVERABLE
HO-0247,4.72050386023197,0.0005,4.721,0.49613976803000,IRRECOVERABLE,IRRECOVERABLE,-8.053754984980529,true,AGREEMENT_IRRECOVERABLE
HO-0248,4.539312099983378,0.0005,4.5395,0.187900016622000,RECOVERABLE,RECOVERABLE,0.779748643718051,true,AGREEMENT_RECOVERABLE
HO-0249,4.316832200773263,0.0005,4.317,0.167799226737000,RECOVERABLE,RECOVERABLE,0.7797486437180936,true,AGREEMENT_RECOVERABLE
HO-0250,4.6484800878834305,0.0005,4.6485,0.0199121165695000,IRRECOVERABLE,IRRECOVERABLE,-3.698716058008003,true,AGREEMENT_IRRECOVERABLE
HO-0251,4.658177106652792,0.0005,4.6585,0.322893347208000,IRRECOVERABLE,IRRECOVERABLE,-4.288337905377659,true,AGREEMENT_IRRECOVERABLE
HO-0252,4.6197534697980815,0.0005,4.62,0.2465302019185000,IRRECOVERABLE,IRRECOVERABLE,-1.9460020328559295,true,AGREEMENT_IRRECOVERABLE
HO-0253,4.740538422616776,0.0005,4.741,0.461577383224000,IRRECOVERABLE,IRRECOVERABLE,-9.255222470122803,true,AGREEMENT_IRRECOVERABLE
HO-0254,4.336675585697343,0.0005,4.337,0.324414302657000,RECOVERABLE,RECOVERABLE,0.779748643718051,true,AGREEMENT_RECOVERABLE
HO-0255,4.297829099443481,0.0005,4.298,0.170900556519000,RECOVERABLE,RECOVERABLE,0.779748643718051,true,AGREEMENT_RECOVERABLE
HO-0256,4.196866352124337,0.0005,4.197,0.133647875663000,RECOVERABLE,RECOVERABLE,0.7797486437180936,true,AGREEMENT_RECOVERABLE
HO-0257,4.218016314874403,0.0005,4.2185,0.483685125597000,RECOVERABLE,RECOVERABLE,0.7797486437181931,true,AGREEMENT_RECOVERABLE
HO-0258,4.5330812572688775,0.0005,4.5335,0.4187427311225000,RECOVERABLE,RECOVERABLE,0.779748643718051,true,AGREEMENT_RECOVERABLE
HO-0259,4.722737773770555,0.0005,4.723,0.262226229445000,IRRECOVERABLE,IRRECOVERABLE,-8.187936080282185,true,AGREEMENT_IRRECOVERABLE
HO-0260,4.411235040355428,0.0005,4.4115,0.264959644572000,RECOVERABLE,RECOVERABLE,0.779748643718051,true,AGREEMENT_RECOVERABLE
HO-0261,4.454293633519824,0.0005,4.4545,0.206366480176000,RECOVERABLE,RECOVERABLE,0.779748643718051,true,AGREEMENT_RECOVERABLE
HO-0262,4.579648251680525,0.0005,4.58,0.351748319475000,RECOVERABLE,RECOVERABLE,0.5160334818272077,true,AGREEMENT_RECOVERABLE
HO-0263,4.399515572824726,0.0005,4.4,0.484427175274000,RECOVERABLE,RECOVERABLE,0.779748643718051,true,AGREEMENT_RECOVERABLE
HO-0264,4.444096584465793,0.0005,4.4445,0.403415534207000,RECOVERABLE,RECOVERABLE,0.7797486437170988,true,AGREEMENT_RECOVERABLE
HO-0265,4.1821271972869,0.0005,4.1825,0.3728027131000,RECOVERABLE,RECOVERABLE,0.779748643718051,true,AGREEMENT_RECOVERABLE
HO-0266,4.614245181701608,0.0005,4.6145,0.254818298392000,IRRECOVERABLE,IRRECOVERABLE,-1.608893355945355,true,AGREEMENT_IRRECOVERABLE
HO-0267,4.437199353220012,0.0005,4.4375,0.300646779988000,RECOVERABLE,RECOVERABLE,0.7797486437180794,true,AGREEMENT_RECOVERABLE
HO-0268,4.718902247743952,0.0005,4.719,0.097752256048000,IRRECOVERABLE,IRRECOVERABLE,-7.957520280230966,true,AGREEMENT_IRRECOVERABLE
HO-0269,4.532948152716715,0.0005,4.533,0.051847283285000,RECOVERABLE,RECOVERABLE,0.7797486437166867,true,AGREEMENT_RECOVERABLE
HO-0270,4.384877493503352,0.0005,4.385,0.122506496648000,RECOVERABLE,RECOVERABLE,0.7797486437180936,true,AGREEMENT_RECOVERABLE
HO-0271,4.240807005069452,0.0005,4.241,0.192994930548000,RECOVERABLE,RECOVERABLE,0.7797486437180794,true,AGREEMENT_RECOVERABLE
HO-0272,4.508278411274363,0.0005,4.5085,0.221588725637000,RECOVERABLE,RECOVERABLE,0.779748643718051,true,AGREEMENT_RECOVERABLE
HO-0273,4.500362426223895,0.0005,4.5005,0.137573776105000,RECOVERABLE,RECOVERABLE,0.779748643718051,true,AGREEMENT_RECOVERABLE
HO-0274,4.21066031511328,0.0005,4.211,0.33968488672000,RECOVERABLE,RECOVERABLE,0.779748643718051,true,AGREEMENT_RECOVERABLE
HO-0275,4.204432099592492,0.0005,4.2045,0.067900407508000,RECOVERABLE,RECOVERABLE,0.7797486437180936,true,AGREEMENT_RECOVERABLE
HO-0276,4.219667275943991,0.0005,4.22,0.332724056009000,RECOVERABLE,RECOVERABLE,0.779748643718051,true,AGREEMENT_RECOVERABLE
HO-0277,4.4068323543451475,0.0005,4.407,0.1676456548525000,RECOVERABLE,RECOVERABLE,0.779748643718051,true,AGREEMENT_RECOVERABLE
HO-0278,4.760383492844862,0.0005,4.7605,0.116507155138000,IRRECOVERABLE,IRRECOVERABLE,-10.441077674089712,true,AGREEMENT_IRRECOVERABLE
HO-0279,4.28350734808447,0.0005,4.284,0.49265191553000,RECOVERABLE,RECOVERABLE,0.779748643718051,true,AGREEMENT_RECOVERABLE
HO-0280,4.698499719549031,0.0005,4.6985,0.000280450969000,IRRECOVERABLE,IRRECOVERABLE,-6.729190971247917,true,AGREEMENT_IRRECOVERABLE
HO-0281,4.458769316761501,0.0005,4.459,0.230683238499000,RECOVERABLE,RECOVERABLE,0.7797486437173831,true,AGREEMENT_RECOVERABLE
HO-0282,4.5436675340499155,0.0005,4.544,0.3324659500845000,RECOVERABLE,RECOVERABLE,0.7797486437173831,true,AGREEMENT_RECOVERABLE
HO-0283,4.6121974683126945,0.0005,4.6125,0.3025316873055000,IRRECOVERABLE,IRRECOVERABLE,-1.4834882713886515,true,AGREEMENT_IRRECOVERABLE
HO-0284,4.757697951320182,0.0005,4.758,0.302048679818000,IRRECOVERABLE,IRRECOVERABLE,-10.280848276710714,true,AGREEMENT_IRRECOVERABLE
HO-0285,4.249823344498326,0.0005,4.25,0.176655501674000,RECOVERABLE,RECOVERABLE,0.7797486437181078,true,AGREEMENT_RECOVERABLE
HO-0286,4.478598236350356,0.0005,4.479,0.401763649644000,RECOVERABLE,RECOVERABLE,0.7797486437181931,true,AGREEMENT_RECOVERABLE
HO-0287,4.262005361258353,0.0005,4.2625,0.494638741647000,RECOVERABLE,RECOVERABLE,0.779748643718051,true,AGREEMENT_RECOVERABLE
HO-0288,4.502989543140222,0.0005,4.503,0.010456859778000,RECOVERABLE,RECOVERABLE,0.779748643718051,true,AGREEMENT_RECOVERABLE
HO-0289,4.7754655725900355,0.0005,4.7755,0.0344274099645000,IRRECOVERABLE,IRRECOVERABLE,-11.339497607755192,true,AGREEMENT_IRRECOVERABLE
HO-0290,4.764187128766017,0.0005,4.7645,0.312871233983000,IRRECOVERABLE,IRRECOVERABLE,-10.667884666329485,true,AGREEMENT_IRRECOVERABLE
HO-0291,4.706474815187922,0.0005,4.7065,0.025184812078000,IRRECOVERABLE,IRRECOVERABLE,-7.209864358973036,true,AGREEMENT_IRRECOVERABLE
HO-0292,4.433832538186649,0.0005,4.434,0.167461813351000,RECOVERABLE,RECOVERABLE,0.779748643718051,true,AGREEMENT_RECOVERABLE
HO-0293,4.678482383809467,0.0005,4.6785,0.017616190533000,IRRECOVERABLE,IRRECOVERABLE,-5.51968134948801,true,AGREEMENT_IRRECOVERABLE
HO-0294,4.685760508856092,0.0005,4.686,0.239491143908000,IRRECOVERABLE,IRRECOVERABLE,-5.959949925988752,true,AGREEMENT_IRRECOVERABLE
HO-0295,4.45989724105928,0.0005,4.46,0.10275894072000,RECOVERABLE,RECOVERABLE,0.7797486437180936,true,AGREEMENT_RECOVERABLE
HO-0296,4.263795296068574,0.0005,4.264,0.204703931426000,RECOVERABLE,RECOVERABLE,0.7797486437183778,true,AGREEMENT_RECOVERABLE
HO-0297,4.463124605663279,0.0005,4.4635,0.375394336721000,RECOVERABLE,RECOVERABLE,0.7797486437176389,true,AGREEMENT_RECOVERABLE
HO-0298,4.595410694722665,0.0005,4.5955,0.089305277335000,IRRECOVERABLE,IRRECOVERABLE,-0.4537126858363081,true,AGREEMENT_IRRECOVERABLE
HO-0299,4.524220388713423,0.0005,4.5245,0.279611286577000,RECOVERABLE,RECOVERABLE,0.779748643718051,true,AGREEMENT_RECOVERABLE
HO-0300,4.517674504700294,0.0005,4.518,0.325495299706000,RECOVERABLE,RECOVERABLE,0.779748643718051,true,AGREEMENT_RECOVERABLE
HO-0301,4.734691862557367,0.0005,4.735,0.308137442633000,IRRECOVERABLE,IRRECOVERABLE,-8.905051679637026,true,AGREEMENT_IRRECOVERABLE
HO-0302,4.72386884213687,0.0005,4.724,0.13115786313000,IRRECOVERABLE,IRRECOVERABLE,-8.255853759252844,true,AGREEMENT_IRRECOVERABLE
HO-0303,4.438396171375063,0.0005,4.4385,0.103828624937000,RECOVERABLE,RECOVERABLE,0.7797486437181931,true,AGREEMENT_RECOVERABLE
HO-0304,4.751274920432616,0.0005,4.7515,0.225079567384000,IRRECOVERABLE,IRRECOVERABLE,-9.897313085124779,true,AGREEMENT_IRRECOVERABLE
HO-0305,4.603168108045408,0.0005,4.6035,0.331891954592000,IRRECOVERABLE,IRRECOVERABLE,-0.92997001111776,true,AGREEMENT_IRRECOVERABLE
HO-0306,4.455490464480525,0.0005,4.4555,0.009535519475000,RECOVERABLE,RECOVERABLE,0.7797486437171415,true,AGREEMENT_RECOVERABLE
HO-0307,4.680466076294044,0.0005,4.6805,0.033923705956000,IRRECOVERABLE,IRRECOVERABLE,-5.63973581103177,true,AGREEMENT_IRRECOVERABLE
HO-0308,4.263478617331405,0.0005,4.2635,0.021382668595000,RECOVERABLE,RECOVERABLE,0.7797486437180936,true,AGREEMENT_RECOVERABLE
HO-0309,4.702976471240461,0.0005,4.703,0.023528759539000,IRRECOVERABLE,IRRECOVERABLE,-6.999097417553301,true,AGREEMENT_IRRECOVERABLE
HO-0310,4.474396964397968,0.0005,4.4745,0.103035602032000,RECOVERABLE,RECOVERABLE,0.779748643718051,true,AGREEMENT_RECOVERABLE
HO-0311,4.6849302248436455,0.0005,4.685,0.0697751563545000,IRRECOVERABLE,IRRECOVERABLE,-5.909753342126422,true,AGREEMENT_IRRECOVERABLE
HO-0312,4.351967504101432,0.0005,4.352,0.032495898568000,RECOVERABLE,RECOVERABLE,0.779748643718051,true,AGREEMENT_RECOVERABLE
HO-0313,4.267634112266438,0.0005,4.268,0.365887733562000,RECOVERABLE,RECOVERABLE,0.779748643718051,true,AGREEMENT_RECOVERABLE
HO-0314,4.7278925447232965,0.0005,4.728,0.1074552767035000,IRRECOVERABLE,IRRECOVERABLE,-8.497354898418351,true,AGREEMENT_IRRECOVERABLE
HO-0315,4.3826135474704895,0.0005,4.383,0.3864525295105000,RECOVERABLE,RECOVERABLE,0.7797486437180936,true,AGREEMENT_RECOVERABLE
HO-0316,4.572011189713105,0.0005,4.5725,0.488810286895000,RECOVERABLE,RECOVERABLE,0.779748643718051,true,AGREEMENT_RECOVERABLE
HO-0317,4.7612880925305126,0.0005,4.7615,0.2119074694874000,IRRECOVERABLE,IRRECOVERABLE,-10.49503207551831,true,AGREEMENT_IRRECOVERABLE
HO-0318,4.6650125506882665,0.0005,4.6655,0.4874493117335000,IRRECOVERABLE,IRRECOVERABLE,-4.70334935747708,true,AGREEMENT_IRRECOVERABLE
HO-0319,4.606188323137983,0.0005,4.6065,0.311676862017000,IRRECOVERABLE,IRRECOVERABLE,-1.1152145700953184,true,AGREEMENT_IRRECOVERABLE
HO-0320,4.386793916790533,0.0005,4.387,0.206083209467000,RECOVERABLE,RECOVERABLE,0.7797486437182073,true,AGREEMENT_RECOVERABLE
HO-0321,4.340266986879385,0.0005,4.3405,0.233013120615000,RECOVERABLE,RECOVERABLE,0.779748643718051,true,AGREEMENT_RECOVERABLE
HO-0322,4.410201832307787,0.0005,4.4105,0.298167692213000,RECOVERABLE,RECOVERABLE,0.779748643718051,true,AGREEMENT_RECOVERABLE
HO-0323,4.188332665744485,0.0005,4.1885,0.167334255515000,RECOVERABLE,RECOVERABLE,0.7797486437180936,true,AGREEMENT_RECOVERABLE
HO-0324,4.585103286995221,0.0005,4.5855,0.396713004779000,RECOVERABLE,RECOVERABLE,0.18011764966588828,true,AGREEMENT_RECOVERABLE
HO-0325,4.647557485816645,0.0005,4.648,0.442514183355000,IRRECOVERABLE,IRRECOVERABLE,-3.64256448337251,true,AGREEMENT_IRRECOVERABLE
HO-0326,4.3112600597209845,0.0005,4.3115,0.2399402790155000,RECOVERABLE,RECOVERABLE,0.7797486437180936,true,AGREEMENT_RECOVERABLE
HO-0327,4.529018474143326,0.0005,4.5295,0.481525856674000,RECOVERABLE,RECOVERABLE,0.7797486437178947,true,AGREEMENT_RECOVERABLE
HO-0328,4.466008713161516,0.0005,4.4665,0.491286838484000,RECOVERABLE,RECOVERABLE,0.7797486437180936,true,AGREEMENT_RECOVERABLE
HO-0329,4.212519674405195,0.0005,4.213,0.480325594805000,RECOVERABLE,RECOVERABLE,0.779748643718321,true,AGREEMENT_RECOVERABLE
HO-0330,4.19954235826655,0.0005,4.2,0.45764173345000,RECOVERABLE,RECOVERABLE,0.779748643718051,true,AGREEMENT_RECOVERABLE
HO-0331,4.415203161059675,0.0005,4.4155,0.296838940325000,RECOVERABLE,RECOVERABLE,0.7797486437184062,true,AGREEMENT_RECOVERABLE
HO-0332,4.184399472415371,0.0005,4.1845,0.100527584629000,RECOVERABLE,RECOVERABLE,0.779748643718051,true,AGREEMENT_RECOVERABLE
HO-0333,4.5649189756349315,0.0005,4.565,0.0810243650685000,RECOVERABLE,RECOVERABLE,0.7797486437183352,true,AGREEMENT_RECOVERABLE
HO-0334,4.249582216683863,0.0005,4.25,0.417783316137000,RECOVERABLE,RECOVERABLE,0.7797486437180936,true,AGREEMENT_RECOVERABLE
HO-0335,4.588772488900757,0.0005,4.589,0.227511099243000,IRRECOVERABLE,IRRECOVERABLE,-0.045644856918329424,true,AGREEMENT_IRRECOVERABLE
HO-0336,4.723365326315602,0.0005,4.7235,0.134673684398000,IRRECOVERABLE,IRRECOVERABLE,-8.225620659949527,true,AGREEMENT_IRRECOVERABLE
HO-0337,4.199702349379385,0.0005,4.2,0.297650620615000,RECOVERABLE,RECOVERABLE,0.7797486437180936,true,AGREEMENT_RECOVERABLE
HO-0338,4.325743447628143,0.0005,4.326,0.256552371857000,RECOVERABLE,RECOVERABLE,0.7797486437184347,true,AGREEMENT_RECOVERABLE
HO-0339,4.658075861466345,0.0005,4.6585,0.424138533655000,IRRECOVERABLE,IRRECOVERABLE,-4.282187027561832,true,AGREEMENT_IRRECOVERABLE
HO-0340,4.2443258488307745,0.0005,4.2445,0.1741511692255000,RECOVERABLE,RECOVERABLE,0.779748643718051,true,AGREEMENT_RECOVERABLE
HO-0341,4.517594650681326,0.0005,4.518,0.405349318674000,RECOVERABLE,RECOVERABLE,0.7797486437166867,true,AGREEMENT_RECOVERABLE
HO-0342,4.693321155188984,0.0005,4.6935,0.178844811016000,IRRECOVERABLE,IRRECOVERABLE,-6.416701635939091,true,AGREEMENT_IRRECOVERABLE
HO-0343,4.7756351975531715,0.0005,4.776,0.3648024468285000,IRRECOVERABLE,IRRECOVERABLE,-11.34958812538244,true,AGREEMENT_IRRECOVERABLE
HO-0344,4.243042695803634,0.0005,4.2435,0.457304196366000,RECOVERABLE,RECOVERABLE,0.779748643718051,true,AGREEMENT_RECOVERABLE
HO-0345,4.667207888792505,0.0005,4.6675,0.292111207495000,IRRECOVERABLE,IRRECOVERABLE,-4.8365308783584595,true,AGREEMENT_IRRECOVERABLE
HO-0346,4.314974988206637,0.0005,4.315,0.025011793363000,RECOVERABLE,RECOVERABLE,0.7797486437181931,true,AGREEMENT_RECOVERABLE
HO-0347,4.217243623426232,0.0005,4.2175,0.256376573768000,RECOVERABLE,RECOVERABLE,0.779748643718051,true,AGREEMENT_RECOVERABLE
HO-0348,4.427368614711052,0.0005,4.4275,0.131385288948000,RECOVERABLE,RECOVERABLE,0.779748643718051,true,AGREEMENT_RECOVERABLE
HO-0349,4.477539167249881,0.0005,4.478,0.460832750119000,RECOVERABLE,RECOVERABLE,0.779748643718051,true,AGREEMENT_RECOVERABLE
HO-0350,4.352843110230568,0.0005,4.353,0.156889769432000,RECOVERABLE,RECOVERABLE,0.7797486437183778,true,AGREEMENT_RECOVERABLE
HO-0351,4.258583436355398,0.0005,4.259,0.416563644602000,RECOVERABLE,RECOVERABLE,0.779748643718051,true,AGREEMENT_RECOVERABLE
HO-0352,4.57918982589244,0.0005,4.5795,0.31017410756000,RECOVERABLE,RECOVERABLE,0.544277758263604,true,AGREEMENT_RECOVERABLE
HO-0353,4.309458478071517,0.0005,4.3095,0.041521928483000,RECOVERABLE,RECOVERABLE,0.7797486437180936,true,AGREEMENT_RECOVERABLE
HO-0354,4.211140099207676,0.0005,4.2115,0.359900792324000,RECOVERABLE,RECOVERABLE,0.7797486437180936,true,AGREEMENT_RECOVERABLE
HO-0355,4.531962998598874,0.0005,4.532,0.037001401126000,RECOVERABLE,RECOVERABLE,0.779748643718051,true,AGREEMENT_RECOVERABLE
HO-0356,4.550371861871152,0.0005,4.5505,0.128138128848000,RECOVERABLE,RECOVERABLE,0.7797486437180936,true,AGREEMENT_RECOVERABLE
HO-0357,4.215852704527609,0.0005,4.216,0.147295472391000,RECOVERABLE,RECOVERABLE,0.7797486437179373,true,AGREEMENT_RECOVERABLE
HO-0358,4.29454656543872,0.0005,4.295,0.45343456128000,RECOVERABLE,RECOVERABLE,0.7797486437184062,true,AGREEMENT_RECOVERABLE
HO-0359,4.776583218534591,0.0005,4.777,0.416781465409000,IRRECOVERABLE,IRRECOVERABLE,-11.405977603121784,true,AGREEMENT_IRRECOVERABLE
HO-0360,4.408342734715121,0.0005,4.4085,0.157265284879000,RECOVERABLE,RECOVERABLE,0.779748643718051,true,AGREEMENT_RECOVERABLE
HO-0361,4.469572675842679,0.0005,4.47,0.427324157321000,RECOVERABLE,RECOVERABLE,0.7797486437181931,true,AGREEMENT_RECOVERABLE
HO-0362,4.227054102859978,0.0005,4.2275,0.445897140022000,RECOVERABLE,RECOVERABLE,0.779748643718051,true,AGREEMENT_RECOVERABLE
HO-0363,4.520014458327241,0.0005,4.5205,0.485541672759000,RECOVERABLE,RECOVERABLE,0.779748643718051,true,AGREEMENT_RECOVERABLE
HO-0364,4.513601527880645,0.0005,4.514,0.398472119355000,RECOVERABLE,RECOVERABLE,0.7797486437179799,true,AGREEMENT_RECOVERABLE
HO-0365,4.379013519608071,0.0005,4.3795,0.486480391929000,RECOVERABLE,RECOVERABLE,0.779748643718051,true,AGREEMENT_RECOVERABLE
HO-0366,4.7511547548880095,0.0005,4.7515,0.3452451119905000,IRRECOVERABLE,IRRECOVERABLE,-9.890133488489425,true,AGREEMENT_IRRECOVERABLE
HO-0367,4.59088369598898,0.0005,4.591,0.11630401102000,IRRECOVERABLE,IRRECOVERABLE,-0.17547858801567884,true,AGREEMENT_IRRECOVERABLE
HO-0368,4.699777714293262,0.0005,4.7,0.222285706738000,IRRECOVERABLE,IRRECOVERABLE,-6.806264233390905,true,AGREEMENT_IRRECOVERABLE
HO-0369,4.778499005318221,0.0005,4.7785,0.000994681779000,IRRECOVERABLE,IRRECOVERABLE,-11.519901724810467,true,AGREEMENT_IRRECOVERABLE
HO-0370,4.1861104919866055,0.0005,4.1865,0.3895080133945000,RECOVERABLE,RECOVERABLE,0.779748643718051,true,AGREEMENT_RECOVERABLE
HO-0371,4.348777473547692,0.0005,4.349,0.222526452308000,RECOVERABLE,RECOVERABLE,0.7797486437184062,true,AGREEMENT_RECOVERABLE
HO-0372,4.68851299086416,0.0005,4.689,0.48700913584000,IRRECOVERABLE,IRRECOVERABLE,-6.126303708837497,true,AGREEMENT_IRRECOVERABLE
HO-0373,4.5868043086666415,0.0005,4.587,0.1956913333585000,IRRECOVERABLE,RECOVERABLE,0.07543706474405099,false,CONSERVATIVE_FALSE_REJECTION
HO-0374,4.368168804579614,0.0005,4.3685,0.331195420386000,RECOVERABLE,RECOVERABLE,0.7797486437180936,true,AGREEMENT_RECOVERABLE
HO-0375,4.5806491080198715,0.0005,4.581,0.3508919801285000,RECOVERABLE,RECOVERABLE,0.4543772795041434,true,AGREEMENT_RECOVERABLE
HO-0376,4.679285093124347,0.0005,4.6795,0.214906875653000,IRRECOVERABLE,IRRECOVERABLE,-5.56826701554742,true,AGREEMENT_IRRECOVERABLE
HO-0377,4.475436987592205,0.0005,4.4755,0.063012407795000,RECOVERABLE,RECOVERABLE,0.7797486437169141,true,AGREEMENT_RECOVERABLE
HO-0378,4.493229981524511,0.0005,4.4935,0.270018475489000,RECOVERABLE,RECOVERABLE,0.7797486437171415,true,AGREEMENT_RECOVERABLE
HO-0379,4.608116724548496,0.0005,4.6085,0.383275451504000,IRRECOVERABLE,IRRECOVERABLE,-1.2334406923259849,true,AGREEMENT_IRRECOVERABLE
HO-0380,4.432055974022411,0.0005,4.4325,0.444025977589000,RECOVERABLE,RECOVERABLE,0.779748643718051,true,AGREEMENT_RECOVERABLE
HO-0381,4.706712347457397,0.0005,4.707,0.287652542603000,IRRECOVERABLE,IRRECOVERABLE,-7.224170326877882,true,AGREEMENT_IRRECOVERABLE
HO-0382,4.718000082789128,0.0005,4.7185,0.499917210872000,IRRECOVERABLE,IRRECOVERABLE,-7.903300509057118,true,AGREEMENT_IRRECOVERABLE
HO-0383,4.413007622807831,0.0005,4.4135,0.492377192169000,RECOVERABLE,RECOVERABLE,0.779748643718051,true,AGREEMENT_RECOVERABLE
HO-0384,4.360711670512432,0.0005,4.361,0.288329487568000,RECOVERABLE,RECOVERABLE,0.779748643718051,true,AGREEMENT_RECOVERABLE
HO-0385,4.5370341970854575,0.0005,4.5375,0.4658029145425000,RECOVERABLE,RECOVERABLE,0.7797486437170136,true,AGREEMENT_RECOVERABLE
HO-0386,4.248833117418943,0.0005,4.249,0.166882581057000,RECOVERABLE,RECOVERABLE,0.779748643718051,true,AGREEMENT_RECOVERABLE
HO-0387,4.445686954460854,0.0005,4.446,0.313045539146000,RECOVERABLE,RECOVERABLE,0.779748643714484,true,AGREEMENT_RECOVERABLE
HO-0388,4.2150039107653825,0.0005,4.2155,0.4960892346175000,RECOVERABLE,RECOVERABLE,0.7797486437179799,true,AGREEMENT_RECOVERABLE
HO-0389,4.683646327586858,0.0005,4.684,0.353672413142000,IRRECOVERABLE,IRRECOVERABLE,-5.832117913943037,true,AGREEMENT_IRRECOVERABLE
HO-0390,4.251041304189705,0.0005,4.2515,0.458695810295000,RECOVERABLE,RECOVERABLE,0.779748643718051,true,AGREEMENT_RECOVERABLE
HO-0391,4.537700197269396,0.0005,4.538,0.299802730604000,RECOVERABLE,RECOVERABLE,0.779748643718051,true,AGREEMENT_RECOVERABLE
HO-0392,4.773666056757346,0.0005,4.774,0.333943242654000,IRRECOVERABLE,IRRECOVERABLE,-11.232430494722635,true,AGREEMENT_IRRECOVERABLE
HO-0393,4.632102890638034,0.0005,4.6325,0.397109361966000,IRRECOVERABLE,IRRECOVERABLE,-2.7005865348179015,true,AGREEMENT_IRRECOVERABLE
HO-0394,4.259669804210354,0.0005,4.26,0.330195789646000,RECOVERABLE,RECOVERABLE,0.779748643718051,true,AGREEMENT_RECOVERABLE
HO-0395,4.405572771744087,0.0005,4.406,0.427228255913000,RECOVERABLE,RECOVERABLE,0.7797486437176673,true,AGREEMENT_RECOVERABLE
HO-0396,4.394154464008367,0.0005,4.3945,0.345535991633000,RECOVERABLE,RECOVERABLE,0.7797486437144983,true,AGREEMENT_RECOVERABLE
HO-0397,4.770377677987383,0.0005,4.7705,0.122322012617000,IRRECOVERABLE,IRRECOVERABLE,-11.0366900656321,true,AGREEMENT_IRRECOVERABLE
HO-0398,4.5227327383479246,0.0005,4.523,0.2672616520754000,RECOVERABLE,RECOVERABLE,0.7797486437176389,true,AGREEMENT_RECOVERABLE
HO-0399,4.181757842446211,0.0005,4.182,0.242157553789000,RECOVERABLE,RECOVERABLE,0.779748643718051,true,AGREEMENT_RECOVERABLE
HO-0000,4.37420629603144,0.00025,4.37425,0.04370396856000,RECOVERABLE,RECOVERABLE,0.7797486437176104,true,AGREEMENT_RECOVERABLE
HO-0001,4.613825224200808,0.00025,4.614,0.174775799192000,IRRECOVERABLE,IRRECOVERABLE,-1.5831782530007956,true,AGREEMENT_IRRECOVERABLE
HO-0002,4.581844073372435,0.00025,4.582,0.155926627565000,RECOVERABLE,RECOVERABLE,0.38077767381329863,true,AGREEMENT_RECOVERABLE
HO-0003,4.75801088187586,0.00025,4.75825,0.23911812414000,IRRECOVERABLE,IRRECOVERABLE,-10.299522851981877,true,AGREEMENT_IRRECOVERABLE
HO-0004,4.293280376741941,0.00025,4.2935,0.219623258059000,RECOVERABLE,RECOVERABLE,0.7797486437184062,true,AGREEMENT_RECOVERABLE
HO-0005,4.663349044275552,0.00025,4.6635,0.150955724448000,IRRECOVERABLE,IRRECOVERABLE,-4.6023968922444,true,AGREEMENT_IRRECOVERABLE
HO-0006,4.313658884243675,0.00025,4.31375,0.091115756325000,RECOVERABLE,RECOVERABLE,0.7797486437179799,true,AGREEMENT_RECOVERABLE
HO-0007,4.519087883092836,0.00025,4.51925,0.162116907164000,RECOVERABLE,RECOVERABLE,0.779748643718051,true,AGREEMENT_RECOVERABLE
HO-0008,4.50192900396191,0.00025,4.502,0.07099603809000,RECOVERABLE,RECOVERABLE,0.7797486437178947,true,AGREEMENT_RECOVERABLE
HO-0009,4.719948242055158,0.00025,4.72,0.051757944842000,IRRECOVERABLE,IRRECOVERABLE,-8.02037316578523,true,AGREEMENT_IRRECOVERABLE
HO-0010,4.629337764686904,0.00025,4.6295,0.162235313096000,IRRECOVERABLE,IRRECOVERABLE,-2.5317740440539325,true,AGREEMENT_IRRECOVERABLE
HO-0011,4.476066553162793,0.00025,4.47625,0.183446837207000,RECOVERABLE,RECOVERABLE,0.7797486437180936,true,AGREEMENT_RECOVERABLE
HO-0012,4.760673772946892,0.00025,4.76075,0.076227053108000,IRRECOVERABLE,IRRECOVERABLE,-10.458392241606177,true,AGREEMENT_IRRECOVERABLE
HO-0013,4.562492290326929,0.00025,4.5625,0.007709673071000,RECOVERABLE,RECOVERABLE,0.7797486437180936,true,AGREEMENT_RECOVERABLE
HO-0014,4.19824394841659,0.00025,4.19825,0.00605158341000,RECOVERABLE,RECOVERABLE,0.7797486437180936,true,AGREEMENT_RECOVERABLE
HO-0015,4.792143315316093,0.00025,4.79225,0.106684683907000,IRRECOVERABLE,IRRECOVERABLE,-12.330141852432575,true,AGREEMENT_IRRECOVERABLE
HO-0016,4.684076541537306,0.00025,4.68425,0.173458462694000,IRRECOVERABLE,IRRECOVERABLE,-5.858134323355586,true,AGREEMENT_IRRECOVERABLE
HO-0017,4.758434923201739,0.00025,4.7585,0.065076798261000,IRRECOVERABLE,IRRECOVERABLE,-10.324826447288558,true,AGREEMENT_IRRECOVERABLE
HO-0018,4.780337888796062,0.00025,4.7805,0.162111203938000,IRRECOVERABLE,IRRECOVERABLE,-11.629215878332289,true,AGREEMENT_IRRECOVERABLE
HO-0019,4.42008638109366,0.00025,4.42025,0.16361890634000,RECOVERABLE,RECOVERABLE,0.779748643718051,true,AGREEMENT_RECOVERABLE
HO-0020,4.747205728633559,0.00025,4.74725,0.044271366441000,IRRECOVERABLE,IRRECOVERABLE,-9.654102716060947,true,AGREEMENT_IRRECOVERABLE
HO-0021,4.498981834408552,0.00025,4.499,0.018165591448000,RECOVERABLE,RECOVERABLE,0.779748643717781,true,AGREEMENT_RECOVERABLE
HO-0022,4.594979070831228,0.00025,4.595,0.020929168772000,IRRECOVERABLE,IRRECOVERABLE,-0.4271943033291876,true,AGREEMENT_IRRECOVERABLE
HO-0023,4.240883852770871,0.00025,4.241,0.116147229129000,RECOVERABLE,RECOVERABLE,0.779748643717781,true,AGREEMENT_RECOVERABLE
HO-0024,4.238155635334473,0.00025,4.23825,0.094364665527000,RECOVERABLE,RECOVERABLE,0.779748643716772,true,AGREEMENT_RECOVERABLE
HO-0025,4.552483083311266,0.00025,4.5525,0.016916688734000,RECOVERABLE,RECOVERABLE,0.779748643718051,true,AGREEMENT_RECOVERABLE
HO-0026,4.536726309805622,0.00025,4.53675,0.023690194378000,RECOVERABLE,RECOVERABLE,0.779748643718051,true,AGREEMENT_RECOVERABLE
HO-0027,4.512478695923455,0.00025,4.5125,0.021304076545000,RECOVERABLE,RECOVERABLE,0.779748643718051,true,AGREEMENT_RECOVERABLE
HO-0028,4.578150598965571,0.00025,4.57825,0.099401034429000,RECOVERABLE,RECOVERABLE,0.6083145654638571,true,AGREEMENT_RECOVERABLE
HO-0029,4.765626892398162,0.00025,4.76575,0.123107601838000,IRRECOVERABLE,IRRECOVERABLE,-10.753695947767653,true,AGREEMENT_IRRECOVERABLE
HO-0030,4.416514988803014,0.00025,4.41675,0.235011196986000,RECOVERABLE,RECOVERABLE,0.779748643718051,true,AGREEMENT_RECOVERABLE
HO-0031,4.219151990504528,0.00025,4.21925,0.098009495472000,RECOVERABLE,RECOVERABLE,0.779748643718051,true,AGREEMENT_RECOVERABLE
HO-0032,4.76737709477014,0.00025,4.7675,0.12290522986000,IRRECOVERABLE,IRRECOVERABLE,-10.857979822229026,true,AGREEMENT_IRRECOVERABLE
HO-0033,4.658416264826462,0.00025,4.6585,0.083735173538000,IRRECOVERABLE,IRRECOVERABLE,-4.3028668719762635,true,AGREEMENT_IRRECOVERABLE
HO-0034,4.784643678209649,0.00025,4.78475,0.106321790351000,IRRECOVERABLE,IRRECOVERABLE,-11.88503646798469,true,AGREEMENT_IRRECOVERABLE
HO-0035,4.58972172421304,0.00025,4.58975,0.02827578696000,IRRECOVERABLE,IRRECOVERABLE,-0.10402639323976359,true,AGREEMENT_IRRECOVERABLE
HO-0036,4.455930890128327,0.00025,4.456,0.069109871673000,RECOVERABLE,RECOVERABLE,0.779748643718051,true,AGREEMENT_RECOVERABLE
HO-0037,4.200370501355027,0.00025,4.2005,0.129498644973000,RECOVERABLE,RECOVERABLE,0.779748643718051,true,AGREEMENT_RECOVERABLE
HO-0038,4.252589150544033,0.00025,4.25275,0.160849455967000,RECOVERABLE,RECOVERABLE,0.779748643718051,true,AGREEMENT_RECOVERABLE
HO-0039,4.268690061843886,0.00025,4.26875,0.059938156114000,RECOVERABLE,RECOVERABLE,0.7797486437171983,true,AGREEMENT_RECOVERABLE
HO-0040,4.43652907464818,0.00025,4.43675,0.22092535182000,RECOVERABLE,RECOVERABLE,0.779748643718051,true,AGREEMENT_RECOVERABLE
HO-0041,4.3507371275236775,0.00025,4.35075,0.0128724763225000,RECOVERABLE,RECOVERABLE,0.7797486437182215,true,AGREEMENT_RECOVERABLE
HO-0042,4.376194019296599,0.00025,4.37625,0.055980703401000,RECOVERABLE,RECOVERABLE,0.779748643718051,true,AGREEMENT_RECOVERABLE
HO-0043,4.744766246103497,0.00025,4.745,0.233753896503000,IRRECOVERABLE,IRRECOVERABLE,-9.50821283852629,true,AGREEMENT_IRRECOVERABLE
HO-0044,4.523619202617998,0.00025,4.52375,0.130797382002000,RECOVERABLE,RECOVERABLE,0.7797486437174825,true,AGREEMENT_RECOVERABLE
HO-0045,4.2627719789192575,0.00025,4.263,0.2280210807425000,RECOVERABLE,RECOVERABLE,0.7797486437181078,true,AGREEMENT_RECOVERABLE
HO-0046,4.544884847351838,0.00025,4.545,0.115152648162000,RECOVERABLE,RECOVERABLE,0.7797486437173404,true,AGREEMENT_RECOVERABLE
HO-0047,4.511902135294749,0.00025,4.512,0.097864705251000,RECOVERABLE,RECOVERABLE,0.7797486437173404,true,AGREEMENT_RECOVERABLE
HO-0048,4.332426337743301,0.00025,4.3325,0.073662256699000,RECOVERABLE,RECOVERABLE,0.779748643718051,true,AGREEMENT_RECOVERABLE
HO-0049,4.6187207142819755,0.00025,4.61875,0.0292857180245000,IRRECOVERABLE,IRRECOVERABLE,-1.8828223571654377,true,AGREEMENT_IRRECOVERABLE
HO-0050,4.531063597953599,0.00025,4.53125,0.186402046401000,RECOVERABLE,RECOVERABLE,0.7797486437160472,true,AGREEMENT_RECOVERABLE
HO-0051,4.335638547648988,0.00025,4.33575,0.111452351012000,RECOVERABLE,RECOVERABLE,0.7797486437180936,true,AGREEMENT_RECOVERABLE
HO-0052,4.411806013441196,0.00025,4.412,0.193986558804000,RECOVERABLE,RECOVERABLE,0.779748643718051,true,AGREEMENT_RECOVERABLE
HO-0053,4.640227007593636,0.00025,4.64025,0.022992406364000,IRRECOVERABLE,IRRECOVERABLE,-3.1960864172875887,true,AGREEMENT_IRRECOVERABLE
HO-0054,4.488976353340441,0.00025,4.489,0.023646659559000,RECOVERABLE,RECOVERABLE,0.7797486437180936,true,AGREEMENT_RECOVERABLE
HO-0055,4.6191677795855535,0.00025,4.61925,0.0822204144465000,IRRECOVERABLE,IRRECOVERABLE,-1.9101733772536846,true,AGREEMENT_IRRECOVERABLE
HO-0056,4.319364871786497,0.00025,4.3195,0.135128213503000,RECOVERABLE,RECOVERABLE,0.7797486437184347,true,AGREEMENT_RECOVERABLE
HO-0057,4.720063522763066,0.00025,4.72025,0.186477236934000,IRRECOVERABLE,IRRECOVERABLE,-8.027299561985771,true,AGREEMENT_IRRECOVERABLE
HO-0058,4.7598610568585045,0.00025,4.76,0.1389431414955000,IRRECOVERABLE,IRRECOVERABLE,-10.409913248216824,true,AGREEMENT_IRRECOVERABLE
HO-0059,4.475497841549461,0.00025,4.4755,0.002158450539000,RECOVERABLE,RECOVERABLE,0.779748643718051,true,AGREEMENT_RECOVERABLE
HO-0060,4.554003783606177,0.00025,4.55425,0.246216393823000,RECOVERABLE,RECOVERABLE,0.7797486437181931,true,AGREEMENT_RECOVERABLE
HO-0061,4.478522707940769,0.00025,4.47875,0.227292059231000,RECOVERABLE,RECOVERABLE,0.7797486437180936,true,AGREEMENT_RECOVERABLE
HO-0062,4.570400546273355,0.00025,4.5705,0.099453726645000,RECOVERABLE,RECOVERABLE,0.7797486437175678,true,AGREEMENT_RECOVERABLE
HO-0063,4.261085426629963,0.00025,4.26125,0.164573370037000,RECOVERABLE,RECOVERABLE,0.7797486437168573,true,AGREEMENT_RECOVERABLE
HO-0064,4.74721315476132,0.00025,4.74725,0.03684523868000,IRRECOVERABLE,IRRECOVERABLE,-9.654546727899373,true,AGREEMENT_IRRECOVERABLE
HO-0065,4.300496663543926,0.00025,4.3005,0.003336456074000,RECOVERABLE,RECOVERABLE,0.779748643718051,true,AGREEMENT_RECOVERABLE
HO-0066,4.224108488190461,0.00025,4.22425,0.141511809539000,RECOVERABLE,RECOVERABLE,0.779748643718051,true,AGREEMENT_RECOVERABLE
HO-0067,4.499490997168674,0.00025,4.4995,0.009002831326000,RECOVERABLE,RECOVERABLE,0.7797486437181504,true,AGREEMENT_RECOVERABLE
HO-0068,4.312229434985069,0.00025,4.31225,0.020565014931000,RECOVERABLE,RECOVERABLE,0.7797486437180936,true,AGREEMENT_RECOVERABLE
HO-0069,4.43591104919126,0.00025,4.436,0.08895080874000,RECOVERABLE,RECOVERABLE,0.779748643718051,true,AGREEMENT_RECOVERABLE
HO-0070,4.773804189260726,0.00025,4.774,0.195810739274000,IRRECOVERABLE,IRRECOVERABLE,-11.240650290858198,true,AGREEMENT_IRRECOVERABLE
HO-0071,4.190442053176937,0.00025,4.1905,0.057946823063000,RECOVERABLE,RECOVERABLE,0.7797486437177525,true,AGREEMENT_RECOVERABLE
HO-0072,4.456107441068771,0.00025,4.45625,0.142558931229000,RECOVERABLE,RECOVERABLE,0.779748643718051,true,AGREEMENT_RECOVERABLE
HO-0073,4.577097813013781,0.00025,4.57725,0.152186986219000,RECOVERABLE,RECOVERABLE,0.6731989494052044,true,AGREEMENT_RECOVERABLE
HO-0074,4.799203005884257,0.00025,4.79925,0.046994115743000,IRRECOVERABLE,IRRECOVERABLE,-12.748589135731976,true,AGREEMENT_IRRECOVERABLE
HO-0075,4.67035009844101,0.00025,4.6705,0.14990155899000,IRRECOVERABLE,IRRECOVERABLE,-5.02706394488321,true,AGREEMENT_IRRECOVERABLE
HO-0076,4.6669474927190535,0.00025,4.667,0.0525072809465000,IRRECOVERABLE,IRRECOVERABLE,-4.820736526221836,true,AGREEMENT_IRRECOVERABLE
HO-0077,4.691853464628283,0.00025,4.692,0.146535371717000,IRRECOVERABLE,IRRECOVERABLE,-6.328084278193913,true,AGREEMENT_IRRECOVERABLE
HO-0078,4.341910370787552,0.00025,4.342,0.089629212448000,RECOVERABLE,RECOVERABLE,0.7797486437184062,true,AGREEMENT_RECOVERABLE
HO-0079,4.418181131677429,0.00025,4.41825,0.068868322571000,RECOVERABLE,RECOVERABLE,0.779748643718051,true,AGREEMENT_RECOVERABLE
HO-0080,4.689281984756998,0.00025,4.6895,0.218015243002000,IRRECOVERABLE,IRRECOVERABLE,-6.172765308207147,true,AGREEMENT_IRRECOVERABLE
HO-0081,4.456439207693417,0.00025,4.4565,0.060792306583000,RECOVERABLE,RECOVERABLE,0.7797486437180936,true,AGREEMENT_RECOVERABLE
HO-0082,4.793242219677155,0.00025,4.79325,0.007780322845000,IRRECOVERABLE,IRRECOVERABLE,-12.395311790368623,true,AGREEMENT_IRRECOVERABLE
HO-0083,4.626749201697986,0.00025,4.62675,0.000798302014000,IRRECOVERABLE,IRRECOVERABLE,-2.3736652711806414,true,AGREEMENT_IRRECOVERABLE
HO-0084,4.205204224549033,0.00025,4.20525,0.045775450967000,RECOVERABLE,RECOVERABLE,0.7797486437180936,true,AGREEMENT_RECOVERABLE
HO-0085,4.206993975693173,0.00025,4.207,0.006024306827000,RECOVERABLE,RECOVERABLE,0.779748643718051,true,AGREEMENT_RECOVERABLE
HO-0086,4.353944179858006,0.00025,4.354,0.055820141994000,RECOVERABLE,RECOVERABLE,0.7797486437179373,true,AGREEMENT_RECOVERABLE
HO-0087,4.425600826554665,0.00025,4.42575,0.149173445335000,RECOVERABLE,RECOVERABLE,0.779748643718051,true,AGREEMENT_RECOVERABLE
HO-0088,4.46175823897744,0.00025,4.462,0.24176102256000,RECOVERABLE,RECOVERABLE,0.7797486437177525,true,AGREEMENT_RECOVERABLE
HO-0089,4.1941838262134326,0.00025,4.19425,0.0661737865674000,RECOVERABLE,RECOVERABLE,0.7797486437180936,true,AGREEMENT_RECOVERABLE
HO-0090,4.254981756434879,0.00025,4.255,0.018243565121000,RECOVERABLE,RECOVERABLE,0.7797486437180936,true,AGREEMENT_RECOVERABLE
HO-0091,4.790391248114897,0.00025,4.7905,0.108751885103000,IRRECOVERABLE,IRRECOVERABLE,-12.226209848904375,true,AGREEMENT_IRRECOVERABLE
HO-0092,4.331922418138382,0.00025,4.332,0.077581861618000,RECOVERABLE,RECOVERABLE,0.7797486437181078,true,AGREEMENT_RECOVERABLE
HO-0093,4.635613349556147,0.00025,4.63575,0.136650443853000,IRRECOVERABLE,IRRECOVERABLE,-2.914781964622918,true,AGREEMENT_IRRECOVERABLE
HO-0094,4.280001333122862,0.00025,4.28025,0.248666877138000,RECOVERABLE,RECOVERABLE,0.7797486437180936,true,AGREEMENT_RECOVERABLE
HO-0095,4.251952911300943,0.00025,4.252,0.047088699057000,RECOVERABLE,RECOVERABLE,0.7797486437179515,true,AGREEMENT_RECOVERABLE
HO-0096,4.477886934876266,0.00025,4.478,0.113065123734000,RECOVERABLE,RECOVERABLE,0.779748643718051,true,AGREEMENT_RECOVERABLE
HO-0097,4.401466845769097,0.00025,4.4015,0.033154230903000,RECOVERABLE,RECOVERABLE,0.7797486437182215,true,AGREEMENT_RECOVERABLE
HO-0098,4.573238685785399,0.00025,4.57325,0.011314214601000,RECOVERABLE,RECOVERABLE,0.779748643718051,true,AGREEMENT_RECOVERABLE
HO-0099,4.538098254239547,0.00025,4.53825,0.151745760453000,RECOVERABLE,RECOVERABLE,0.7797486437170704,true,AGREEMENT_RECOVERABLE
HO-0100,4.260619384328261,0.00025,4.26075,0.130615671739000,RECOVERABLE,RECOVERABLE,0.779748643718051,true,AGREEMENT_RECOVERABLE
HO-0101,4.194779830090836,0.00025,4.195,0.220169909164000,RECOVERABLE,RECOVERABLE,0.779748643718051,true,AGREEMENT_RECOVERABLE
HO-0102,4.337923322954387,0.00025,4.338,0.076677045613000,RECOVERABLE,RECOVERABLE,0.7797486437179799,true,AGREEMENT_RECOVERABLE
HO-0103,4.4070625769372676,0.00025,4.40725,0.1874230627324000,RECOVERABLE,RECOVERABLE,0.7797486437177241,true,AGREEMENT_RECOVERABLE
HO-0104,4.462878968245348,0.00025,4.463,0.121031754652000,RECOVERABLE,RECOVERABLE,0.7797486437177525,true,AGREEMENT_RECOVERABLE
HO-0105,4.450164850771611,0.00025,4.45025,0.085149228389000,RECOVERABLE,RECOVERABLE,0.779748643718051,true,AGREEMENT_RECOVERABLE
HO-0106,4.490890157182178,0.00025,4.491,0.109842817822000,RECOVERABLE,RECOVERABLE,0.7797486437184062,true,AGREEMENT_RECOVERABLE
HO-0107,4.664350215139348,0.00025,4.6645,0.149784860652000,IRRECOVERABLE,IRRECOVERABLE,-4.6631580971924365,true,AGREEMENT_IRRECOVERABLE
HO-0108,4.517146101466886,0.00025,4.51725,0.103898533114000,RECOVERABLE,RECOVERABLE,0.7797486437178947,true,AGREEMENT_RECOVERABLE
HO-0109,4.225256936426783,0.00025,4.2255,0.243063573217000,RECOVERABLE,RECOVERABLE,0.7797486437183778,true,AGREEMENT_RECOVERABLE
HO-0110,4.694842783796862,0.00025,4.695,0.157216203138000,IRRECOVERABLE,IRRECOVERABLE,-6.508551116460325,true,AGREEMENT_IRRECOVERABLE
HO-0111,4.50291276931817,0.00025,4.503,0.08723068183000,RECOVERABLE,RECOVERABLE,0.7797486437182783,true,AGREEMENT_RECOVERABLE
HO-0112,4.316815469854136,0.00025,4.317,0.184530145864000,RECOVERABLE,RECOVERABLE,0.7797486437181931,true,AGREEMENT_RECOVERABLE
HO-0113,4.369781461304282,0.00025,4.37,0.218538695718000,RECOVERABLE,RECOVERABLE,0.779748643718051,true,AGREEMENT_RECOVERABLE
HO-0114,4.353585344871453,0.00025,4.35375,0.164655128547000,RECOVERABLE,RECOVERABLE,0.7797486437180936,true,AGREEMENT_RECOVERABLE
HO-0115,4.611503133699914,0.00025,4.61175,0.246866300086000,IRRECOVERABLE,IRRECOVERABLE,-1.4409557634188843,true,AGREEMENT_IRRECOVERABLE
HO-0116,4.42860586868633,0.00025,4.42875,0.14413131367000,RECOVERABLE,RECOVERABLE,0.779748643718051,true,AGREEMENT_RECOVERABLE
HO-0117,4.318031947448616,0.00025,4.31825,0.218052551384000,RECOVERABLE,RECOVERABLE,0.779748643718051,true,AGREEMENT_RECOVERABLE
HO-0118,4.783871987822764,0.00025,4.784,0.128012177236000,IRRECOVERABLE,IRRECOVERABLE,-11.83920243767524,true,AGREEMENT_IRRECOVERABLE
HO-0119,4.563644953381895,0.00025,4.56375,0.105046618105000,RECOVERABLE,RECOVERABLE,0.7797486437173831,true,AGREEMENT_RECOVERABLE
HO-0120,4.569252081507915,0.00025,4.5695,0.247918492085000,RECOVERABLE,RECOVERABLE,0.7797486437178236,true,AGREEMENT_RECOVERABLE
HO-0121,4.186820637825683,0.00025,4.187,0.179362174317000,RECOVERABLE,RECOVERABLE,0.7797486437180936,true,AGREEMENT_RECOVERABLE
HO-0122,4.502156412948833,0.00025,4.50225,0.093587051167000,RECOVERABLE,RECOVERABLE,0.7797486437180936,true,AGREEMENT_RECOVERABLE
HO-0123,4.733520398898533,0.00025,4.73375,0.229601101467000,IRRECOVERABLE,IRRECOVERABLE,-8.834844488510868,true,AGREEMENT_IRRECOVERABLE
HO-0124,4.685567585534869,0.00025,4.68575,0.182414465131000,IRRECOVERABLE,IRRECOVERABLE,-5.948287002235631,true,AGREEMENT_IRRECOVERABLE
HO-0125,4.244355889167789,0.00025,4.2445,0.144110832211000,RECOVERABLE,RECOVERABLE,0.7797486437165588,true,AGREEMENT_RECOVERABLE
HO-0126,4.416234152880075,0.00025,4.41625,0.015847119925000,RECOVERABLE,RECOVERABLE,0.7797486437180936,true,AGREEMENT_RECOVERABLE
HO-0127,4.638767087457192,0.00025,4.639,0.232912542808000,IRRECOVERABLE,IRRECOVERABLE,-3.107097083597708,true,AGREEMENT_IRRECOVERABLE
HO-0128,4.4535092068489615,0.00025,4.45375,0.2407931510385000,RECOVERABLE,RECOVERABLE,0.779748643718051,true,AGREEMENT_RECOVERABLE
HO-0129,4.443294665667741,0.00025,4.4435,0.205334332259000,RECOVERABLE,RECOVERABLE,0.779748643718321,true,AGREEMENT_RECOVERABLE
HO-0130,4.763049710108843,0.00025,4.76325,0.200289891157000,IRRECOVERABLE,IRRECOVERABLE,-10.600077756249533,true,AGREEMENT_IRRECOVERABLE
HO-0131,4.225247327678451,0.00025,4.22525,0.002672321549000,RECOVERABLE,RECOVERABLE,0.7797486437182926,true,AGREEMENT_RECOVERABLE
HO-0132,4.354318990471544,0.00025,4.3545,0.181009528456000,RECOVERABLE,RECOVERABLE,0.7797486437179657,true,AGREEMENT_RECOVERABLE
HO-0133,4.43922073922973,0.00025,4.43925,0.02926077027000,RECOVERABLE,RECOVERABLE,0.7797486437180936,true,AGREEMENT_RECOVERABLE
HO-0134,4.643179885220966,0.00025,4.64325,0.070114779034000,IRRECOVERABLE,IRRECOVERABLE,-3.3760079356057986,true,AGREEMENT_IRRECOVERABLE
HO-0135,4.257385049789248,0.00025,4.2575,0.114950210752000,RECOVERABLE,RECOVERABLE,0.779748643718051,true,AGREEMENT_RECOVERABLE
HO-0136,4.452368733975462,0.00025,4.4525,0.131266024538000,RECOVERABLE,RECOVERABLE,0.779748643718051,true,AGREEMENT_RECOVERABLE
HO-0137,4.220666043815472,0.00025,4.22075,0.083956184528000,RECOVERABLE,RECOVERABLE,0.779748643718051,true,AGREEMENT_RECOVERABLE
HO-0138,4.526279125502523,0.00025,4.5265,0.220874497477000,RECOVERABLE,RECOVERABLE,0.779748643718051,true,AGREEMENT_RECOVERABLE
HO-0139,4.488102546024753,0.00025,4.48825,0.147453975247000,RECOVERABLE,RECOVERABLE,0.779748643718051,true,AGREEMENT_RECOVERABLE
HO-0140,4.657007496674924,0.00025,4.65725,0.242503325076000,IRRECOVERABLE,IRRECOVERABLE,-4.217274622486386,true,AGREEMENT_IRRECOVERABLE
HO-0141,4.6854850297683095,0.00025,4.6855,0.0149702316905000,IRRECOVERABLE,IRRECOVERABLE,-5.94329607967606,true,AGREEMENT_IRRECOVERABLE
HO-0142,4.192098417997437,0.00025,4.19225,0.151582002563000,RECOVERABLE,RECOVERABLE,0.779748643718051,true,AGREEMENT_RECOVERABLE
HO-0143,4.780903362368273,0.00025,4.781,0.096637631727000,IRRECOVERABLE,IRRECOVERABLE,-11.662823732938847,true,AGREEMENT_IRRECOVERABLE
HO-0144,4.78579883581388,0.00025,4.786,0.20116418612000,IRRECOVERABLE,IRRECOVERABLE,-11.953634411829356,true,AGREEMENT_IRRECOVERABLE
HO-0145,4.621174090603979,0.00025,4.62125,0.075909396021000,IRRECOVERABLE,IRRECOVERABLE,-2.032890667708159,true,AGREEMENT_IRRECOVERABLE
HO-0146,4.462342452994207,0.00025,4.4625,0.157547005793000,RECOVERABLE,RECOVERABLE,0.779748643718051,true,AGREEMENT_RECOVERABLE
HO-0147,4.705002965943778,0.00025,4.70525,0.247034056222000,IRRECOVERABLE,IRRECOVERABLE,-7.121205024449921,true,AGREEMENT_IRRECOVERABLE
HO-0148,4.554503263847892,0.00025,4.55475,0.246736152108000,RECOVERABLE,RECOVERABLE,0.779748643718051,true,AGREEMENT_RECOVERABLE
HO-0149,4.246146240811958,0.00025,4.24625,0.103759188042000,RECOVERABLE,RECOVERABLE,0.7797486437181931,true,AGREEMENT_RECOVERABLE
HO-0150,4.642769392363112,0.00025,4.643,0.230607636888000,IRRECOVERABLE,IRRECOVERABLE,-3.351001913261385,true,AGREEMENT_IRRECOVERABLE
HO-0151,4.329107199602026,0.00025,4.32925,0.142800397974000,RECOVERABLE,RECOVERABLE,0.779748643718051,true,AGREEMENT_RECOVERABLE
HO-0152,4.3392946703000606,0.00025,4.3395,0.2053296999394000,RECOVERABLE,RECOVERABLE,0.7797486437170988,true,AGREEMENT_RECOVERABLE
HO-0153,4.303276178003347,0.00025,4.3035,0.223821996653000,RECOVERABLE,RECOVERABLE,0.779748643718051,true,AGREEMENT_RECOVERABLE
HO-0154,4.277994220289894,0.00025,4.278,0.005779710106000,RECOVERABLE,RECOVERABLE,0.7797486437183778,true,AGREEMENT_RECOVERABLE
HO-0155,4.2506861330506185,0.00025,4.25075,0.0638669493815000,RECOVERABLE,RECOVERABLE,0.7797486437168573,true,AGREEMENT_RECOVERABLE
HO-0156,4.777217948627194,0.00025,4.77725,0.032051372806000,IRRECOVERABLE,IRRECOVERABLE,-11.44372678370155,true,AGREEMENT_IRRECOVERABLE
HO-0157,4.221139332744338,0.00025,4.22125,0.110667255662000,RECOVERABLE,RECOVERABLE,0.7797486437180936,true,AGREEMENT_RECOVERABLE
HO-0158,4.18270688015734,0.00025,4.18275,0.04311984266000,RECOVERABLE,RECOVERABLE,0.7797486437180936,true,AGREEMENT_RECOVERABLE
HO-0159,4.216862834685467,0.00025,4.217,0.137165314533000,RECOVERABLE,RECOVERABLE,0.779748643718051,true,AGREEMENT_RECOVERABLE
HO-0160,4.189996535410152,0.00025,4.19,0.003464589848000,RECOVERABLE,RECOVERABLE,0.7797486437180936,true,AGREEMENT_RECOVERABLE
HO-0161,4.475261269118578,0.00025,4.4755,0.238730881422000,RECOVERABLE,RECOVERABLE,0.779748643718051,true,AGREEMENT_RECOVERABLE
HO-0162,4.376404961667715,0.00025,4.3765,0.095038332285000,RECOVERABLE,RECOVERABLE,0.7797486437184347,true,AGREEMENT_RECOVERABLE
HO-0163,4.436073676315808,0.00025,4.43625,0.176323684192000,RECOVERABLE,RECOVERABLE,0.779748643718051,true,AGREEMENT_RECOVERABLE
HO-0164,4.623784122353253,0.00025,4.624,0.215877646747000,IRRECOVERABLE,IRRECOVERABLE,-2.192469173674823,true,AGREEMENT_IRRECOVERABLE
HO-0165,4.247960876977332,0.00025,4.248,0.039123022668000,RECOVERABLE,RECOVERABLE,0.779748643718122,true,AGREEMENT_RECOVERABLE
HO-0166,4.690862167003328,0.00025,4.691,0.137832996672000,IRRECOVERABLE,IRRECOVERABLE,-6.268217761842507,true,AGREEMENT_IRRECOVERABLE
HO-0167,4.76282638710052,0.00025,4.763,0.17361289948000,IRRECOVERABLE,IRRECOVERABLE,-10.586762789226896,true,AGREEMENT_IRRECOVERABLE
HO-0168,4.216577544122841,0.00025,4.21675,0.172455877159000,RECOVERABLE,RECOVERABLE,0.779748643718051,true,AGREEMENT_RECOVERABLE
HO-0169,4.7337437583738255,0.00025,4.73375,0.0062416261745000,IRRECOVERABLE,IRRECOVERABLE,-8.848231821822353,true,AGREEMENT_IRRECOVERABLE
HO-0170,4.298196551969774,0.00025,4.29825,0.053448030226000,RECOVERABLE,RECOVERABLE,0.779748643718051,true,AGREEMENT_RECOVERABLE
HO-0171,4.339436355268448,0.00025,4.3395,0.063644731552000,RECOVERABLE,RECOVERABLE,0.779748643718051,true,AGREEMENT_RECOVERABLE
HO-0172,4.53106275927958,0.00025,4.53125,0.18724072042000,RECOVERABLE,RECOVERABLE,0.7797486437181931,true,AGREEMENT_RECOVERABLE
HO-0173,4.3370048462467,0.00025,4.33725,0.2451537533000,RECOVERABLE,RECOVERABLE,0.7797486437180936,true,AGREEMENT_RECOVERABLE
HO-0174,4.26376728996606,0.00025,4.264,0.23271003394000,RECOVERABLE,RECOVERABLE,0.7797486437184347,true,AGREEMENT_RECOVERABLE
HO-0175,4.585293343816971,0.00025,4.5855,0.206656183029000,RECOVERABLE,RECOVERABLE,0.16842001198990886,true,AGREEMENT_RECOVERABLE
HO-0176,4.79230103191694,0.00025,4.7925,0.19896808306000,IRRECOVERABLE,IRRECOVERABLE,-12.339495941593242,true,AGREEMENT_IRRECOVERABLE
HO-0177,4.438801083671846,0.00025,4.439,0.198916328154000,RECOVERABLE,RECOVERABLE,0.779748643718051,true,AGREEMENT_RECOVERABLE
HO-0178,4.242550792187121,0.00025,4.24275,0.199207812879000,RECOVERABLE,RECOVERABLE,0.7797486437180368,true,AGREEMENT_RECOVERABLE
HO-0179,4.691866507021709,0.00025,4.692,0.133492978291000,IRRECOVERABLE,IRRECOVERABLE,-6.328871864507178,true,AGREEMENT_IRRECOVERABLE
HO-0180,4.686957776754352,0.00025,4.687,0.042223245648000,IRRECOVERABLE,IRRECOVERABLE,-6.032320163075752,true,AGREEMENT_IRRECOVERABLE
HO-0181,4.461190148120181,0.00025,4.46125,0.059851879819000,RECOVERABLE,RECOVERABLE,0.7797486437170846,true,AGREEMENT_RECOVERABLE
HO-0182,4.234774251705718,0.00025,4.235,0.225748294282000,RECOVERABLE,RECOVERABLE,0.779748643718051,true,AGREEMENT_RECOVERABLE
HO-0183,4.688074782619988,0.00025,4.68825,0.175217380012000,IRRECOVERABLE,IRRECOVERABLE,-6.099824881431928,true,AGREEMENT_IRRECOVERABLE
HO-0184,4.272868959400577,0.00025,4.273,0.131040599423000,RECOVERABLE,RECOVERABLE,0.779748643718051,true,AGREEMENT_RECOVERABLE
HO-0185,4.773303686278142,0.00025,4.7735,0.196313721858000,IRRECOVERABLE,IRRECOVERABLE,-11.21086608976239,true,AGREEMENT_IRRECOVERABLE
HO-0186,4.599438447103445,0.00025,4.5995,0.061552896555000,IRRECOVERABLE,IRRECOVERABLE,-0.701074011018207,true,AGREEMENT_IRRECOVERABLE
HO-0187,4.612337193357553,0.00025,4.6125,0.162806642447000,IRRECOVERABLE,IRRECOVERABLE,-1.492046701942641,true,AGREEMENT_IRRECOVERABLE
HO-0188,4.50687905213646,0.00025,4.507,0.12094786354000,RECOVERABLE,RECOVERABLE,0.7797486437181931,true,AGREEMENT_RECOVERABLE
HO-0189,4.2858979364224075,0.00025,4.286,0.1020635775925000,RECOVERABLE,RECOVERABLE,0.7797486437180936,true,AGREEMENT_RECOVERABLE
HO-0190,4.522313727541044,0.00025,4.5225,0.186272458956000,RECOVERABLE,RECOVERABLE,0.779748643718051,true,AGREEMENT_RECOVERABLE
HO-0191,4.692664006947072,0.00025,4.69275,0.085993052928000,IRRECOVERABLE,IRRECOVERABLE,-6.377026710115956,true,AGREEMENT_IRRECOVERABLE
HO-0192,4.765086441960155,0.00025,4.76525,0.163558039845000,IRRECOVERABLE,IRRECOVERABLE,-10.7214871867899,true,AGREEMENT_IRRECOVERABLE
HO-0193,4.788162636176376,0.00025,4.78825,0.087363823624000,IRRECOVERABLE,IRRECOVERABLE,-12.093962140936085,true,AGREEMENT_IRRECOVERABLE
HO-0194,4.440222526540162,0.00025,4.44025,0.027473459838000,RECOVERABLE,RECOVERABLE,0.779748643718051,true,AGREEMENT_RECOVERABLE
HO-0195,4.2229546941326745,0.00025,4.223,0.0453058673255000,RECOVERABLE,RECOVERABLE,0.779748643716772,true,AGREEMENT_RECOVERABLE
HO-0196,4.79488177179293,0.00025,4.795,0.11822820707000,IRRECOVERABLE,IRRECOVERABLE,-12.49252066006322,true,AGREEMENT_IRRECOVERABLE
HO-0197,4.5247343736780214,0.00025,4.52475,0.0156263219786000,RECOVERABLE,RECOVERABLE,0.779748643718051,true,AGREEMENT_RECOVERABLE
HO-0198,4.419765108543824,0.00025,4.42,0.234891456176000,RECOVERABLE,RECOVERABLE,0.7797486437169567,true,AGREEMENT_RECOVERABLE
HO-0199,4.557454791136146,0.00025,4.5575,0.045208863854000,RECOVERABLE,RECOVERABLE,0.7797486437180936,true,AGREEMENT_RECOVERABLE
HO-0200,4.263976776706544,0.00025,4.264,0.023223293456000,RECOVERABLE,RECOVERABLE,0.7797486437180936,true,AGREEMENT_RECOVERABLE
HO-0201,4.380856986545847,0.00025,4.381,0.143013454153000,RECOVERABLE,RECOVERABLE,0.7797486437182926,true,AGREEMENT_RECOVERABLE
HO-0202,4.315056587386261,0.00025,4.31525,0.193412613739000,RECOVERABLE,RECOVERABLE,0.7797486437169425,true,AGREEMENT_RECOVERABLE
HO-0203,4.401067472072363,0.00025,4.40125,0.182527927637000,RECOVERABLE,RECOVERABLE,0.7797486437180936,true,AGREEMENT_RECOVERABLE
HO-0204,4.377859934861993,0.00025,4.378,0.140065138007000,RECOVERABLE,RECOVERABLE,0.7797486437180936,true,AGREEMENT_RECOVERABLE
HO-0205,4.485258814864201,0.00025,4.4855,0.241185135799000,RECOVERABLE,RECOVERABLE,0.7797486437180936,true,AGREEMENT_RECOVERABLE
HO-0206,4.235704439414606,0.00025,4.23575,0.045560585394000,RECOVERABLE,RECOVERABLE,0.779748643718051,true,AGREEMENT_RECOVERABLE
HO-0207,4.739807762604602,0.00025,4.74,0.192237395398000,IRRECOVERABLE,IRRECOVERABLE,-9.211480777124919,true,AGREEMENT_IRRECOVERABLE
HO-0208,4.710303006461145,0.00025,4.7105,0.196993538855000,IRRECOVERABLE,IRRECOVERABLE,-7.440352482453051,true,AGREEMENT_IRRECOVERABLE
HO-0209,4.429794963868144,0.00025,4.43,0.205036131856000,RECOVERABLE,RECOVERABLE,0.779748643718051,true,AGREEMENT_RECOVERABLE
HO-0210,4.259364399447993,0.00025,4.2595,0.135600552007000,RECOVERABLE,RECOVERABLE,0.7797486437179515,true,AGREEMENT_RECOVERABLE
HO-0211,4.32874714822675,0.00025,4.32875,0.00285177325000,RECOVERABLE,RECOVERABLE,0.7797486437182783,true,AGREEMENT_RECOVERABLE
HO-0212,4.712086419593088,0.00025,4.71225,0.163580406912000,IRRECOVERABLE,IRRECOVERABLE,-7.547674422574161,true,AGREEMENT_IRRECOVERABLE
HO-0213,4.433175410072156,0.00025,4.43325,0.074589927844000,RECOVERABLE,RECOVERABLE,0.779748643718051,true,AGREEMENT_RECOVERABLE
HO-0214,4.380068587429199,0.00025,4.38025,0.181412570801000,RECOVERABLE,RECOVERABLE,0.7797486437182783,true,AGREEMENT_RECOVERABLE
HO-0215,4.5288075792162585,0.00025,4.529,0.1924207837415000,RECOVERABLE,RECOVERABLE,0.7797486437182783,true,AGREEMENT_RECOVERABLE
HO-0216,4.494979421299346,0.00025,4.495,0.020578700654000,RECOVERABLE,RECOVERABLE,0.779748643717582,true,AGREEMENT_RECOVERABLE
HO-0217,4.483566270733208,0.00025,4.48375,0.183729266792000,RECOVERABLE,RECOVERABLE,0.7797486437180936,true,AGREEMENT_RECOVERABLE
HO-0218,4.314219963278319,0.00025,4.31425,0.030036721681000,RECOVERABLE,RECOVERABLE,0.7797486437182215,true,AGREEMENT_RECOVERABLE
HO-0219,4.493066002649676,0.00025,4.49325,0.183997350324000,RECOVERABLE,RECOVERABLE,0.7797486437180936,true,AGREEMENT_RECOVERABLE
HO-0220,4.594621328980901,0.00025,4.59475,0.128671019099000,IRRECOVERABLE,IRRECOVERABLE,-0.40521358709200683,true,AGREEMENT_IRRECOVERABLE
HO-0221,4.603345095812043,0.00025,4.6035,0.154904187957000,IRRECOVERABLE,IRRECOVERABLE,-0.940828287481267,true,AGREEMENT_IRRECOVERABLE
HO-0222,4.706874580337588,0.00025,4.707,0.125419662412000,IRRECOVERABLE,IRRECOVERABLE,-7.233940853045453,true,AGREEMENT_IRRECOVERABLE
HO-0223,4.767413000785325,0.00025,4.7675,0.086999214675000,IRRECOVERABLE,IRRECOVERABLE,-10.860118899637627,true,AGREEMENT_IRRECOVERABLE
HO-0224,4.258862379613877,0.00025,4.259,0.137620386123000,RECOVERABLE,RECOVERABLE,0.7797486437180936,true,AGREEMENT_RECOVERABLE
HO-0225,4.535549748401663,0.00025,4.53575,0.200251598337000,RECOVERABLE,RECOVERABLE,0.779748643718051,true,AGREEMENT_RECOVERABLE
HO-0226,4.295008894904713,0.00025,4.29525,0.241105095287000,RECOVERABLE,RECOVERABLE,0.779748643718051,true,AGREEMENT_RECOVERABLE
HO-0227,4.693615626842647,0.00025,4.69375,0.134373157353000,IRRECOVERABLE,IRRECOVERABLE,-6.4344786681493105,true,AGREEMENT_IRRECOVERABLE
HO-0228,4.771925031091264,0.00025,4.772,0.074968908736000,IRRECOVERABLE,IRRECOVERABLE,-11.128810499027324,true,AGREEMENT_IRRECOVERABLE
HO-0229,4.613910970741299,0.00025,4.614,0.089029258701000,IRRECOVERABLE,IRRECOVERABLE,-1.5884288958382484,true,AGREEMENT_IRRECOVERABLE
HO-0230,4.410870322220826,0.00025,4.411,0.129677779174000,RECOVERABLE,RECOVERABLE,0.7797486437180936,true,AGREEMENT_RECOVERABLE
HO-0231,4.614789382895334,0.00025,4.615,0.210617104666000,IRRECOVERABLE,IRRECOVERABLE,-1.6422133616996604,true,AGREEMENT_IRRECOVERABLE
HO-0232,4.684699898941406,0.00025,4.68475,0.050101058594000,IRRECOVERABLE,IRRECOVERABLE,-5.895827178230121,true,AGREEMENT_IRRECOVERABLE
HO-0233,4.235274102731098,0.00025,4.2355,0.225897268902000,RECOVERABLE,RECOVERABLE,0.7797486437184062,true,AGREEMENT_RECOVERABLE
HO-0234,4.2517644621210176,0.00025,4.252,0.2355378789824000,RECOVERABLE,RECOVERABLE,0.7797486437160899,true,AGREEMENT_RECOVERABLE
HO-0235,4.296786119588176,0.00025,4.297,0.213880411824000,RECOVERABLE,RECOVERABLE,0.779748643718051,true,AGREEMENT_RECOVERABLE
HO-0236,4.33943997816172,0.00025,4.3395,0.06002183828000,RECOVERABLE,RECOVERABLE,0.779748643718051,true,AGREEMENT_RECOVERABLE
HO-0237,4.522735308919008,0.00025,4.52275,0.014691080992000,RECOVERABLE,RECOVERABLE,0.779748643718051,true,AGREEMENT_RECOVERABLE
HO-0238,4.2595859635413715,0.00025,4.25975,0.1640364586285000,RECOVERABLE,RECOVERABLE,0.7797486437180936,true,AGREEMENT_RECOVERABLE
HO-0239,4.600688199286319,0.00025,4.60075,0.061800713681000,IRRECOVERABLE,IRRECOVERABLE,-0.7777905008059918,true,AGREEMENT_IRRECOVERABLE
HO-0240,4.773149010374309,0.00025,4.77325,0.100989625691000,IRRECOVERABLE,IRRECOVERABLE,-11.201661011604898,true,AGREEMENT_IRRECOVERABLE
HO-0241,4.523156760070922,0.00025,4.52325,0.093239929078000,RECOVERABLE,RECOVERABLE,0.779748643718051,true,AGREEMENT_RECOVERABLE
HO-0242,4.406197994079311,0.00025,4.40625,0.052005920689000,RECOVERABLE,RECOVERABLE,0.7797486437168004,true,AGREEMENT_RECOVERABLE
HO-0243,4.536558915597194,0.00025,4.53675,0.191084402806000,RECOVERABLE,RECOVERABLE,0.779748643718051,true,AGREEMENT_RECOVERABLE
HO-0244,4.483916502273719,0.00025,4.484,0.083497726281000,RECOVERABLE,RECOVERABLE,0.779748643717241,true,AGREEMENT_RECOVERABLE
HO-0245,4.285741755095019,0.00025,4.28575,0.008244904981000,RECOVERABLE,RECOVERABLE,0.7797486437177241,true,AGREEMENT_RECOVERABLE
HO-0246,4.3739363053787335,0.00025,4.374,0.0636946212665000,RECOVERABLE,RECOVERABLE,0.779748643718122,true,AGREEMENT_RECOVERABLE
HO-0247,4.72050386023197,0.00025,4.72075,0.24613976803000,IRRECOVERABLE,IRRECOVERABLE,-8.053754984980529,true,AGREEMENT_IRRECOVERABLE
HO-0248,4.539312099983378,0.00025,4.5395,0.187900016622000,RECOVERABLE,RECOVERABLE,0.779748643718051,true,AGREEMENT_RECOVERABLE
HO-0249,4.316832200773263,0.00025,4.317,0.167799226737000,RECOVERABLE,RECOVERABLE,0.7797486437180936,true,AGREEMENT_RECOVERABLE
HO-0250,4.6484800878834305,0.00025,4.6485,0.0199121165695000,IRRECOVERABLE,IRRECOVERABLE,-3.698716058008003,true,AGREEMENT_IRRECOVERABLE
HO-0251,4.658177106652792,0.00025,4.65825,0.072893347208000,IRRECOVERABLE,IRRECOVERABLE,-4.288337905377659,true,AGREEMENT_IRRECOVERABLE
HO-0252,4.6197534697980815,0.00025,4.62,0.2465302019185000,IRRECOVERABLE,IRRECOVERABLE,-1.9460020328559295,true,AGREEMENT_IRRECOVERABLE
HO-0253,4.740538422616776,0.00025,4.74075,0.211577383224000,IRRECOVERABLE,IRRECOVERABLE,-9.255222470122803,true,AGREEMENT_IRRECOVERABLE
HO-0254,4.336675585697343,0.00025,4.33675,0.074414302657000,RECOVERABLE,RECOVERABLE,0.779748643718051,true,AGREEMENT_RECOVERABLE
HO-0255,4.297829099443481,0.00025,4.298,0.170900556519000,RECOVERABLE,RECOVERABLE,0.779748643718051,true,AGREEMENT_RECOVERABLE
HO-0256,4.196866352124337,0.00025,4.197,0.133647875663000,RECOVERABLE,RECOVERABLE,0.7797486437180936,true,AGREEMENT_RECOVERABLE
HO-0257,4.218016314874403,0.00025,4.21825,0.233685125597000,RECOVERABLE,RECOVERABLE,0.7797486437181931,true,AGREEMENT_RECOVERABLE
HO-0258,4.5330812572688775,0.00025,4.53325,0.1687427311225000,RECOVERABLE,RECOVERABLE,0.779748643718051,true,AGREEMENT_RECOVERABLE
HO-0259,4.722737773770555,0.00025,4.72275,0.012226229445000,IRRECOVERABLE,IRRECOVERABLE,-8.187936080282185,true,AGREEMENT_IRRECOVERABLE
HO-0260,4.411235040355428,0.00025,4.41125,0.014959644572000,RECOVERABLE,RECOVERABLE,0.779748643718051,true,AGREEMENT_RECOVERABLE
HO-0261,4.454293633519824,0.00025,4.4545,0.206366480176000,RECOVERABLE,RECOVERABLE,0.779748643718051,true,AGREEMENT_RECOVERABLE
HO-0262,4.579648251680525,0.00025,4.57975,0.101748319475000,RECOVERABLE,RECOVERABLE,0.5160334818272077,true,AGREEMENT_RECOVERABLE
HO-0263,4.399515572824726,0.00025,4.39975,0.234427175274000,RECOVERABLE,RECOVERABLE,0.779748643718051,true,AGREEMENT_RECOVERABLE
HO-0264,4.444096584465793,0.00025,4.44425,0.153415534207000,RECOVERABLE,RECOVERABLE,0.7797486437170988,true,AGREEMENT_RECOVERABLE
HO-0265,4.1821271972869,0.00025,4.18225,0.1228027131000,RECOVERABLE,RECOVERABLE,0.779748643718051,true,AGREEMENT_RECOVERABLE
HO-0266,4.614245181701608,0.00025,4.61425,0.004818298392000,IRRECOVERABLE,IRRECOVERABLE,-1.608893355945355,true,AGREEMENT_IRRECOVERABLE
HO-0267,4.437199353220012,0.00025,4.43725,0.050646779988000,RECOVERABLE,RECOVERABLE,0.7797486437180794,true,AGREEMENT_RECOVERABLE
HO-0268,4.718902247743952,0.00025,4.719,0.097752256048000,IRRECOVERABLE,IRRECOVERABLE,-7.957520280230966,true,AGREEMENT_IRRECOVERABLE
HO-0269,4.532948152716715,0.00025,4.533,0.051847283285000,RECOVERABLE,RECOVERABLE,0.7797486437166867,true,AGREEMENT_RECOVERABLE
HO-0270,4.384877493503352,0.00025,4.385,0.122506496648000,RECOVERABLE,RECOVERABLE,0.7797486437180936,true,AGREEMENT_RECOVERABLE
HO-0271,4.240807005069452,0.00025,4.241,0.192994930548000,RECOVERABLE,RECOVERABLE,0.7797486437180794,true,AGREEMENT_RECOVERABLE
HO-0272,4.508278411274363,0.00025,4.5085,0.221588725637000,RECOVERABLE,RECOVERABLE,0.779748643718051,true,AGREEMENT_RECOVERABLE
HO-0273,4.500362426223895,0.00025,4.5005,0.137573776105000,RECOVERABLE,RECOVERABLE,0.779748643718051,true,AGREEMENT_RECOVERABLE
HO-0274,4.21066031511328,0.00025,4.21075,0.08968488672000,RECOVERABLE,RECOVERABLE,0.779748643718051,true,AGREEMENT_RECOVERABLE
HO-0275,4.204432099592492,0.00025,4.2045,0.067900407508000,RECOVERABLE,RECOVERABLE,0.7797486437180936,true,AGREEMENT_RECOVERABLE
HO-0276,4.219667275943991,0.00025,4.21975,0.082724056009000,RECOVERABLE,RECOVERABLE,0.779748643718051,true,AGREEMENT_RECOVERABLE
HO-0277,4.4068323543451475,0.00025,4.407,0.1676456548525000,RECOVERABLE,RECOVERABLE,0.779748643718051,true,AGREEMENT_RECOVERABLE
HO-0278,4.760383492844862,0.00025,4.7605,0.116507155138000,IRRECOVERABLE,IRRECOVERABLE,-10.441077674089712,true,AGREEMENT_IRRECOVERABLE
HO-0279,4.28350734808447,0.00025,4.28375,0.24265191553000,RECOVERABLE,RECOVERABLE,0.779748643718051,true,AGREEMENT_RECOVERABLE
HO-0280,4.698499719549031,0.00025,4.6985,0.000280450969000,IRRECOVERABLE,IRRECOVERABLE,-6.729190971247917,true,AGREEMENT_IRRECOVERABLE
HO-0281,4.458769316761501,0.00025,4.459,0.230683238499000,RECOVERABLE,RECOVERABLE,0.7797486437173831,true,AGREEMENT_RECOVERABLE
HO-0282,4.5436675340499155,0.00025,4.54375,0.0824659500845000,RECOVERABLE,RECOVERABLE,0.7797486437173831,true,AGREEMENT_RECOVERABLE
HO-0283,4.6121974683126945,0.00025,4.61225,0.0525316873055000,IRRECOVERABLE,IRRECOVERABLE,-1.4834882713886515,true,AGREEMENT_IRRECOVERABLE
HO-0284,4.757697951320182,0.00025,4.75775,0.052048679818000,IRRECOVERABLE,IRRECOVERABLE,-10.280848276710714,true,AGREEMENT_IRRECOVERABLE
HO-0285,4.249823344498326,0.00025,4.25,0.176655501674000,RECOVERABLE,RECOVERABLE,0.7797486437181078,true,AGREEMENT_RECOVERABLE
HO-0286,4.478598236350356,0.00025,4.47875,0.151763649644000,RECOVERABLE,RECOVERABLE,0.7797486437181931,true,AGREEMENT_RECOVERABLE
HO-0287,4.262005361258353,0.00025,4.26225,0.244638741647000,RECOVERABLE,RECOVERABLE,0.779748643718051,true,AGREEMENT_RECOVERABLE
HO-0288,4.502989543140222,0.00025,4.503,0.010456859778000,RECOVERABLE,RECOVERABLE,0.779748643718051,true,AGREEMENT_RECOVERABLE
HO-0289,4.7754655725900355,0.00025,4.7755,0.0344274099645000,IRRECOVERABLE,IRRECOVERABLE,-11.339497607755192,true,AGREEMENT_IRRECOVERABLE
HO-0290,4.764187128766017,0.00025,4.76425,0.062871233983000,IRRECOVERABLE,IRRECOVERABLE,-10.667884666329485,true,AGREEMENT_IRRECOVERABLE
HO-0291,4.706474815187922,0.00025,4.7065,0.025184812078000,IRRECOVERABLE,IRRECOVERABLE,-7.209864358973036,true,AGREEMENT_IRRECOVERABLE
HO-0292,4.433832538186649,0.00025,4.434,0.167461813351000,RECOVERABLE,RECOVERABLE,0.779748643718051,true,AGREEMENT_RECOVERABLE
HO-0293,4.678482383809467,0.00025,4.6785,0.017616190533000,IRRECOVERABLE,IRRECOVERABLE,-5.51968134948801,true,AGREEMENT_IRRECOVERABLE
HO-0294,4.685760508856092,0.00025,4.686,0.239491143908000,IRRECOVERABLE,IRRECOVERABLE,-5.959949925988752,true,AGREEMENT_IRRECOVERABLE
HO-0295,4.45989724105928,0.00025,4.46,0.10275894072000,RECOVERABLE,RECOVERABLE,0.7797486437180936,true,AGREEMENT_RECOVERABLE
HO-0296,4.263795296068574,0.00025,4.264,0.204703931426000,RECOVERABLE,RECOVERABLE,0.7797486437183778,true,AGREEMENT_RECOVERABLE
HO-0297,4.463124605663279,0.00025,4.46325,0.125394336721000,RECOVERABLE,RECOVERABLE,0.7797486437176389,true,AGREEMENT_RECOVERABLE
HO-0298,4.595410694722665,0.00025,4.5955,0.089305277335000,IRRECOVERABLE,IRRECOVERABLE,-0.4537126858363081,true,AGREEMENT_IRRECOVERABLE
HO-0299,4.524220388713423,0.00025,4.52425,0.029611286577000,RECOVERABLE,RECOVERABLE,0.779748643718051,true,AGREEMENT_RECOVERABLE
HO-0300,4.517674504700294,0.00025,4.51775,0.075495299706000,RECOVERABLE,RECOVERABLE,0.779748643718051,true,AGREEMENT_RECOVERABLE
HO-0301,4.734691862557367,0.00025,4.73475,0.058137442633000,IRRECOVERABLE,IRRECOVERABLE,-8.905051679637026,true,AGREEMENT_IRRECOVERABLE
HO-0302,4.72386884213687,0.00025,4.724,0.13115786313000,IRRECOVERABLE,IRRECOVERABLE,-8.255853759252844,true,AGREEMENT_IRRECOVERABLE
HO-0303,4.438396171375063,0.00025,4.4385,0.103828624937000,RECOVERABLE,RECOVERABLE,0.7797486437181931,true,AGREEMENT_RECOVERABLE
HO-0304,4.751274920432616,0.00025,4.7515,0.225079567384000,IRRECOVERABLE,IRRECOVERABLE,-9.897313085124779,true,AGREEMENT_IRRECOVERABLE
HO-0305,4.603168108045408,0.00025,4.60325,0.081891954592000,IRRECOVERABLE,IRRECOVERABLE,-0.92997001111776,true,AGREEMENT_IRRECOVERABLE
HO-0306,4.455490464480525,0.00025,4.4555,0.009535519475000,RECOVERABLE,RECOVERABLE,0.7797486437171415,true,AGREEMENT_RECOVERABLE
HO-0307,4.680466076294044,0.00025,4.6805,0.033923705956000,IRRECOVERABLE,IRRECOVERABLE,-5.63973581103177,true,AGREEMENT_IRRECOVERABLE
HO-0308,4.263478617331405,0.00025,4.2635,0.021382668595000,RECOVERABLE,RECOVERABLE,0.7797486437180936,true,AGREEMENT_RECOVERABLE
HO-0309,4.702976471240461,0.00025,4.703,0.023528759539000,IRRECOVERABLE,IRRECOVERABLE,-6.999097417553301,true,AGREEMENT_IRRECOVERABLE
HO-0310,4.474396964397968,0.00025,4.4745,0.103035602032000,RECOVERABLE,RECOVERABLE,0.779748643718051,true,AGREEMENT_RECOVERABLE
HO-0311,4.6849302248436455,0.00025,4.685,0.0697751563545000,IRRECOVERABLE,IRRECOVERABLE,-5.909753342126422,true,AGREEMENT_IRRECOVERABLE
HO-0312,4.351967504101432,0.00025,4.352,0.032495898568000,RECOVERABLE,RECOVERABLE,0.779748643718051,true,AGREEMENT_RECOVERABLE
HO-0313,4.267634112266438,0.00025,4.26775,0.115887733562000,RECOVERABLE,RECOVERABLE,0.779748643718051,true,AGREEMENT_RECOVERABLE
HO-0314,4.7278925447232965,0.00025,4.728,0.1074552767035000,IRRECOVERABLE,IRRECOVERABLE,-8.497354898418351,true,AGREEMENT_IRRECOVERABLE
HO-0315,4.3826135474704895,0.00025,4.38275,0.1364525295105000,RECOVERABLE,RECOVERABLE,0.7797486437180936,true,AGREEMENT_RECOVERABLE
HO-0316,4.572011189713105,0.00025,4.57225,0.238810286895000,RECOVERABLE,RECOVERABLE,0.779748643718051,true,AGREEMENT_RECOVERABLE
HO-0317,4.7612880925305126,0.00025,4.7615,0.2119074694874000,IRRECOVERABLE,IRRECOVERABLE,-10.49503207551831,true,AGREEMENT_IRRECOVERABLE
HO-0318,4.6650125506882665,0.00025,4.66525,0.2374493117335000,IRRECOVERABLE,IRRECOVERABLE,-4.70334935747708,true,AGREEMENT_IRRECOVERABLE
HO-0319,4.606188323137983,0.00025,4.60625,0.061676862017000,IRRECOVERABLE,IRRECOVERABLE,-1.1152145700953184,true,AGREEMENT_IRRECOVERABLE
HO-0320,4.386793916790533,0.00025,4.387,0.206083209467000,RECOVERABLE,RECOVERABLE,0.7797486437182073,true,AGREEMENT_RECOVERABLE
HO-0321,4.340266986879385,0.00025,4.3405,0.233013120615000,RECOVERABLE,RECOVERABLE,0.779748643718051,true,AGREEMENT_RECOVERABLE
HO-0322,4.410201832307787,0.00025,4.41025,0.048167692213000,RECOVERABLE,RECOVERABLE,0.779748643718051,true,AGREEMENT_RECOVERABLE
HO-0323,4.188332665744485,0.00025,4.1885,0.167334255515000,RECOVERABLE,RECOVERABLE,0.7797486437180936,true,AGREEMENT_RECOVERABLE
HO-0324,4.585103286995221,0.00025,4.58525,0.146713004779000,RECOVERABLE,RECOVERABLE,0.18011764966588828,true,AGREEMENT_RECOVERABLE
HO-0325,4.647557485816645,0.00025,4.64775,0.192514183355000,IRRECOVERABLE,IRRECOVERABLE,-3.64256448337251,true,AGREEMENT_IRRECOVERABLE
HO-0326,4.3112600597209845,0.00025,4.3115,0.2399402790155000,RECOVERABLE,RECOVERABLE,0.7797486437180936,true,AGREEMENT_RECOVERABLE
HO-0327,4.529018474143326,0.00025,4.52925,0.231525856674000,RECOVERABLE,RECOVERABLE,0.7797486437178947,true,AGREEMENT_RECOVERABLE
HO-0328,4.466008713161516,0.00025,4.46625,0.241286838484000,RECOVERABLE,RECOVERABLE,0.7797486437180936,true,AGREEMENT_RECOVERABLE
HO-0329,4.212519674405195,0.00025,4.21275,0.230325594805000,RECOVERABLE,RECOVERABLE,0.779748643718321,true,AGREEMENT_RECOVERABLE
HO-0330,4.19954235826655,0.00025,4.19975,0.20764173345000,RECOVERABLE,RECOVERABLE,0.779748643718051,true,AGREEMENT_RECOVERABLE
HO-0331,4.415203161059675,0.00025,4.41525,0.046838940325000,RECOVERABLE,RECOVERABLE,0.7797486437184062,true,AGREEMENT_RECOVERABLE
HO-0332,4.184399472415371,0.00025,4.1845,0.100527584629000,RECOVERABLE,RECOVERABLE,0.779748643718051,true,AGREEMENT_RECOVERABLE
HO-0333,4.5649189756349315,0.00025,4.565,0.0810243650685000,RECOVERABLE,RECOVERABLE,0.7797486437183352,true,AGREEMENT_RECOVERABLE
HO-0334,4.249582216683863,0.00025,4.24975,0.167783316137000,RECOVERABLE,RECOVERABLE,0.7797486437180936,true,AGREEMENT_RECOVERABLE
HO-0335,4.588772488900757,0.00025,4.589,0.227511099243000,IRRECOVERABLE,IRRECOVERABLE,-0.045644856918329424,true,AGREEMENT_IRRECOVERABLE
HO-0336,4.723365326315602,0.00025,4.7235,0.134673684398000,IRRECOVERABLE,IRRECOVERABLE,-8.225620659949527,true,AGREEMENT_IRRECOVERABLE
HO-0337,4.199702349379385,0.00025,4.19975,0.047650620615000,RECOVERABLE,RECOVERABLE,0.7797486437180936,true,AGREEMENT_RECOVERABLE
HO-0338,4.325743447628143,0.00025,4.32575,0.006552371857000,RECOVERABLE,RECOVERABLE,0.7797486437184347,true,AGREEMENT_RECOVERABLE
HO-0339,4.658075861466345,0.00025,4.65825,0.174138533655000,IRRECOVERABLE,IRRECOVERABLE,-4.282187027561832,true,AGREEMENT_IRRECOVERABLE
HO-0340,4.2443258488307745,0.00025,4.2445,0.1741511692255000,RECOVERABLE,RECOVERABLE,0.779748643718051,true,AGREEMENT_RECOVERABLE
HO-0341,4.517594650681326,0.00025,4.51775,0.155349318674000,RECOVERABLE,RECOVERABLE,0.7797486437166867,true,AGREEMENT_RECOVERABLE
HO-0342,4.693321155188984,0.00025,4.6935,0.178844811016000,IRRECOVERABLE,IRRECOVERABLE,-6.416701635939091,true,AGREEMENT_IRRECOVERABLE
HO-0343,4.7756351975531715,0.00025,4.77575,0.1148024468285000,IRRECOVERABLE,IRRECOVERABLE,-11.34958812538244,true,AGREEMENT_IRRECOVERABLE
HO-0344,4.243042695803634,0.00025,4.24325,0.207304196366000,RECOVERABLE,RECOVERABLE,0.779748643718051,true,AGREEMENT_RECOVERABLE
HO-0345,4.667207888792505,0.00025,4.66725,0.042111207495000,IRRECOVERABLE,IRRECOVERABLE,-4.8365308783584595,true,AGREEMENT_IRRECOVERABLE
HO-0346,4.314974988206637,0.00025,4.315,0.025011793363000,RECOVERABLE,RECOVERABLE,0.7797486437181931,true,AGREEMENT_RECOVERABLE
HO-0347,4.217243623426232,0.00025,4.21725,0.006376573768000,RECOVERABLE,RECOVERABLE,0.779748643718051,true,AGREEMENT_RECOVERABLE
HO-0348,4.427368614711052,0.00025,4.4275,0.131385288948000,RECOVERABLE,RECOVERABLE,0.779748643718051,true,AGREEMENT_RECOVERABLE
HO-0349,4.477539167249881,0.00025,4.47775,0.210832750119000,RECOVERABLE,RECOVERABLE,0.779748643718051,true,AGREEMENT_RECOVERABLE
HO-0350,4.352843110230568,0.00025,4.353,0.156889769432000,RECOVERABLE,RECOVERABLE,0.7797486437183778,true,AGREEMENT_RECOVERABLE
HO-0351,4.258583436355398,0.00025,4.25875,0.166563644602000,RECOVERABLE,RECOVERABLE,0.779748643718051,true,AGREEMENT_RECOVERABLE
HO-0352,4.57918982589244,0.00025,4.57925,0.06017410756000,RECOVERABLE,RECOVERABLE,0.544277758263604,true,AGREEMENT_RECOVERABLE
HO-0353,4.309458478071517,0.00025,4.3095,0.041521928483000,RECOVERABLE,RECOVERABLE,0.7797486437180936,true,AGREEMENT_RECOVERABLE
HO-0354,4.211140099207676,0.00025,4.21125,0.109900792324000,RECOVERABLE,RECOVERABLE,0.7797486437180936,true,AGREEMENT_RECOVERABLE
HO-0355,4.531962998598874,0.00025,4.532,0.037001401126000,RECOVERABLE,RECOVERABLE,0.779748643718051,true,AGREEMENT_RECOVERABLE
HO-0356,4.550371861871152,0.00025,4.5505,0.128138128848000,RECOVERABLE,RECOVERABLE,0.7797486437180936,true,AGREEMENT_RECOVERABLE
HO-0357,4.215852704527609,0.00025,4.216,0.147295472391000,RECOVERABLE,RECOVERABLE,0.7797486437179373,true,AGREEMENT_RECOVERABLE
HO-0358,4.29454656543872,0.00025,4.29475,0.20343456128000,RECOVERABLE,RECOVERABLE,0.7797486437184062,true,AGREEMENT_RECOVERABLE
HO-0359,4.776583218534591,0.00025,4.77675,0.166781465409000,IRRECOVERABLE,IRRECOVERABLE,-11.405977603121784,true,AGREEMENT_IRRECOVERABLE
HO-0360,4.408342734715121,0.00025,4.4085,0.157265284879000,RECOVERABLE,RECOVERABLE,0.779748643718051,true,AGREEMENT_RECOVERABLE
HO-0361,4.469572675842679,0.00025,4.46975,0.177324157321000,RECOVERABLE,RECOVERABLE,0.7797486437181931,true,AGREEMENT_RECOVERABLE
HO-0362,4.227054102859978,0.00025,4.22725,0.195897140022000,RECOVERABLE,RECOVERABLE,0.779748643718051,true,AGREEMENT_RECOVERABLE
HO-0363,4.520014458327241,0.00025,4.52025,0.235541672759000,RECOVERABLE,RECOVERABLE,0.779748643718051,true,AGREEMENT_RECOVERABLE
HO-0364,4.513601527880645,0.00025,4.51375,0.148472119355000,RECOVERABLE,RECOVERABLE,0.7797486437179799,true,AGREEMENT_RECOVERABLE
HO-0365,4.379013519608071,0.00025,4.37925,0.236480391929000,RECOVERABLE,RECOVERABLE,0.779748643718051,true,AGREEMENT_RECOVERABLE
HO-0366,4.7511547548880095,0.00025,4.75125,0.0952451119905000,IRRECOVERABLE,IRRECOVERABLE,-9.890133488489425,true,AGREEMENT_IRRECOVERABLE
HO-0367,4.59088369598898,0.00025,4.591,0.11630401102000,IRRECOVERABLE,IRRECOVERABLE,-0.17547858801567884,true,AGREEMENT_IRRECOVERABLE
HO-0368,4.699777714293262,0.00025,4.7,0.222285706738000,IRRECOVERABLE,IRRECOVERABLE,-6.806264233390905,true,AGREEMENT_IRRECOVERABLE
HO-0369,4.778499005318221,0.00025,4.7785,0.000994681779000,IRRECOVERABLE,IRRECOVERABLE,-11.519901724810467,true,AGREEMENT_IRRECOVERABLE
HO-0370,4.1861104919866055,0.00025,4.18625,0.1395080133945000,RECOVERABLE,RECOVERABLE,0.779748643718051,true,AGREEMENT_RECOVERABLE
HO-0371,4.348777473547692,0.00025,4.349,0.222526452308000,RECOVERABLE,RECOVERABLE,0.7797486437184062,true,AGREEMENT_RECOVERABLE
HO-0372,4.68851299086416,0.00025,4.68875,0.23700913584000,IRRECOVERABLE,IRRECOVERABLE,-6.126303708837497,true,AGREEMENT_IRRECOVERABLE
HO-0373,4.5868043086666415,0.00025,4.587,0.1956913333585000,RECOVERABLE,RECOVERABLE,0.07543706474405099,true,AGREEMENT_RECOVERABLE
HO-0374,4.368168804579614,0.00025,4.36825,0.081195420386000,RECOVERABLE,RECOVERABLE,0.7797486437180936,true,AGREEMENT_RECOVERABLE
HO-0375,4.5806491080198715,0.00025,4.58075,0.1008919801285000,RECOVERABLE,RECOVERABLE,0.4543772795041434,true,AGREEMENT_RECOVERABLE
HO-0376,4.679285093124347,0.00025,4.6795,0.214906875653000,IRRECOVERABLE,IRRECOVERABLE,-5.56826701554742,true,AGREEMENT_IRRECOVERABLE
HO-0377,4.475436987592205,0.00025,4.4755,0.063012407795000,RECOVERABLE,RECOVERABLE,0.7797486437169141,true,AGREEMENT_RECOVERABLE
HO-0378,4.493229981524511,0.00025,4.49325,0.020018475489000,RECOVERABLE,RECOVERABLE,0.7797486437171415,true,AGREEMENT_RECOVERABLE
HO-0379,4.608116724548496,0.00025,4.60825,0.133275451504000,IRRECOVERABLE,IRRECOVERABLE,-1.2334406923259849,true,AGREEMENT_IRRECOVERABLE
HO-0380,4.432055974022411,0.00025,4.43225,0.194025977589000,RECOVERABLE,RECOVERABLE,0.779748643718051,true,AGREEMENT_RECOVERABLE
HO-0381,4.706712347457397,0.00025,4.70675,0.037652542603000,IRRECOVERABLE,IRRECOVERABLE,-7.224170326877882,true,AGREEMENT_IRRECOVERABLE
HO-0382,4.718000082789128,0.00025,4.71825,0.249917210872000,IRRECOVERABLE,IRRECOVERABLE,-7.903300509057118,true,AGREEMENT_IRRECOVERABLE
HO-0383,4.413007622807831,0.00025,4.41325,0.242377192169000,RECOVERABLE,RECOVERABLE,0.779748643718051,true,AGREEMENT_RECOVERABLE
HO-0384,4.360711670512432,0.00025,4.36075,0.038329487568000,RECOVERABLE,RECOVERABLE,0.779748643718051,true,AGREEMENT_RECOVERABLE
HO-0385,4.5370341970854575,0.00025,4.53725,0.2158029145425000,RECOVERABLE,RECOVERABLE,0.7797486437170136,true,AGREEMENT_RECOVERABLE
HO-0386,4.248833117418943,0.00025,4.249,0.166882581057000,RECOVERABLE,RECOVERABLE,0.779748643718051,true,AGREEMENT_RECOVERABLE
HO-0387,4.445686954460854,0.00025,4.44575,0.063045539146000,RECOVERABLE,RECOVERABLE,0.779748643714484,true,AGREEMENT_RECOVERABLE
HO-0388,4.2150039107653825,0.00025,4.21525,0.2460892346175000,RECOVERABLE,RECOVERABLE,0.7797486437179799,true,AGREEMENT_RECOVERABLE
HO-0389,4.683646327586858,0.00025,4.68375,0.103672413142000,IRRECOVERABLE,IRRECOVERABLE,-5.832117913943037,true,AGREEMENT_IRRECOVERABLE
HO-0390,4.251041304189705,0.00025,4.25125,0.208695810295000,RECOVERABLE,RECOVERABLE,0.779748643718051,true,AGREEMENT_RECOVERABLE
HO-0391,4.537700197269396,0.00025,4.53775,0.049802730604000,RECOVERABLE,RECOVERABLE,0.779748643718051,true,AGREEMENT_RECOVERABLE
HO-0392,4.773666056757346,0.00025,4.77375,0.083943242654000,IRRECOVERABLE,IRRECOVERABLE,-11.232430494722635,true,AGREEMENT_IRRECOVERABLE
HO-0393,4.632102890638034,0.00025,4.63225,0.147109361966000,IRRECOVERABLE,IRRECOVERABLE,-2.7005865348179015,true,AGREEMENT_IRRECOVERABLE
HO-0394,4.259669804210354,0.00025,4.25975,0.080195789646000,RECOVERABLE,RECOVERABLE,0.779748643718051,true,AGREEMENT_RECOVERABLE
HO-0395,4.405572771744087,0.00025,4.40575,0.177228255913000,RECOVERABLE,RECOVERABLE,0.7797486437176673,true,AGREEMENT_RECOVERABLE
HO-0396,4.394154464008367,0.00025,4.39425,0.095535991633000,RECOVERABLE,RECOVERABLE,0.7797486437144983,true,AGREEMENT_RECOVERABLE
HO-0397,4.770377677987383,0.00025,4.7705,0.122322012617000,IRRECOVERABLE,IRRECOVERABLE,-11.0366900656321,true,AGREEMENT_IRRECOVERABLE
HO-0398,4.5227327383479246,0.00025,4.52275,0.0172616520754000,RECOVERABLE,RECOVERABLE,0.7797486437176389,true,AGREEMENT_RECOVERABLE
HO-0399,4.181757842446211,0.00025,4.182,0.242157553789000,RECOVERABLE,RECOVERABLE,0.779748643718051,true,AGREEMENT_RECOVERABLE
