start_state_mm,policy,step,remaining_passes_before,state_before_mm,selected_action_mm,immediate_deflection_um,selected_action_class,successor_mm,remaining_passes_after,step_status,failure_detail
4.18,MYOPIC,1,3,4.18,0.36,53.026787309836045,PRESERVING,3.82,2,CONTINUE,
4.18,MYOPIC,2,2,3.82,0.36,71.36037244201924,PRESERVING,3.46,1,CONTINUE,
4.18,MYOPIC,3,1,3.46,0.36,99.22025135628195,PRESERVING,3.1,0,TERMINAL_REACHED,
4.181,MYOPIC,1,3,4.181,0.36,52.985165029703495,PRESERVING,3.821,2,CONTINUE,
4.181,MYOPIC,2,2,3.821,0.36,71.29853503433206,PRESERVING,3.461,1,CONTINUE,
4.181,MYOPIC,3,1,3.461,0.361,99.55498849452039,PRESERVING,3.1,0,TERMINAL_REACHED,
4.182,MYOPIC,1,3,4.182,0.36,52.943586298906844,PRESERVING,3.822,2,CONTINUE,
4.182,MYOPIC,2,2,3.822,0.36,71.23676905304204,PRESERVING,3.462,1,CONTINUE,
4.182,MYOPIC,3,1,3.462,0.362,99.88995983826324,PRESERVING,3.1,0,TERMINAL_REACHED,
4.183,MYOPIC,1,3,4.183,0.36,52.90205106050394,PRESERVING,3.823,2,CONTINUE,
4.183,MYOPIC,2,2,3.823,0.36,71.17507439505117,DESTROYING,3.463,1,CONTINUE,
4.183,MYOPIC,3,1,3.463,,,,,1,NO_LOCALLY_FEASIBLE_ACTION,
4.184,MYOPIC,1,3,4.184,0.36,52.86055925764199,PRESERVING,3.824,2,CONTINUE,
4.184,MYOPIC,2,2,3.824,0.36,71.11345095743972,DESTROYING,3.464,1,CONTINUE,
4.184,MYOPIC,3,1,3.464,,,,,1,NO_LOCALLY_FEASIBLE_ACTION,
4.185,MYOPIC,1,3,4.185,0.36,52.81911083355733,PRESERVING,3.825,2,CONTINUE,
4.185,MYOPIC,2,2,3.825,0.36,71.05189863746628,DESTROYING,3.465,1,CONTINUE,
4.185,MYOPIC,3,1,3.465,,,,,1,NO_LOCALLY_FEASIBLE_ACTION,
4.186,MYOPIC,1,3,4.186,0.36,52.777705731575345,PRESERVING,3.826,2,CONTINUE,
4.186,MYOPIC,2,2,3.826,0.36,70.99041733256718,DESTROYING,3.466,1,CONTINUE,
4.186,MYOPIC,3,1,3.466,,,,,1,NO_LOCALLY_FEASIBLE_ACTION,
4.187,MYOPIC,1,3,4.187,0.36,52.73634389511021,PRESERVING,3.827,2,CONTINUE,
4.187,MYOPIC,2,2,3.827,0.36,70.92900694035627,DESTROYING,3.467,1,CONTINUE,
4.187,MYOPIC,3,1,3.467,,,,,1,NO_LOCALLY_FEASIBLE_ACTION,
4.188,MYOPIC,1,3,4.188,0.36,52.69502526766479,PRESERVING,3.828,2,CONTINUE,
4.188,MYOPIC,2,2,3.828,0.36,70.86766735862443,DESTROYING,3.468,1,CONTINUE,
4.188,MYOPIC,3,1,3.468,,,,,1,NO_LOCALLY_FEASIBLE_ACTION,
4.189,MYOPIC,1,3,4.189,0.36,52.65374979283043,PRESERVING,3.829,2,CONTINUE,
4.189,MYOPIC,2,2,3.829,0.36,70.80639848533926,DESTROYING,3.469,1,CONTINUE,
4.189,MYOPIC,3,1,3.469,,,,,1,NO_LOCALLY_FEASIBLE_ACTION,
4.19,MYOPIC,1,3,4.19,0.36,52.612517414286856,PRESERVING,3.83,2,CONTINUE,
4.19,MYOPIC,2,2,3.83,0.36,70.7452002186447,DESTROYING,3.47,1,CONTINUE,
4.19,MYOPIC,3,1,3.47,,,,,1,NO_LOCALLY_FEASIBLE_ACTION,
4.191,MYOPIC,1,3,4.191,0.36,52.571328075801944,PRESERVING,3.831,2,CONTINUE,
4.191,MYOPIC,2,2,3.831,0.36,70.68407245686083,DESTROYING,3.471,1,CONTINUE,
4.191,MYOPIC,3,1,3.471,,,,,1,NO_LOCALLY_FEASIBLE_ACTION,
4.192,MYOPIC,1,3,4.192,0.36,52.530181721231614,PRESERVING,3.832,2,CONTINUE,
4.192,MYOPIC,2,2,3.832,0.36,70.62301509848332,DESTROYING,3.472,1,CONTINUE,
4.192,MYOPIC,3,1,3.472,,,,,1,NO_LOCALLY_FEASIBLE_ACTION,
4.193,MYOPIC,1,3,4.193,0.36,52.48907829451962,PRESERVING,3.833,2,CONTINUE,
4.193,MYOPIC,2,2,3.833,0.36,70.56202804218312,DESTROYING,3.473,1,CONTINUE,
4.193,MYOPIC,3,1,3.473,,,,,1,NO_LOCALLY_FEASIBLE_ACTION,
4.194,MYOPIC,1,3,4.194,0.36,52.44801773969748,PRESERVING,3.834,2,CONTINUE,
4.194,MYOPIC,2,2,3.834,0.36,70.50111118680618,DESTROYING,3.474,1,CONTINUE,
4.194,MYOPIC,3,1,3.474,,,,,1,NO_LOCALLY_FEASIBLE_ACTION,
4.195,MYOPIC,1,3,4.195,0.36,52.4070000008842,PRESERVING,3.835,2,CONTINUE,
4.195,MYOPIC,2,2,3.835,0.36,70.44026443137308,DESTROYING,3.475,1,CONTINUE,
4.195,MYOPIC,3,1,3.475,,,,,1,NO_LOCALLY_FEASIBLE_ACTION,
4.196,MYOPIC,1,3,4.196,0.36,52.36602502228619,PRESERVING,3.836,2,CONTINUE,
4.196,MYOPIC,2,2,3.836,0.36,70.3794876750786,DESTROYING,3.476,1,CONTINUE,
4.196,MYOPIC,3,1,3.476,,,,,1,NO_LOCALLY_FEASIBLE_ACTION,
4.197,MYOPIC,1,3,4.197,0.36,52.325092748197044,PRESERVING,3.837,2,CONTINUE,
4.197,MYOPIC,2,2,3.837,0.36,70.31878081729141,DESTROYING,3.477,1,CONTINUE,
4.197,MYOPIC,3,1,3.477,,,,,1,NO_LOCALLY_FEASIBLE_ACTION,
4.198,MYOPIC,1,3,4.198,0.36,52.284203122997496,PRESERVING,3.838,2,CONTINUE,
4.198,MYOPIC,2,2,3.838,0.36,70.25814375755374,DESTROYING,3.478,1,CONTINUE,
4.198,MYOPIC,3,1,3.478,,,,,1,NO_LOCALLY_FEASIBLE_ACTION,
4.199,MYOPIC,1,3,4.199,0.36,52.24335609115513,PRESERVING,3.839,2,CONTINUE,
4.199,MYOPIC,2,2,3.839,0.36,70.19757639558114,DESTROYING,3.479,1,CONTINUE,
4.199,MYOPIC,3,1,3.479,,,,,1,NO_LOCALLY_FEASIBLE_ACTION,
4.2,MYOPIC,1,3,4.2,0.36,52.20255159722428,PRESERVING,3.84,2,CONTINUE,
4.2,MYOPIC,2,2,3.84,0.36,70.13707863126186,DESTROYING,3.48,1,CONTINUE,
4.2,MYOPIC,3,1,3.48,,,,,1,NO_LOCALLY_FEASIBLE_ACTION,
4.201,MYOPIC,1,3,4.201,0.36,52.16178958584585,PRESERVING,3.841,2,CONTINUE,
4.201,MYOPIC,2,2,3.841,0.36,70.07665036465669,DESTROYING,3.481,1,CONTINUE,
4.201,MYOPIC,3,1,3.481,,,,,1,NO_LOCALLY_FEASIBLE_ACTION,
4.202,MYOPIC,1,3,4.202,0.36,52.12107000174724,PRESERVING,3.842,2,CONTINUE,
4.202,MYOPIC,2,2,3.842,0.36,70.01629149599863,DESTROYING,3.482,1,CONTINUE,
4.202,MYOPIC,3,1,3.482,,,,,1,NO_LOCALLY_FEASIBLE_ACTION,
4.203,MYOPIC,1,3,4.203,0.36,52.0803927897421,PRESERVING,3.843,2,CONTINUE,
4.203,MYOPIC,2,2,3.843,0.36,69.9560019256925,DESTROYING,3.483,1,CONTINUE,
4.203,MYOPIC,3,1,3.483,,,,,1,NO_LOCALLY_FEASIBLE_ACTION,
4.204,MYOPIC,1,3,4.204,0.36,52.03975789473015,PRESERVING,3.844,2,CONTINUE,
4.204,MYOPIC,2,2,3.844,0.36,69.89578155431455,DESTROYING,3.484,1,CONTINUE,
4.204,MYOPIC,3,1,3.484,,,,,1,NO_LOCALLY_FEASIBLE_ACTION,
4.205,MYOPIC,1,3,4.205,0.36,51.99916526169709,PRESERVING,3.845,2,CONTINUE,
4.205,MYOPIC,2,2,3.845,0.36,69.83563028261214,DESTROYING,3.485,1,CONTINUE,
4.205,MYOPIC,3,1,3.485,,,,,1,NO_LOCALLY_FEASIBLE_ACTION,
4.206,MYOPIC,1,3,4.206,0.36,51.95861483571447,PRESERVING,3.846,2,CONTINUE,
4.206,MYOPIC,2,2,3.846,0.36,69.77554801150343,DESTROYING,3.486,1,CONTINUE,
4.206,MYOPIC,3,1,3.486,,,,,1,NO_LOCALLY_FEASIBLE_ACTION,
4.207,MYOPIC,1,3,4.207,0.36,51.91810656193943,PRESERVING,3.847,2,CONTINUE,
4.207,MYOPIC,2,2,3.847,0.36,69.71553464207709,DESTROYING,3.487,1,CONTINUE,
4.207,MYOPIC,3,1,3.487,,,,,1,NO_LOCALLY_FEASIBLE_ACTION,
4.208,MYOPIC,1,3,4.208,0.36,51.87764038561463,PRESERVING,3.848,2,CONTINUE,
4.208,MYOPIC,2,2,3.848,0.36,69.65559007559177,DESTROYING,3.488,1,CONTINUE,
4.208,MYOPIC,3,1,3.488,,,,,1,NO_LOCALLY_FEASIBLE_ACTION,
4.209,MYOPIC,1,3,4.209,0.36,51.83721625206807,PRESERVING,3.849,2,CONTINUE,
4.209,MYOPIC,2,2,3.849,0.36,69.59571421347596,DESTROYING,3.489,1,CONTINUE,
4.209,MYOPIC,3,1,3.489,,,,,1,NO_LOCALLY_FEASIBLE_ACTION,
4.21,MYOPIC,1,3,4.21,0.36,51.79683410671292,PRESERVING,3.85,2,CONTINUE,
4.21,MYOPIC,2,2,3.85,0.36,69.53590695732746,DESTROYING,3.49,1,CONTINUE,
4.21,MYOPIC,3,1,3.49,,,,,1,NO_LOCALLY_FEASIBLE_ACTION,
4.211,MYOPIC,1,3,4.211,0.36,51.756493895047356,PRESERVING,3.851,2,CONTINUE,
4.211,MYOPIC,2,2,3.851,0.36,69.47616820891334,DESTROYING,3.491,1,CONTINUE,
4.211,MYOPIC,3,1,3.491,,,,,1,NO_LOCALLY_FEASIBLE_ACTION,
4.212,MYOPIC,1,3,4.212,0.36,51.71619556265447,PRESERVING,3.852,2,CONTINUE,
4.212,MYOPIC,2,2,3.852,0.36,69.41649787016921,DESTROYING,3.492,1,CONTINUE,
4.212,MYOPIC,3,1,3.492,,,,,1,NO_LOCALLY_FEASIBLE_ACTION,
4.213,MYOPIC,1,3,4.213,0.36,51.675939055202036,PRESERVING,3.853,2,CONTINUE,
4.213,MYOPIC,2,2,3.853,0.36,69.35689584319914,DESTROYING,3.493,1,CONTINUE,
4.213,MYOPIC,3,1,3.493,,,,,1,NO_LOCALLY_FEASIBLE_ACTION,
4.214,MYOPIC,1,3,4.214,0.36,51.63572431844241,PRESERVING,3.854,2,CONTINUE,
4.214,MYOPIC,2,2,3.854,0.36,69.2973620302753,DESTROYING,3.494,1,CONTINUE,
4.214,MYOPIC,3,1,3.494,,,,,1,NO_LOCALLY_FEASIBLE_ACTION,
4.215,MYOPIC,1,3,4.215,0.36,51.59555129821238,PRESERVING,3.855,2,CONTINUE,
4.215,MYOPIC,2,2,3.855,0.36,69.23789633383763,DESTROYING,3.495,1,CONTINUE,
4.215,MYOPIC,3,1,3.495,,,,,1,NO_LOCALLY_FEASIBLE_ACTION,
4.216,MYOPIC,1,3,4.216,0.36,51.55541994043291,PRESERVING,3.856,2,CONTINUE,
4.216,MYOPIC,2,2,3.856,0.36,69.17849865649329,DESTROYING,3.496,1,CONTINUE,
4.216,MYOPIC,3,1,3.496,,,,,1,NO_LOCALLY_FEASIBLE_ACTION,
4.217,MYOPIC,1,3,4.217,0.36,51.515330191109136,PRESERVING,3.857,2,CONTINUE,
4.217,MYOPIC,2,2,3.857,0.36,69.11916890101668,DESTROYING,3.497,1,CONTINUE,
4.217,MYOPIC,3,1,3.497,,,,,1,NO_LOCALLY_FEASIBLE_ACTION,
4.218,MYOPIC,1,3,4.218,0.36,51.475281996330175,PRESERVING,3.858,2,CONTINUE,
4.218,MYOPIC,2,2,3.858,0.36,69.05990697034875,DESTROYING,3.498,1,CONTINUE,
4.218,MYOPIC,3,1,3.498,,,,,1,NO_LOCALLY_FEASIBLE_ACTION,
4.219,MYOPIC,1,3,4.219,0.36,51.43527530226886,PRESERVING,3.859,2,CONTINUE,
4.219,MYOPIC,2,2,3.859,0.36,69.00071276759702,DESTROYING,3.499,1,CONTINUE,
4.219,MYOPIC,3,1,3.499,,,,,1,NO_LOCALLY_FEASIBLE_ACTION,
4.22,MYOPIC,1,3,4.22,0.36,51.39531005518171,PRESERVING,3.86,2,CONTINUE,
4.22,MYOPIC,2,2,3.86,0.36,68.94158619603488,DESTROYING,3.5,1,CONTINUE,
4.22,MYOPIC,3,1,3.5,,,,,1,NO_LOCALLY_FEASIBLE_ACTION,
4.221,MYOPIC,1,3,4.221,0.36,51.35538620140876,PRESERVING,3.861,2,CONTINUE,
4.221,MYOPIC,2,2,3.861,0.36,68.88252715910161,DESTROYING,3.501,1,CONTINUE,
4.221,MYOPIC,3,1,3.501,,,,,1,NO_LOCALLY_FEASIBLE_ACTION,
4.222,MYOPIC,1,3,4.222,0.36,51.315503687373365,PRESERVING,3.862,2,CONTINUE,
4.222,MYOPIC,2,2,3.862,0.36,68.82353556040178,DESTROYING,3.502,1,CONTINUE,
4.222,MYOPIC,3,1,3.502,,,,,1,NO_LOCALLY_FEASIBLE_ACTION,
4.223,MYOPIC,1,3,4.223,0.36,51.275662459582094,PRESERVING,3.863,2,CONTINUE,
4.223,MYOPIC,2,2,3.863,0.36,68.76461130370494,DESTROYING,3.503,1,CONTINUE,
4.223,MYOPIC,3,1,3.503,,,,,1,NO_LOCALLY_FEASIBLE_ACTION,
4.224,MYOPIC,1,3,4.224,0.36,51.2358624646245,PRESERVING,3.864,2,CONTINUE,
4.224,MYOPIC,2,2,3.864,0.36,68.70575429294561,DESTROYING,3.504,1,CONTINUE,
4.224,MYOPIC,3,1,3.504,,,,,1,NO_LOCALLY_FEASIBLE_ACTION,
4.225,MYOPIC,1,3,4.225,0.36,51.196103649173104,PRESERVING,3.865,2,CONTINUE,
4.225,MYOPIC,2,2,3.865,0.36,68.64696443222255,DESTROYING,3.505,1,CONTINUE,
4.225,MYOPIC,3,1,3.505,,,,,1,NO_LOCALLY_FEASIBLE_ACTION,
4.226,MYOPIC,1,3,4.226,0.36,51.15638595998316,PRESERVING,3.866,2,CONTINUE,
4.226,MYOPIC,2,2,3.866,0.36,68.58824162579856,DESTROYING,3.506,1,CONTINUE,
4.226,MYOPIC,3,1,3.506,,,,,1,NO_LOCALLY_FEASIBLE_ACTION,
4.227,MYOPIC,1,3,4.227,0.36,51.11670934389245,PRESERVING,3.867,2,CONTINUE,
4.227,MYOPIC,2,2,3.867,0.36,68.52958577810027,DESTROYING,3.507,1,CONTINUE,
4.227,MYOPIC,3,1,3.507,,,,,1,NO_LOCALLY_FEASIBLE_ACTION,
4.228,MYOPIC,1,3,4.228,0.36,51.077073747821274,PRESERVING,3.868,2,CONTINUE,
4.228,MYOPIC,2,2,3.868,0.36,68.4709967937177,DESTROYING,3.508,1,CONTINUE,
4.228,MYOPIC,3,1,3.508,,,,,1,NO_LOCALLY_FEASIBLE_ACTION,
4.229,MYOPIC,1,3,4.229,0.36,51.03747911877214,PRESERVING,3.869,2,CONTINUE,
4.229,MYOPIC,2,2,3.869,0.36,68.41247457740404,DESTROYING,3.509,1,CONTINUE,
4.229,MYOPIC,3,1,3.509,,,,,1,NO_LOCALLY_FEASIBLE_ACTION,
4.23,MYOPIC,1,3,4.23,0.36,50.99792540382983,PRESERVING,3.87,2,CONTINUE,
4.23,MYOPIC,2,2,3.87,0.36,68.3540190340751,DESTROYING,3.51,1,CONTINUE,
4.23,MYOPIC,3,1,3.51,,,,,1,NO_LOCALLY_FEASIBLE_ACTION,
4.231,MYOPIC,1,3,4.231,0.36,50.958412550161015,PRESERVING,3.871,2,CONTINUE,
4.231,MYOPIC,2,2,3.871,0.36,68.29563006880919,DESTROYING,3.511,1,CONTINUE,
4.231,MYOPIC,3,1,3.511,,,,,1,NO_LOCALLY_FEASIBLE_ACTION,
4.232,MYOPIC,1,3,4.232,0.36,50.918940505014255,PRESERVING,3.872,2,CONTINUE,
4.232,MYOPIC,2,2,3.872,0.36,68.23730758684684,DESTROYING,3.512,1,CONTINUE,
4.232,MYOPIC,3,1,3.512,,,,,1,NO_LOCALLY_FEASIBLE_ACTION,
4.233,MYOPIC,1,3,4.233,0.36,50.87950921571976,PRESERVING,3.873,2,CONTINUE,
4.233,MYOPIC,2,2,3.873,0.36,68.17905149359025,DESTROYING,3.513,1,CONTINUE,
4.233,MYOPIC,3,1,3.513,,,,,1,NO_LOCALLY_FEASIBLE_ACTION,
4.234,MYOPIC,1,3,4.234,0.36,50.84011862968941,PRESERVING,3.874,2,CONTINUE,
4.234,MYOPIC,2,2,3.874,0.36,68.12086169460318,DESTROYING,3.514,1,CONTINUE,
4.234,MYOPIC,3,1,3.514,,,,,1,NO_LOCALLY_FEASIBLE_ACTION,
4.235,MYOPIC,1,3,4.235,0.36,50.80076869441637,PRESERVING,3.875,2,CONTINUE,
4.235,MYOPIC,2,2,3.875,0.36,68.06273809561046,DESTROYING,3.515,1,CONTINUE,
4.235,MYOPIC,3,1,3.515,,,,,1,NO_LOCALLY_FEASIBLE_ACTION,
4.236,MYOPIC,1,3,4.236,0.36,50.761459357475125,PRESERVING,3.876,2,CONTINUE,
4.236,MYOPIC,2,2,3.876,0.36,68.00468060249787,DESTROYING,3.516,1,CONTINUE,
4.236,MYOPIC,3,1,3.516,,,,,1,NO_LOCALLY_FEASIBLE_ACTION,
4.237,MYOPIC,1,3,4.237,0.36,50.72219056652126,PRESERVING,3.877,2,CONTINUE,
4.237,MYOPIC,2,2,3.877,0.36,67.9466891213116,DESTROYING,3.517,1,CONTINUE,
4.237,MYOPIC,3,1,3.517,,,,,1,NO_LOCALLY_FEASIBLE_ACTION,
4.238,MYOPIC,1,3,4.238,0.36,50.68296226929129,PRESERVING,3.878,2,CONTINUE,
4.238,MYOPIC,2,2,3.878,0.36,67.88876355825805,DESTROYING,3.518,1,CONTINUE,
4.238,MYOPIC,3,1,3.518,,,,,1,NO_LOCALLY_FEASIBLE_ACTION,
4.239,MYOPIC,1,3,4.239,0.36,50.64377441360266,PRESERVING,3.879,2,CONTINUE,
4.239,MYOPIC,2,2,3.879,0.36,67.83090381970355,DESTROYING,3.519,1,CONTINUE,
4.239,MYOPIC,3,1,3.519,,,,,1,NO_LOCALLY_FEASIBLE_ACTION,
4.24,MYOPIC,1,3,4.24,0.36,50.604626947353346,PRESERVING,3.88,2,CONTINUE,
4.24,MYOPIC,2,2,3.88,0.36,67.77310981217397,DESTROYING,3.52,1,CONTINUE,
4.24,MYOPIC,3,1,3.52,,,,,1,NO_LOCALLY_FEASIBLE_ACTION,
4.241,MYOPIC,1,3,4.241,0.36,50.56551981852196,PRESERVING,3.881,2,CONTINUE,
4.241,MYOPIC,2,2,3.881,0.36,67.71538144235436,DESTROYING,3.521,1,CONTINUE,
4.241,MYOPIC,3,1,3.521,,,,,1,NO_LOCALLY_FEASIBLE_ACTION,
4.242,MYOPIC,1,3,4.242,0.36,50.526452975167395,PRESERVING,3.882,2,CONTINUE,
4.242,MYOPIC,2,2,3.882,0.36,67.65771861708876,DESTROYING,3.522,1,CONTINUE,
4.242,MYOPIC,3,1,3.522,,,,,1,NO_LOCALLY_FEASIBLE_ACTION,
4.243,MYOPIC,1,3,4.243,0.36,50.487426365428945,PRESERVING,3.883,2,CONTINUE,
4.243,MYOPIC,2,2,3.883,0.36,67.60012124337977,DESTROYING,3.523,1,CONTINUE,
4.243,MYOPIC,3,1,3.523,,,,,1,NO_LOCALLY_FEASIBLE_ACTION,
4.244,MYOPIC,1,3,4.244,0.36,50.44843993752582,PRESERVING,3.884,2,CONTINUE,
4.244,MYOPIC,2,2,3.884,0.36,67.54258922838837,DESTROYING,3.524,1,CONTINUE,
4.244,MYOPIC,3,1,3.524,,,,,1,NO_LOCALLY_FEASIBLE_ACTION,
4.245,MYOPIC,1,3,4.245,0.36,50.40949363975729,PRESERVING,3.885,2,CONTINUE,
4.245,MYOPIC,2,2,3.885,0.36,67.48512247943339,DESTROYING,3.525,1,CONTINUE,
4.245,MYOPIC,3,1,3.525,,,,,1,NO_LOCALLY_FEASIBLE_ACTION,
4.246,MYOPIC,1,3,4.246,0.36,50.37058742050237,PRESERVING,3.886,2,CONTINUE,
4.246,MYOPIC,2,2,3.886,0.36,67.42772090399144,DESTROYING,3.526,1,CONTINUE,
4.246,MYOPIC,3,1,3.526,,,,,1,NO_LOCALLY_FEASIBLE_ACTION,
4.247,MYOPIC,1,3,4.247,0.36,50.3317212282198,PRESERVING,3.887,2,CONTINUE,
4.247,MYOPIC,2,2,3.887,0.36,67.37038440969644,DESTROYING,3.527,1,CONTINUE,
4.247,MYOPIC,3,1,3.527,,,,,1,NO_LOCALLY_FEASIBLE_ACTION,
4.248,MYOPIC,1,3,4.248,0.36,50.29289501144779,PRESERVING,3.888,2,CONTINUE,
4.248,MYOPIC,2,2,3.888,0.36,67.3131129043393,DESTROYING,3.528,1,CONTINUE,
4.248,MYOPIC,3,1,3.528,,,,,1,NO_LOCALLY_FEASIBLE_ACTION,
4.249,MYOPIC,1,3,4.249,0.36,50.25410871880395,PRESERVING,3.889,2,CONTINUE,
4.249,MYOPIC,2,2,3.889,0.36,67.25590629586777,DESTROYING,3.529,1,CONTINUE,
4.249,MYOPIC,3,1,3.529,,,,,1,NO_LOCALLY_FEASIBLE_ACTION,
4.25,MYOPIC,1,3,4.25,0.36,50.215362298985056,PRESERVING,3.89,2,CONTINUE,
4.25,MYOPIC,2,2,3.89,0.36,67.19876449238593,DESTROYING,3.53,1,CONTINUE,
4.25,MYOPIC,3,1,3.53,,,,,1,NO_LOCALLY_FEASIBLE_ACTION,
4.251,MYOPIC,1,3,4.251,0.36,50.17665570076711,PRESERVING,3.891,2,CONTINUE,
4.251,MYOPIC,2,2,3.891,0.36,67.14168740215395,DESTROYING,3.531,1,CONTINUE,
4.251,MYOPIC,3,1,3.531,,,,,1,NO_LOCALLY_FEASIBLE_ACTION,
4.252,MYOPIC,1,3,4.252,0.36,50.13798887300495,PRESERVING,3.892,2,CONTINUE,
4.252,MYOPIC,2,2,3.892,0.36,67.08467493358792,DESTROYING,3.532,1,CONTINUE,
4.252,MYOPIC,3,1,3.532,,,,,1,NO_LOCALLY_FEASIBLE_ACTION,
4.253,MYOPIC,1,3,4.253,0.36,50.09936176463223,PRESERVING,3.893,2,CONTINUE,
4.253,MYOPIC,2,2,3.893,0.36,67.02772699525933,DESTROYING,3.533,1,CONTINUE,
4.253,MYOPIC,3,1,3.533,,,,,1,NO_LOCALLY_FEASIBLE_ACTION,
4.254,MYOPIC,1,3,4.254,0.36,50.06077432466129,PRESERVING,3.894,2,CONTINUE,
4.254,MYOPIC,2,2,3.894,0.36,66.97084349589481,DESTROYING,3.534,1,CONTINUE,
4.254,MYOPIC,3,1,3.534,,,,,1,NO_LOCALLY_FEASIBLE_ACTION,
4.255,MYOPIC,1,3,4.255,0.36,50.02222650218303,PRESERVING,3.895,2,CONTINUE,
4.255,MYOPIC,2,2,3.895,0.36,66.91402434437595,DESTROYING,3.535,1,CONTINUE,
4.255,MYOPIC,3,1,3.535,,,,,1,NO_LOCALLY_FEASIBLE_ACTION,
4.256,MYOPIC,1,3,4.256,0.36,49.983718246366685,PRESERVING,3.896,2,CONTINUE,
4.256,MYOPIC,2,2,3.896,0.36,66.85726944973891,DESTROYING,3.536,1,CONTINUE,
4.256,MYOPIC,3,1,3.536,,,,,1,NO_LOCALLY_FEASIBLE_ACTION,
4.257,MYOPIC,1,3,4.257,0.36,49.94524950645972,PRESERVING,3.897,2,CONTINUE,
4.257,MYOPIC,2,2,3.897,0.36,66.80057872117408,DESTROYING,3.537,1,CONTINUE,
4.257,MYOPIC,3,1,3.537,,,,,1,NO_LOCALLY_FEASIBLE_ACTION,
4.258,MYOPIC,1,3,4.258,0.36,49.906820231787734,PRESERVING,3.898,2,CONTINUE,
4.258,MYOPIC,2,2,3.898,0.36,66.74395206802579,DESTROYING,3.538,1,CONTINUE,
4.258,MYOPIC,3,1,3.538,,,,,1,NO_LOCALLY_FEASIBLE_ACTION,
4.259,MYOPIC,1,3,4.259,0.36,49.86843037175427,PRESERVING,3.899,2,CONTINUE,
4.259,MYOPIC,2,2,3.899,0.36,66.68738939979204,DESTROYING,3.539,1,CONTINUE,
4.259,MYOPIC,3,1,3.539,,,,,1,NO_LOCALLY_FEASIBLE_ACTION,
4.26,MYOPIC,1,3,4.26,0.36,49.83007987584073,PRESERVING,3.9,2,CONTINUE,
4.26,MYOPIC,2,2,3.9,0.36,66.63089062612418,DESTROYING,3.54,1,CONTINUE,
4.26,MYOPIC,3,1,3.54,,,,,1,NO_LOCALLY_FEASIBLE_ACTION,
4.261,MYOPIC,1,3,4.261,0.36,49.79176869360613,PRESERVING,3.901,2,CONTINUE,
4.261,MYOPIC,2,2,3.901,0.36,66.57445565682667,DESTROYING,3.541,1,CONTINUE,
4.261,MYOPIC,3,1,3.541,,,,,1,NO_LOCALLY_FEASIBLE_ACTION,
4.262,MYOPIC,1,3,4.262,0.36,49.75349677468705,PRESERVING,3.902,2,CONTINUE,
4.262,MYOPIC,2,2,3.902,0.36,66.51808440185664,DESTROYING,3.542,1,CONTINUE,
4.262,MYOPIC,3,1,3.542,,,,,1,NO_LOCALLY_FEASIBLE_ACTION,
4.263,MYOPIC,1,3,4.263,0.36,49.71526406879751,PRESERVING,3.903,2,CONTINUE,
4.263,MYOPIC,2,2,3.903,0.36,66.4617767713236,DESTROYING,3.543,1,CONTINUE,
4.263,MYOPIC,3,1,3.543,,,,,1,NO_LOCALLY_FEASIBLE_ACTION,
4.264,MYOPIC,1,3,4.264,0.36,49.67707052572877,PRESERVING,3.904,2,CONTINUE,
4.264,MYOPIC,2,2,3.904,0.36,66.40553267548937,DESTROYING,3.544,1,CONTINUE,
4.264,MYOPIC,3,1,3.544,,,,,1,NO_LOCALLY_FEASIBLE_ACTION,
4.265,MYOPIC,1,3,4.265,0.36,49.638916095349224,PRESERVING,3.905,2,CONTINUE,
4.265,MYOPIC,2,2,3.905,0.36,66.34935202476751,DESTROYING,3.545,1,CONTINUE,
4.265,MYOPIC,3,1,3.545,,,,,1,NO_LOCALLY_FEASIBLE_ACTION,
4.266,MYOPIC,1,3,4.266,0.36,49.60080072760419,PRESERVING,3.906,2,CONTINUE,
4.266,MYOPIC,2,2,3.906,0.36,66.29323472972312,DESTROYING,3.546,1,CONTINUE,
4.266,MYOPIC,3,1,3.546,,,,,1,NO_LOCALLY_FEASIBLE_ACTION,
4.267,MYOPIC,1,3,4.267,0.36,49.56272437251595,PRESERVING,3.907,2,CONTINUE,
4.267,MYOPIC,2,2,3.907,0.36,66.23718070107255,DESTROYING,3.547,1,CONTINUE,
4.267,MYOPIC,3,1,3.547,,,,,1,NO_LOCALLY_FEASIBLE_ACTION,
4.268,MYOPIC,1,3,4.268,0.36,49.52468698018341,PRESERVING,3.908,2,CONTINUE,
4.268,MYOPIC,2,2,3.908,0.36,66.18118984968311,DESTROYING,3.548,1,CONTINUE,
4.268,MYOPIC,3,1,3.548,,,,,1,NO_LOCALLY_FEASIBLE_ACTION,
4.269,MYOPIC,1,3,4.269,0.36,49.48668850078208,PRESERVING,3.909,2,CONTINUE,
4.269,MYOPIC,2,2,3.909,0.36,66.12526208657277,DESTROYING,3.549,1,CONTINUE,
4.269,MYOPIC,3,1,3.549,,,,,1,NO_LOCALLY_FEASIBLE_ACTION,
4.27,MYOPIC,1,3,4.27,0.36,49.4487288845639,PRESERVING,3.91,2,CONTINUE,
4.27,MYOPIC,2,2,3.91,0.36,66.06939732290982,DESTROYING,3.55,1,CONTINUE,
4.27,MYOPIC,3,1,3.55,,,,,1,NO_LOCALLY_FEASIBLE_ACTION,
4.271,MYOPIC,1,3,4.271,0.36,49.41080808185711,PRESERVING,3.911,2,CONTINUE,
4.271,MYOPIC,2,2,3.911,0.36,66.01359547001255,DESTROYING,3.551,1,CONTINUE,
4.271,MYOPIC,3,1,3.551,,,,,1,NO_LOCALLY_FEASIBLE_ACTION,
4.272,MYOPIC,1,3,4.272,0.36,49.37292604306616,PRESERVING,3.912,2,CONTINUE,
4.272,MYOPIC,2,2,3.912,0.36,65.95785643934917,DESTROYING,3.552,1,CONTINUE,
4.272,MYOPIC,3,1,3.552,,,,,1,NO_LOCALLY_FEASIBLE_ACTION,
4.273,MYOPIC,1,3,4.273,0.36,49.335082718671444,PRESERVING,3.913,2,CONTINUE,
4.273,MYOPIC,2,2,3.913,0.36,65.9021801425372,DESTROYING,3.553,1,CONTINUE,
4.273,MYOPIC,3,1,3.553,,,,,1,NO_LOCALLY_FEASIBLE_ACTION,
4.274,MYOPIC,1,3,4.274,0.36,49.29727805922929,PRESERVING,3.914,2,CONTINUE,
4.274,MYOPIC,2,2,3.914,0.36,65.84656649134338,DESTROYING,3.554,1,CONTINUE,
4.274,MYOPIC,3,1,3.554,,,,,1,NO_LOCALLY_FEASIBLE_ACTION,
4.275,MYOPIC,1,3,4.275,0.36,49.25951201537183,PRESERVING,3.915,2,CONTINUE,
4.275,MYOPIC,2,2,3.915,0.36,65.79101539768331,DESTROYING,3.555,1,CONTINUE,
4.275,MYOPIC,3,1,3.555,,,,,1,NO_LOCALLY_FEASIBLE_ACTION,
4.276,MYOPIC,1,3,4.276,0.36,49.221784537806734,PRESERVING,3.916,2,CONTINUE,
4.276,MYOPIC,2,2,3.916,0.36,65.73552677362127,DESTROYING,3.556,1,CONTINUE,
4.276,MYOPIC,3,1,3.556,,,,,1,NO_LOCALLY_FEASIBLE_ACTION,
4.277,MYOPIC,1,3,4.277,0.36,49.18409557731721,PRESERVING,3.917,2,CONTINUE,
4.277,MYOPIC,2,2,3.917,0.36,65.68010053136966,DESTROYING,3.557,1,CONTINUE,
4.277,MYOPIC,3,1,3.557,,,,,1,NO_LOCALLY_FEASIBLE_ACTION,
4.278,MYOPIC,1,3,4.278,0.36,49.14644508476175,PRESERVING,3.918,2,CONTINUE,
4.278,MYOPIC,2,2,3.918,0.36,65.62473658328904,DESTROYING,3.558,1,CONTINUE,
4.278,MYOPIC,3,1,3.558,,,,,1,NO_LOCALLY_FEASIBLE_ACTION,
4.279,MYOPIC,1,3,4.279,0.36,49.108833011074196,PRESERVING,3.919,2,CONTINUE,
4.279,MYOPIC,2,2,3.919,0.36,65.56943484188749,DESTROYING,3.559,1,CONTINUE,
4.279,MYOPIC,3,1,3.559,,,,,1,NO_LOCALLY_FEASIBLE_ACTION,
4.28,MYOPIC,1,3,4.28,0.36,49.071259307263354,PRESERVING,3.92,2,CONTINUE,
4.28,MYOPIC,2,2,3.92,0.36,65.51419521982075,DESTROYING,3.56,1,CONTINUE,
4.28,MYOPIC,3,1,3.56,,,,,1,NO_LOCALLY_FEASIBLE_ACTION,
4.281,MYOPIC,1,3,4.281,0.36,49.03372392441303,PRESERVING,3.921,2,CONTINUE,
4.281,MYOPIC,2,2,3.921,0.36,65.4590176298915,DESTROYING,3.561,1,CONTINUE,
4.281,MYOPIC,3,1,3.561,,,,,1,NO_LOCALLY_FEASIBLE_ACTION,
4.282,MYOPIC,1,3,4.282,0.36,48.99622681368178,PRESERVING,3.922,2,CONTINUE,
4.282,MYOPIC,2,2,3.922,0.36,65.4039019850493,DESTROYING,3.562,1,CONTINUE,
4.282,MYOPIC,3,1,3.562,,,,,1,NO_LOCALLY_FEASIBLE_ACTION,
4.283,MYOPIC,1,3,4.283,0.36,48.958767926302954,PRESERVING,3.923,2,CONTINUE,
4.283,MYOPIC,2,2,3.923,0.36,65.34884819839029,DESTROYING,3.563,1,CONTINUE,
4.283,MYOPIC,3,1,3.563,,,,,1,NO_LOCALLY_FEASIBLE_ACTION,
4.284,MYOPIC,1,3,4.284,0.36,48.92134721358435,PRESERVING,3.924,2,CONTINUE,
4.284,MYOPIC,2,2,3.924,0.36,65.29385618315686,DESTROYING,3.564,1,CONTINUE,
4.284,MYOPIC,3,1,3.564,,,,,1,NO_LOCALLY_FEASIBLE_ACTION,
4.285,MYOPIC,1,3,4.285,0.36,48.88396462690824,PRESERVING,3.925,2,CONTINUE,
4.285,MYOPIC,2,2,3.925,0.36,65.23892585273738,DESTROYING,3.565,1,CONTINUE,
4.285,MYOPIC,3,1,3.565,,,,,1,NO_LOCALLY_FEASIBLE_ACTION,
4.286,MYOPIC,1,3,4.286,0.36,48.84662011773112,PRESERVING,3.926,2,CONTINUE,
4.286,MYOPIC,2,2,3.926,0.36,65.1840571206659,DESTROYING,3.566,1,CONTINUE,
4.286,MYOPIC,3,1,3.566,,,,,1,NO_LOCALLY_FEASIBLE_ACTION,
4.287,MYOPIC,1,3,4.287,0.36,48.80931363758369,PRESERVING,3.927,2,CONTINUE,
4.287,MYOPIC,2,2,3.927,0.36,65.12924990062183,DESTROYING,3.567,1,CONTINUE,
4.287,MYOPIC,3,1,3.567,,,,,1,NO_LOCALLY_FEASIBLE_ACTION,
4.288,MYOPIC,1,3,4.288,0.36,48.77204513807068,PRESERVING,3.928,2,CONTINUE,
4.288,MYOPIC,2,2,3.928,0.36,65.0745041064298,DESTROYING,3.568,1,CONTINUE,
4.288,MYOPIC,3,1,3.568,,,,,1,NO_LOCALLY_FEASIBLE_ACTION,
4.289,MYOPIC,1,3,4.289,0.36,48.73481457087064,PRESERVING,3.929,2,CONTINUE,
4.289,MYOPIC,2,2,3.929,0.36,65.01981965205917,DESTROYING,3.569,1,CONTINUE,
4.289,MYOPIC,3,1,3.569,,,,,1,NO_LOCALLY_FEASIBLE_ACTION,
4.29,MYOPIC,1,3,4.29,0.36,48.69762188773589,PRESERVING,3.93,2,CONTINUE,
4.29,MYOPIC,2,2,3.93,0.36,64.96519645162391,DESTROYING,3.57,1,CONTINUE,
4.29,MYOPIC,3,1,3.57,,,,,1,NO_LOCALLY_FEASIBLE_ACTION,
4.291,MYOPIC,1,3,4.291,0.36,48.660467040492456,PRESERVING,3.931,2,CONTINUE,
4.291,MYOPIC,2,2,3.931,0.36,64.91063441938222,DESTROYING,3.571,1,CONTINUE,
4.291,MYOPIC,3,1,3.571,,,,,1,NO_LOCALLY_FEASIBLE_ACTION,
4.292,MYOPIC,1,3,4.292,0.36,48.62334998103975,PRESERVING,3.932,2,CONTINUE,
4.292,MYOPIC,2,2,3.932,0.36,64.85613346973629,DESTROYING,3.572,1,CONTINUE,
4.292,MYOPIC,3,1,3.572,,,,,1,NO_LOCALLY_FEASIBLE_ACTION,
4.293,MYOPIC,1,3,4.293,0.36,48.586270661350575,PRESERVING,3.933,2,CONTINUE,
4.293,MYOPIC,2,2,3.933,0.36,64.80169351723207,DESTROYING,3.573,1,CONTINUE,
4.293,MYOPIC,3,1,3.573,,,,,1,NO_LOCALLY_FEASIBLE_ACTION,
4.294,MYOPIC,1,3,4.294,0.36,48.549229033471015,PRESERVING,3.934,2,CONTINUE,
4.294,MYOPIC,2,2,3.934,0.36,64.74731447655883,DESTROYING,3.574,1,CONTINUE,
4.294,MYOPIC,3,1,3.574,,,,,1,NO_LOCALLY_FEASIBLE_ACTION,
4.295,MYOPIC,1,3,4.295,0.36,48.51222504952019,PRESERVING,3.935,2,CONTINUE,
4.295,MYOPIC,2,2,3.935,0.36,64.69299626254904,DESTROYING,3.575,1,CONTINUE,
4.295,MYOPIC,3,1,3.575,,,,,1,NO_LOCALLY_FEASIBLE_ACTION,
4.296,MYOPIC,1,3,4.296,0.36,48.47525866169025,PRESERVING,3.936,2,CONTINUE,
4.296,MYOPIC,2,2,3.936,0.36,64.63873879017802,DESTROYING,3.576,1,CONTINUE,
4.296,MYOPIC,3,1,3.576,,,,,1,NO_LOCALLY_FEASIBLE_ACTION,
4.297,MYOPIC,1,3,4.297,0.36,48.43832982224611,PRESERVING,3.937,2,CONTINUE,
4.297,MYOPIC,2,2,3.937,0.36,64.58454197456369,DESTROYING,3.577,1,CONTINUE,
4.297,MYOPIC,3,1,3.577,,,,,1,NO_LOCALLY_FEASIBLE_ACTION,
4.298,MYOPIC,1,3,4.298,0.36,48.40143848352548,DESTROYING,3.938,2,CONTINUE,
4.298,MYOPIC,2,2,3.938,0.36,64.53040573096621,DESTROYING,3.578,1,CONTINUE,
4.298,MYOPIC,3,1,3.578,,,,,1,NO_LOCALLY_FEASIBLE_ACTION,
4.299,MYOPIC,1,3,4.299,0.36,48.364584597938595,DESTROYING,3.939,2,CONTINUE,
4.299,MYOPIC,2,2,3.939,0.36,64.47632997478777,DESTROYING,3.579,1,CONTINUE,
4.299,MYOPIC,3,1,3.579,,,,,1,NO_LOCALLY_FEASIBLE_ACTION,
4.3,MYOPIC,1,3,4.3,0.36,48.32776811796816,DESTROYING,3.94,2,CONTINUE,
4.3,MYOPIC,2,2,3.94,0.36,64.42231462157241,DESTROYING,3.58,1,CONTINUE,
4.3,MYOPIC,3,1,3.58,,,,,1,NO_LOCALLY_FEASIBLE_ACTION,
4.301,MYOPIC,1,3,4.301,0.36,48.29098899616919,DESTROYING,3.941,2,CONTINUE,
4.301,MYOPIC,2,2,3.941,0.36,64.36835958700551,DESTROYING,3.581,1,CONTINUE,
4.301,MYOPIC,3,1,3.581,,,,,1,NO_LOCALLY_FEASIBLE_ACTION,
4.302,MYOPIC,1,3,4.302,0.36,48.254247185168936,DESTROYING,3.942,2,CONTINUE,
4.302,MYOPIC,2,2,3.942,0.36,64.31446478691372,DESTROYING,3.582,1,CONTINUE,
4.302,MYOPIC,3,1,3.582,,,,,1,NO_LOCALLY_FEASIBLE_ACTION,
4.303,MYOPIC,1,3,4.303,0.36,48.217542637666696,DESTROYING,3.943,2,CONTINUE,
4.303,MYOPIC,2,2,3.943,0.36,64.26063013726453,DESTROYING,3.583,1,CONTINUE,
4.303,MYOPIC,3,1,3.583,,,,,1,NO_LOCALLY_FEASIBLE_ACTION,
4.304,MYOPIC,1,3,4.304,0.36,48.1808753064337,DESTROYING,3.944,2,CONTINUE,
4.304,MYOPIC,2,2,3.944,0.36,64.20685555416615,DESTROYING,3.584,1,CONTINUE,
4.304,MYOPIC,3,1,3.584,,,,,1,NO_LOCALLY_FEASIBLE_ACTION,
4.305,MYOPIC,1,3,4.305,0.36,48.144245144312976,DESTROYING,3.945,2,CONTINUE,
4.305,MYOPIC,2,2,3.945,0.36,64.15314095386712,DESTROYING,3.585,1,CONTINUE,
4.305,MYOPIC,3,1,3.585,,,,,1,NO_LOCALLY_FEASIBLE_ACTION,
4.306,MYOPIC,1,3,4.306,0.36,48.10765210421926,DESTROYING,3.946,2,CONTINUE,
4.306,MYOPIC,2,2,3.946,0.36,64.09948625275607,DESTROYING,3.586,1,CONTINUE,
4.306,MYOPIC,3,1,3.586,,,,,1,NO_LOCALLY_FEASIBLE_ACTION,
4.307,MYOPIC,1,3,4.307,0.36,48.071096139138874,DESTROYING,3.947,2,CONTINUE,
4.307,MYOPIC,2,2,3.947,0.36,64.04589136736142,DESTROYING,3.587,1,CONTINUE,
4.307,MYOPIC,3,1,3.587,,,,,1,NO_LOCALLY_FEASIBLE_ACTION,
4.308,MYOPIC,1,3,4.308,0.36,48.03457720212951,DESTROYING,3.948,2,CONTINUE,
4.308,MYOPIC,2,2,3.948,0.36,63.99235621435122,DESTROYING,3.588,1,CONTINUE,
4.308,MYOPIC,3,1,3.588,,,,,1,NO_LOCALLY_FEASIBLE_ACTION,
4.309,MYOPIC,1,3,4.309,0.36,47.9980952463202,DESTROYING,3.949,2,CONTINUE,
4.309,MYOPIC,2,2,3.949,0.36,63.93888071053272,DESTROYING,3.589,1,CONTINUE,
4.309,MYOPIC,3,1,3.589,,,,,1,NO_LOCALLY_FEASIBLE_ACTION,
4.31,MYOPIC,1,3,4.31,0.36,47.96165022491113,DESTROYING,3.95,2,CONTINUE,
4.31,MYOPIC,2,2,3.95,0.36,63.88546477285219,DESTROYING,3.59,1,CONTINUE,
4.31,MYOPIC,3,1,3.59,,,,,1,NO_LOCALLY_FEASIBLE_ACTION,
4.311,MYOPIC,1,3,4.311,0.36,47.92524209117362,DESTROYING,3.951,2,CONTINUE,
4.311,MYOPIC,2,2,3.951,0.36,63.8321083183946,DESTROYING,3.591,1,CONTINUE,
4.311,MYOPIC,3,1,3.591,,,,,1,NO_LOCALLY_FEASIBLE_ACTION,
4.312,MYOPIC,1,3,4.312,0.36,47.88887079844982,DESTROYING,3.952,2,CONTINUE,
4.312,MYOPIC,2,2,3.952,0.36,63.778811264383464,DESTROYING,3.592,1,CONTINUE,
4.312,MYOPIC,3,1,3.592,,,,,1,NO_LOCALLY_FEASIBLE_ACTION,
4.313,MYOPIC,1,3,4.313,0.36,47.85253630015269,DESTROYING,3.953,2,CONTINUE,
4.313,MYOPIC,2,2,3.953,0.36,63.72557352818044,DESTROYING,3.593,1,CONTINUE,
4.313,MYOPIC,3,1,3.593,,,,,1,NO_LOCALLY_FEASIBLE_ACTION,
4.314,MYOPIC,1,3,4.314,0.36,47.81623854976592,DESTROYING,3.954,2,CONTINUE,
4.314,MYOPIC,2,2,3.954,0.36,63.67239502728507,DESTROYING,3.594,1,CONTINUE,
4.314,MYOPIC,3,1,3.594,,,,,1,NO_LOCALLY_FEASIBLE_ACTION,
4.315,MYOPIC,1,3,4.315,0.36,47.779977500843714,DESTROYING,3.955,2,CONTINUE,
4.315,MYOPIC,2,2,3.955,0.36,63.61927567933458,DESTROYING,3.595,1,CONTINUE,
4.315,MYOPIC,3,1,3.595,,,,,1,NO_LOCALLY_FEASIBLE_ACTION,
4.316,MYOPIC,1,3,4.316,0.36,47.74375310701071,DESTROYING,3.956,2,CONTINUE,
4.316,MYOPIC,2,2,3.956,0.36,63.56621540210364,DESTROYING,3.596,1,CONTINUE,
4.316,MYOPIC,3,1,3.596,,,,,1,NO_LOCALLY_FEASIBLE_ACTION,
4.317,MYOPIC,1,3,4.317,0.36,47.70756532196184,DESTROYING,3.957,2,CONTINUE,
4.317,MYOPIC,2,2,3.957,0.36,63.513214113503956,DESTROYING,3.597,1,CONTINUE,
4.317,MYOPIC,3,1,3.597,,,,,1,NO_LOCALLY_FEASIBLE_ACTION,
4.318,MYOPIC,1,3,4.318,0.36,47.67141409946222,DESTROYING,3.958,2,CONTINUE,
4.318,MYOPIC,2,2,3.958,0.36,63.4602717315841,DESTROYING,3.598,1,CONTINUE,
4.318,MYOPIC,3,1,3.598,,,,,1,NO_LOCALLY_FEASIBLE_ACTION,
4.319,MYOPIC,1,3,4.319,0.36,47.635299393347026,DESTROYING,3.959,2,CONTINUE,
4.319,MYOPIC,2,2,3.959,0.36,63.40738817452926,DESTROYING,3.599,1,CONTINUE,
4.319,MYOPIC,3,1,3.599,,,,,1,NO_LOCALLY_FEASIBLE_ACTION,
4.32,MYOPIC,1,3,4.32,0.36,47.599221157521356,DESTROYING,3.96,2,CONTINUE,
4.32,MYOPIC,2,2,3.96,0.36,63.354563360660904,DESTROYING,3.6,1,CONTINUE,
4.32,MYOPIC,3,1,3.6,,,,,1,NO_LOCALLY_FEASIBLE_ACTION,
4.321,MYOPIC,1,3,4.321,0.36,47.5631793459601,DESTROYING,3.961,2,CONTINUE,
4.321,MYOPIC,2,2,3.961,0.36,63.30179720843666,DESTROYING,3.601,1,CONTINUE,
4.321,MYOPIC,3,1,3.601,,,,,1,NO_LOCALLY_FEASIBLE_ACTION,
4.322,MYOPIC,1,3,4.322,0.36,47.52717391270784,DESTROYING,3.962,2,CONTINUE,
4.322,MYOPIC,2,2,3.962,0.36,63.249089636449774,DESTROYING,3.602,1,CONTINUE,
4.322,MYOPIC,3,1,3.602,,,,,1,NO_LOCALLY_FEASIBLE_ACTION,
4.323,MYOPIC,1,3,4.323,0.36,47.49120481187877,DESTROYING,3.963,2,CONTINUE,
4.323,MYOPIC,2,2,3.963,0.36,63.19644056342916,DESTROYING,3.603,1,CONTINUE,
4.323,MYOPIC,3,1,3.603,,,,,1,NO_LOCALLY_FEASIBLE_ACTION,
4.324,MYOPIC,1,3,4.324,0.36,47.4552719976564,DESTROYING,3.964,2,CONTINUE,
4.324,MYOPIC,2,2,3.964,0.36,63.14384990823893,DESTROYING,3.604,1,CONTINUE,
4.324,MYOPIC,3,1,3.604,,,,,1,NO_LOCALLY_FEASIBLE_ACTION,
4.325,MYOPIC,1,3,4.325,0.36,47.419375424293655,DESTROYING,3.965,2,CONTINUE,
4.325,MYOPIC,2,2,3.965,0.36,63.09131758987825,DESTROYING,3.605,1,CONTINUE,
4.325,MYOPIC,3,1,3.605,,,,,1,NO_LOCALLY_FEASIBLE_ACTION,
4.326,MYOPIC,1,3,4.326,0.36,47.383515046112606,DESTROYING,3.966,2,CONTINUE,
4.326,MYOPIC,2,2,3.966,0.36,63.03884352748097,DESTROYING,3.606,1,CONTINUE,
4.326,MYOPIC,3,1,3.606,,,,,1,NO_LOCALLY_FEASIBLE_ACTION,
4.327,MYOPIC,1,3,4.327,0.36,47.34769081750445,DESTROYING,3.967,2,CONTINUE,
4.327,MYOPIC,2,2,3.967,0.36,62.98642764031541,DESTROYING,3.607,1,CONTINUE,
4.327,MYOPIC,3,1,3.607,,,,,1,NO_LOCALLY_FEASIBLE_ACTION,
4.328,MYOPIC,1,3,4.328,0.36,47.31190269292926,DESTROYING,3.968,2,CONTINUE,
4.328,MYOPIC,2,2,3.968,0.36,62.93406984778416,DESTROYING,3.608,1,CONTINUE,
4.328,MYOPIC,3,1,3.608,,,,,1,NO_LOCALLY_FEASIBLE_ACTION,
4.329,MYOPIC,1,3,4.329,0.36,47.27615062691596,DESTROYING,3.969,2,CONTINUE,
4.329,MYOPIC,2,2,3.969,0.36,62.8817700694238,DESTROYING,3.609,1,CONTINUE,
4.329,MYOPIC,3,1,3.609,,,,,1,NO_LOCALLY_FEASIBLE_ACTION,
4.33,MYOPIC,1,3,4.33,0.36,47.24043457406218,DESTROYING,3.97,2,CONTINUE,
4.33,MYOPIC,2,2,3.97,0.36,62.829528224904465,DESTROYING,3.61,1,CONTINUE,
4.33,MYOPIC,3,1,3.61,,,,,1,NO_LOCALLY_FEASIBLE_ACTION,
4.331,MYOPIC,1,3,4.331,0.36,47.20475448903415,DESTROYING,3.971,2,CONTINUE,
4.331,MYOPIC,2,2,3.971,0.36,62.77734423402983,DESTROYING,3.611,1,CONTINUE,
4.331,MYOPIC,3,1,3.611,,,,,1,NO_LOCALLY_FEASIBLE_ACTION,
4.332,MYOPIC,1,3,4.332,0.36,47.16911032656655,DESTROYING,3.972,2,CONTINUE,
4.332,MYOPIC,2,2,3.972,0.36,62.725218016736775,DESTROYING,3.612,1,CONTINUE,
4.332,MYOPIC,3,1,3.612,,,,,1,NO_LOCALLY_FEASIBLE_ACTION,
4.333,MYOPIC,1,3,4.333,0.36,47.13350204146242,DESTROYING,3.973,2,CONTINUE,
4.333,MYOPIC,2,2,3.973,0.36,62.67314949309503,DESTROYING,3.613,1,CONTINUE,
4.333,MYOPIC,3,1,3.613,,,,,1,NO_LOCALLY_FEASIBLE_ACTION,
4.334,MYOPIC,1,3,4.334,0.36,47.09792958859292,DESTROYING,3.974,2,CONTINUE,
4.334,MYOPIC,2,2,3.974,0.36,62.62113858330704,DESTROYING,3.614,1,CONTINUE,
4.334,MYOPIC,3,1,3.614,,,,,1,NO_LOCALLY_FEASIBLE_ACTION,
4.335,MYOPIC,1,3,4.335,0.36,47.0623929228975,DESTROYING,3.975,2,CONTINUE,
4.335,MYOPIC,2,2,3.975,0.36,62.5691852077076,DESTROYING,3.615,1,CONTINUE,
4.335,MYOPIC,3,1,3.615,,,,,1,NO_LOCALLY_FEASIBLE_ACTION,
4.336,MYOPIC,1,3,4.336,0.36,47.02689199938347,DESTROYING,3.976,2,CONTINUE,
4.336,MYOPIC,2,2,3.976,0.36,62.51728928676374,DESTROYING,3.616,1,CONTINUE,
4.336,MYOPIC,3,1,3.616,,,,,1,NO_LOCALLY_FEASIBLE_ACTION,
4.337,MYOPIC,1,3,4.337,0.36,46.99142677312595,DESTROYING,3.977,2,CONTINUE,
4.337,MYOPIC,2,2,3.977,0.36,62.46545074107433,DESTROYING,3.617,1,CONTINUE,
4.337,MYOPIC,3,1,3.617,,,,,1,NO_LOCALLY_FEASIBLE_ACTION,
4.338,MYOPIC,1,3,4.338,0.36,46.955997199267934,DESTROYING,3.978,2,CONTINUE,
4.338,MYOPIC,2,2,3.978,0.36,62.41366949136984,DESTROYING,3.618,1,CONTINUE,
4.338,MYOPIC,3,1,3.618,,,,,1,NO_LOCALLY_FEASIBLE_ACTION,
4.339,MYOPIC,1,3,4.339,0.36,46.92060323301997,DESTROYING,3.979,2,CONTINUE,
4.339,MYOPIC,2,2,3.979,0.36,62.36194545851222,DESTROYING,3.619,1,CONTINUE,
4.339,MYOPIC,3,1,3.619,,,,,1,NO_LOCALLY_FEASIBLE_ACTION,
4.34,MYOPIC,1,3,4.34,0.36,46.8852448296601,DESTROYING,3.98,2,CONTINUE,
4.34,MYOPIC,2,2,3.98,0.36,62.31027856349452,DESTROYING,3.62,1,CONTINUE,
4.34,MYOPIC,3,1,3.62,,,,,1,NO_LOCALLY_FEASIBLE_ACTION,
4.341,MYOPIC,1,3,4.341,0.36,46.84992194453378,DESTROYING,3.981,2,CONTINUE,
4.341,MYOPIC,2,2,3.981,0.36,62.258668727440615,DESTROYING,3.621,1,CONTINUE,
4.341,MYOPIC,3,1,3.621,,,,,1,NO_LOCALLY_FEASIBLE_ACTION,
4.342,MYOPIC,1,3,4.342,0.36,46.81463453305372,DESTROYING,3.982,2,CONTINUE,
4.342,MYOPIC,2,2,3.982,0.36,62.20711587160507,DESTROYING,3.622,1,CONTINUE,
4.342,MYOPIC,3,1,3.622,,,,,1,NO_LOCALLY_FEASIBLE_ACTION,
4.343,MYOPIC,1,3,4.343,0.36,46.77938255069979,DESTROYING,3.983,2,CONTINUE,
4.343,MYOPIC,2,2,3.983,0.36,62.15561991737277,DESTROYING,3.623,1,CONTINUE,
4.343,MYOPIC,3,1,3.623,,,,,1,NO_LOCALLY_FEASIBLE_ACTION,
4.344,MYOPIC,1,3,4.344,0.36,46.74416595301893,DESTROYING,3.984,2,CONTINUE,
4.344,MYOPIC,2,2,3.984,0.36,62.10418078625884,DESTROYING,3.624,1,CONTINUE,
4.344,MYOPIC,3,1,3.624,,,,,1,NO_LOCALLY_FEASIBLE_ACTION,
4.345,MYOPIC,1,3,4.345,0.36,46.70898469562487,DESTROYING,3.985,2,CONTINUE,
4.345,MYOPIC,2,2,3.985,0.36,62.05279839990808,DESTROYING,3.625,1,CONTINUE,
4.345,MYOPIC,3,1,3.625,,,,,1,NO_LOCALLY_FEASIBLE_ACTION,
4.346,MYOPIC,1,3,4.346,0.36,46.67383873419824,DESTROYING,3.986,2,CONTINUE,
4.346,MYOPIC,2,2,3.986,0.36,62.00147268009506,DESTROYING,3.626,1,CONTINUE,
4.346,MYOPIC,3,1,3.626,,,,,1,NO_LOCALLY_FEASIBLE_ACTION,
4.347,MYOPIC,1,3,4.347,0.36,46.63872802448637,DESTROYING,3.987,2,CONTINUE,
4.347,MYOPIC,2,2,3.987,0.36,61.950203548723685,DESTROYING,3.627,1,CONTINUE,
4.347,MYOPIC,3,1,3.627,,,,,1,NO_LOCALLY_FEASIBLE_ACTION,
4.348,MYOPIC,1,3,4.348,0.36,46.60365252230307,DESTROYING,3.988,2,CONTINUE,
4.348,MYOPIC,2,2,3.988,0.36,61.89899092782695,DESTROYING,3.628,1,CONTINUE,
4.348,MYOPIC,3,1,3.628,,,,,1,NO_LOCALLY_FEASIBLE_ACTION,
4.349,MYOPIC,1,3,4.349,0.36,46.568612183528614,DESTROYING,3.989,2,CONTINUE,
4.349,MYOPIC,2,2,3.989,0.36,61.847834739566736,DESTROYING,3.629,1,CONTINUE,
4.349,MYOPIC,3,1,3.629,,,,,1,NO_LOCALLY_FEASIBLE_ACTION,
4.35,MYOPIC,1,3,4.35,0.36,46.533606964109666,DESTROYING,3.99,2,CONTINUE,
4.35,MYOPIC,2,2,3.99,0.36,61.796734906233596,DESTROYING,3.63,1,CONTINUE,
4.35,MYOPIC,3,1,3.63,,,,,1,NO_LOCALLY_FEASIBLE_ACTION,
4.351,MYOPIC,1,3,4.351,0.36,46.49863682005904,DESTROYING,3.991,2,CONTINUE,
4.351,MYOPIC,2,2,3.991,0.36,61.74569135024639,DESTROYING,3.631,1,CONTINUE,
4.351,MYOPIC,3,1,3.631,,,,,1,NO_LOCALLY_FEASIBLE_ACTION,
4.352,MYOPIC,1,3,4.352,0.36,46.46370170745567,DESTROYING,3.992,2,CONTINUE,
4.352,MYOPIC,2,2,3.992,0.36,61.69470399415207,DESTROYING,3.632,1,CONTINUE,
4.352,MYOPIC,3,1,3.632,,,,,1,NO_LOCALLY_FEASIBLE_ACTION,
4.353,MYOPIC,1,3,4.353,0.36,46.428801582444464,DESTROYING,3.993,2,CONTINUE,
4.353,MYOPIC,2,2,3.993,0.36,61.64377276062561,DESTROYING,3.633,1,CONTINUE,
4.353,MYOPIC,3,1,3.633,,,,,1,NO_LOCALLY_FEASIBLE_ACTION,
4.354,MYOPIC,1,3,4.354,0.36,46.393936401236196,DESTROYING,3.994,2,CONTINUE,
4.354,MYOPIC,2,2,3.994,0.36,61.59289757246954,DESTROYING,3.634,1,CONTINUE,
4.354,MYOPIC,3,1,3.634,,,,,1,NO_LOCALLY_FEASIBLE_ACTION,
4.355,MYOPIC,1,3,4.355,0.36,46.359106120107406,DESTROYING,3.995,2,CONTINUE,
4.355,MYOPIC,2,2,3.995,0.36,61.54207835261369,DESTROYING,3.635,1,CONTINUE,
4.355,MYOPIC,3,1,3.635,,,,,1,NO_LOCALLY_FEASIBLE_ACTION,
4.356,MYOPIC,1,3,4.356,0.36,46.32431069540023,DESTROYING,3.996,2,CONTINUE,
4.356,MYOPIC,2,2,3.996,0.36,61.4913150241152,DESTROYING,3.636,1,CONTINUE,
4.356,MYOPIC,3,1,3.636,,,,,1,NO_LOCALLY_FEASIBLE_ACTION,
4.357,MYOPIC,1,3,4.357,0.36,46.289550083522386,DESTROYING,3.997,2,CONTINUE,
4.357,MYOPIC,2,2,3.997,0.36,61.44060751015802,DESTROYING,3.637,1,CONTINUE,
4.357,MYOPIC,3,1,3.637,,,,,1,NO_LOCALLY_FEASIBLE_ACTION,
4.358,MYOPIC,1,3,4.358,0.36,46.254824240946895,DESTROYING,3.998,2,CONTINUE,
4.358,MYOPIC,2,2,3.998,0.36,61.38995573405271,DESTROYING,3.638,1,CONTINUE,
4.358,MYOPIC,3,1,3.638,,,,,1,NO_LOCALLY_FEASIBLE_ACTION,
4.359,MYOPIC,1,3,4.359,0.36,46.22013312421219,DESTROYING,3.999,2,CONTINUE,
4.359,MYOPIC,2,2,3.999,0.36,61.33935961923631,DESTROYING,3.639,1,CONTINUE,
4.359,MYOPIC,3,1,3.639,,,,,1,NO_LOCALLY_FEASIBLE_ACTION,
4.36,MYOPIC,1,3,4.36,0.36,46.18547668992182,DESTROYING,4.0,2,CONTINUE,
4.36,MYOPIC,2,2,4.0,0.36,61.288819089272025,DESTROYING,3.64,1,CONTINUE,
4.36,MYOPIC,3,1,3.64,,,,,1,NO_LOCALLY_FEASIBLE_ACTION,
4.361,MYOPIC,1,3,4.361,0.36,46.15085489474435,DESTROYING,4.001,2,CONTINUE,
4.361,MYOPIC,2,2,4.001,0.36,61.23833406784898,DESTROYING,3.641,1,CONTINUE,
4.361,MYOPIC,3,1,3.641,,,,,1,NO_LOCALLY_FEASIBLE_ACTION,
4.362,MYOPIC,1,3,4.362,0.36,46.116267695413406,DESTROYING,4.002,2,CONTINUE,
4.362,MYOPIC,2,2,4.002,0.36,61.18790447878196,DESTROYING,3.642,1,CONTINUE,
4.362,MYOPIC,3,1,3.642,,,,,1,NO_LOCALLY_FEASIBLE_ACTION,
4.363,MYOPIC,1,3,4.363,0.36,46.0817150487273,DESTROYING,4.003,2,CONTINUE,
4.363,MYOPIC,2,2,4.003,0.36,61.13753024601123,DESTROYING,3.643,1,CONTINUE,
4.363,MYOPIC,3,1,3.643,,,,,1,NO_LOCALLY_FEASIBLE_ACTION,
4.364,MYOPIC,1,3,4.364,0.36,46.04719691154925,DESTROYING,4.004,2,CONTINUE,
4.364,MYOPIC,2,2,4.004,0.36,61.087211293602145,DESTROYING,3.644,1,CONTINUE,
4.364,MYOPIC,3,1,3.644,,,,,1,NO_LOCALLY_FEASIBLE_ACTION,
4.365,MYOPIC,1,3,4.365,0.36,46.0127132408069,DESTROYING,4.005,2,CONTINUE,
4.365,MYOPIC,2,2,4.005,0.36,61.03694754574524,DESTROYING,3.645,1,CONTINUE,
4.365,MYOPIC,3,1,3.645,,,,,1,NO_LOCALLY_FEASIBLE_ACTION,
4.366,MYOPIC,1,3,4.366,0.36,45.97826399349249,DESTROYING,4.006,2,CONTINUE,
4.366,MYOPIC,2,2,4.006,0.36,60.98673892675555,DESTROYING,3.646,1,CONTINUE,
4.366,MYOPIC,3,1,3.646,,,,,1,NO_LOCALLY_FEASIBLE_ACTION,
4.367,MYOPIC,1,3,4.367,0.36,45.943849126662684,DESTROYING,4.007,2,CONTINUE,
4.367,MYOPIC,2,2,4.007,0.36,60.93658536107271,DESTROYING,3.647,1,CONTINUE,
4.367,MYOPIC,3,1,3.647,,,,,1,NO_LOCALLY_FEASIBLE_ACTION,
4.368,MYOPIC,1,3,4.368,0.36,45.90946859743827,DESTROYING,4.008,2,CONTINUE,
4.368,MYOPIC,2,2,4.008,0.36,60.88648677326054,DESTROYING,3.648,1,CONTINUE,
4.368,MYOPIC,3,1,3.648,,,,,1,NO_LOCALLY_FEASIBLE_ACTION,
4.369,MYOPIC,1,3,4.369,0.36,45.87512236300431,DESTROYING,4.009,2,CONTINUE,
4.369,MYOPIC,2,2,4.009,0.36,60.83644308800696,DESTROYING,3.649,1,CONTINUE,
4.369,MYOPIC,3,1,3.649,,,,,1,NO_LOCALLY_FEASIBLE_ACTION,
4.37,MYOPIC,1,3,4.37,0.36,45.84081038060995,DESTROYING,4.01,2,CONTINUE,
4.37,MYOPIC,2,2,4.01,0.36,60.78645423012355,DESTROYING,3.65,1,CONTINUE,
4.37,MYOPIC,3,1,3.65,,,,,1,NO_LOCALLY_FEASIBLE_ACTION,
4.371,MYOPIC,1,3,4.371,0.36,45.8065326075681,DESTROYING,4.011,2,CONTINUE,
4.371,MYOPIC,2,2,4.011,0.36,60.73652012454544,DESTROYING,3.651,1,CONTINUE,
4.371,MYOPIC,3,1,3.651,,,,,1,NO_LOCALLY_FEASIBLE_ACTION,
4.372,MYOPIC,1,3,4.372,0.36,45.7722890012557,DESTROYING,4.012,2,CONTINUE,
4.372,MYOPIC,2,2,4.012,0.36,60.68664069633108,DESTROYING,3.652,1,CONTINUE,
4.372,MYOPIC,3,1,3.652,,,,,1,NO_LOCALLY_FEASIBLE_ACTION,
4.373,MYOPIC,1,3,4.373,0.36,45.7380795191132,DESTROYING,4.013,2,CONTINUE,
4.373,MYOPIC,2,2,4.013,0.36,60.63681587066202,DESTROYING,3.653,1,CONTINUE,
4.373,MYOPIC,3,1,3.653,,,,,1,NO_LOCALLY_FEASIBLE_ACTION,
4.374,MYOPIC,1,3,4.374,0.36,45.7039041186448,DESTROYING,4.014,2,CONTINUE,
4.374,MYOPIC,2,2,4.014,0.36,60.587045572842534,DESTROYING,3.654,1,CONTINUE,
4.374,MYOPIC,3,1,3.654,,,,,1,NO_LOCALLY_FEASIBLE_ACTION,
4.375,MYOPIC,1,3,4.375,0.36,45.66976275741815,DESTROYING,4.015,2,CONTINUE,
4.375,MYOPIC,2,2,4.015,0.36,60.53732972829954,DESTROYING,3.655,1,CONTINUE,
4.375,MYOPIC,3,1,3.655,,,,,1,NO_LOCALLY_FEASIBLE_ACTION,
4.376,MYOPIC,1,3,4.376,0.36,45.63565539306423,DESTROYING,4.016,2,CONTINUE,
4.376,MYOPIC,2,2,4.016,0.36,60.487668262582275,DESTROYING,3.656,1,CONTINUE,
4.376,MYOPIC,3,1,3.656,,,,,1,NO_LOCALLY_FEASIBLE_ACTION,
4.377,MYOPIC,1,3,4.377,0.36,45.60158198327736,DESTROYING,4.017,2,CONTINUE,
4.377,MYOPIC,2,2,4.017,0.36,60.43806110136218,DESTROYING,3.657,1,CONTINUE,
4.377,MYOPIC,3,1,3.657,,,,,1,NO_LOCALLY_FEASIBLE_ACTION,
4.378,MYOPIC,1,3,4.378,0.36,45.567542485815,DESTROYING,4.018,2,CONTINUE,
4.378,MYOPIC,2,2,4.018,0.36,60.38850817043245,DESTROYING,3.658,1,CONTINUE,
4.378,MYOPIC,3,1,3.658,,,,,1,NO_LOCALLY_FEASIBLE_ACTION,
4.379,MYOPIC,1,3,4.379,0.36,45.53353685849758,DESTROYING,4.019,2,CONTINUE,
4.379,MYOPIC,2,2,4.019,0.36,60.33900939570803,DESTROYING,3.659,1,CONTINUE,
4.379,MYOPIC,3,1,3.659,,,,,1,NO_LOCALLY_FEASIBLE_ACTION,
4.38,MYOPIC,1,3,4.38,0.36,45.49956505920863,DESTROYING,4.02,2,CONTINUE,
4.38,MYOPIC,2,2,4.02,0.36,60.2895647032252,DESTROYING,3.66,1,CONTINUE,
4.38,MYOPIC,3,1,3.66,,,,,1,NO_LOCALLY_FEASIBLE_ACTION,
4.381,MYOPIC,1,3,4.381,0.36,45.4656270458943,DESTROYING,4.021,2,CONTINUE,
4.381,MYOPIC,2,2,4.021,0.36,60.24017401914151,DESTROYING,3.661,1,CONTINUE,
4.381,MYOPIC,3,1,3.661,,,,,1,NO_LOCALLY_FEASIBLE_ACTION,
4.382,MYOPIC,1,3,4.382,0.36,45.43172277656366,DESTROYING,4.022,2,CONTINUE,
4.382,MYOPIC,2,2,4.022,0.36,60.19083726973547,DESTROYING,3.662,1,CONTINUE,
4.382,MYOPIC,3,1,3.662,,,,,1,NO_LOCALLY_FEASIBLE_ACTION,
4.383,MYOPIC,1,3,4.383,0.36,45.397852209288274,DESTROYING,4.023,2,CONTINUE,
4.383,MYOPIC,2,2,4.023,0.36,60.14155438140617,DESTROYING,3.663,1,CONTINUE,
4.383,MYOPIC,3,1,3.663,,,,,1,NO_LOCALLY_FEASIBLE_ACTION,
4.384,MYOPIC,1,3,4.384,0.36,45.36401530220222,DESTROYING,4.024,2,CONTINUE,
4.384,MYOPIC,2,2,4.024,0.36,60.09232528067336,DESTROYING,3.664,1,CONTINUE,
4.384,MYOPIC,3,1,3.664,,,,,1,NO_LOCALLY_FEASIBLE_ACTION,
4.385,MYOPIC,1,3,4.385,0.36,45.33021201350202,DESTROYING,4.025,2,CONTINUE,
4.385,MYOPIC,2,2,4.025,0.36,60.04314989417697,DESTROYING,3.665,1,CONTINUE,
4.385,MYOPIC,3,1,3.665,,,,,1,NO_LOCALLY_FEASIBLE_ACTION,
4.386,MYOPIC,1,3,4.386,0.36,45.29644230144643,DESTROYING,4.026,2,CONTINUE,
4.386,MYOPIC,2,2,4.026,0.36,59.994028148676975,DESTROYING,3.666,1,CONTINUE,
4.386,MYOPIC,3,1,3.666,,,,,1,NO_LOCALLY_FEASIBLE_ACTION,
4.387,MYOPIC,1,3,4.387,0.36,45.262706124356384,DESTROYING,4.027,2,CONTINUE,
4.387,MYOPIC,2,2,4.027,0.36,59.9449599710532,DESTROYING,3.667,1,CONTINUE,
4.387,MYOPIC,3,1,3.667,,,,,1,NO_LOCALLY_FEASIBLE_ACTION,
4.388,MYOPIC,1,3,4.388,0.36,45.22900344061496,DESTROYING,4.028,2,CONTINUE,
4.388,MYOPIC,2,2,4.028,0.36,59.895945288304915,DESTROYING,3.668,1,CONTINUE,
4.388,MYOPIC,3,1,3.668,,,,,1,NO_LOCALLY_FEASIBLE_ACTION,
4.389,MYOPIC,1,3,4.389,0.36,45.19533420866706,DESTROYING,4.029,2,CONTINUE,
4.389,MYOPIC,2,2,4.029,0.36,59.84698402755085,DESTROYING,3.669,1,CONTINUE,
4.389,MYOPIC,3,1,3.669,,,,,1,NO_LOCALLY_FEASIBLE_ACTION,
4.39,MYOPIC,1,3,4.39,0.36,45.16169838701954,DESTROYING,4.03,2,CONTINUE,
4.39,MYOPIC,2,2,4.03,0.36,59.79807611602888,DESTROYING,3.67,1,CONTINUE,
4.39,MYOPIC,3,1,3.67,,,,,1,NO_LOCALLY_FEASIBLE_ACTION,
4.391,MYOPIC,1,3,4.391,0.36,45.12809593424104,DESTROYING,4.031,2,CONTINUE,
4.391,MYOPIC,2,2,4.031,0.36,59.74922148109571,DESTROYING,3.671,1,CONTINUE,
4.391,MYOPIC,3,1,3.671,,,,,1,NO_LOCALLY_FEASIBLE_ACTION,
4.392,MYOPIC,1,3,4.392,0.36,45.09452680896169,DESTROYING,4.032,2,CONTINUE,
4.392,MYOPIC,2,2,4.032,0.36,59.700420050226654,DESTROYING,3.672,1,CONTINUE,
4.392,MYOPIC,3,1,3.672,,,,,1,NO_LOCALLY_FEASIBLE_ACTION,
4.393,MYOPIC,1,3,4.393,0.36,45.06099096987327,DESTROYING,4.033,2,CONTINUE,
4.393,MYOPIC,2,2,4.033,0.36,59.65167175101557,DESTROYING,3.673,1,CONTINUE,
4.393,MYOPIC,3,1,3.673,,,,,1,NO_LOCALLY_FEASIBLE_ACTION,
4.394,MYOPIC,1,3,4.394,0.36,45.02748837572899,DESTROYING,4.034,2,CONTINUE,
4.394,MYOPIC,2,2,4.034,0.36,59.60297651117456,DESTROYING,3.674,1,CONTINUE,
4.394,MYOPIC,3,1,3.674,,,,,1,NO_LOCALLY_FEASIBLE_ACTION,
4.395,MYOPIC,1,3,4.395,0.36,44.99401898534328,DESTROYING,4.035,2,CONTINUE,
4.395,MYOPIC,2,2,4.035,0.36,59.55433425853356,DESTROYING,3.675,1,CONTINUE,
4.395,MYOPIC,3,1,3.675,,,,,1,NO_LOCALLY_FEASIBLE_ACTION,
4.396,MYOPIC,1,3,4.396,0.36,44.96058275759192,DESTROYING,4.036,2,CONTINUE,
4.396,MYOPIC,2,2,4.036,0.36,59.50574492104035,DESTROYING,3.676,1,CONTINUE,
4.396,MYOPIC,3,1,3.676,,,,,1,NO_LOCALLY_FEASIBLE_ACTION,
4.397,MYOPIC,1,3,4.397,0.36,44.927179651411635,DESTROYING,4.037,2,CONTINUE,
4.397,MYOPIC,2,2,4.037,0.36,59.45720842676034,DESTROYING,3.677,1,CONTINUE,
4.397,MYOPIC,3,1,3.677,,,,,1,NO_LOCALLY_FEASIBLE_ACTION,
4.398,MYOPIC,1,3,4.398,0.36,44.89380962580027,DESTROYING,4.038,2,CONTINUE,
4.398,MYOPIC,2,2,4.038,0.36,59.408724703876146,DESTROYING,3.678,1,CONTINUE,
4.398,MYOPIC,3,1,3.678,,,,,1,NO_LOCALLY_FEASIBLE_ACTION,
4.399,MYOPIC,1,3,4.399,0.36,44.860472639816585,DESTROYING,4.039,2,CONTINUE,
4.399,MYOPIC,2,2,4.039,0.36,59.360293680687484,DESTROYING,3.679,1,CONTINUE,
4.399,MYOPIC,3,1,3.679,,,,,1,NO_LOCALLY_FEASIBLE_ACTION,
4.4,MYOPIC,1,3,4.4,0.36,44.827168652579985,DESTROYING,4.04,2,CONTINUE,
4.4,MYOPIC,2,2,4.04,0.36,59.31191528561094,DESTROYING,3.68,1,CONTINUE,
4.4,MYOPIC,3,1,3.68,,,,,1,NO_LOCALLY_FEASIBLE_ACTION,
4.401,MYOPIC,1,3,4.401,0.36,44.79389762327068,DESTROYING,4.041,2,CONTINUE,
4.401,MYOPIC,2,2,4.041,0.36,59.263589447179825,DESTROYING,3.681,1,CONTINUE,
4.401,MYOPIC,3,1,3.681,,,,,1,NO_LOCALLY_FEASIBLE_ACTION,
4.402,MYOPIC,1,3,4.402,0.36,44.76065951112946,DESTROYING,4.042,2,CONTINUE,
4.402,MYOPIC,2,2,4.042,0.36,59.215316094043835,DESTROYING,3.682,1,CONTINUE,
4.402,MYOPIC,3,1,3.682,,,,,1,NO_LOCALLY_FEASIBLE_ACTION,
4.403,MYOPIC,1,3,4.403,0.36,44.72745427545751,DESTROYING,4.043,2,CONTINUE,
4.403,MYOPIC,2,2,4.043,0.36,59.167095154968806,DESTROYING,3.683,1,CONTINUE,
4.403,MYOPIC,3,1,3.683,,,,,1,NO_LOCALLY_FEASIBLE_ACTION,
4.404,MYOPIC,1,3,4.404,0.36,44.69428187561646,DESTROYING,4.044,2,CONTINUE,
4.404,MYOPIC,2,2,4.044,0.36,59.118926558836634,DESTROYING,3.684,1,CONTINUE,
4.404,MYOPIC,3,1,3.684,,,,,1,NO_LOCALLY_FEASIBLE_ACTION,
4.405,MYOPIC,1,3,4.405,0.36,44.66114227102813,DESTROYING,4.045,2,CONTINUE,
4.405,MYOPIC,2,2,4.045,0.36,59.07081023464499,DESTROYING,3.685,1,CONTINUE,
4.405,MYOPIC,3,1,3.685,,,,,1,NO_LOCALLY_FEASIBLE_ACTION,
4.406,MYOPIC,1,3,4.406,0.36,44.62803542117457,DESTROYING,4.046,2,CONTINUE,
4.406,MYOPIC,2,2,4.046,0.36,59.02274611150704,DESTROYING,3.686,1,CONTINUE,
4.406,MYOPIC,3,1,3.686,,,,,1,NO_LOCALLY_FEASIBLE_ACTION,
4.407,MYOPIC,1,3,4.407,0.36,44.59496128559787,DESTROYING,4.047,2,CONTINUE,
4.407,MYOPIC,2,2,4.047,0.36,58.97473411865128,DESTROYING,3.687,1,CONTINUE,
4.407,MYOPIC,3,1,3.687,,,,,1,NO_LOCALLY_FEASIBLE_ACTION,
4.408,MYOPIC,1,3,4.408,0.36,44.56191982390002,DESTROYING,4.048,2,CONTINUE,
4.408,MYOPIC,2,2,4.048,0.36,58.92677418542132,DESTROYING,3.688,1,CONTINUE,
4.408,MYOPIC,3,1,3.688,,,,,1,NO_LOCALLY_FEASIBLE_ACTION,
4.409,MYOPIC,1,3,4.409,0.36,44.52891099574296,DESTROYING,4.049,2,CONTINUE,
4.409,MYOPIC,2,2,4.049,0.36,58.87886624127572,DESTROYING,3.689,1,CONTINUE,
4.409,MYOPIC,3,1,3.689,,,,,1,NO_LOCALLY_FEASIBLE_ACTION,
4.41,MYOPIC,1,3,4.41,0.36,44.49593476084829,DESTROYING,4.05,2,CONTINUE,
4.41,MYOPIC,2,2,4.05,0.36,58.83101021578763,DESTROYING,3.69,1,CONTINUE,
4.41,MYOPIC,3,1,3.69,,,,,1,NO_LOCALLY_FEASIBLE_ACTION,
4.411,MYOPIC,1,3,4.411,0.36,44.46299107899725,DESTROYING,4.051,2,CONTINUE,
4.411,MYOPIC,2,2,4.051,0.36,58.78320603864467,DESTROYING,3.691,1,CONTINUE,
4.411,MYOPIC,3,1,3.691,,,,,1,NO_LOCALLY_FEASIBLE_ACTION,
4.412,MYOPIC,1,3,4.412,0.36,44.43007991003068,DESTROYING,4.052,2,CONTINUE,
4.412,MYOPIC,2,2,4.052,0.36,58.7354536396487,DESTROYING,3.692,1,CONTINUE,
4.412,MYOPIC,3,1,3.692,,,,,1,NO_LOCALLY_FEASIBLE_ACTION,
4.413,MYOPIC,1,3,4.413,0.36,44.3972012138488,DESTROYING,4.053,2,CONTINUE,
4.413,MYOPIC,2,2,4.053,0.36,58.68775294871562,DESTROYING,3.693,1,CONTINUE,
4.413,MYOPIC,3,1,3.693,,,,,1,NO_LOCALLY_FEASIBLE_ACTION,
4.414,MYOPIC,1,3,4.414,0.36,44.3643549504112,DESTROYING,4.054,2,CONTINUE,
4.414,MYOPIC,2,2,4.054,0.36,58.64010389587514,DESTROYING,3.694,1,CONTINUE,
4.414,MYOPIC,3,1,3.694,,,,,1,NO_LOCALLY_FEASIBLE_ACTION,
4.415,MYOPIC,1,3,4.415,0.36,44.33154107973671,DESTROYING,4.055,2,CONTINUE,
4.415,MYOPIC,2,2,4.055,0.36,58.592506411270506,DESTROYING,3.695,1,CONTINUE,
4.415,MYOPIC,3,1,3.695,,,,,1,NO_LOCALLY_FEASIBLE_ACTION,
4.416,MYOPIC,1,3,4.416,0.36,44.298759561903246,DESTROYING,4.056,2,CONTINUE,
4.416,MYOPIC,2,2,4.056,0.36,58.54496042515837,DESTROYING,3.696,1,CONTINUE,
4.416,MYOPIC,3,1,3.696,,,,,1,NO_LOCALLY_FEASIBLE_ACTION,
4.417,MYOPIC,1,3,4.417,0.36,44.266010357047755,DESTROYING,4.057,2,CONTINUE,
4.417,MYOPIC,2,2,4.057,0.36,58.49746586790855,DESTROYING,3.697,1,CONTINUE,
4.417,MYOPIC,3,1,3.697,,,,,1,NO_LOCALLY_FEASIBLE_ACTION,
4.418,MYOPIC,1,3,4.418,0.36,44.23329342536616,DESTROYING,4.058,2,CONTINUE,
4.418,MYOPIC,2,2,4.058,0.36,58.45002267000382,DESTROYING,3.698,1,CONTINUE,
4.418,MYOPIC,3,1,3.698,,,,,1,NO_LOCALLY_FEASIBLE_ACTION,
4.419,MYOPIC,1,3,4.419,0.36,44.20060872711316,DESTROYING,4.059,2,CONTINUE,
4.419,MYOPIC,2,2,4.059,0.36,58.40263076203965,DESTROYING,3.699,1,CONTINUE,
4.419,MYOPIC,3,1,3.699,,,,,1,NO_LOCALLY_FEASIBLE_ACTION,
4.42,MYOPIC,1,3,4.42,0.36,44.16795622260222,DESTROYING,4.06,2,CONTINUE,
4.42,MYOPIC,2,2,4.06,0.36,58.35529007472402,DESTROYING,3.7,1,CONTINUE,
4.42,MYOPIC,3,1,3.7,,,,,1,NO_LOCALLY_FEASIBLE_ACTION,
4.421,MYOPIC,1,3,4.421,0.36,44.13533587220534,DESTROYING,4.061,2,CONTINUE,
4.421,MYOPIC,2,2,4.061,0.36,58.30800053887728,DESTROYING,3.701,1,CONTINUE,
4.421,MYOPIC,3,1,3.701,,,,,1,NO_LOCALLY_FEASIBLE_ACTION,
4.422,MYOPIC,1,3,4.422,0.36,44.10274763635313,DESTROYING,4.062,2,CONTINUE,
4.422,MYOPIC,2,2,4.062,0.36,58.26076208543178,DESTROYING,3.702,1,CONTINUE,
4.422,MYOPIC,3,1,3.702,,,,,1,NO_LOCALLY_FEASIBLE_ACTION,
4.423,MYOPIC,1,3,4.423,0.36,44.07019147553461,DESTROYING,4.063,2,CONTINUE,
4.423,MYOPIC,2,2,4.063,0.36,58.213574645431834,DESTROYING,3.703,1,CONTINUE,
4.423,MYOPIC,3,1,3.703,,,,,1,NO_LOCALLY_FEASIBLE_ACTION,
4.424,MYOPIC,1,3,4.424,0.36,44.03766735029706,DESTROYING,4.064,2,CONTINUE,
4.424,MYOPIC,2,2,4.064,0.36,58.166438150033386,DESTROYING,3.704,1,CONTINUE,
4.424,MYOPIC,3,1,3.704,,,,,1,NO_LOCALLY_FEASIBLE_ACTION,
4.425,MYOPIC,1,3,4.425,0.36,44.00517522124601,DESTROYING,4.065,2,CONTINUE,
4.425,MYOPIC,2,2,4.065,0.36,58.11935253050383,DESTROYING,3.705,1,CONTINUE,
4.425,MYOPIC,3,1,3.705,,,,,1,NO_LOCALLY_FEASIBLE_ACTION,
4.426,MYOPIC,1,3,4.426,0.36,43.972715049045185,DESTROYING,4.066,2,CONTINUE,
4.426,MYOPIC,2,2,4.066,0.36,58.07231771822184,DESTROYING,3.706,1,CONTINUE,
4.426,MYOPIC,3,1,3.706,,,,,1,NO_LOCALLY_FEASIBLE_ACTION,
4.427,MYOPIC,1,3,4.427,0.36,43.940286794416174,DESTROYING,4.067,2,CONTINUE,
4.427,MYOPIC,2,2,4.067,0.36,58.02533364467711,DESTROYING,3.707,1,CONTINUE,
4.427,MYOPIC,3,1,3.707,,,,,1,NO_LOCALLY_FEASIBLE_ACTION,
4.428,MYOPIC,1,3,4.428,0.36,43.907890418138614,DESTROYING,4.068,2,CONTINUE,
4.428,MYOPIC,2,2,4.068,0.36,57.97840024147011,DESTROYING,3.708,1,CONTINUE,
4.428,MYOPIC,3,1,3.708,,,,,1,NO_LOCALLY_FEASIBLE_ACTION,
4.429,MYOPIC,1,3,4.429,0.36,43.87552588104985,DESTROYING,4.069,2,CONTINUE,
4.429,MYOPIC,2,2,4.069,0.36,57.93151744031205,DESTROYING,3.709,1,CONTINUE,
4.429,MYOPIC,3,1,3.709,,,,,1,NO_LOCALLY_FEASIBLE_ACTION,
4.43,MYOPIC,1,3,4.43,0.36,43.843193144045095,DESTROYING,4.07,2,CONTINUE,
4.43,MYOPIC,2,2,4.07,0.36,57.884685173024444,DESTROYING,3.71,1,CONTINUE,
4.43,MYOPIC,3,1,3.71,,,,,1,NO_LOCALLY_FEASIBLE_ACTION,
4.431,MYOPIC,1,3,4.431,0.36,43.810892168077054,DESTROYING,4.071,2,CONTINUE,
4.431,MYOPIC,2,2,4.071,0.36,57.837903371539085,DESTROYING,3.711,1,CONTINUE,
4.431,MYOPIC,3,1,3.711,,,,,1,NO_LOCALLY_FEASIBLE_ACTION,
4.432,MYOPIC,1,3,4.432,0.36,43.778622914155996,DESTROYING,4.072,2,CONTINUE,
4.432,MYOPIC,2,2,4.072,0.36,57.79117196789761,DESTROYING,3.712,1,CONTINUE,
4.432,MYOPIC,3,1,3.712,,,,,1,NO_LOCALLY_FEASIBLE_ACTION,
4.433,MYOPIC,1,3,4.433,0.36,43.7463853433496,DESTROYING,4.073,2,CONTINUE,
4.433,MYOPIC,2,2,4.073,0.36,57.74449089425169,DESTROYING,3.713,1,CONTINUE,
4.433,MYOPIC,3,1,3.713,,,,,1,NO_LOCALLY_FEASIBLE_ACTION,
4.434,MYOPIC,1,3,4.434,0.36,43.71417941678293,DESTROYING,4.074,2,CONTINUE,
4.434,MYOPIC,2,2,4.074,0.36,57.697860082862384,DESTROYING,3.714,1,CONTINUE,
4.434,MYOPIC,3,1,3.714,,,,,1,NO_LOCALLY_FEASIBLE_ACTION,
4.435,MYOPIC,1,3,4.435,0.36,43.682005095638175,DESTROYING,4.075,2,CONTINUE,
4.435,MYOPIC,2,2,4.075,0.36,57.651279466100135,DESTROYING,3.715,1,CONTINUE,
4.435,MYOPIC,3,1,3.715,,,,,1,NO_LOCALLY_FEASIBLE_ACTION,
4.436,MYOPIC,1,3,4.436,0.36,43.64986234115474,DESTROYING,4.076,2,CONTINUE,
4.436,MYOPIC,2,2,4.076,0.36,57.604748976444654,DESTROYING,3.716,1,CONTINUE,
4.436,MYOPIC,3,1,3.716,,,,,1,NO_LOCALLY_FEASIBLE_ACTION,
4.437,MYOPIC,1,3,4.437,0.36,43.61775111462897,DESTROYING,4.077,2,CONTINUE,
4.437,MYOPIC,2,2,4.077,0.36,57.55826854648456,DESTROYING,3.717,1,CONTINUE,
4.437,MYOPIC,3,1,3.717,,,,,1,NO_LOCALLY_FEASIBLE_ACTION,
4.438,MYOPIC,1,3,4.438,0.36,43.58567137741422,DESTROYING,4.078,2,CONTINUE,
4.438,MYOPIC,2,2,4.078,0.36,57.51183810891722,DESTROYING,3.718,1,CONTINUE,
4.438,MYOPIC,3,1,3.718,,,,,1,NO_LOCALLY_FEASIBLE_ACTION,
4.439,MYOPIC,1,3,4.439,0.36,43.553623090920695,DESTROYING,4.079,2,CONTINUE,
4.439,MYOPIC,2,2,4.079,0.36,57.46545759654853,DESTROYING,3.719,1,CONTINUE,
4.439,MYOPIC,3,1,3.719,,,,,1,NO_LOCALLY_FEASIBLE_ACTION,
4.44,MYOPIC,1,3,4.44,0.36,43.521606216615226,DESTROYING,4.08,2,CONTINUE,
4.44,MYOPIC,2,2,4.08,0.36,57.4191269422928,DESTROYING,3.72,1,CONTINUE,
4.44,MYOPIC,3,1,3.72,,,,,1,NO_LOCALLY_FEASIBLE_ACTION,
4.441,MYOPIC,1,3,4.441,0.36,43.48962071602136,DESTROYING,4.081,2,CONTINUE,
4.441,MYOPIC,2,2,4.081,0.36,57.37284607917246,DESTROYING,3.721,1,CONTINUE,
4.441,MYOPIC,3,1,3.721,,,,,1,NO_LOCALLY_FEASIBLE_ACTION,
4.442,MYOPIC,1,3,4.442,0.36,43.45766655071922,DESTROYING,4.082,2,CONTINUE,
4.442,MYOPIC,2,2,4.082,0.36,57.326614940317846,DESTROYING,3.722,1,CONTINUE,
4.442,MYOPIC,3,1,3.722,,,,,1,NO_LOCALLY_FEASIBLE_ACTION,
4.443,MYOPIC,1,3,4.443,0.36,43.42574368234526,DESTROYING,4.083,2,CONTINUE,
4.443,MYOPIC,2,2,4.083,0.36,57.28043345896708,DESTROYING,3.723,1,CONTINUE,
4.443,MYOPIC,3,1,3.723,,,,,1,NO_LOCALLY_FEASIBLE_ACTION,
4.444,MYOPIC,1,3,4.444,0.36,43.39385207259243,DESTROYING,4.084,2,CONTINUE,
4.444,MYOPIC,2,2,4.084,0.36,57.23430156846579,DESTROYING,3.724,1,CONTINUE,
4.444,MYOPIC,3,1,3.724,,,,,1,NO_LOCALLY_FEASIBLE_ACTION,
4.445,MYOPIC,1,3,4.445,0.36,43.36199168320975,DESTROYING,4.085,2,CONTINUE,
4.445,MYOPIC,2,2,4.085,0.36,57.188219202266936,DESTROYING,3.725,1,CONTINUE,
4.445,MYOPIC,3,1,3.725,,,,,1,NO_LOCALLY_FEASIBLE_ACTION,
4.446,MYOPIC,1,3,4.446,0.36,43.33016247600254,DESTROYING,4.086,2,CONTINUE,
4.446,MYOPIC,2,2,4.086,0.36,57.14218629393066,DESTROYING,3.726,1,CONTINUE,
4.446,MYOPIC,3,1,3.726,,,,,1,NO_LOCALLY_FEASIBLE_ACTION,
4.447,MYOPIC,1,3,4.447,0.36,43.298364412832186,DESTROYING,4.087,2,CONTINUE,
4.447,MYOPIC,2,2,4.087,0.36,57.09620277712396,DESTROYING,3.727,1,CONTINUE,
4.447,MYOPIC,3,1,3.727,,,,,1,NO_LOCALLY_FEASIBLE_ACTION,
4.448,MYOPIC,1,3,4.448,0.36,43.2665974556159,DESTROYING,4.088,2,CONTINUE,
4.448,MYOPIC,2,2,4.088,0.36,57.05026858562059,DESTROYING,3.728,1,CONTINUE,
4.448,MYOPIC,3,1,3.728,,,,,1,NO_LOCALLY_FEASIBLE_ACTION,
4.449,MYOPIC,1,3,4.449,0.36,43.234861566326884,DESTROYING,4.089,2,CONTINUE,
4.449,MYOPIC,2,2,4.089,0.36,57.0043836533009,DESTROYING,3.729,1,CONTINUE,
4.449,MYOPIC,3,1,3.729,,,,,1,NO_LOCALLY_FEASIBLE_ACTION,
4.45,MYOPIC,1,3,4.45,0.36,43.20315670699411,DESTROYING,4.09,2,CONTINUE,
4.45,MYOPIC,2,2,4.09,0.36,56.95854791415147,DESTROYING,3.73,1,CONTINUE,
4.45,MYOPIC,3,1,3.73,,,,,1,NO_LOCALLY_FEASIBLE_ACTION,
4.451,MYOPIC,1,3,4.451,0.36,43.1714828397021,DESTROYING,4.091,2,CONTINUE,
4.451,MYOPIC,2,2,4.091,0.36,56.912761302265054,DESTROYING,3.731,1,CONTINUE,
4.451,MYOPIC,3,1,3.731,,,,,1,NO_LOCALLY_FEASIBLE_ACTION,
4.452,MYOPIC,1,3,4.452,0.36,43.139839926591144,DESTROYING,4.092,2,CONTINUE,
4.452,MYOPIC,2,2,4.092,0.36,56.86702375184036,DESTROYING,3.732,1,CONTINUE,
4.452,MYOPIC,3,1,3.732,,,,,1,NO_LOCALLY_FEASIBLE_ACTION,
4.453,MYOPIC,1,3,4.453,0.36,43.10822792985685,DESTROYING,4.093,2,CONTINUE,
4.453,MYOPIC,2,2,4.093,0.36,56.82133519718181,DESTROYING,3.733,1,CONTINUE,
4.453,MYOPIC,3,1,3.733,,,,,1,NO_LOCALLY_FEASIBLE_ACTION,
4.454,MYOPIC,1,3,4.454,0.36,43.0766468117503,DESTROYING,4.094,2,CONTINUE,
4.454,MYOPIC,2,2,4.094,0.36,56.775695572699355,DESTROYING,3.734,1,CONTINUE,
4.454,MYOPIC,3,1,3.734,,,,,1,NO_LOCALLY_FEASIBLE_ACTION,
4.455,MYOPIC,1,3,4.455,0.36,43.045096534577894,DESTROYING,4.095,2,CONTINUE,
4.455,MYOPIC,2,2,4.095,0.36,56.73010481290829,DESTROYING,3.735,1,CONTINUE,
4.455,MYOPIC,3,1,3.735,,,,,1,NO_LOCALLY_FEASIBLE_ACTION,
4.456,MYOPIC,1,3,4.456,0.36,43.01357706070116,DESTROYING,4.096,2,CONTINUE,
4.456,MYOPIC,2,2,4.096,0.36,56.68456285242903,DESTROYING,3.736,1,CONTINUE,
4.456,MYOPIC,3,1,3.736,,,,,1,NO_LOCALLY_FEASIBLE_ACTION,
4.457,MYOPIC,1,3,4.457,0.36,42.98208835253676,DESTROYING,4.097,2,CONTINUE,
4.457,MYOPIC,2,2,4.097,0.36,56.639069625987005,DESTROYING,3.737,1,CONTINUE,
4.457,MYOPIC,3,1,3.737,,,,,1,NO_LOCALLY_FEASIBLE_ACTION,
4.458,MYOPIC,1,3,4.458,0.36,42.950630372556446,DESTROYING,4.098,2,CONTINUE,
4.458,MYOPIC,2,2,4.098,0.36,56.59362506841227,DESTROYING,3.738,1,CONTINUE,
4.458,MYOPIC,3,1,3.738,,,,,1,NO_LOCALLY_FEASIBLE_ACTION,
4.459,MYOPIC,1,3,4.459,0.36,42.919203083286774,DESTROYING,4.099,2,CONTINUE,
4.459,MYOPIC,2,2,4.099,0.36,56.54822911463953,DESTROYING,3.739,1,CONTINUE,
4.459,MYOPIC,3,1,3.739,,,,,1,NO_LOCALLY_FEASIBLE_ACTION,
4.46,MYOPIC,1,3,4.46,0.36,42.887806447309195,DESTROYING,4.1,2,CONTINUE,
4.46,MYOPIC,2,2,4.1,0.36,56.502881699707814,DESTROYING,3.74,1,CONTINUE,
4.46,MYOPIC,3,1,3.74,,,,,1,NO_LOCALLY_FEASIBLE_ACTION,
4.461,MYOPIC,1,3,4.461,0.36,42.85644042725985,DESTROYING,4.101,2,CONTINUE,
4.461,MYOPIC,2,2,4.101,0.36,56.457582758760324,DESTROYING,3.741,1,CONTINUE,
4.461,MYOPIC,3,1,3.741,,,,,1,NO_LOCALLY_FEASIBLE_ACTION,
4.462,MYOPIC,1,3,4.462,0.36,42.825104985829554,DESTROYING,4.102,2,CONTINUE,
4.462,MYOPIC,2,2,4.102,0.36,56.41233222704422,DESTROYING,3.742,1,CONTINUE,
4.462,MYOPIC,3,1,3.742,,,,,1,NO_LOCALLY_FEASIBLE_ACTION,
4.463,MYOPIC,1,3,4.463,0.36,42.79380008576369,DESTROYING,4.103,2,CONTINUE,
4.463,MYOPIC,2,2,4.103,0.36,56.36713003991038,DESTROYING,3.743,1,CONTINUE,
4.463,MYOPIC,3,1,3.743,,,,,1,NO_LOCALLY_FEASIBLE_ACTION,
4.464,MYOPIC,1,3,4.464,0.36,42.76252568986201,DESTROYING,4.104,2,CONTINUE,
4.464,MYOPIC,2,2,4.104,0.36,56.3219761328133,DESTROYING,3.744,1,CONTINUE,
4.464,MYOPIC,3,1,3.744,,,,,1,NO_LOCALLY_FEASIBLE_ACTION,
4.465,MYOPIC,1,3,4.465,0.36,42.731281760978696,DESTROYING,4.105,2,CONTINUE,
4.465,MYOPIC,2,2,4.105,0.36,56.27687044131094,DESTROYING,3.745,1,CONTINUE,
4.465,MYOPIC,3,1,3.745,,,,,1,NO_LOCALLY_FEASIBLE_ACTION,
4.466,MYOPIC,1,3,4.466,0.36,42.7000682620222,DESTROYING,4.106,2,CONTINUE,
4.466,MYOPIC,2,2,4.106,0.36,56.23181290106433,DESTROYING,3.746,1,CONTINUE,
4.466,MYOPIC,3,1,3.746,,,,,1,NO_LOCALLY_FEASIBLE_ACTION,
4.467,MYOPIC,1,3,4.467,0.36,42.668885155955095,DESTROYING,4.107,2,CONTINUE,
4.467,MYOPIC,2,2,4.107,0.36,56.18680344783754,DESTROYING,3.747,1,CONTINUE,
4.467,MYOPIC,3,1,3.747,,,,,1,NO_LOCALLY_FEASIBLE_ACTION,
4.468,MYOPIC,1,3,4.468,0.36,42.63773240579409,DESTROYING,4.108,2,CONTINUE,
4.468,MYOPIC,2,2,4.108,0.36,56.141842017497424,DESTROYING,3.748,1,CONTINUE,
4.468,MYOPIC,3,1,3.748,,,,,1,NO_LOCALLY_FEASIBLE_ACTION,
4.469,MYOPIC,1,3,4.469,0.36,42.606609974609825,DESTROYING,4.109,2,CONTINUE,
4.469,MYOPIC,2,2,4.109,0.36,56.09692854601351,DESTROYING,3.749,1,CONTINUE,
4.469,MYOPIC,3,1,3.749,,,,,1,NO_LOCALLY_FEASIBLE_ACTION,
4.47,MYOPIC,1,3,4.47,0.36,42.5755178255269,DESTROYING,4.11,2,CONTINUE,
4.47,MYOPIC,2,2,4.11,0.36,56.052062969457715,DESTROYING,3.75,1,CONTINUE,
4.47,MYOPIC,3,1,3.75,,,,,1,NO_LOCALLY_FEASIBLE_ACTION,
4.471,MYOPIC,1,3,4.471,0.36,42.544455921723696,DESTROYING,4.111,2,CONTINUE,
4.471,MYOPIC,2,2,4.111,0.36,56.00724522400413,DESTROYING,3.751,1,CONTINUE,
4.471,MYOPIC,3,1,3.751,,,,,1,NO_LOCALLY_FEASIBLE_ACTION,
4.472,MYOPIC,1,3,4.472,0.36,42.513424226432306,DESTROYING,4.112,2,CONTINUE,
4.472,MYOPIC,2,2,4.112,0.36,55.96247524592898,DESTROYING,3.752,1,CONTINUE,
4.472,MYOPIC,3,1,3.752,,,,,1,NO_LOCALLY_FEASIBLE_ACTION,
4.473,MYOPIC,1,3,4.473,0.36,42.48242270293845,DESTROYING,4.113,2,CONTINUE,
4.473,MYOPIC,2,2,4.113,0.36,55.91775297161024,DESTROYING,3.753,1,CONTINUE,
4.473,MYOPIC,3,1,3.753,,,,,1,NO_LOCALLY_FEASIBLE_ACTION,
4.474,MYOPIC,1,3,4.474,0.36,42.45145131458139,DESTROYING,4.114,2,CONTINUE,
4.474,MYOPIC,2,2,4.114,0.36,55.87307833752768,DESTROYING,3.754,1,CONTINUE,
4.474,MYOPIC,3,1,3.754,,,,,1,NO_LOCALLY_FEASIBLE_ACTION,
4.475,MYOPIC,1,3,4.475,0.36,42.42051002475378,DESTROYING,4.115,2,CONTINUE,
4.475,MYOPIC,2,2,4.115,0.36,55.8284512802624,DESTROYING,3.755,1,CONTINUE,
4.475,MYOPIC,3,1,3.755,,,,,1,NO_LOCALLY_FEASIBLE_ACTION,
4.476,MYOPIC,1,3,4.476,0.36,42.38959879690173,DESTROYING,4.116,2,CONTINUE,
4.476,MYOPIC,2,2,4.116,0.36,55.783871736496856,DESTROYING,3.756,1,CONTINUE,
4.476,MYOPIC,3,1,3.756,,,,,1,NO_LOCALLY_FEASIBLE_ACTION,
4.477,MYOPIC,1,3,4.477,0.36,42.35871759452447,DESTROYING,4.117,2,CONTINUE,
4.477,MYOPIC,2,2,4.117,0.36,55.73933964301458,DESTROYING,3.757,1,CONTINUE,
4.477,MYOPIC,3,1,3.757,,,,,1,NO_LOCALLY_FEASIBLE_ACTION,
4.478,MYOPIC,1,3,4.478,0.36,42.32786638117453,DESTROYING,4.118,2,CONTINUE,
4.478,MYOPIC,2,2,4.118,0.36,55.69485493670001,DESTROYING,3.758,1,CONTINUE,
4.478,MYOPIC,3,1,3.758,,,,,1,NO_LOCALLY_FEASIBLE_ACTION,
4.479,MYOPIC,1,3,4.479,0.36,42.29704512045743,DESTROYING,4.119,2,CONTINUE,
4.479,MYOPIC,2,2,4.119,0.36,55.65041755453831,DESTROYING,3.759,1,CONTINUE,
4.479,MYOPIC,3,1,3.759,,,,,1,NO_LOCALLY_FEASIBLE_ACTION,
4.48,MYOPIC,1,3,4.48,0.36,42.266253776031725,DESTROYING,4.12,2,CONTINUE,
4.48,MYOPIC,2,2,4.12,0.36,55.60602743361519,DESTROYING,3.76,1,CONTINUE,
4.48,MYOPIC,3,1,3.76,,,,,1,NO_LOCALLY_FEASIBLE_ACTION,
4.481,MYOPIC,1,3,4.481,0.36,42.23549231160882,DESTROYING,4.121,2,CONTINUE,
4.481,MYOPIC,2,2,4.121,0.36,55.561684511116574,DESTROYING,3.761,1,CONTINUE,
4.481,MYOPIC,3,1,3.761,,,,,1,NO_LOCALLY_FEASIBLE_ACTION,
4.482,MYOPIC,1,3,4.482,0.36,42.20476069095303,DESTROYING,4.122,2,CONTINUE,
4.482,MYOPIC,2,2,4.122,0.36,55.517388724328754,DESTROYING,3.762,1,CONTINUE,
4.482,MYOPIC,3,1,3.762,,,,,1,NO_LOCALLY_FEASIBLE_ACTION,
4.483,MYOPIC,1,3,4.483,0.36,42.17405887788127,DESTROYING,4.123,2,CONTINUE,
4.483,MYOPIC,2,2,4.123,0.36,55.47314001063783,DESTROYING,3.763,1,CONTINUE,
4.483,MYOPIC,3,1,3.763,,,,,1,NO_LOCALLY_FEASIBLE_ACTION,
4.484,MYOPIC,1,3,4.484,0.36,42.14338683626317,DESTROYING,4.124,2,CONTINUE,
4.484,MYOPIC,2,2,4.124,0.36,55.42893830752971,DESTROYING,3.764,1,CONTINUE,
4.484,MYOPIC,3,1,3.764,,,,,1,NO_LOCALLY_FEASIBLE_ACTION,
4.485,MYOPIC,1,3,4.485,0.36,42.11274453002082,DESTROYING,4.125,2,CONTINUE,
4.485,MYOPIC,2,2,4.125,0.36,55.38478355258995,DESTROYING,3.765,1,CONTINUE,
4.485,MYOPIC,3,1,3.765,,,,,1,NO_LOCALLY_FEASIBLE_ACTION,
4.486,MYOPIC,1,3,4.486,0.36,42.08213192312884,DESTROYING,4.126,2,CONTINUE,
4.486,MYOPIC,2,2,4.126,0.36,55.34067568350351,DESTROYING,3.766,1,CONTINUE,
4.486,MYOPIC,3,1,3.766,,,,,1,NO_LOCALLY_FEASIBLE_ACTION,
4.487,MYOPIC,1,3,4.487,0.36,42.05154897961419,DESTROYING,4.127,2,CONTINUE,
4.487,MYOPIC,2,2,4.127,0.36,55.29661463805452,DESTROYING,3.767,1,CONTINUE,
4.487,MYOPIC,3,1,3.767,,,,,1,NO_LOCALLY_FEASIBLE_ACTION,
4.488,MYOPIC,1,3,4.488,0.36,42.02099566355607,DESTROYING,4.128,2,CONTINUE,
4.488,MYOPIC,2,2,4.128,0.36,55.25260035412625,DESTROYING,3.768,1,CONTINUE,
4.488,MYOPIC,3,1,3.768,,,,,1,NO_LOCALLY_FEASIBLE_ACTION,
4.489,MYOPIC,1,3,4.489,0.36,41.990471939085936,DESTROYING,4.129,2,CONTINUE,
4.489,MYOPIC,2,2,4.129,0.36,55.2086327697007,DESTROYING,3.769,1,CONTINUE,
4.489,MYOPIC,3,1,3.769,,,,,1,NO_LOCALLY_FEASIBLE_ACTION,
4.49,MYOPIC,1,3,4.49,0.36,41.95997777038725,DESTROYING,4.13,2,CONTINUE,
4.49,MYOPIC,2,2,4.13,0.36,55.16471182285864,DESTROYING,3.77,1,CONTINUE,
4.49,MYOPIC,3,1,3.77,,,,,1,NO_LOCALLY_FEASIBLE_ACTION,
4.491,MYOPIC,1,3,4.491,0.36,41.92951312169553,DESTROYING,4.131,2,CONTINUE,
4.491,MYOPIC,2,2,4.131,0.36,55.12083745177936,DESTROYING,3.771,1,CONTINUE,
4.491,MYOPIC,3,1,3.771,,,,,1,NO_LOCALLY_FEASIBLE_ACTION,
4.492,MYOPIC,1,3,4.492,0.36,41.89907795729826,DESTROYING,4.132,2,CONTINUE,
4.492,MYOPIC,2,2,4.132,0.36,55.077009594740375,DESTROYING,3.772,1,CONTINUE,
4.492,MYOPIC,3,1,3.772,,,,,1,NO_LOCALLY_FEASIBLE_ACTION,
4.493,MYOPIC,1,3,4.493,0.36,41.86867224153463,DESTROYING,4.133,2,CONTINUE,
4.493,MYOPIC,2,2,4.133,0.36,55.03322819011733,DESTROYING,3.773,1,CONTINUE,
4.493,MYOPIC,3,1,3.773,,,,,1,NO_LOCALLY_FEASIBLE_ACTION,
4.494,MYOPIC,1,3,4.494,0.36,41.838295938795724,DESTROYING,4.134,2,CONTINUE,
4.494,MYOPIC,2,2,4.134,0.36,54.989493176383924,DESTROYING,3.774,1,CONTINUE,
4.494,MYOPIC,3,1,3.774,,,,,1,NO_LOCALLY_FEASIBLE_ACTION,
4.495,MYOPIC,1,3,4.495,0.36,41.807949013524194,DESTROYING,4.135,2,CONTINUE,
4.495,MYOPIC,2,2,4.135,0.36,54.9458044921115,DESTROYING,3.775,1,CONTINUE,
4.495,MYOPIC,3,1,3.775,,,,,1,NO_LOCALLY_FEASIBLE_ACTION,
4.496,MYOPIC,1,3,4.496,0.36,41.77763143021424,DESTROYING,4.136,2,CONTINUE,
4.496,MYOPIC,2,2,4.136,0.36,54.90216207596903,DESTROYING,3.776,1,CONTINUE,
4.496,MYOPIC,3,1,3.776,,,,,1,NO_LOCALLY_FEASIBLE_ACTION,
4.497,MYOPIC,1,3,4.497,0.36,41.74734315341166,DESTROYING,4.137,2,CONTINUE,
4.497,MYOPIC,2,2,4.137,0.36,54.858565866722884,DESTROYING,3.777,1,CONTINUE,
4.497,MYOPIC,3,1,3.777,,,,,1,NO_LOCALLY_FEASIBLE_ACTION,
4.498,MYOPIC,1,3,4.498,0.36,41.717084147713486,DESTROYING,4.138,2,CONTINUE,
4.498,MYOPIC,2,2,4.138,0.36,54.815015803236726,DESTROYING,3.778,1,CONTINUE,
4.498,MYOPIC,3,1,3.778,,,,,1,NO_LOCALLY_FEASIBLE_ACTION,
4.499,MYOPIC,1,3,4.499,0.36,41.68685437776819,DESTROYING,4.139,2,CONTINUE,
4.499,MYOPIC,2,2,4.139,0.36,54.77151182447112,DESTROYING,3.779,1,CONTINUE,
4.499,MYOPIC,3,1,3.779,,,,,1,NO_LOCALLY_FEASIBLE_ACTION,
4.5,MYOPIC,1,3,4.5,0.36,41.65665380827547,DESTROYING,4.14,2,CONTINUE,
4.5,MYOPIC,2,2,4.14,0.36,54.728053869483595,DESTROYING,3.78,1,CONTINUE,
4.5,MYOPIC,3,1,3.78,,,,,1,NO_LOCALLY_FEASIBLE_ACTION,
4.501,MYOPIC,1,3,4.501,0.36,41.626482403986,DESTROYING,4.141,2,CONTINUE,
4.501,MYOPIC,2,2,4.141,0.36,54.684641877428305,DESTROYING,3.781,1,CONTINUE,
4.501,MYOPIC,3,1,3.781,,,,,1,NO_LOCALLY_FEASIBLE_ACTION,
4.502,MYOPIC,1,3,4.502,0.36,41.59634012970168,DESTROYING,4.142,2,CONTINUE,
4.502,MYOPIC,2,2,4.142,0.36,54.64127578755599,DESTROYING,3.782,1,CONTINUE,
4.502,MYOPIC,3,1,3.782,,,,,1,NO_LOCALLY_FEASIBLE_ACTION,
4.503,MYOPIC,1,3,4.503,0.36,41.566226950275336,DESTROYING,4.143,2,CONTINUE,
4.503,MYOPIC,2,2,4.143,0.36,54.59795553921365,DESTROYING,3.783,1,CONTINUE,
4.503,MYOPIC,3,1,3.783,,,,,1,NO_LOCALLY_FEASIBLE_ACTION,
4.504,MYOPIC,1,3,4.504,0.36,41.53614283061056,DESTROYING,4.144,2,CONTINUE,
4.504,MYOPIC,2,2,4.144,0.36,54.554681071844406,DESTROYING,3.784,1,CONTINUE,
4.504,MYOPIC,3,1,3.784,,,,,1,NO_LOCALLY_FEASIBLE_ACTION,
4.505,MYOPIC,1,3,4.505,0.36,41.50608773566187,DESTROYING,4.145,2,CONTINUE,
4.505,MYOPIC,2,2,4.145,0.36,54.51145232498744,DESTROYING,3.785,1,CONTINUE,
4.505,MYOPIC,3,1,3.785,,,,,1,NO_LOCALLY_FEASIBLE_ACTION,
4.506,MYOPIC,1,3,4.506,0.36,41.476061630434394,DESTROYING,4.146,2,CONTINUE,
4.506,MYOPIC,2,2,4.146,0.36,54.468269238277664,DESTROYING,3.786,1,CONTINUE,
4.506,MYOPIC,3,1,3.786,,,,,1,NO_LOCALLY_FEASIBLE_ACTION,
4.507,MYOPIC,1,3,4.507,0.36,41.446064479983946,DESTROYING,4.147,2,CONTINUE,
4.507,MYOPIC,2,2,4.147,0.36,54.42513175144561,DESTROYING,3.787,1,CONTINUE,
4.507,MYOPIC,3,1,3.787,,,,,1,NO_LOCALLY_FEASIBLE_ACTION,
4.508,MYOPIC,1,3,4.508,0.36,41.41609624941688,DESTROYING,4.148,2,CONTINUE,
4.508,MYOPIC,2,2,4.148,0.36,54.38203980431724,DESTROYING,3.788,1,CONTINUE,
4.508,MYOPIC,3,1,3.788,,,,,1,NO_LOCALLY_FEASIBLE_ACTION,
4.509,MYOPIC,1,3,4.509,0.36,41.386156903889876,DESTROYING,4.149,2,CONTINUE,
4.509,MYOPIC,2,2,4.149,0.36,54.33899333681378,DESTROYING,3.789,1,CONTINUE,
4.509,MYOPIC,3,1,3.789,,,,,1,NO_LOCALLY_FEASIBLE_ACTION,
4.51,MYOPIC,1,3,4.51,0.36,41.35624640861013,DESTROYING,4.15,2,CONTINUE,
4.51,MYOPIC,2,2,4.15,0.36,54.2959922889516,DESTROYING,3.79,1,CONTINUE,
4.51,MYOPIC,3,1,3.79,,,,,1,NO_LOCALLY_FEASIBLE_ACTION,
4.511,MYOPIC,1,3,4.511,0.36,41.32636472883508,DESTROYING,4.151,2,CONTINUE,
4.511,MYOPIC,2,2,4.151,0.36,54.25303660084194,DESTROYING,3.791,1,CONTINUE,
4.511,MYOPIC,3,1,3.791,,,,,1,NO_LOCALLY_FEASIBLE_ACTION,
4.512,MYOPIC,1,3,4.512,0.36,41.29651182987225,DESTROYING,4.152,2,CONTINUE,
4.512,MYOPIC,2,2,4.152,0.36,54.21012621269074,DESTROYING,3.792,1,CONTINUE,
4.512,MYOPIC,3,1,3.792,,,,,1,NO_LOCALLY_FEASIBLE_ACTION,
4.513,MYOPIC,1,3,4.513,0.36,41.26668767707942,DESTROYING,4.153,2,CONTINUE,
4.513,MYOPIC,2,2,4.153,0.36,54.167261064798545,DESTROYING,3.793,1,CONTINUE,
4.513,MYOPIC,3,1,3.793,,,,,1,NO_LOCALLY_FEASIBLE_ACTION,
4.514,MYOPIC,1,3,4.514,0.36,41.23689223586426,DESTROYING,4.154,2,CONTINUE,
4.514,MYOPIC,2,2,4.154,0.36,54.12444109756026,DESTROYING,3.794,1,CONTINUE,
4.514,MYOPIC,3,1,3.794,,,,,1,NO_LOCALLY_FEASIBLE_ACTION,
4.515,MYOPIC,1,3,4.515,0.36,41.20712547168453,DESTROYING,4.155,2,CONTINUE,
4.515,MYOPIC,2,2,4.155,0.36,54.08166625146505,DESTROYING,3.795,1,CONTINUE,
4.515,MYOPIC,3,1,3.795,,,,,1,NO_LOCALLY_FEASIBLE_ACTION,
4.516,MYOPIC,1,3,4.516,0.36,41.177387350047745,DESTROYING,4.156,2,CONTINUE,
4.516,MYOPIC,2,2,4.156,0.36,54.03893646709606,DESTROYING,3.796,1,CONTINUE,
4.516,MYOPIC,3,1,3.796,,,,,1,NO_LOCALLY_FEASIBLE_ACTION,
4.517,MYOPIC,1,3,4.517,0.36,41.1476778365112,DESTROYING,4.157,2,CONTINUE,
4.517,MYOPIC,2,2,4.157,0.36,53.996251685130325,DESTROYING,3.797,1,CONTINUE,
4.517,MYOPIC,3,1,3.797,,,,,1,NO_LOCALLY_FEASIBLE_ACTION,
4.518,MYOPIC,1,3,4.518,0.36,41.11799689668186,DESTROYING,4.158,2,CONTINUE,
4.518,MYOPIC,2,2,4.158,0.36,53.9536118463386,DESTROYING,3.798,1,CONTINUE,
4.518,MYOPIC,3,1,3.798,,,,,1,NO_LOCALLY_FEASIBLE_ACTION,
4.519,MYOPIC,1,3,4.519,0.36,41.08834449621642,DESTROYING,4.159,2,CONTINUE,
4.519,MYOPIC,2,2,4.159,0.36,53.91101689158512,DESTROYING,3.799,1,CONTINUE,
4.519,MYOPIC,3,1,3.799,,,,,1,NO_LOCALLY_FEASIBLE_ACTION,
4.52,MYOPIC,1,3,4.52,0.36,41.058720600820905,DESTROYING,4.16,2,CONTINUE,
4.52,MYOPIC,2,2,4.16,0.36,53.868466761827456,DESTROYING,3.8,1,CONTINUE,
4.52,MYOPIC,3,1,3.8,,,,,1,NO_LOCALLY_FEASIBLE_ACTION,
4.521,MYOPIC,1,3,4.521,0.36,41.029125176250965,DESTROYING,4.161,2,CONTINUE,
4.521,MYOPIC,2,2,4.161,0.36,53.825961398116405,DESTROYING,3.801,1,CONTINUE,
4.521,MYOPIC,3,1,3.801,,,,,1,NO_LOCALLY_FEASIBLE_ACTION,
4.522,MYOPIC,1,3,4.522,0.36,40.999558188311454,DESTROYING,4.162,2,CONTINUE,
4.522,MYOPIC,2,2,4.162,0.36,53.78350074159576,DESTROYING,3.802,1,CONTINUE,
4.522,MYOPIC,3,1,3.802,,,,,1,NO_LOCALLY_FEASIBLE_ACTION,
4.523,MYOPIC,1,3,4.523,0.36,40.970019602856574,DESTROYING,4.163,2,CONTINUE,
4.523,MYOPIC,2,2,4.163,0.36,53.741084733502085,DESTROYING,3.803,1,CONTINUE,
4.523,MYOPIC,3,1,3.803,,,,,1,NO_LOCALLY_FEASIBLE_ACTION,
4.524,MYOPIC,1,3,4.524,0.36,40.940509385789774,DESTROYING,4.164,2,CONTINUE,
4.524,MYOPIC,2,2,4.164,0.36,53.69871331516471,DESTROYING,3.804,1,CONTINUE,
4.524,MYOPIC,3,1,3.804,,,,,1,NO_LOCALLY_FEASIBLE_ACTION,
4.525,MYOPIC,1,3,4.525,0.36,40.91102750306345,DESTROYING,4.165,2,CONTINUE,
4.525,MYOPIC,2,2,4.165,0.36,53.65638642800535,DESTROYING,3.805,1,CONTINUE,
4.525,MYOPIC,3,1,3.805,,,,,1,NO_LOCALLY_FEASIBLE_ACTION,
4.526,MYOPIC,1,3,4.526,0.36,40.88157392067915,DESTROYING,4.166,2,CONTINUE,
4.526,MYOPIC,2,2,4.166,0.36,53.6141040135381,DESTROYING,3.806,1,CONTINUE,
4.526,MYOPIC,3,1,3.806,,,,,1,NO_LOCALLY_FEASIBLE_ACTION,
4.527,MYOPIC,1,3,4.527,0.36,40.852148604687365,DESTROYING,4.167,2,CONTINUE,
4.527,MYOPIC,2,2,4.167,0.36,53.571866013369245,DESTROYING,3.807,1,CONTINUE,
4.527,MYOPIC,3,1,3.807,,,,,1,NO_LOCALLY_FEASIBLE_ACTION,
4.528,MYOPIC,1,3,4.528,0.36,40.82275152118738,DESTROYING,4.168,2,CONTINUE,
4.528,MYOPIC,2,2,4.168,0.36,53.529672369196966,DESTROYING,3.808,1,CONTINUE,
4.528,MYOPIC,3,1,3.808,,,,,1,NO_LOCALLY_FEASIBLE_ACTION,
4.529,MYOPIC,1,3,4.529,0.36,40.7933826363273,DESTROYING,4.169,2,CONTINUE,
4.529,MYOPIC,2,2,4.169,0.36,53.487523022811246,DESTROYING,3.809,1,CONTINUE,
4.529,MYOPIC,3,1,3.809,,,,,1,NO_LOCALLY_FEASIBLE_ACTION,
4.53,MYOPIC,1,3,4.53,0.36,40.76404191630387,DESTROYING,4.17,2,CONTINUE,
4.53,MYOPIC,2,2,4.17,0.36,53.445417916093845,DESTROYING,3.81,1,CONTINUE,
4.53,MYOPIC,3,1,3.81,,,,,1,NO_LOCALLY_FEASIBLE_ACTION,
4.531,MYOPIC,1,3,4.531,0.36,40.73472932736253,DESTROYING,4.171,2,CONTINUE,
4.531,MYOPIC,2,2,4.171,0.36,53.40335699101791,DESTROYING,3.811,1,CONTINUE,
4.531,MYOPIC,3,1,3.811,,,,,1,NO_LOCALLY_FEASIBLE_ACTION,
4.532,MYOPIC,1,3,4.532,0.36,40.70544483579725,DESTROYING,4.172,2,CONTINUE,
4.532,MYOPIC,2,2,4.172,0.36,53.36134018964789,DESTROYING,3.812,1,CONTINUE,
4.532,MYOPIC,3,1,3.812,,,,,1,NO_LOCALLY_FEASIBLE_ACTION,
4.533,MYOPIC,1,3,4.533,0.36,40.67618840795035,DESTROYING,4.173,2,CONTINUE,
4.533,MYOPIC,2,2,4.173,0.36,53.31936745413937,DESTROYING,3.813,1,CONTINUE,
4.533,MYOPIC,3,1,3.813,,,,,1,NO_LOCALLY_FEASIBLE_ACTION,
4.534,MYOPIC,1,3,4.534,0.36,40.64696001021262,DESTROYING,4.174,2,CONTINUE,
4.534,MYOPIC,2,2,4.174,0.36,53.277438726738964,DESTROYING,3.814,1,CONTINUE,
4.534,MYOPIC,3,1,3.814,,,,,1,NO_LOCALLY_FEASIBLE_ACTION,
4.535,MYOPIC,1,3,4.535,0.36,40.617759609023146,DESTROYING,4.175,2,CONTINUE,
4.535,MYOPIC,2,2,4.175,0.36,53.235553949784055,DESTROYING,3.815,1,CONTINUE,
4.535,MYOPIC,3,1,3.815,,,,,1,NO_LOCALLY_FEASIBLE_ACTION,
4.536,MYOPIC,1,3,4.536,0.36,40.58858717086911,DESTROYING,4.176,2,CONTINUE,
4.536,MYOPIC,2,2,4.176,0.36,53.193713065702674,DESTROYING,3.816,1,CONTINUE,
4.536,MYOPIC,3,1,3.816,,,,,1,NO_LOCALLY_FEASIBLE_ACTION,
4.537,MYOPIC,1,3,4.537,0.36,40.55944266228596,DESTROYING,4.177,2,CONTINUE,
4.537,MYOPIC,2,2,4.177,0.36,53.15191601701329,DESTROYING,3.817,1,CONTINUE,
4.537,MYOPIC,3,1,3.817,,,,,1,NO_LOCALLY_FEASIBLE_ACTION,
4.538,MYOPIC,1,3,4.538,0.36,40.530326049857074,DESTROYING,4.178,2,CONTINUE,
4.538,MYOPIC,2,2,4.178,0.36,53.110162746324775,DESTROYING,3.818,1,CONTINUE,
4.538,MYOPIC,3,1,3.818,,,,,1,NO_LOCALLY_FEASIBLE_ACTION,
4.539,MYOPIC,1,3,4.539,0.36,40.50123730021388,DESTROYING,4.179,2,CONTINUE,
4.539,MYOPIC,2,2,4.179,0.36,53.06845319633604,DESTROYING,3.819,1,CONTINUE,
4.539,MYOPIC,3,1,3.819,,,,,1,NO_LOCALLY_FEASIBLE_ACTION,
4.54,MYOPIC,1,3,4.54,0.36,40.47217638003568,DESTROYING,4.18,2,CONTINUE,
4.54,MYOPIC,2,2,4.18,0.36,53.026787309836045,DESTROYING,3.82,1,CONTINUE,
4.54,MYOPIC,3,1,3.82,,,,,1,NO_LOCALLY_FEASIBLE_ACTION,
4.541,MYOPIC,1,3,4.541,0.36,40.443143256049474,DESTROYING,4.181,2,CONTINUE,
4.541,MYOPIC,2,2,4.181,0.36,52.985165029703495,DESTROYING,3.821,1,CONTINUE,
4.541,MYOPIC,3,1,3.821,,,,,1,NO_LOCALLY_FEASIBLE_ACTION,
4.542,MYOPIC,1,3,4.542,0.36,40.414137895030166,DESTROYING,4.182,2,CONTINUE,
4.542,MYOPIC,2,2,4.182,0.36,52.943586298906844,DESTROYING,3.822,1,CONTINUE,
4.542,MYOPIC,3,1,3.822,,,,,1,NO_LOCALLY_FEASIBLE_ACTION,
4.543,MYOPIC,1,3,4.543,0.36,40.385160263800216,DESTROYING,4.183,2,CONTINUE,
4.543,MYOPIC,2,2,4.183,0.36,52.90205106050394,DESTROYING,3.823,1,CONTINUE,
4.543,MYOPIC,3,1,3.823,,,,,1,NO_LOCALLY_FEASIBLE_ACTION,
4.544,MYOPIC,1,3,4.544,0.36,40.35621032922957,DESTROYING,4.184,2,CONTINUE,
4.544,MYOPIC,2,2,4.184,0.36,52.86055925764199,DESTROYING,3.824,1,CONTINUE,
4.544,MYOPIC,3,1,3.824,,,,,1,NO_LOCALLY_FEASIBLE_ACTION,
4.545,MYOPIC,1,3,4.545,0.36,40.327288058235844,DESTROYING,4.185,2,CONTINUE,
4.545,MYOPIC,2,2,4.185,0.36,52.81911083355733,DESTROYING,3.825,1,CONTINUE,
4.545,MYOPIC,3,1,3.825,,,,,1,NO_LOCALLY_FEASIBLE_ACTION,
4.546,MYOPIC,1,3,4.546,0.36,40.29839341778387,DESTROYING,4.186,2,CONTINUE,
4.546,MYOPIC,2,2,4.186,0.36,52.777705731575345,DESTROYING,3.826,1,CONTINUE,
4.546,MYOPIC,3,1,3.826,,,,,1,NO_LOCALLY_FEASIBLE_ACTION,
4.547,MYOPIC,1,3,4.547,0.36,40.269526374885935,DESTROYING,4.187,2,CONTINUE,
4.547,MYOPIC,2,2,4.187,0.36,52.73634389511021,DESTROYING,3.827,1,CONTINUE,
4.547,MYOPIC,3,1,3.827,,,,,1,NO_LOCALLY_FEASIBLE_ACTION,
4.548,MYOPIC,1,3,4.548,0.36,40.24068689660155,DESTROYING,4.188,2,CONTINUE,
4.548,MYOPIC,2,2,4.188,0.36,52.69502526766479,DESTROYING,3.828,1,CONTINUE,
4.548,MYOPIC,3,1,3.828,,,,,1,NO_LOCALLY_FEASIBLE_ACTION,
4.549,MYOPIC,1,3,4.549,0.36,40.21187495003736,DESTROYING,4.189,2,CONTINUE,
4.549,MYOPIC,2,2,4.189,0.36,52.65374979283043,DESTROYING,3.829,1,CONTINUE,
4.549,MYOPIC,3,1,3.829,,,,,1,NO_LOCALLY_FEASIBLE_ACTION,
4.55,MYOPIC,1,3,4.55,0.36,40.18309050234715,DESTROYING,4.19,2,CONTINUE,
4.55,MYOPIC,2,2,4.19,0.36,52.612517414286856,DESTROYING,3.83,1,CONTINUE,
4.55,MYOPIC,3,1,3.83,,,,,1,NO_LOCALLY_FEASIBLE_ACTION,
4.551,MYOPIC,1,3,4.551,0.36,40.154333520731676,DESTROYING,4.191,2,CONTINUE,
4.551,MYOPIC,2,2,4.191,0.36,52.571328075801944,DESTROYING,3.831,1,CONTINUE,
4.551,MYOPIC,3,1,3.831,,,,,1,NO_LOCALLY_FEASIBLE_ACTION,
4.552,MYOPIC,1,3,4.552,0.36,40.12560397243863,DESTROYING,4.192,2,CONTINUE,
4.552,MYOPIC,2,2,4.192,0.36,52.530181721231614,DESTROYING,3.832,1,CONTINUE,
4.552,MYOPIC,3,1,3.832,,,,,1,NO_LOCALLY_FEASIBLE_ACTION,
4.553,MYOPIC,1,3,4.553,0.36,40.096901824762625,DESTROYING,4.193,2,CONTINUE,
4.553,MYOPIC,2,2,4.193,0.36,52.48907829451962,DESTROYING,3.833,1,CONTINUE,
4.553,MYOPIC,3,1,3.833,,,,,1,NO_LOCALLY_FEASIBLE_ACTION,
4.554,MYOPIC,1,3,4.554,0.36,40.06822704504492,DESTROYING,4.194,2,CONTINUE,
4.554,MYOPIC,2,2,4.194,0.36,52.44801773969748,DESTROYING,3.834,1,CONTINUE,
4.554,MYOPIC,3,1,3.834,,,,,1,NO_LOCALLY_FEASIBLE_ACTION,
4.555,MYOPIC,1,3,4.555,0.36,40.039579600673626,DESTROYING,4.195,2,CONTINUE,
4.555,MYOPIC,2,2,4.195,0.36,52.4070000008842,DESTROYING,3.835,1,CONTINUE,
4.555,MYOPIC,3,1,3.835,,,,,1,NO_LOCALLY_FEASIBLE_ACTION,
4.556,MYOPIC,1,3,4.556,0.36,40.01095945908339,DESTROYING,4.196,2,CONTINUE,
4.556,MYOPIC,2,2,4.196,0.36,52.36602502228619,DESTROYING,3.836,1,CONTINUE,
4.556,MYOPIC,3,1,3.836,,,,,1,NO_LOCALLY_FEASIBLE_ACTION,
4.557,MYOPIC,1,3,4.557,0.36,39.98236658775538,DESTROYING,4.197,2,CONTINUE,
4.557,MYOPIC,2,2,4.197,0.36,52.325092748197044,DESTROYING,3.837,1,CONTINUE,
4.557,MYOPIC,3,1,3.837,,,,,1,NO_LOCALLY_FEASIBLE_ACTION,
4.558,MYOPIC,1,3,4.558,0.36,39.95380095421732,DESTROYING,4.198,2,CONTINUE,
4.558,MYOPIC,2,2,4.198,0.36,52.284203122997496,DESTROYING,3.838,1,CONTINUE,
4.558,MYOPIC,3,1,3.838,,,,,1,NO_LOCALLY_FEASIBLE_ACTION,
4.559,MYOPIC,1,3,4.559,0.36,39.925262526043255,DESTROYING,4.199,2,CONTINUE,
4.559,MYOPIC,2,2,4.199,0.36,52.24335609115513,DESTROYING,3.839,1,CONTINUE,
4.559,MYOPIC,3,1,3.839,,,,,1,NO_LOCALLY_FEASIBLE_ACTION,
4.56,MYOPIC,1,3,4.56,0.36,39.89675127085353,DESTROYING,4.2,2,CONTINUE,
4.56,MYOPIC,2,2,4.2,0.36,52.20255159722428,DESTROYING,3.84,1,CONTINUE,
4.56,MYOPIC,3,1,3.84,,,,,1,NO_LOCALLY_FEASIBLE_ACTION,
4.561,MYOPIC,1,3,4.561,0.36,39.86826715631479,DESTROYING,4.201,2,CONTINUE,
4.561,MYOPIC,2,2,4.201,0.36,52.16178958584585,DESTROYING,3.841,1,CONTINUE,
4.561,MYOPIC,3,1,3.841,,,,,1,NO_LOCALLY_FEASIBLE_ACTION,
4.562,MYOPIC,1,3,4.562,0.36,39.83981015013977,DESTROYING,4.202,2,CONTINUE,
4.562,MYOPIC,2,2,4.202,0.36,52.12107000174724,DESTROYING,3.842,1,CONTINUE,
4.562,MYOPIC,3,1,3.842,,,,,1,NO_LOCALLY_FEASIBLE_ACTION,
4.563,MYOPIC,1,3,4.563,0.36,39.81138022008733,DESTROYING,4.203,2,CONTINUE,
4.563,MYOPIC,2,2,4.203,0.36,52.0803927897421,DESTROYING,3.843,1,CONTINUE,
4.563,MYOPIC,3,1,3.843,,,,,1,NO_LOCALLY_FEASIBLE_ACTION,
4.564,MYOPIC,1,3,4.564,0.36,39.78297733396235,DESTROYING,4.204,2,CONTINUE,
4.564,MYOPIC,2,2,4.204,0.36,52.03975789473015,DESTROYING,3.844,1,CONTINUE,
4.564,MYOPIC,3,1,3.844,,,,,1,NO_LOCALLY_FEASIBLE_ACTION,
4.565,MYOPIC,1,3,4.565,0.36,39.75460145961555,DESTROYING,4.205,2,CONTINUE,
4.565,MYOPIC,2,2,4.205,0.36,51.99916526169709,DESTROYING,3.845,1,CONTINUE,
4.565,MYOPIC,3,1,3.845,,,,,1,NO_LOCALLY_FEASIBLE_ACTION,
4.566,MYOPIC,1,3,4.566,0.36,39.72625256494357,DESTROYING,4.206,2,CONTINUE,
4.566,MYOPIC,2,2,4.206,0.36,51.95861483571447,DESTROYING,3.846,1,CONTINUE,
4.566,MYOPIC,3,1,3.846,,,,,1,NO_LOCALLY_FEASIBLE_ACTION,
4.567,MYOPIC,1,3,4.567,0.36,39.697930617888886,DESTROYING,4.207,2,CONTINUE,
4.567,MYOPIC,2,2,4.207,0.36,51.91810656193943,DESTROYING,3.847,1,CONTINUE,
4.567,MYOPIC,3,1,3.847,,,,,1,NO_LOCALLY_FEASIBLE_ACTION,
4.568,MYOPIC,1,3,4.568,0.36,39.669635586439504,DESTROYING,4.208,2,CONTINUE,
4.568,MYOPIC,2,2,4.208,0.36,51.87764038561463,DESTROYING,3.848,1,CONTINUE,
4.568,MYOPIC,3,1,3.848,,,,,1,NO_LOCALLY_FEASIBLE_ACTION,
4.569,MYOPIC,1,3,4.569,0.36,39.64136743862921,DESTROYING,4.209,2,CONTINUE,
4.569,MYOPIC,2,2,4.209,0.36,51.83721625206807,DESTROYING,3.849,1,CONTINUE,
4.569,MYOPIC,3,1,3.849,,,,,1,NO_LOCALLY_FEASIBLE_ACTION,
4.57,MYOPIC,1,3,4.57,0.36,39.61312614253726,DESTROYING,4.21,2,CONTINUE,
4.57,MYOPIC,2,2,4.21,0.36,51.79683410671292,DESTROYING,3.85,1,CONTINUE,
4.57,MYOPIC,3,1,3.85,,,,,1,NO_LOCALLY_FEASIBLE_ACTION,
4.571,MYOPIC,1,3,4.571,0.36,39.58491166628836,DESTROYING,4.211,2,CONTINUE,
4.571,MYOPIC,2,2,4.211,0.36,51.756493895047356,DESTROYING,3.851,1,CONTINUE,
4.571,MYOPIC,3,1,3.851,,,,,1,NO_LOCALLY_FEASIBLE_ACTION,
4.572,MYOPIC,1,3,4.572,0.36,39.55672397805272,DESTROYING,4.212,2,CONTINUE,
4.572,MYOPIC,2,2,4.212,0.36,51.71619556265447,DESTROYING,3.852,1,CONTINUE,
4.572,MYOPIC,3,1,3.852,,,,,1,NO_LOCALLY_FEASIBLE_ACTION,
4.573,MYOPIC,1,3,4.573,0.36,39.528563046045726,DESTROYING,4.213,2,CONTINUE,
4.573,MYOPIC,2,2,4.213,0.36,51.675939055202036,DESTROYING,3.853,1,CONTINUE,
4.573,MYOPIC,3,1,3.853,,,,,1,NO_LOCALLY_FEASIBLE_ACTION,
4.574,MYOPIC,1,3,4.574,0.36,39.500428838528094,DESTROYING,4.214,2,CONTINUE,
4.574,MYOPIC,2,2,4.214,0.36,51.63572431844241,DESTROYING,3.854,1,CONTINUE,
4.574,MYOPIC,3,1,3.854,,,,,1,NO_LOCALLY_FEASIBLE_ACTION,
4.575,MYOPIC,1,3,4.575,0.36,39.47232132380577,DESTROYING,4.215,2,CONTINUE,
4.575,MYOPIC,2,2,4.215,0.36,51.59555129821238,DESTROYING,3.855,1,CONTINUE,
4.575,MYOPIC,3,1,3.855,,,,,1,NO_LOCALLY_FEASIBLE_ACTION,
4.576,MYOPIC,1,3,4.576,0.36,39.44424047022963,DESTROYING,4.216,2,CONTINUE,
4.576,MYOPIC,2,2,4.216,0.36,51.55541994043291,DESTROYING,3.856,1,CONTINUE,
4.576,MYOPIC,3,1,3.856,,,,,1,NO_LOCALLY_FEASIBLE_ACTION,
4.577,MYOPIC,1,3,4.577,0.36,39.41618624619572,DESTROYING,4.217,2,CONTINUE,
4.577,MYOPIC,2,2,4.217,0.36,51.515330191109136,DESTROYING,3.857,1,CONTINUE,
4.577,MYOPIC,3,1,3.857,,,,,1,NO_LOCALLY_FEASIBLE_ACTION,
4.578,MYOPIC,1,3,4.578,0.36,39.38815862014494,DESTROYING,4.218,2,CONTINUE,
4.578,MYOPIC,2,2,4.218,0.36,51.475281996330175,DESTROYING,3.858,1,CONTINUE,
4.578,MYOPIC,3,1,3.858,,,,,1,NO_LOCALLY_FEASIBLE_ACTION,
4.579,MYOPIC,1,3,4.579,0.36,39.360157560563124,DESTROYING,4.219,2,CONTINUE,
4.579,MYOPIC,2,2,4.219,0.36,51.43527530226886,DESTROYING,3.859,1,CONTINUE,
4.579,MYOPIC,3,1,3.859,,,,,1,NO_LOCALLY_FEASIBLE_ACTION,
4.58,MYOPIC,1,3,4.58,0.36,39.33218303598084,DESTROYING,4.22,2,CONTINUE,
4.58,MYOPIC,2,2,4.22,0.36,51.39531005518171,DESTROYING,3.86,1,CONTINUE,
4.58,MYOPIC,3,1,3.86,,,,,1,NO_LOCALLY_FEASIBLE_ACTION,
4.581,MYOPIC,1,3,4.581,0.36,39.30423501497342,DESTROYING,4.221,2,CONTINUE,
4.581,MYOPIC,2,2,4.221,0.36,51.35538620140876,DESTROYING,3.861,1,CONTINUE,
4.581,MYOPIC,3,1,3.861,,,,,1,NO_LOCALLY_FEASIBLE_ACTION,
4.582,MYOPIC,1,3,4.582,0.36,39.27631346616083,DESTROYING,4.222,2,CONTINUE,
4.582,MYOPIC,2,2,4.222,0.36,51.315503687373365,DESTROYING,3.862,1,CONTINUE,
4.582,MYOPIC,3,1,3.862,,,,,1,NO_LOCALLY_FEASIBLE_ACTION,
4.583,MYOPIC,1,3,4.583,0.36,39.248418358207665,DESTROYING,4.223,2,CONTINUE,
4.583,MYOPIC,2,2,4.223,0.36,51.275662459582094,DESTROYING,3.863,1,CONTINUE,
4.583,MYOPIC,3,1,3.863,,,,,1,NO_LOCALLY_FEASIBLE_ACTION,
4.584,MYOPIC,1,3,4.584,0.36,39.22054965982289,DESTROYING,4.224,2,CONTINUE,
4.584,MYOPIC,2,2,4.224,0.36,51.2358624646245,DESTROYING,3.864,1,CONTINUE,
4.584,MYOPIC,3,1,3.864,,,,,1,NO_LOCALLY_FEASIBLE_ACTION,
4.585,MYOPIC,1,3,4.585,0.36,39.19270733976004,DESTROYING,4.225,2,CONTINUE,
4.585,MYOPIC,2,2,4.225,0.36,51.196103649173104,DESTROYING,3.865,1,CONTINUE,
4.585,MYOPIC,3,1,3.865,,,,,1,NO_LOCALLY_FEASIBLE_ACTION,
4.586,MYOPIC,1,3,4.586,0.36,39.16489136681687,DESTROYING,4.226,2,CONTINUE,
4.586,MYOPIC,2,2,4.226,0.36,51.15638595998316,DESTROYING,3.866,1,CONTINUE,
4.586,MYOPIC,3,1,3.866,,,,,1,NO_LOCALLY_FEASIBLE_ACTION,
4.18,RPRA,1,3,4.18,0.36,53.026787309836045,PRESERVING,3.82,2,CONTINUE,
4.18,RPRA,2,2,3.82,0.36,71.36037244201924,PRESERVING,3.46,1,CONTINUE,
4.18,RPRA,3,1,3.46,0.36,99.22025135628195,PRESERVING,3.1,0,TERMINAL_REACHED,
4.181,RPRA,1,3,4.181,0.36,52.985165029703495,PRESERVING,3.821,2,CONTINUE,
4.181,RPRA,2,2,3.821,0.36,71.29853503433206,PRESERVING,3.461,1,CONTINUE,
4.181,RPRA,3,1,3.461,0.361,99.55498849452039,PRESERVING,3.1,0,TERMINAL_REACHED,
4.182,RPRA,1,3,4.182,0.36,52.943586298906844,PRESERVING,3.822,2,CONTINUE,
4.182,RPRA,2,2,3.822,0.36,71.23676905304204,PRESERVING,3.462,1,CONTINUE,
4.182,RPRA,3,1,3.462,0.362,99.88995983826324,PRESERVING,3.1,0,TERMINAL_REACHED,
4.183,RPRA,1,3,4.183,0.36,52.90205106050394,PRESERVING,3.823,2,CONTINUE,
4.183,RPRA,2,2,3.823,0.361,71.47709894421054,PRESERVING,3.462,1,CONTINUE,
4.183,RPRA,3,1,3.462,0.362,99.88995983826324,PRESERVING,3.1,0,TERMINAL_REACHED,
4.184,RPRA,1,3,4.184,0.36,52.86055925764199,PRESERVING,3.824,2,CONTINUE,
4.184,RPRA,2,2,3.824,0.362,71.71759698697313,PRESERVING,3.462,1,CONTINUE,
4.184,RPRA,3,1,3.462,0.362,99.88995983826324,PRESERVING,3.1,0,TERMINAL_REACHED,
4.185,RPRA,1,3,4.185,0.36,52.81911083355733,PRESERVING,3.825,2,CONTINUE,
4.185,RPRA,2,2,3.825,0.363,71.9582628990056,PRESERVING,3.462,1,CONTINUE,
4.185,RPRA,3,1,3.462,0.362,99.88995983826324,PRESERVING,3.1,0,TERMINAL_REACHED,
4.186,RPRA,1,3,4.186,0.36,52.777705731575345,PRESERVING,3.826,2,CONTINUE,
4.186,RPRA,2,2,3.826,0.364,72.19909639911492,PRESERVING,3.462,1,CONTINUE,
4.186,RPRA,3,1,3.462,0.362,99.88995983826324,PRESERVING,3.1,0,TERMINAL_REACHED,
4.187,RPRA,1,3,4.187,0.36,52.73634389511021,PRESERVING,3.827,2,CONTINUE,
4.187,RPRA,2,2,3.827,0.365,72.44009720723156,PRESERVING,3.462,1,CONTINUE,
4.187,RPRA,3,1,3.462,0.362,99.88995983826324,PRESERVING,3.1,0,TERMINAL_REACHED,
4.188,RPRA,1,3,4.188,0.36,52.69502526766479,PRESERVING,3.828,2,CONTINUE,
4.188,RPRA,2,2,3.828,0.366,72.68126504440183,PRESERVING,3.462,1,CONTINUE,
4.188,RPRA,3,1,3.462,0.362,99.88995983826324,PRESERVING,3.1,0,TERMINAL_REACHED,
4.189,RPRA,1,3,4.189,0.36,52.65374979283043,PRESERVING,3.829,2,CONTINUE,
4.189,RPRA,2,2,3.829,0.367,72.92259963278052,PRESERVING,3.462,1,CONTINUE,
4.189,RPRA,3,1,3.462,0.362,99.88995983826324,PRESERVING,3.1,0,TERMINAL_REACHED,
4.19,RPRA,1,3,4.19,0.36,52.612517414286856,PRESERVING,3.83,2,CONTINUE,
4.19,RPRA,2,2,3.83,0.368,73.1641006956221,PRESERVING,3.462,1,CONTINUE,
4.19,RPRA,3,1,3.462,0.362,99.88995983826324,PRESERVING,3.1,0,TERMINAL_REACHED,
4.191,RPRA,1,3,4.191,0.36,52.571328075801944,PRESERVING,3.831,2,CONTINUE,
4.191,RPRA,2,2,3.831,0.369,73.4057679572754,PRESERVING,3.462,1,CONTINUE,
4.191,RPRA,3,1,3.462,0.362,99.88995983826324,PRESERVING,3.1,0,TERMINAL_REACHED,
4.192,RPRA,1,3,4.192,0.36,52.530181721231614,PRESERVING,3.832,2,CONTINUE,
4.192,RPRA,2,2,3.832,0.37,73.64760114317465,PRESERVING,3.462,1,CONTINUE,
4.192,RPRA,3,1,3.462,0.362,99.88995983826324,PRESERVING,3.1,0,TERMINAL_REACHED,
4.193,RPRA,1,3,4.193,0.36,52.48907829451962,PRESERVING,3.833,2,CONTINUE,
4.193,RPRA,2,2,3.833,0.371,73.88959997983315,PRESERVING,3.462,1,CONTINUE,
4.193,RPRA,3,1,3.462,0.362,99.88995983826324,PRESERVING,3.1,0,TERMINAL_REACHED,
4.194,RPRA,1,3,4.194,0.36,52.44801773969748,PRESERVING,3.834,2,CONTINUE,
4.194,RPRA,2,2,3.834,0.372,74.13176419483511,PRESERVING,3.462,1,CONTINUE,
4.194,RPRA,3,1,3.462,0.362,99.88995983826324,PRESERVING,3.1,0,TERMINAL_REACHED,
4.195,RPRA,1,3,4.195,0.36,52.4070000008842,PRESERVING,3.835,2,CONTINUE,
4.195,RPRA,2,2,3.835,0.373,74.37409351682855,PRESERVING,3.462,1,CONTINUE,
4.195,RPRA,3,1,3.462,0.362,99.88995983826324,PRESERVING,3.1,0,TERMINAL_REACHED,
4.196,RPRA,1,3,4.196,0.36,52.36602502228619,PRESERVING,3.836,2,CONTINUE,
4.196,RPRA,2,2,3.836,0.374,74.61658767551941,PRESERVING,3.462,1,CONTINUE,
4.196,RPRA,3,1,3.462,0.362,99.88995983826324,PRESERVING,3.1,0,TERMINAL_REACHED,
4.197,RPRA,1,3,4.197,0.36,52.325092748197044,PRESERVING,3.837,2,CONTINUE,
4.197,RPRA,2,2,3.837,0.375,74.85924640166341,PRESERVING,3.462,1,CONTINUE,
4.197,RPRA,3,1,3.462,0.362,99.88995983826324,PRESERVING,3.1,0,TERMINAL_REACHED,
4.198,RPRA,1,3,4.198,0.36,52.284203122997496,PRESERVING,3.838,2,CONTINUE,
4.198,RPRA,2,2,3.838,0.376,75.10206942705908,PRESERVING,3.462,1,CONTINUE,
4.198,RPRA,3,1,3.462,0.362,99.88995983826324,PRESERVING,3.1,0,TERMINAL_REACHED,
4.199,RPRA,1,3,4.199,0.36,52.24335609115513,PRESERVING,3.839,2,CONTINUE,
4.199,RPRA,2,2,3.839,0.377,75.34505648454163,PRESERVING,3.462,1,CONTINUE,
4.199,RPRA,3,1,3.462,0.362,99.88995983826324,PRESERVING,3.1,0,TERMINAL_REACHED,
4.2,RPRA,1,3,4.2,0.36,52.20255159722428,PRESERVING,3.84,2,CONTINUE,
4.2,RPRA,2,2,3.84,0.378,75.58820730797513,PRESERVING,3.462,1,CONTINUE,
4.2,RPRA,3,1,3.462,0.362,99.88995983826324,PRESERVING,3.1,0,TERMINAL_REACHED,
4.201,RPRA,1,3,4.201,0.36,52.16178958584585,PRESERVING,3.841,2,CONTINUE,
4.201,RPRA,2,2,3.841,0.379,75.83152163224709,PRESERVING,3.462,1,CONTINUE,
4.201,RPRA,3,1,3.462,0.362,99.88995983826324,PRESERVING,3.1,0,TERMINAL_REACHED,
4.202,RPRA,1,3,4.202,0.36,52.12107000174724,PRESERVING,3.842,2,CONTINUE,
4.202,RPRA,2,2,3.842,0.38,76.07499919325944,PRESERVING,3.462,1,CONTINUE,
4.202,RPRA,3,1,3.462,0.362,99.88995983826324,PRESERVING,3.1,0,TERMINAL_REACHED,
4.203,RPRA,1,3,4.203,0.36,52.0803927897421,PRESERVING,3.843,2,CONTINUE,
4.203,RPRA,2,2,3.843,0.381,76.31863972792435,PRESERVING,3.462,1,CONTINUE,
4.203,RPRA,3,1,3.462,0.362,99.88995983826324,PRESERVING,3.1,0,TERMINAL_REACHED,
4.204,RPRA,1,3,4.204,0.36,52.03975789473015,PRESERVING,3.844,2,CONTINUE,
4.204,RPRA,2,2,3.844,0.382,76.56244297415681,PRESERVING,3.462,1,CONTINUE,
4.204,RPRA,3,1,3.462,0.362,99.88995983826324,PRESERVING,3.1,0,TERMINAL_REACHED,
4.205,RPRA,1,3,4.205,0.36,51.99916526169709,PRESERVING,3.845,2,CONTINUE,
4.205,RPRA,2,2,3.845,0.383,76.80640867086727,PRESERVING,3.462,1,CONTINUE,
4.205,RPRA,3,1,3.462,0.362,99.88995983826324,PRESERVING,3.1,0,TERMINAL_REACHED,
4.206,RPRA,1,3,4.206,0.36,51.95861483571447,PRESERVING,3.846,2,CONTINUE,
4.206,RPRA,2,2,3.846,0.384,77.05053655795668,PRESERVING,3.462,1,CONTINUE,
4.206,RPRA,3,1,3.462,0.362,99.88995983826324,PRESERVING,3.1,0,TERMINAL_REACHED,
4.207,RPRA,1,3,4.207,0.36,51.91810656193943,PRESERVING,3.847,2,CONTINUE,
4.207,RPRA,2,2,3.847,0.385,77.29482637630773,PRESERVING,3.462,1,CONTINUE,
4.207,RPRA,3,1,3.462,0.362,99.88995983826324,PRESERVING,3.1,0,TERMINAL_REACHED,
4.208,RPRA,1,3,4.208,0.36,51.87764038561463,PRESERVING,3.848,2,CONTINUE,
4.208,RPRA,2,2,3.848,0.386,77.53927786778114,PRESERVING,3.462,1,CONTINUE,
4.208,RPRA,3,1,3.462,0.362,99.88995983826324,PRESERVING,3.1,0,TERMINAL_REACHED,
4.209,RPRA,1,3,4.209,0.36,51.83721625206807,PRESERVING,3.849,2,CONTINUE,
4.209,RPRA,2,2,3.849,0.387,77.78389077520825,PRESERVING,3.462,1,CONTINUE,
4.209,RPRA,3,1,3.462,0.362,99.88995983826324,PRESERVING,3.1,0,TERMINAL_REACHED,
4.21,RPRA,1,3,4.21,0.36,51.79683410671292,PRESERVING,3.85,2,CONTINUE,
4.21,RPRA,2,2,3.85,0.388,78.02866484238417,PRESERVING,3.462,1,CONTINUE,
4.21,RPRA,3,1,3.462,0.362,99.88995983826324,PRESERVING,3.1,0,TERMINAL_REACHED,
4.211,RPRA,1,3,4.211,0.36,51.756493895047356,PRESERVING,3.851,2,CONTINUE,
4.211,RPRA,2,2,3.851,0.389,78.27359981406256,PRESERVING,3.462,1,CONTINUE,
4.211,RPRA,3,1,3.462,0.362,99.88995983826324,PRESERVING,3.1,0,TERMINAL_REACHED,
4.212,RPRA,1,3,4.212,0.36,51.71619556265447,PRESERVING,3.852,2,CONTINUE,
4.212,RPRA,2,2,3.852,0.39,78.51869543594911,PRESERVING,3.462,1,CONTINUE,
4.212,RPRA,3,1,3.462,0.362,99.88995983826324,PRESERVING,3.1,0,TERMINAL_REACHED,
4.213,RPRA,1,3,4.213,0.36,51.675939055202036,PRESERVING,3.853,2,CONTINUE,
4.213,RPRA,2,2,3.853,0.391,78.76395145469552,PRESERVING,3.462,1,CONTINUE,
4.213,RPRA,3,1,3.462,0.362,99.88995983826324,PRESERVING,3.1,0,TERMINAL_REACHED,
4.214,RPRA,1,3,4.214,0.36,51.63572431844241,PRESERVING,3.854,2,CONTINUE,
4.214,RPRA,2,2,3.854,0.392,79.00936761789256,PRESERVING,3.462,1,CONTINUE,
4.214,RPRA,3,1,3.462,0.362,99.88995983826324,PRESERVING,3.1,0,TERMINAL_REACHED,
4.215,RPRA,1,3,4.215,0.36,51.59555129821238,PRESERVING,3.855,2,CONTINUE,
4.215,RPRA,2,2,3.855,0.393,79.25494367406611,PRESERVING,3.462,1,CONTINUE,
4.215,RPRA,3,1,3.462,0.362,99.88995983826324,PRESERVING,3.1,0,TERMINAL_REACHED,
4.216,RPRA,1,3,4.216,0.36,51.55541994043291,PRESERVING,3.856,2,CONTINUE,
4.216,RPRA,2,2,3.856,0.394,79.5006793726696,PRESERVING,3.462,1,CONTINUE,
4.216,RPRA,3,1,3.462,0.362,99.88995983826324,PRESERVING,3.1,0,TERMINAL_REACHED,
4.217,RPRA,1,3,4.217,0.36,51.515330191109136,PRESERVING,3.857,2,CONTINUE,
4.217,RPRA,2,2,3.857,0.395,79.74657446407866,PRESERVING,3.462,1,CONTINUE,
4.217,RPRA,3,1,3.462,0.362,99.88995983826324,PRESERVING,3.1,0,TERMINAL_REACHED,
4.218,RPRA,1,3,4.218,0.36,51.475281996330175,PRESERVING,3.858,2,CONTINUE,
4.218,RPRA,2,2,3.858,0.396,79.99262869958605,PRESERVING,3.462,1,CONTINUE,
4.218,RPRA,3,1,3.462,0.362,99.88995983826324,PRESERVING,3.1,0,TERMINAL_REACHED,
4.219,RPRA,1,3,4.219,0.36,51.43527530226886,PRESERVING,3.859,2,CONTINUE,
4.219,RPRA,2,2,3.859,0.397,80.23884183139366,PRESERVING,3.462,1,CONTINUE,
4.219,RPRA,3,1,3.462,0.362,99.88995983826324,PRESERVING,3.1,0,TERMINAL_REACHED,
4.22,RPRA,1,3,4.22,0.36,51.39531005518171,PRESERVING,3.86,2,CONTINUE,
4.22,RPRA,2,2,3.86,0.398,80.48521361260941,PRESERVING,3.462,1,CONTINUE,
4.22,RPRA,3,1,3.462,0.362,99.88995983826324,PRESERVING,3.1,0,TERMINAL_REACHED,
4.221,RPRA,1,3,4.221,0.36,51.35538620140876,PRESERVING,3.861,2,CONTINUE,
4.221,RPRA,2,2,3.861,0.399,80.73174379724045,PRESERVING,3.462,1,CONTINUE,
4.221,RPRA,3,1,3.462,0.362,99.88995983826324,PRESERVING,3.1,0,TERMINAL_REACHED,
4.222,RPRA,1,3,4.222,0.36,51.315503687373365,PRESERVING,3.862,2,CONTINUE,
4.222,RPRA,2,2,3.862,0.4,80.9784321401875,PRESERVING,3.462,1,CONTINUE,
4.222,RPRA,3,1,3.462,0.362,99.88995983826324,PRESERVING,3.1,0,TERMINAL_REACHED,
4.223,RPRA,1,3,4.223,0.36,51.275662459582094,PRESERVING,3.863,2,CONTINUE,
4.223,RPRA,2,2,3.863,0.401,81.22527839723925,PRESERVING,3.462,1,CONTINUE,
4.223,RPRA,3,1,3.462,0.362,99.88995983826324,PRESERVING,3.1,0,TERMINAL_REACHED,
4.224,RPRA,1,3,4.224,0.36,51.2358624646245,PRESERVING,3.864,2,CONTINUE,
4.224,RPRA,2,2,3.864,0.402,81.47228232506728,PRESERVING,3.462,1,CONTINUE,
4.224,RPRA,3,1,3.462,0.362,99.88995983826324,PRESERVING,3.1,0,TERMINAL_REACHED,
4.225,RPRA,1,3,4.225,0.36,51.196103649173104,PRESERVING,3.865,2,CONTINUE,
4.225,RPRA,2,2,3.865,0.403,81.71944368122044,PRESERVING,3.462,1,CONTINUE,
4.225,RPRA,3,1,3.462,0.362,99.88995983826324,PRESERVING,3.1,0,TERMINAL_REACHED,
4.226,RPRA,1,3,4.226,0.36,51.15638595998316,PRESERVING,3.866,2,CONTINUE,
4.226,RPRA,2,2,3.866,0.404,81.96676222411824,PRESERVING,3.462,1,CONTINUE,
4.226,RPRA,3,1,3.462,0.362,99.88995983826324,PRESERVING,3.1,0,TERMINAL_REACHED,
4.227,RPRA,1,3,4.227,0.36,51.11670934389245,PRESERVING,3.867,2,CONTINUE,
4.227,RPRA,2,2,3.867,0.405,82.21423771304786,PRESERVING,3.462,1,CONTINUE,
4.227,RPRA,3,1,3.462,0.362,99.88995983826324,PRESERVING,3.1,0,TERMINAL_REACHED,
4.228,RPRA,1,3,4.228,0.36,51.077073747821274,PRESERVING,3.868,2,CONTINUE,
4.228,RPRA,2,2,3.868,0.406,82.46186990815706,PRESERVING,3.462,1,CONTINUE,
4.228,RPRA,3,1,3.462,0.362,99.88995983826324,PRESERVING,3.1,0,TERMINAL_REACHED,
4.229,RPRA,1,3,4.229,0.36,51.03747911877214,PRESERVING,3.869,2,CONTINUE,
4.229,RPRA,2,2,3.869,0.407,82.7096585704493,PRESERVING,3.462,1,CONTINUE,
4.229,RPRA,3,1,3.462,0.362,99.88995983826324,PRESERVING,3.1,0,TERMINAL_REACHED,
4.23,RPRA,1,3,4.23,0.36,50.99792540382983,PRESERVING,3.87,2,CONTINUE,
4.23,RPRA,2,2,3.87,0.408,82.95760346177879,PRESERVING,3.462,1,CONTINUE,
4.23,RPRA,3,1,3.462,0.362,99.88995983826324,PRESERVING,3.1,0,TERMINAL_REACHED,
4.231,RPRA,1,3,4.231,0.36,50.958412550161015,PRESERVING,3.871,2,CONTINUE,
4.231,RPRA,2,2,3.871,0.409,83.2057043448454,PRESERVING,3.462,1,CONTINUE,
4.231,RPRA,3,1,3.462,0.362,99.88995983826324,PRESERVING,3.1,0,TERMINAL_REACHED,
4.232,RPRA,1,3,4.232,0.36,50.918940505014255,PRESERVING,3.872,2,CONTINUE,
4.232,RPRA,2,2,3.872,0.41,83.45396098318801,PRESERVING,3.462,1,CONTINUE,
4.232,RPRA,3,1,3.462,0.362,99.88995983826324,PRESERVING,3.1,0,TERMINAL_REACHED,
4.233,RPRA,1,3,4.233,0.36,50.87950921571976,PRESERVING,3.873,2,CONTINUE,
4.233,RPRA,2,2,3.873,0.411,83.70237314118188,PRESERVING,3.462,1,CONTINUE,
4.233,RPRA,3,1,3.462,0.362,99.88995983826324,PRESERVING,3.1,0,TERMINAL_REACHED,
4.234,RPRA,1,3,4.234,0.36,50.84011862968941,PRESERVING,3.874,2,CONTINUE,
4.234,RPRA,2,2,3.874,0.412,83.95094058403198,PRESERVING,3.462,1,CONTINUE,
4.234,RPRA,3,1,3.462,0.362,99.88995983826324,PRESERVING,3.1,0,TERMINAL_REACHED,
4.235,RPRA,1,3,4.235,0.36,50.80076869441637,PRESERVING,3.875,2,CONTINUE,
4.235,RPRA,2,2,3.875,0.413,84.19966307776825,PRESERVING,3.462,1,CONTINUE,
4.235,RPRA,3,1,3.462,0.362,99.88995983826324,PRESERVING,3.1,0,TERMINAL_REACHED,
4.236,RPRA,1,3,4.236,0.36,50.761459357475125,PRESERVING,3.876,2,CONTINUE,
4.236,RPRA,2,2,3.876,0.414,84.44854038924105,PRESERVING,3.462,1,CONTINUE,
4.236,RPRA,3,1,3.462,0.362,99.88995983826324,PRESERVING,3.1,0,TERMINAL_REACHED,
4.237,RPRA,1,3,4.237,0.36,50.72219056652126,PRESERVING,3.877,2,CONTINUE,
4.237,RPRA,2,2,3.877,0.415,84.69757228611572,PRESERVING,3.462,1,CONTINUE,
4.237,RPRA,3,1,3.462,0.362,99.88995983826324,PRESERVING,3.1,0,TERMINAL_REACHED,
4.238,RPRA,1,3,4.238,0.36,50.68296226929129,PRESERVING,3.878,2,CONTINUE,
4.238,RPRA,2,2,3.878,0.416,84.94675853686743,PRESERVING,3.462,1,CONTINUE,
4.238,RPRA,3,1,3.462,0.362,99.88995983826324,PRESERVING,3.1,0,TERMINAL_REACHED,
4.239,RPRA,1,3,4.239,0.36,50.64377441360266,PRESERVING,3.879,2,CONTINUE,
4.239,RPRA,2,2,3.879,0.417,85.19609891077744,PRESERVING,3.462,1,CONTINUE,
4.239,RPRA,3,1,3.462,0.362,99.88995983826324,PRESERVING,3.1,0,TERMINAL_REACHED,
4.24,RPRA,1,3,4.24,0.36,50.604626947353346,PRESERVING,3.88,2,CONTINUE,
4.24,RPRA,2,2,3.88,0.418,85.4455931779275,PRESERVING,3.462,1,CONTINUE,
4.24,RPRA,3,1,3.462,0.362,99.88995983826324,PRESERVING,3.1,0,TERMINAL_REACHED,
4.241,RPRA,1,3,4.241,0.36,50.56551981852196,PRESERVING,3.881,2,CONTINUE,
4.241,RPRA,2,2,3.881,0.419,85.69524110919524,PRESERVING,3.462,1,CONTINUE,
4.241,RPRA,3,1,3.462,0.362,99.88995983826324,PRESERVING,3.1,0,TERMINAL_REACHED,
4.242,RPRA,1,3,4.242,0.36,50.526452975167395,PRESERVING,3.882,2,CONTINUE,
4.242,RPRA,2,2,3.882,0.42,85.94504247624963,PRESERVING,3.462,1,CONTINUE,
4.242,RPRA,3,1,3.462,0.362,99.88995983826324,PRESERVING,3.1,0,TERMINAL_REACHED,
4.243,RPRA,1,3,4.243,0.36,50.487426365428945,PRESERVING,3.883,2,CONTINUE,
4.243,RPRA,2,2,3.883,0.421,86.19499705154597,PRESERVING,3.462,1,CONTINUE,
4.243,RPRA,3,1,3.462,0.362,99.88995983826324,PRESERVING,3.1,0,TERMINAL_REACHED,
4.244,RPRA,1,3,4.244,0.36,50.44843993752582,PRESERVING,3.884,2,CONTINUE,
4.244,RPRA,2,2,3.884,0.422,86.44510460832083,PRESERVING,3.462,1,CONTINUE,
4.244,RPRA,3,1,3.462,0.362,99.88995983826324,PRESERVING,3.1,0,TERMINAL_REACHED,
4.245,RPRA,1,3,4.245,0.36,50.40949363975729,PRESERVING,3.885,2,CONTINUE,
4.245,RPRA,2,2,3.885,0.423,86.69536492058897,PRESERVING,3.462,1,CONTINUE,
4.245,RPRA,3,1,3.462,0.362,99.88995983826324,PRESERVING,3.1,0,TERMINAL_REACHED,
4.246,RPRA,1,3,4.246,0.36,50.37058742050237,PRESERVING,3.886,2,CONTINUE,
4.246,RPRA,2,2,3.886,0.424,86.94577776313722,PRESERVING,3.462,1,CONTINUE,
4.246,RPRA,3,1,3.462,0.362,99.88995983826324,PRESERVING,3.1,0,TERMINAL_REACHED,
4.247,RPRA,1,3,4.247,0.36,50.3317212282198,PRESERVING,3.887,2,CONTINUE,
4.247,RPRA,2,2,3.887,0.425,87.19634291152094,PRESERVING,3.462,1,CONTINUE,
4.247,RPRA,3,1,3.462,0.362,99.88995983826324,PRESERVING,3.1,0,TERMINAL_REACHED,
4.248,RPRA,1,3,4.248,0.36,50.29289501144779,PRESERVING,3.888,2,CONTINUE,
4.248,RPRA,2,2,3.888,0.426,87.4470601420588,PRESERVING,3.462,1,CONTINUE,
4.248,RPRA,3,1,3.462,0.362,99.88995983826324,PRESERVING,3.1,0,TERMINAL_REACHED,
4.249,RPRA,1,3,4.249,0.36,50.25410871880395,PRESERVING,3.889,2,CONTINUE,
4.249,RPRA,2,2,3.889,0.427,87.69792923182924,PRESERVING,3.462,1,CONTINUE,
4.249,RPRA,3,1,3.462,0.362,99.88995983826324,PRESERVING,3.1,0,TERMINAL_REACHED,
4.25,RPRA,1,3,4.25,0.36,50.215362298985056,PRESERVING,3.89,2,CONTINUE,
4.25,RPRA,2,2,3.89,0.428,87.94894995866426,PRESERVING,3.462,1,CONTINUE,
4.25,RPRA,3,1,3.462,0.362,99.88995983826324,PRESERVING,3.1,0,TERMINAL_REACHED,
4.251,RPRA,1,3,4.251,0.36,50.17665570076711,PRESERVING,3.891,2,CONTINUE,
4.251,RPRA,2,2,3.891,0.429,88.2001221011473,PRESERVING,3.462,1,CONTINUE,
4.251,RPRA,3,1,3.462,0.362,99.88995983826324,PRESERVING,3.1,0,TERMINAL_REACHED,
4.252,RPRA,1,3,4.252,0.36,50.13798887300495,PRESERVING,3.892,2,CONTINUE,
4.252,RPRA,2,2,3.892,0.43,88.45144543860756,PRESERVING,3.462,1,CONTINUE,
4.252,RPRA,3,1,3.462,0.362,99.88995983826324,PRESERVING,3.1,0,TERMINAL_REACHED,
4.253,RPRA,1,3,4.253,0.36,50.09936176463223,PRESERVING,3.893,2,CONTINUE,
4.253,RPRA,2,2,3.893,0.431,88.70291975111599,PRESERVING,3.462,1,CONTINUE,
4.253,RPRA,3,1,3.462,0.362,99.88995983826324,PRESERVING,3.1,0,TERMINAL_REACHED,
4.254,RPRA,1,3,4.254,0.36,50.06077432466129,PRESERVING,3.894,2,CONTINUE,
4.254,RPRA,2,2,3.894,0.432,88.95454481948096,PRESERVING,3.462,1,CONTINUE,
4.254,RPRA,3,1,3.462,0.362,99.88995983826324,PRESERVING,3.1,0,TERMINAL_REACHED,
4.255,RPRA,1,3,4.255,0.36,50.02222650218303,PRESERVING,3.895,2,CONTINUE,
4.255,RPRA,2,2,3.895,0.433,89.20632042524421,PRESERVING,3.462,1,CONTINUE,
4.255,RPRA,3,1,3.462,0.362,99.88995983826324,PRESERVING,3.1,0,TERMINAL_REACHED,
4.256,RPRA,1,3,4.256,0.36,49.983718246366685,PRESERVING,3.896,2,CONTINUE,
4.256,RPRA,2,2,3.896,0.434,89.45824635067578,PRESERVING,3.462,1,CONTINUE,
4.256,RPRA,3,1,3.462,0.362,99.88995983826324,PRESERVING,3.1,0,TERMINAL_REACHED,
4.257,RPRA,1,3,4.257,0.36,49.94524950645972,PRESERVING,3.897,2,CONTINUE,
4.257,RPRA,2,2,3.897,0.435,89.71032237877122,PRESERVING,3.462,1,CONTINUE,
4.257,RPRA,3,1,3.462,0.362,99.88995983826324,PRESERVING,3.1,0,TERMINAL_REACHED,
4.258,RPRA,1,3,4.258,0.36,49.906820231787734,PRESERVING,3.898,2,CONTINUE,
4.258,RPRA,2,2,3.898,0.436,89.96254829324664,PRESERVING,3.462,1,CONTINUE,
4.258,RPRA,3,1,3.462,0.362,99.88995983826324,PRESERVING,3.1,0,TERMINAL_REACHED,
4.259,RPRA,1,3,4.259,0.36,49.86843037175427,PRESERVING,3.899,2,CONTINUE,
4.259,RPRA,2,2,3.899,0.437,90.21492387853463,PRESERVING,3.462,1,CONTINUE,
4.259,RPRA,3,1,3.462,0.362,99.88995983826324,PRESERVING,3.1,0,TERMINAL_REACHED,
4.26,RPRA,1,3,4.26,0.36,49.83007987584073,PRESERVING,3.9,2,CONTINUE,
4.26,RPRA,2,2,3.9,0.438,90.46744891978027,PRESERVING,3.462,1,CONTINUE,
4.26,RPRA,3,1,3.462,0.362,99.88995983826324,PRESERVING,3.1,0,TERMINAL_REACHED,
4.261,RPRA,1,3,4.261,0.36,49.79176869360613,PRESERVING,3.901,2,CONTINUE,
4.261,RPRA,2,2,3.901,0.439,90.72012320283744,PRESERVING,3.462,1,CONTINUE,
4.261,RPRA,3,1,3.462,0.362,99.88995983826324,PRESERVING,3.1,0,TERMINAL_REACHED,
4.262,RPRA,1,3,4.262,0.36,49.75349677468705,PRESERVING,3.902,2,CONTINUE,
4.262,RPRA,2,2,3.902,0.44,90.97294651426347,PRESERVING,3.462,1,CONTINUE,
4.262,RPRA,3,1,3.462,0.362,99.88995983826324,PRESERVING,3.1,0,TERMINAL_REACHED,
4.263,RPRA,1,3,4.263,0.36,49.71526406879751,PRESERVING,3.903,2,CONTINUE,
4.263,RPRA,2,2,3.903,0.441,91.22591864131715,PRESERVING,3.462,1,CONTINUE,
4.263,RPRA,3,1,3.462,0.362,99.88995983826324,PRESERVING,3.1,0,TERMINAL_REACHED,
4.264,RPRA,1,3,4.264,0.36,49.67707052572877,PRESERVING,3.904,2,CONTINUE,
4.264,RPRA,2,2,3.904,0.442,91.47903937195336,PRESERVING,3.462,1,CONTINUE,
4.264,RPRA,3,1,3.462,0.362,99.88995983826324,PRESERVING,3.1,0,TERMINAL_REACHED,
4.265,RPRA,1,3,4.265,0.36,49.638916095349224,PRESERVING,3.905,2,CONTINUE,
4.265,RPRA,2,2,3.905,0.443,91.73230849481963,PRESERVING,3.462,1,CONTINUE,
4.265,RPRA,3,1,3.462,0.362,99.88995983826324,PRESERVING,3.1,0,TERMINAL_REACHED,
4.266,RPRA,1,3,4.266,0.36,49.60080072760419,PRESERVING,3.906,2,CONTINUE,
4.266,RPRA,2,2,3.906,0.444,91.98572579925235,PRESERVING,3.462,1,CONTINUE,
4.266,RPRA,3,1,3.462,0.362,99.88995983826324,PRESERVING,3.1,0,TERMINAL_REACHED,
4.267,RPRA,1,3,4.267,0.36,49.56272437251595,PRESERVING,3.907,2,CONTINUE,
4.267,RPRA,2,2,3.907,0.445,92.23929107527286,PRESERVING,3.462,1,CONTINUE,
4.267,RPRA,3,1,3.462,0.362,99.88995983826324,PRESERVING,3.1,0,TERMINAL_REACHED,
4.268,RPRA,1,3,4.268,0.36,49.52468698018341,PRESERVING,3.908,2,CONTINUE,
4.268,RPRA,2,2,3.908,0.446,92.49300411358249,PRESERVING,3.462,1,CONTINUE,
4.268,RPRA,3,1,3.462,0.362,99.88995983826324,PRESERVING,3.1,0,TERMINAL_REACHED,
4.269,RPRA,1,3,4.269,0.36,49.48668850078208,PRESERVING,3.909,2,CONTINUE,
4.269,RPRA,2,2,3.909,0.447,92.7468647055612,PRESERVING,3.462,1,CONTINUE,
4.269,RPRA,3,1,3.462,0.362,99.88995983826324,PRESERVING,3.1,0,TERMINAL_REACHED,
4.27,RPRA,1,3,4.27,0.36,49.4487288845639,PRESERVING,3.91,2,CONTINUE,
4.27,RPRA,2,2,3.91,0.448,93.00087264326154,PRESERVING,3.462,1,CONTINUE,
4.27,RPRA,3,1,3.462,0.362,99.88995983826324,PRESERVING,3.1,0,TERMINAL_REACHED,
4.271,RPRA,1,3,4.271,0.36,49.41080808185711,PRESERVING,3.911,2,CONTINUE,
4.271,RPRA,2,2,3.911,0.449,93.2550277194063,PRESERVING,3.462,1,CONTINUE,
4.271,RPRA,3,1,3.462,0.362,99.88995983826324,PRESERVING,3.1,0,TERMINAL_REACHED,
4.272,RPRA,1,3,4.272,0.36,49.37292604306616,PRESERVING,3.912,2,CONTINUE,
4.272,RPRA,2,2,3.912,0.45,93.509329727384,PRESERVING,3.462,1,CONTINUE,
4.272,RPRA,3,1,3.462,0.362,99.88995983826324,PRESERVING,3.1,0,TERMINAL_REACHED,
4.273,RPRA,1,3,4.273,0.36,49.335082718671444,PRESERVING,3.913,2,CONTINUE,
4.273,RPRA,2,2,3.913,0.451,93.76377846124589,PRESERVING,3.462,1,CONTINUE,
4.273,RPRA,3,1,3.462,0.362,99.88995983826324,PRESERVING,3.1,0,TERMINAL_REACHED,
4.274,RPRA,1,3,4.274,0.36,49.29727805922929,PRESERVING,3.914,2,CONTINUE,
4.274,RPRA,2,2,3.914,0.452,94.01837371570092,PRESERVING,3.462,1,CONTINUE,
4.274,RPRA,3,1,3.462,0.362,99.88995983826324,PRESERVING,3.1,0,TERMINAL_REACHED,
4.275,RPRA,1,3,4.275,0.36,49.25951201537183,PRESERVING,3.915,2,CONTINUE,
4.275,RPRA,2,2,3.915,0.453,94.27311528611429,PRESERVING,3.462,1,CONTINUE,
4.275,RPRA,3,1,3.462,0.362,99.88995983826324,PRESERVING,3.1,0,TERMINAL_REACHED,
4.276,RPRA,1,3,4.276,0.36,49.221784537806734,PRESERVING,3.916,2,CONTINUE,
4.276,RPRA,2,2,3.916,0.454,94.52800296850185,PRESERVING,3.462,1,CONTINUE,
4.276,RPRA,3,1,3.462,0.362,99.88995983826324,PRESERVING,3.1,0,TERMINAL_REACHED,
4.277,RPRA,1,3,4.277,0.36,49.18409557731721,PRESERVING,3.917,2,CONTINUE,
4.277,RPRA,2,2,3.917,0.455,94.78303655952801,PRESERVING,3.462,1,CONTINUE,
4.277,RPRA,3,1,3.462,0.362,99.88995983826324,PRESERVING,3.1,0,TERMINAL_REACHED,
4.278,RPRA,1,3,4.278,0.36,49.14644508476175,PRESERVING,3.918,2,CONTINUE,
4.278,RPRA,2,2,3.918,0.456,95.03821585650113,PRESERVING,3.462,1,CONTINUE,
4.278,RPRA,3,1,3.462,0.362,99.88995983826324,PRESERVING,3.1,0,TERMINAL_REACHED,
4.279,RPRA,1,3,4.279,0.36,49.108833011074196,PRESERVING,3.919,2,CONTINUE,
4.279,RPRA,2,2,3.919,0.457,95.29354065737094,PRESERVING,3.462,1,CONTINUE,
4.279,RPRA,3,1,3.462,0.362,99.88995983826324,PRESERVING,3.1,0,TERMINAL_REACHED,
4.28,RPRA,1,3,4.28,0.36,49.071259307263354,PRESERVING,3.92,2,CONTINUE,
4.28,RPRA,2,2,3.92,0.458,95.54901076072348,PRESERVING,3.462,1,CONTINUE,
4.28,RPRA,3,1,3.462,0.362,99.88995983826324,PRESERVING,3.1,0,TERMINAL_REACHED,
4.281,RPRA,1,3,4.281,0.36,49.03372392441303,PRESERVING,3.921,2,CONTINUE,
4.281,RPRA,2,2,3.921,0.459,95.80462596577969,PRESERVING,3.462,1,CONTINUE,
4.281,RPRA,3,1,3.462,0.362,99.88995983826324,PRESERVING,3.1,0,TERMINAL_REACHED,
4.282,RPRA,1,3,4.282,0.36,48.99622681368178,PRESERVING,3.922,2,CONTINUE,
4.282,RPRA,2,2,3.922,0.46,96.06038607239064,PRESERVING,3.462,1,CONTINUE,
4.282,RPRA,3,1,3.462,0.362,99.88995983826324,PRESERVING,3.1,0,TERMINAL_REACHED,
4.283,RPRA,1,3,4.283,0.36,48.958767926302954,PRESERVING,3.923,2,CONTINUE,
4.283,RPRA,2,2,3.923,0.461,96.31629088103482,PRESERVING,3.462,1,CONTINUE,
4.283,RPRA,3,1,3.462,0.362,99.88995983826324,PRESERVING,3.1,0,TERMINAL_REACHED,
4.284,RPRA,1,3,4.284,0.36,48.92134721358435,PRESERVING,3.924,2,CONTINUE,
4.284,RPRA,2,2,3.924,0.462,96.57234019281397,PRESERVING,3.462,1,CONTINUE,
4.284,RPRA,3,1,3.462,0.362,99.88995983826324,PRESERVING,3.1,0,TERMINAL_REACHED,
4.285,RPRA,1,3,4.285,0.36,48.88396462690824,PRESERVING,3.925,2,CONTINUE,
4.285,RPRA,2,2,3.925,0.463,96.82853380945079,PRESERVING,3.462,1,CONTINUE,
4.285,RPRA,3,1,3.462,0.362,99.88995983826324,PRESERVING,3.1,0,TERMINAL_REACHED,
4.286,RPRA,1,3,4.286,0.36,48.84662011773112,PRESERVING,3.926,2,CONTINUE,
4.286,RPRA,2,2,3.926,0.464,97.08487153328383,PRESERVING,3.462,1,CONTINUE,
4.286,RPRA,3,1,3.462,0.362,99.88995983826324,PRESERVING,3.1,0,TERMINAL_REACHED,
4.287,RPRA,1,3,4.287,0.36,48.80931363758369,PRESERVING,3.927,2,CONTINUE,
4.287,RPRA,2,2,3.927,0.465,97.34135316726643,PRESERVING,3.462,1,CONTINUE,
4.287,RPRA,3,1,3.462,0.362,99.88995983826324,PRESERVING,3.1,0,TERMINAL_REACHED,
4.288,RPRA,1,3,4.288,0.36,48.77204513807068,PRESERVING,3.928,2,CONTINUE,
4.288,RPRA,2,2,3.928,0.466,97.59797851496218,PRESERVING,3.462,1,CONTINUE,
4.288,RPRA,3,1,3.462,0.362,99.88995983826324,PRESERVING,3.1,0,TERMINAL_REACHED,
4.289,RPRA,1,3,4.289,0.36,48.73481457087064,PRESERVING,3.929,2,CONTINUE,
4.289,RPRA,2,2,3.929,0.467,97.85474738054164,PRESERVING,3.462,1,CONTINUE,
4.289,RPRA,3,1,3.462,0.362,99.88995983826324,PRESERVING,3.1,0,TERMINAL_REACHED,
4.29,RPRA,1,3,4.29,0.36,48.69762188773589,PRESERVING,3.93,2,CONTINUE,
4.29,RPRA,2,2,3.93,0.468,98.11165956877946,PRESERVING,3.462,1,CONTINUE,
4.29,RPRA,3,1,3.462,0.362,99.88995983826324,PRESERVING,3.1,0,TERMINAL_REACHED,
4.291,RPRA,1,3,4.291,0.36,48.660467040492456,PRESERVING,3.931,2,CONTINUE,
4.291,RPRA,2,2,3.931,0.469,98.36871488505142,PRESERVING,3.462,1,CONTINUE,
4.291,RPRA,3,1,3.462,0.362,99.88995983826324,PRESERVING,3.1,0,TERMINAL_REACHED,
4.292,RPRA,1,3,4.292,0.36,48.62334998103975,PRESERVING,3.932,2,CONTINUE,
4.292,RPRA,2,2,3.932,0.47,98.62591313532941,PRESERVING,3.462,1,CONTINUE,
4.292,RPRA,3,1,3.462,0.362,99.88995983826324,PRESERVING,3.1,0,TERMINAL_REACHED,
4.293,RPRA,1,3,4.293,0.36,48.586270661350575,PRESERVING,3.933,2,CONTINUE,
4.293,RPRA,2,2,3.933,0.471,98.88325412618143,PRESERVING,3.462,1,CONTINUE,
4.293,RPRA,3,1,3.462,0.362,99.88995983826324,PRESERVING,3.1,0,TERMINAL_REACHED,
4.294,RPRA,1,3,4.294,0.36,48.549229033471015,PRESERVING,3.934,2,CONTINUE,
4.294,RPRA,2,2,3.934,0.472,99.1407376647659,PRESERVING,3.462,1,CONTINUE,
4.294,RPRA,3,1,3.462,0.362,99.88995983826324,PRESERVING,3.1,0,TERMINAL_REACHED,
4.295,RPRA,1,3,4.295,0.36,48.51222504952019,PRESERVING,3.935,2,CONTINUE,
4.295,RPRA,2,2,3.935,0.473,99.3983635588295,PRESERVING,3.462,1,CONTINUE,
4.295,RPRA,3,1,3.462,0.362,99.88995983826324,PRESERVING,3.1,0,TERMINAL_REACHED,
4.296,RPRA,1,3,4.296,0.36,48.47525866169025,PRESERVING,3.936,2,CONTINUE,
4.296,RPRA,2,2,3.936,0.474,99.65613161670426,PRESERVING,3.462,1,CONTINUE,
4.296,RPRA,3,1,3.462,0.362,99.88995983826324,PRESERVING,3.1,0,TERMINAL_REACHED,
4.297,RPRA,1,3,4.297,0.36,48.43832982224611,PRESERVING,3.937,2,CONTINUE,
4.297,RPRA,2,2,3.937,0.475,99.91404164730385,PRESERVING,3.462,1,CONTINUE,
4.297,RPRA,3,1,3.462,0.362,99.88995983826324,PRESERVING,3.1,0,TERMINAL_REACHED,
4.298,RPRA,1,3,4.298,0.361,48.60174512994904,PRESERVING,3.937,2,CONTINUE,
4.298,RPRA,2,2,3.937,0.475,99.91404164730385,PRESERVING,3.462,1,CONTINUE,
4.298,RPRA,3,1,3.462,0.362,99.88995983826324,PRESERVING,3.1,0,TERMINAL_REACHED,
4.299,RPRA,1,3,4.299,0.362,48.76527477442611,PRESERVING,3.937,2,CONTINUE,
4.299,RPRA,2,2,3.937,0.475,99.91404164730385,PRESERVING,3.462,1,CONTINUE,
4.299,RPRA,3,1,3.462,0.362,99.88995983826324,PRESERVING,3.1,0,TERMINAL_REACHED,
4.3,RPRA,1,3,4.3,0.363,48.92891856370746,PRESERVING,3.937,2,CONTINUE,
4.3,RPRA,2,2,3.937,0.475,99.91404164730385,PRESERVING,3.462,1,CONTINUE,
4.3,RPRA,3,1,3.462,0.362,99.88995983826324,PRESERVING,3.1,0,TERMINAL_REACHED,
4.301,RPRA,1,3,4.301,0.364,49.09267630659239,PRESERVING,3.937,2,CONTINUE,
4.301,RPRA,2,2,3.937,0.475,99.91404164730385,PRESERVING,3.462,1,CONTINUE,
4.301,RPRA,3,1,3.462,0.362,99.88995983826324,PRESERVING,3.1,0,TERMINAL_REACHED,
4.302,RPRA,1,3,4.302,0.365,49.256547812644115,PRESERVING,3.937,2,CONTINUE,
4.302,RPRA,2,2,3.937,0.475,99.91404164730385,PRESERVING,3.462,1,CONTINUE,
4.302,RPRA,3,1,3.462,0.362,99.88995983826324,PRESERVING,3.1,0,TERMINAL_REACHED,
4.303,RPRA,1,3,4.303,0.366,49.42053289218462,PRESERVING,3.937,2,CONTINUE,
4.303,RPRA,2,2,3.937,0.475,99.91404164730385,PRESERVING,3.462,1,CONTINUE,
4.303,RPRA,3,1,3.462,0.362,99.88995983826324,PRESERVING,3.1,0,TERMINAL_REACHED,
4.304,RPRA,1,3,4.304,0.367,49.584631356289556,PRESERVING,3.937,2,CONTINUE,
4.304,RPRA,2,2,3.937,0.475,99.91404164730385,PRESERVING,3.462,1,CONTINUE,
4.304,RPRA,3,1,3.462,0.362,99.88995983826324,PRESERVING,3.1,0,TERMINAL_REACHED,
4.305,RPRA,1,3,4.305,0.368,49.74884301678238,PRESERVING,3.937,2,CONTINUE,
4.305,RPRA,2,2,3.937,0.475,99.91404164730385,PRESERVING,3.462,1,CONTINUE,
4.305,RPRA,3,1,3.462,0.362,99.88995983826324,PRESERVING,3.1,0,TERMINAL_REACHED,
4.306,RPRA,1,3,4.306,0.369,49.913167686230615,PRESERVING,3.937,2,CONTINUE,
4.306,RPRA,2,2,3.937,0.475,99.91404164730385,PRESERVING,3.462,1,CONTINUE,
4.306,RPRA,3,1,3.462,0.362,99.88995983826324,PRESERVING,3.1,0,TERMINAL_REACHED,
4.307,RPRA,1,3,4.307,0.37,50.07760517793986,PRESERVING,3.937,2,CONTINUE,
4.307,RPRA,2,2,3.937,0.475,99.91404164730385,PRESERVING,3.462,1,CONTINUE,
4.307,RPRA,3,1,3.462,0.362,99.88995983826324,PRESERVING,3.1,0,TERMINAL_REACHED,
4.308,RPRA,1,3,4.308,0.371,50.2421553059494,PRESERVING,3.937,2,CONTINUE,
4.308,RPRA,2,2,3.937,0.475,99.91404164730385,PRESERVING,3.462,1,CONTINUE,
4.308,RPRA,3,1,3.462,0.362,99.88995983826324,PRESERVING,3.1,0,TERMINAL_REACHED,
4.309,RPRA,1,3,4.309,0.372,50.40681788502673,PRESERVING,3.937,2,CONTINUE,
4.309,RPRA,2,2,3.937,0.475,99.91404164730385,PRESERVING,3.462,1,CONTINUE,
4.309,RPRA,3,1,3.462,0.362,99.88995983826324,PRESERVING,3.1,0,TERMINAL_REACHED,
4.31,RPRA,1,3,4.31,0.373,50.571592730662694,PRESERVING,3.937,2,CONTINUE,
4.31,RPRA,2,2,3.937,0.475,99.91404164730385,PRESERVING,3.462,1,CONTINUE,
4.31,RPRA,3,1,3.462,0.362,99.88995983826324,PRESERVING,3.1,0,TERMINAL_REACHED,
4.311,RPRA,1,3,4.311,0.374,50.73647965906746,PRESERVING,3.937,2,CONTINUE,
4.311,RPRA,2,2,3.937,0.475,99.91404164730385,PRESERVING,3.462,1,CONTINUE,
4.311,RPRA,3,1,3.462,0.362,99.88995983826324,PRESERVING,3.1,0,TERMINAL_REACHED,
4.312,RPRA,1,3,4.312,0.375,50.90147848716503,PRESERVING,3.937,2,CONTINUE,
4.312,RPRA,2,2,3.937,0.475,99.91404164730385,PRESERVING,3.462,1,CONTINUE,
4.312,RPRA,3,1,3.462,0.362,99.88995983826324,PRESERVING,3.1,0,TERMINAL_REACHED,
4.313,RPRA,1,3,4.313,0.376,51.066589032588475,PRESERVING,3.937,2,CONTINUE,
4.313,RPRA,2,2,3.937,0.475,99.91404164730385,PRESERVING,3.462,1,CONTINUE,
4.313,RPRA,3,1,3.462,0.362,99.88995983826324,PRESERVING,3.1,0,TERMINAL_REACHED,
4.314,RPRA,1,3,4.314,0.377,51.23181111367573,PRESERVING,3.937,2,CONTINUE,
4.314,RPRA,2,2,3.937,0.475,99.91404164730385,PRESERVING,3.462,1,CONTINUE,
4.314,RPRA,3,1,3.462,0.362,99.88995983826324,PRESERVING,3.1,0,TERMINAL_REACHED,
4.315,RPRA,1,3,4.315,0.378,51.39714454946439,PRESERVING,3.937,2,CONTINUE,
4.315,RPRA,2,2,3.937,0.475,99.91404164730385,PRESERVING,3.462,1,CONTINUE,
4.315,RPRA,3,1,3.462,0.362,99.88995983826324,PRESERVING,3.1,0,TERMINAL_REACHED,
4.316,RPRA,1,3,4.316,0.379,51.56258915968789,PRESERVING,3.937,2,CONTINUE,
4.316,RPRA,2,2,3.937,0.475,99.91404164730385,PRESERVING,3.462,1,CONTINUE,
4.316,RPRA,3,1,3.462,0.362,99.88995983826324,PRESERVING,3.1,0,TERMINAL_REACHED,
4.317,RPRA,1,3,4.317,0.38,51.72814476476946,PRESERVING,3.937,2,CONTINUE,
4.317,RPRA,2,2,3.937,0.475,99.91404164730385,PRESERVING,3.462,1,CONTINUE,
4.317,RPRA,3,1,3.462,0.362,99.88995983826324,PRESERVING,3.1,0,TERMINAL_REACHED,
4.318,RPRA,1,3,4.318,0.381,51.893811185819246,PRESERVING,3.937,2,CONTINUE,
4.318,RPRA,2,2,3.937,0.475,99.91404164730385,PRESERVING,3.462,1,CONTINUE,
4.318,RPRA,3,1,3.462,0.362,99.88995983826324,PRESERVING,3.1,0,TERMINAL_REACHED,
4.319,RPRA,1,3,4.319,0.382,52.05958824462927,PRESERVING,3.937,2,CONTINUE,
4.319,RPRA,2,2,3.937,0.475,99.91404164730385,PRESERVING,3.462,1,CONTINUE,
4.319,RPRA,3,1,3.462,0.362,99.88995983826324,PRESERVING,3.1,0,TERMINAL_REACHED,
4.32,RPRA,1,3,4.32,0.383,52.225475763668435,PRESERVING,3.937,2,CONTINUE,
4.32,RPRA,2,2,3.937,0.475,99.91404164730385,PRESERVING,3.462,1,CONTINUE,
4.32,RPRA,3,1,3.462,0.362,99.88995983826324,PRESERVING,3.1,0,TERMINAL_REACHED,
4.321,RPRA,1,3,4.321,0.384,52.391473566079156,PRESERVING,3.937,2,CONTINUE,
4.321,RPRA,2,2,3.937,0.475,99.91404164730385,PRESERVING,3.462,1,CONTINUE,
4.321,RPRA,3,1,3.462,0.362,99.88995983826324,PRESERVING,3.1,0,TERMINAL_REACHED,
4.322,RPRA,1,3,4.322,0.385,52.55758147567137,PRESERVING,3.937,2,CONTINUE,
4.322,RPRA,2,2,3.937,0.475,99.91404164730385,PRESERVING,3.462,1,CONTINUE,
4.322,RPRA,3,1,3.462,0.362,99.88995983826324,PRESERVING,3.1,0,TERMINAL_REACHED,
4.323,RPRA,1,3,4.323,0.386,52.72379931692007,PRESERVING,3.937,2,CONTINUE,
4.323,RPRA,2,2,3.937,0.475,99.91404164730385,PRESERVING,3.462,1,CONTINUE,
4.323,RPRA,3,1,3.462,0.362,99.88995983826324,PRESERVING,3.1,0,TERMINAL_REACHED,
4.324,RPRA,1,3,4.324,0.387,52.89012691496022,PRESERVING,3.937,2,CONTINUE,
4.324,RPRA,2,2,3.937,0.475,99.91404164730385,PRESERVING,3.462,1,CONTINUE,
4.324,RPRA,3,1,3.462,0.362,99.88995983826324,PRESERVING,3.1,0,TERMINAL_REACHED,
4.325,RPRA,1,3,4.325,0.388,53.0565640955821,PRESERVING,3.937,2,CONTINUE,
4.325,RPRA,2,2,3.937,0.475,99.91404164730385,PRESERVING,3.462,1,CONTINUE,
4.325,RPRA,3,1,3.462,0.362,99.88995983826324,PRESERVING,3.1,0,TERMINAL_REACHED,
4.326,RPRA,1,3,4.326,0.389,53.22311068522777,PRESERVING,3.937,2,CONTINUE,
4.326,RPRA,2,2,3.937,0.475,99.91404164730385,PRESERVING,3.462,1,CONTINUE,
4.326,RPRA,3,1,3.462,0.362,99.88995983826324,PRESERVING,3.1,0,TERMINAL_REACHED,
4.327,RPRA,1,3,4.327,0.39,53.38976651098664,PRESERVING,3.937,2,CONTINUE,
4.327,RPRA,2,2,3.937,0.475,99.91404164730385,PRESERVING,3.462,1,CONTINUE,
4.327,RPRA,3,1,3.462,0.362,99.88995983826324,PRESERVING,3.1,0,TERMINAL_REACHED,
4.328,RPRA,1,3,4.328,0.391,53.55653140059138,PRESERVING,3.937,2,CONTINUE,
4.328,RPRA,2,2,3.937,0.475,99.91404164730385,PRESERVING,3.462,1,CONTINUE,
4.328,RPRA,3,1,3.462,0.362,99.88995983826324,PRESERVING,3.1,0,TERMINAL_REACHED,
4.329,RPRA,1,3,4.329,0.392,53.72340518241322,PRESERVING,3.937,2,CONTINUE,
4.329,RPRA,2,2,3.937,0.475,99.91404164730385,PRESERVING,3.462,1,CONTINUE,
4.329,RPRA,3,1,3.462,0.362,99.88995983826324,PRESERVING,3.1,0,TERMINAL_REACHED,
4.33,RPRA,1,3,4.33,0.393,53.89038768545913,PRESERVING,3.937,2,CONTINUE,
4.33,RPRA,2,2,3.937,0.475,99.91404164730385,PRESERVING,3.462,1,CONTINUE,
4.33,RPRA,3,1,3.462,0.362,99.88995983826324,PRESERVING,3.1,0,TERMINAL_REACHED,
4.331,RPRA,1,3,4.331,0.394,54.057478739366886,PRESERVING,3.937,2,CONTINUE,
4.331,RPRA,2,2,3.937,0.475,99.91404164730385,PRESERVING,3.462,1,CONTINUE,
4.331,RPRA,3,1,3.462,0.362,99.88995983826324,PRESERVING,3.1,0,TERMINAL_REACHED,
4.332,RPRA,1,3,4.332,0.395,54.22467817440127,PRESERVING,3.937,2,CONTINUE,
4.332,RPRA,2,2,3.937,0.475,99.91404164730385,PRESERVING,3.462,1,CONTINUE,
4.332,RPRA,3,1,3.462,0.362,99.88995983826324,PRESERVING,3.1,0,TERMINAL_REACHED,
4.333,RPRA,1,3,4.333,0.396,54.39198582145069,PRESERVING,3.937,2,CONTINUE,
4.333,RPRA,2,2,3.937,0.475,99.91404164730385,PRESERVING,3.462,1,CONTINUE,
4.333,RPRA,3,1,3.462,0.362,99.88995983826324,PRESERVING,3.1,0,TERMINAL_REACHED,
4.334,RPRA,1,3,4.334,0.397,54.55940151202173,PRESERVING,3.937,2,CONTINUE,
4.334,RPRA,2,2,3.937,0.475,99.91404164730385,PRESERVING,3.462,1,CONTINUE,
4.334,RPRA,3,1,3.462,0.362,99.88995983826324,PRESERVING,3.1,0,TERMINAL_REACHED,
4.335,RPRA,1,3,4.335,0.398,54.72692507823705,PRESERVING,3.937,2,CONTINUE,
4.335,RPRA,2,2,3.937,0.475,99.91404164730385,PRESERVING,3.462,1,CONTINUE,
4.335,RPRA,3,1,3.462,0.362,99.88995983826324,PRESERVING,3.1,0,TERMINAL_REACHED,
4.336,RPRA,1,3,4.336,0.399,54.89455635283073,PRESERVING,3.937,2,CONTINUE,
4.336,RPRA,2,2,3.937,0.475,99.91404164730385,PRESERVING,3.462,1,CONTINUE,
4.336,RPRA,3,1,3.462,0.362,99.88995983826324,PRESERVING,3.1,0,TERMINAL_REACHED,
4.337,RPRA,1,3,4.337,0.4,55.06229516914448,PRESERVING,3.937,2,CONTINUE,
4.337,RPRA,2,2,3.937,0.475,99.91404164730385,PRESERVING,3.462,1,CONTINUE,
4.337,RPRA,3,1,3.462,0.362,99.88995983826324,PRESERVING,3.1,0,TERMINAL_REACHED,
4.338,RPRA,1,3,4.338,0.401,55.23014136112375,PRESERVING,3.937,2,CONTINUE,
4.338,RPRA,2,2,3.937,0.475,99.91404164730385,PRESERVING,3.462,1,CONTINUE,
4.338,RPRA,3,1,3.462,0.362,99.88995983826324,PRESERVING,3.1,0,TERMINAL_REACHED,
4.339,RPRA,1,3,4.339,0.402,55.39809476331435,PRESERVING,3.937,2,CONTINUE,
4.339,RPRA,2,2,3.937,0.475,99.91404164730385,PRESERVING,3.462,1,CONTINUE,
4.339,RPRA,3,1,3.462,0.362,99.88995983826324,PRESERVING,3.1,0,TERMINAL_REACHED,
4.34,RPRA,1,3,4.34,0.403,55.5661552108586,PRESERVING,3.937,2,CONTINUE,
4.34,RPRA,2,2,3.937,0.475,99.91404164730385,PRESERVING,3.462,1,CONTINUE,
4.34,RPRA,3,1,3.462,0.362,99.88995983826324,PRESERVING,3.1,0,TERMINAL_REACHED,
4.341,RPRA,1,3,4.341,0.404,55.734322539490826,PRESERVING,3.937,2,CONTINUE,
4.341,RPRA,2,2,3.937,0.475,99.91404164730385,PRESERVING,3.462,1,CONTINUE,
4.341,RPRA,3,1,3.462,0.362,99.88995983826324,PRESERVING,3.1,0,TERMINAL_REACHED,
4.342,RPRA,1,3,4.342,0.405,55.902596585535335,PRESERVING,3.937,2,CONTINUE,
4.342,RPRA,2,2,3.937,0.475,99.91404164730385,PRESERVING,3.462,1,CONTINUE,
4.342,RPRA,3,1,3.462,0.362,99.88995983826324,PRESERVING,3.1,0,TERMINAL_REACHED,
4.343,RPRA,1,3,4.343,0.406,56.070977185901626,PRESERVING,3.937,2,CONTINUE,
4.343,RPRA,2,2,3.937,0.475,99.91404164730385,PRESERVING,3.462,1,CONTINUE,
4.343,RPRA,3,1,3.462,0.362,99.88995983826324,PRESERVING,3.1,0,TERMINAL_REACHED,
4.344,RPRA,1,3,4.344,0.407,56.23946417808103,PRESERVING,3.937,2,CONTINUE,
4.344,RPRA,2,2,3.937,0.475,99.91404164730385,PRESERVING,3.462,1,CONTINUE,
4.344,RPRA,3,1,3.462,0.362,99.88995983826324,PRESERVING,3.1,0,TERMINAL_REACHED,
4.345,RPRA,1,3,4.345,0.408,56.408057400143306,PRESERVING,3.937,2,CONTINUE,
4.345,RPRA,2,2,3.937,0.475,99.91404164730385,PRESERVING,3.462,1,CONTINUE,
4.345,RPRA,3,1,3.462,0.362,99.88995983826324,PRESERVING,3.1,0,TERMINAL_REACHED,
4.346,RPRA,1,3,4.346,0.409,56.576756690733305,PRESERVING,3.937,2,CONTINUE,
4.346,RPRA,2,2,3.937,0.475,99.91404164730385,PRESERVING,3.462,1,CONTINUE,
4.346,RPRA,3,1,3.462,0.362,99.88995983826324,PRESERVING,3.1,0,TERMINAL_REACHED,
4.347,RPRA,1,3,4.347,0.41,56.7455618890663,PRESERVING,3.937,2,CONTINUE,
4.347,RPRA,2,2,3.937,0.475,99.91404164730385,PRESERVING,3.462,1,CONTINUE,
4.347,RPRA,3,1,3.462,0.362,99.88995983826324,PRESERVING,3.1,0,TERMINAL_REACHED,
4.348,RPRA,1,3,4.348,0.411,56.91447283492635,PRESERVING,3.937,2,CONTINUE,
4.348,RPRA,2,2,3.937,0.475,99.91404164730385,PRESERVING,3.462,1,CONTINUE,
4.348,RPRA,3,1,3.462,0.362,99.88995983826324,PRESERVING,3.1,0,TERMINAL_REACHED,
4.349,RPRA,1,3,4.349,0.412,57.08348936866161,PRESERVING,3.937,2,CONTINUE,
4.349,RPRA,2,2,3.937,0.475,99.91404164730385,PRESERVING,3.462,1,CONTINUE,
4.349,RPRA,3,1,3.462,0.362,99.88995983826324,PRESERVING,3.1,0,TERMINAL_REACHED,
4.35,RPRA,1,3,4.35,0.413,57.25261133118125,PRESERVING,3.937,2,CONTINUE,
4.35,RPRA,2,2,3.937,0.475,99.91404164730385,PRESERVING,3.462,1,CONTINUE,
4.35,RPRA,3,1,3.462,0.362,99.88995983826324,PRESERVING,3.1,0,TERMINAL_REACHED,
4.351,RPRA,1,3,4.351,0.414,57.42183856395226,PRESERVING,3.937,2,CONTINUE,
4.351,RPRA,2,2,3.937,0.475,99.91404164730385,PRESERVING,3.462,1,CONTINUE,
4.351,RPRA,3,1,3.462,0.362,99.88995983826324,PRESERVING,3.1,0,TERMINAL_REACHED,
4.352,RPRA,1,3,4.352,0.415,57.59117090899578,PRESERVING,3.937,2,CONTINUE,
4.352,RPRA,2,2,3.937,0.475,99.91404164730385,PRESERVING,3.462,1,CONTINUE,
4.352,RPRA,3,1,3.462,0.362,99.88995983826324,PRESERVING,3.1,0,TERMINAL_REACHED,
4.353,RPRA,1,3,4.353,0.416,57.7606082088836,PRESERVING,3.937,2,CONTINUE,
4.353,RPRA,2,2,3.937,0.475,99.91404164730385,PRESERVING,3.462,1,CONTINUE,
4.353,RPRA,3,1,3.462,0.362,99.88995983826324,PRESERVING,3.1,0,TERMINAL_REACHED,
4.354,RPRA,1,3,4.354,0.417,57.93015030673566,PRESERVING,3.937,2,CONTINUE,
4.354,RPRA,2,2,3.937,0.475,99.91404164730385,PRESERVING,3.462,1,CONTINUE,
4.354,RPRA,3,1,3.462,0.362,99.88995983826324,PRESERVING,3.1,0,TERMINAL_REACHED,
4.355,RPRA,1,3,4.355,0.418,58.099797046216175,PRESERVING,3.937,2,CONTINUE,
4.355,RPRA,2,2,3.937,0.475,99.91404164730385,PRESERVING,3.462,1,CONTINUE,
4.355,RPRA,3,1,3.462,0.362,99.88995983826324,PRESERVING,3.1,0,TERMINAL_REACHED,
4.356,RPRA,1,3,4.356,0.419,58.2695482715305,PRESERVING,3.937,2,CONTINUE,
4.356,RPRA,2,2,3.937,0.475,99.91404164730385,PRESERVING,3.462,1,CONTINUE,
4.356,RPRA,3,1,3.462,0.362,99.88995983826324,PRESERVING,3.1,0,TERMINAL_REACHED,
4.357,RPRA,1,3,4.357,0.42,58.43940382742213,PRESERVING,3.937,2,CONTINUE,
4.357,RPRA,2,2,3.937,0.475,99.91404164730385,PRESERVING,3.462,1,CONTINUE,
4.357,RPRA,3,1,3.462,0.362,99.88995983826324,PRESERVING,3.1,0,TERMINAL_REACHED,
4.358,RPRA,1,3,4.358,0.421,58.60936355916921,PRESERVING,3.937,2,CONTINUE,
4.358,RPRA,2,2,3.937,0.475,99.91404164730385,PRESERVING,3.462,1,CONTINUE,
4.358,RPRA,3,1,3.462,0.362,99.88995983826324,PRESERVING,3.1,0,TERMINAL_REACHED,
4.359,RPRA,1,3,4.359,0.422,58.779427312581106,PRESERVING,3.937,2,CONTINUE,
4.359,RPRA,2,2,3.937,0.475,99.91404164730385,PRESERVING,3.462,1,CONTINUE,
4.359,RPRA,3,1,3.462,0.362,99.88995983826324,PRESERVING,3.1,0,TERMINAL_REACHED,
4.36,RPRA,1,3,4.36,0.423,58.94959493399635,PRESERVING,3.937,2,CONTINUE,
4.36,RPRA,2,2,3.937,0.475,99.91404164730385,PRESERVING,3.462,1,CONTINUE,
4.36,RPRA,3,1,3.462,0.362,99.88995983826324,PRESERVING,3.1,0,TERMINAL_REACHED,
4.361,RPRA,1,3,4.361,0.424,59.11986627027841,PRESERVING,3.937,2,CONTINUE,
4.361,RPRA,2,2,3.937,0.475,99.91404164730385,PRESERVING,3.462,1,CONTINUE,
4.361,RPRA,3,1,3.462,0.362,99.88995983826324,PRESERVING,3.1,0,TERMINAL_REACHED,
4.362,RPRA,1,3,4.362,0.425,59.29024116881337,PRESERVING,3.937,2,CONTINUE,
4.362,RPRA,2,2,3.937,0.475,99.91404164730385,PRESERVING,3.462,1,CONTINUE,
4.362,RPRA,3,1,3.462,0.362,99.88995983826324,PRESERVING,3.1,0,TERMINAL_REACHED,
4.363,RPRA,1,3,4.363,0.426,59.46071947750633,PRESERVING,3.937,2,CONTINUE,
4.363,RPRA,2,2,3.937,0.475,99.91404164730385,PRESERVING,3.462,1,CONTINUE,
4.363,RPRA,3,1,3.462,0.362,99.88995983826324,PRESERVING,3.1,0,TERMINAL_REACHED,
4.364,RPRA,1,3,4.364,0.427,59.631301044778965,PRESERVING,3.937,2,CONTINUE,
4.364,RPRA,2,2,3.937,0.475,99.91404164730385,PRESERVING,3.462,1,CONTINUE,
4.364,RPRA,3,1,3.462,0.362,99.88995983826324,PRESERVING,3.1,0,TERMINAL_REACHED,
4.365,RPRA,1,3,4.365,0.428,59.801985719565394,PRESERVING,3.937,2,CONTINUE,
4.365,RPRA,2,2,3.937,0.475,99.91404164730385,PRESERVING,3.462,1,CONTINUE,
4.365,RPRA,3,1,3.462,0.362,99.88995983826324,PRESERVING,3.1,0,TERMINAL_REACHED,
4.366,RPRA,1,3,4.366,0.429,59.97277335131068,PRESERVING,3.937,2,CONTINUE,
4.366,RPRA,2,2,3.937,0.475,99.91404164730385,PRESERVING,3.462,1,CONTINUE,
4.366,RPRA,3,1,3.462,0.362,99.88995983826324,PRESERVING,3.1,0,TERMINAL_REACHED,
4.367,RPRA,1,3,4.367,0.43,60.143663789966915,PRESERVING,3.937,2,CONTINUE,
4.367,RPRA,2,2,3.937,0.475,99.91404164730385,PRESERVING,3.462,1,CONTINUE,
4.367,RPRA,3,1,3.462,0.362,99.88995983826324,PRESERVING,3.1,0,TERMINAL_REACHED,
4.368,RPRA,1,3,4.368,0.431,60.314656885990615,PRESERVING,3.937,2,CONTINUE,
4.368,RPRA,2,2,3.937,0.475,99.91404164730385,PRESERVING,3.462,1,CONTINUE,
4.368,RPRA,3,1,3.462,0.362,99.88995983826324,PRESERVING,3.1,0,TERMINAL_REACHED,
4.369,RPRA,1,3,4.369,0.432,60.48575249033971,PRESERVING,3.937,2,CONTINUE,
4.369,RPRA,2,2,3.937,0.475,99.91404164730385,PRESERVING,3.462,1,CONTINUE,
4.369,RPRA,3,1,3.462,0.362,99.88995983826324,PRESERVING,3.1,0,TERMINAL_REACHED,
4.37,RPRA,1,3,4.37,0.433,60.6569504544708,PRESERVING,3.937,2,CONTINUE,
4.37,RPRA,2,2,3.937,0.475,99.91404164730385,PRESERVING,3.462,1,CONTINUE,
4.37,RPRA,3,1,3.462,0.362,99.88995983826324,PRESERVING,3.1,0,TERMINAL_REACHED,
4.371,RPRA,1,3,4.371,0.434,60.82825063033564,PRESERVING,3.937,2,CONTINUE,
4.371,RPRA,2,2,3.937,0.475,99.91404164730385,PRESERVING,3.462,1,CONTINUE,
4.371,RPRA,3,1,3.462,0.362,99.88995983826324,PRESERVING,3.1,0,TERMINAL_REACHED,
4.372,RPRA,1,3,4.372,0.435,60.99965287037934,PRESERVING,3.937,2,CONTINUE,
4.372,RPRA,2,2,3.937,0.475,99.91404164730385,PRESERVING,3.462,1,CONTINUE,
4.372,RPRA,3,1,3.462,0.362,99.88995983826324,PRESERVING,3.1,0,TERMINAL_REACHED,
4.373,RPRA,1,3,4.373,0.436,61.171157027537035,PRESERVING,3.937,2,CONTINUE,
4.373,RPRA,2,2,3.937,0.475,99.91404164730385,PRESERVING,3.462,1,CONTINUE,
4.373,RPRA,3,1,3.462,0.362,99.88995983826324,PRESERVING,3.1,0,TERMINAL_REACHED,
4.374,RPRA,1,3,4.374,0.437,61.34276295523092,PRESERVING,3.937,2,CONTINUE,
4.374,RPRA,2,2,3.937,0.475,99.91404164730385,PRESERVING,3.462,1,CONTINUE,
4.374,RPRA,3,1,3.462,0.362,99.88995983826324,PRESERVING,3.1,0,TERMINAL_REACHED,
4.375,RPRA,1,3,4.375,0.438,61.51447050736772,PRESERVING,3.937,2,CONTINUE,
4.375,RPRA,2,2,3.937,0.475,99.91404164730385,PRESERVING,3.462,1,CONTINUE,
4.375,RPRA,3,1,3.462,0.362,99.88995983826324,PRESERVING,3.1,0,TERMINAL_REACHED,
4.376,RPRA,1,3,4.376,0.439,61.68627953833612,PRESERVING,3.937,2,CONTINUE,
4.376,RPRA,2,2,3.937,0.475,99.91404164730385,PRESERVING,3.462,1,CONTINUE,
4.376,RPRA,3,1,3.462,0.362,99.88995983826324,PRESERVING,3.1,0,TERMINAL_REACHED,
4.377,RPRA,1,3,4.377,0.44,61.8581899030031,PRESERVING,3.937,2,CONTINUE,
4.377,RPRA,2,2,3.937,0.475,99.91404164730385,PRESERVING,3.462,1,CONTINUE,
4.377,RPRA,3,1,3.462,0.362,99.88995983826324,PRESERVING,3.1,0,TERMINAL_REACHED,
4.378,RPRA,1,3,4.378,0.441,62.030201456712646,PRESERVING,3.937,2,CONTINUE,
4.378,RPRA,2,2,3.937,0.475,99.91404164730385,PRESERVING,3.462,1,CONTINUE,
4.378,RPRA,3,1,3.462,0.362,99.88995983826324,PRESERVING,3.1,0,TERMINAL_REACHED,
4.379,RPRA,1,3,4.379,0.442,62.20231405528202,PRESERVING,3.937,2,CONTINUE,
4.379,RPRA,2,2,3.937,0.475,99.91404164730385,PRESERVING,3.462,1,CONTINUE,
4.379,RPRA,3,1,3.462,0.362,99.88995983826324,PRESERVING,3.1,0,TERMINAL_REACHED,
4.38,RPRA,1,3,4.38,0.443,62.374527554999446,PRESERVING,3.937,2,CONTINUE,
4.38,RPRA,2,2,3.937,0.475,99.91404164730385,PRESERVING,3.462,1,CONTINUE,
4.38,RPRA,3,1,3.462,0.362,99.88995983826324,PRESERVING,3.1,0,TERMINAL_REACHED,
4.381,RPRA,1,3,4.381,0.444,62.54684181262163,PRESERVING,3.937,2,CONTINUE,
4.381,RPRA,2,2,3.937,0.475,99.91404164730385,PRESERVING,3.462,1,CONTINUE,
4.381,RPRA,3,1,3.462,0.362,99.88995983826324,PRESERVING,3.1,0,TERMINAL_REACHED,
4.382,RPRA,1,3,4.382,0.445,62.7192566853709,PRESERVING,3.937,2,CONTINUE,
4.382,RPRA,2,2,3.937,0.475,99.91404164730385,PRESERVING,3.462,1,CONTINUE,
4.382,RPRA,3,1,3.462,0.362,99.88995983826324,PRESERVING,3.1,0,TERMINAL_REACHED,
4.383,RPRA,1,3,4.383,0.446,62.89177203093203,PRESERVING,3.937,2,CONTINUE,
4.383,RPRA,2,2,3.937,0.475,99.91404164730385,PRESERVING,3.462,1,CONTINUE,
4.383,RPRA,3,1,3.462,0.362,99.88995983826324,PRESERVING,3.1,0,TERMINAL_REACHED,
4.384,RPRA,1,3,4.384,0.447,63.06438770745129,PRESERVING,3.937,2,CONTINUE,
4.384,RPRA,2,2,3.937,0.475,99.91404164730385,PRESERVING,3.462,1,CONTINUE,
4.384,RPRA,3,1,3.462,0.362,99.88995983826324,PRESERVING,3.1,0,TERMINAL_REACHED,
4.385,RPRA,1,3,4.385,0.448,63.23710357353214,PRESERVING,3.937,2,CONTINUE,
4.385,RPRA,2,2,3.937,0.475,99.91404164730385,PRESERVING,3.462,1,CONTINUE,
4.385,RPRA,3,1,3.462,0.362,99.88995983826324,PRESERVING,3.1,0,TERMINAL_REACHED,
4.386,RPRA,1,3,4.386,0.449,63.409919488233896,PRESERVING,3.937,2,CONTINUE,
4.386,RPRA,2,2,3.937,0.475,99.91404164730385,PRESERVING,3.462,1,CONTINUE,
4.386,RPRA,3,1,3.462,0.362,99.88995983826324,PRESERVING,3.1,0,TERMINAL_REACHED,
4.387,RPRA,1,3,4.387,0.45,63.582835311068465,PRESERVING,3.937,2,CONTINUE,
4.387,RPRA,2,2,3.937,0.475,99.91404164730385,PRESERVING,3.462,1,CONTINUE,
4.387,RPRA,3,1,3.462,0.362,99.88995983826324,PRESERVING,3.1,0,TERMINAL_REACHED,
4.388,RPRA,1,3,4.388,0.451,63.75585090199845,PRESERVING,3.937,2,CONTINUE,
4.388,RPRA,2,2,3.937,0.475,99.91404164730385,PRESERVING,3.462,1,CONTINUE,
4.388,RPRA,3,1,3.462,0.362,99.88995983826324,PRESERVING,3.1,0,TERMINAL_REACHED,
4.389,RPRA,1,3,4.389,0.452,63.92896612143363,PRESERVING,3.937,2,CONTINUE,
4.389,RPRA,2,2,3.937,0.475,99.91404164730385,PRESERVING,3.462,1,CONTINUE,
4.389,RPRA,3,1,3.462,0.362,99.88995983826324,PRESERVING,3.1,0,TERMINAL_REACHED,
4.39,RPRA,1,3,4.39,0.453,64.10218083023004,PRESERVING,3.937,2,CONTINUE,
4.39,RPRA,2,2,3.937,0.475,99.91404164730385,PRESERVING,3.462,1,CONTINUE,
4.39,RPRA,3,1,3.462,0.362,99.88995983826324,PRESERVING,3.1,0,TERMINAL_REACHED,
4.391,RPRA,1,3,4.391,0.454,64.27549488968609,PRESERVING,3.937,2,CONTINUE,
4.391,RPRA,2,2,3.937,0.475,99.91404164730385,PRESERVING,3.462,1,CONTINUE,
4.391,RPRA,3,1,3.462,0.362,99.88995983826324,PRESERVING,3.1,0,TERMINAL_REACHED,
4.392,RPRA,1,3,4.392,0.455,64.44890816154124,PRESERVING,3.937,2,CONTINUE,
4.392,RPRA,2,2,3.937,0.475,99.91404164730385,PRESERVING,3.462,1,CONTINUE,
4.392,RPRA,3,1,3.462,0.362,99.88995983826324,PRESERVING,3.1,0,TERMINAL_REACHED,
4.393,RPRA,1,3,4.393,0.456,64.62242050797275,PRESERVING,3.937,2,CONTINUE,
4.393,RPRA,2,2,3.937,0.475,99.91404164730385,PRESERVING,3.462,1,CONTINUE,
4.393,RPRA,3,1,3.462,0.362,99.88995983826324,PRESERVING,3.1,0,TERMINAL_REACHED,
4.394,RPRA,1,3,4.394,0.457,64.79603179159405,PRESERVING,3.937,2,CONTINUE,
4.394,RPRA,2,2,3.937,0.475,99.91404164730385,PRESERVING,3.462,1,CONTINUE,
4.394,RPRA,3,1,3.462,0.362,99.88995983826324,PRESERVING,3.1,0,TERMINAL_REACHED,
4.395,RPRA,1,3,4.395,0.458,64.96974187545112,PRESERVING,3.937,2,CONTINUE,
4.395,RPRA,2,2,3.937,0.475,99.91404164730385,PRESERVING,3.462,1,CONTINUE,
4.395,RPRA,3,1,3.462,0.362,99.88995983826324,PRESERVING,3.1,0,TERMINAL_REACHED,
4.396,RPRA,1,3,4.396,0.459,65.14355062302187,PRESERVING,3.937,2,CONTINUE,
4.396,RPRA,2,2,3.937,0.475,99.91404164730385,PRESERVING,3.462,1,CONTINUE,
4.396,RPRA,3,1,3.462,0.362,99.88995983826324,PRESERVING,3.1,0,TERMINAL_REACHED,
4.397,RPRA,1,3,4.397,0.46,65.31745789821242,PRESERVING,3.937,2,CONTINUE,
4.397,RPRA,2,2,3.937,0.475,99.91404164730385,PRESERVING,3.462,1,CONTINUE,
4.397,RPRA,3,1,3.462,0.362,99.88995983826324,PRESERVING,3.1,0,TERMINAL_REACHED,
4.398,RPRA,1,3,4.398,0.461,65.49146356535569,PRESERVING,3.937,2,CONTINUE,
4.398,RPRA,2,2,3.937,0.475,99.91404164730385,PRESERVING,3.462,1,CONTINUE,
4.398,RPRA,3,1,3.462,0.362,99.88995983826324,PRESERVING,3.1,0,TERMINAL_REACHED,
4.399,RPRA,1,3,4.399,0.462,65.6655674892083,PRESERVING,3.937,2,CONTINUE,
4.399,RPRA,2,2,3.937,0.475,99.91404164730385,PRESERVING,3.462,1,CONTINUE,
4.399,RPRA,3,1,3.462,0.362,99.88995983826324,PRESERVING,3.1,0,TERMINAL_REACHED,
4.4,RPRA,1,3,4.4,0.463,65.83976953494917,PRESERVING,3.937,2,CONTINUE,
4.4,RPRA,2,2,3.937,0.475,99.91404164730385,PRESERVING,3.462,1,CONTINUE,
4.4,RPRA,3,1,3.462,0.362,99.88995983826324,PRESERVING,3.1,0,TERMINAL_REACHED,
4.401,RPRA,1,3,4.401,0.464,66.01406956817586,PRESERVING,3.937,2,CONTINUE,
4.401,RPRA,2,2,3.937,0.475,99.91404164730385,PRESERVING,3.462,1,CONTINUE,
4.401,RPRA,3,1,3.462,0.362,99.88995983826324,PRESERVING,3.1,0,TERMINAL_REACHED,
4.402,RPRA,1,3,4.402,0.465,66.18846745490411,PRESERVING,3.937,2,CONTINUE,
4.402,RPRA,2,2,3.937,0.475,99.91404164730385,PRESERVING,3.462,1,CONTINUE,
4.402,RPRA,3,1,3.462,0.362,99.88995983826324,PRESERVING,3.1,0,TERMINAL_REACHED,
4.403,RPRA,1,3,4.403,0.466,66.36296306156447,PRESERVING,3.937,2,CONTINUE,
4.403,RPRA,2,2,3.937,0.475,99.91404164730385,PRESERVING,3.462,1,CONTINUE,
4.403,RPRA,3,1,3.462,0.362,99.88995983826324,PRESERVING,3.1,0,TERMINAL_REACHED,
4.404,RPRA,1,3,4.404,0.467,66.53755625500033,PRESERVING,3.937,2,CONTINUE,
4.404,RPRA,2,2,3.937,0.475,99.91404164730385,PRESERVING,3.462,1,CONTINUE,
4.404,RPRA,3,1,3.462,0.362,99.88995983826324,PRESERVING,3.1,0,TERMINAL_REACHED,
4.405,RPRA,1,3,4.405,0.468,66.71224690246572,PRESERVING,3.937,2,CONTINUE,
4.405,RPRA,2,2,3.937,0.475,99.91404164730385,PRESERVING,3.462,1,CONTINUE,
4.405,RPRA,3,1,3.462,0.362,99.88995983826324,PRESERVING,3.1,0,TERMINAL_REACHED,
4.406,RPRA,1,3,4.406,0.469,66.8870348716235,PRESERVING,3.937,2,CONTINUE,
4.406,RPRA,2,2,3.937,0.475,99.91404164730385,PRESERVING,3.462,1,CONTINUE,
4.406,RPRA,3,1,3.462,0.362,99.88995983826324,PRESERVING,3.1,0,TERMINAL_REACHED,
4.407,RPRA,1,3,4.407,0.47,67.06192003054181,PRESERVING,3.937,2,CONTINUE,
4.407,RPRA,2,2,3.937,0.475,99.91404164730385,PRESERVING,3.462,1,CONTINUE,
4.407,RPRA,3,1,3.462,0.362,99.88995983826324,PRESERVING,3.1,0,TERMINAL_REACHED,
4.408,RPRA,1,3,4.408,0.471,67.2369022476942,PRESERVING,3.937,2,CONTINUE,
4.408,RPRA,2,2,3.937,0.475,99.91404164730385,PRESERVING,3.462,1,CONTINUE,
4.408,RPRA,3,1,3.462,0.362,99.88995983826324,PRESERVING,3.1,0,TERMINAL_REACHED,
4.409,RPRA,1,3,4.409,0.472,67.41198139195559,PRESERVING,3.937,2,CONTINUE,
4.409,RPRA,2,2,3.937,0.475,99.91404164730385,PRESERVING,3.462,1,CONTINUE,
4.409,RPRA,3,1,3.462,0.362,99.88995983826324,PRESERVING,3.1,0,TERMINAL_REACHED,
4.41,RPRA,1,3,4.41,0.473,67.58715733260098,PRESERVING,3.937,2,CONTINUE,
4.41,RPRA,2,2,3.937,0.475,99.91404164730385,PRESERVING,3.462,1,CONTINUE,
4.41,RPRA,3,1,3.462,0.362,99.88995983826324,PRESERVING,3.1,0,TERMINAL_REACHED,
4.411,RPRA,1,3,4.411,0.474,67.76242993930329,PRESERVING,3.937,2,CONTINUE,
4.411,RPRA,2,2,3.937,0.475,99.91404164730385,PRESERVING,3.462,1,CONTINUE,
4.411,RPRA,3,1,3.462,0.362,99.88995983826324,PRESERVING,3.1,0,TERMINAL_REACHED,
4.412,RPRA,1,3,4.412,0.475,67.93779908213101,PRESERVING,3.937,2,CONTINUE,
4.412,RPRA,2,2,3.937,0.475,99.91404164730385,PRESERVING,3.462,1,CONTINUE,
4.412,RPRA,3,1,3.462,0.362,99.88995983826324,PRESERVING,3.1,0,TERMINAL_REACHED,
4.413,RPRA,1,3,4.413,0.476,68.11326463154663,PRESERVING,3.937,2,CONTINUE,
4.413,RPRA,2,2,3.937,0.475,99.91404164730385,PRESERVING,3.462,1,CONTINUE,
4.413,RPRA,3,1,3.462,0.362,99.88995983826324,PRESERVING,3.1,0,TERMINAL_REACHED,
4.414,RPRA,1,3,4.414,0.477,68.28882645840352,PRESERVING,3.937,2,CONTINUE,
4.414,RPRA,2,2,3.937,0.475,99.91404164730385,PRESERVING,3.462,1,CONTINUE,
4.414,RPRA,3,1,3.462,0.362,99.88995983826324,PRESERVING,3.1,0,TERMINAL_REACHED,
4.415,RPRA,1,3,4.415,0.478,68.46448443394532,PRESERVING,3.937,2,CONTINUE,
4.415,RPRA,2,2,3.937,0.475,99.91404164730385,PRESERVING,3.462,1,CONTINUE,
4.415,RPRA,3,1,3.462,0.362,99.88995983826324,PRESERVING,3.1,0,TERMINAL_REACHED,
4.416,RPRA,1,3,4.416,0.479,68.64023842980316,PRESERVING,3.937,2,CONTINUE,
4.416,RPRA,2,2,3.937,0.475,99.91404164730385,PRESERVING,3.462,1,CONTINUE,
4.416,RPRA,3,1,3.462,0.362,99.88995983826324,PRESERVING,3.1,0,TERMINAL_REACHED,
4.417,RPRA,1,3,4.417,0.48,68.81608831799328,PRESERVING,3.937,2,CONTINUE,
4.417,RPRA,2,2,3.937,0.475,99.91404164730385,PRESERVING,3.462,1,CONTINUE,
4.417,RPRA,3,1,3.462,0.362,99.88995983826324,PRESERVING,3.1,0,TERMINAL_REACHED,
4.418,RPRA,1,3,4.418,0.481,68.99203397091617,PRESERVING,3.937,2,CONTINUE,
4.418,RPRA,2,2,3.937,0.475,99.91404164730385,PRESERVING,3.462,1,CONTINUE,
4.418,RPRA,3,1,3.462,0.362,99.88995983826324,PRESERVING,3.1,0,TERMINAL_REACHED,
4.419,RPRA,1,3,4.419,0.482,69.16807526135294,PRESERVING,3.937,2,CONTINUE,
4.419,RPRA,2,2,3.937,0.475,99.91404164730385,PRESERVING,3.462,1,CONTINUE,
4.419,RPRA,3,1,3.462,0.362,99.88995983826324,PRESERVING,3.1,0,TERMINAL_REACHED,
4.42,RPRA,1,3,4.42,0.483,69.34421206246495,PRESERVING,3.937,2,CONTINUE,
4.42,RPRA,2,2,3.937,0.475,99.91404164730385,PRESERVING,3.462,1,CONTINUE,
4.42,RPRA,3,1,3.462,0.362,99.88995983826324,PRESERVING,3.1,0,TERMINAL_REACHED,
4.421,RPRA,1,3,4.421,0.484,69.52044424779127,PRESERVING,3.937,2,CONTINUE,
4.421,RPRA,2,2,3.937,0.475,99.91404164730385,PRESERVING,3.462,1,CONTINUE,
4.421,RPRA,3,1,3.462,0.362,99.88995983826324,PRESERVING,3.1,0,TERMINAL_REACHED,
4.422,RPRA,1,3,4.422,0.485,69.69677169124638,PRESERVING,3.937,2,CONTINUE,
4.422,RPRA,2,2,3.937,0.475,99.91404164730385,PRESERVING,3.462,1,CONTINUE,
4.422,RPRA,3,1,3.462,0.362,99.88995983826324,PRESERVING,3.1,0,TERMINAL_REACHED,
4.423,RPRA,1,3,4.423,0.486,69.87319426711854,PRESERVING,3.937,2,CONTINUE,
4.423,RPRA,2,2,3.937,0.475,99.91404164730385,PRESERVING,3.462,1,CONTINUE,
4.423,RPRA,3,1,3.462,0.362,99.88995983826324,PRESERVING,3.1,0,TERMINAL_REACHED,
4.424,RPRA,1,3,4.424,0.487,70.04971185006823,PRESERVING,3.937,2,CONTINUE,
4.424,RPRA,2,2,3.937,0.475,99.91404164730385,PRESERVING,3.462,1,CONTINUE,
4.424,RPRA,3,1,3.462,0.362,99.88995983826324,PRESERVING,3.1,0,TERMINAL_REACHED,
4.425,RPRA,1,3,4.425,0.488,70.22632431512572,PRESERVING,3.937,2,CONTINUE,
4.425,RPRA,2,2,3.937,0.475,99.91404164730385,PRESERVING,3.462,1,CONTINUE,
4.425,RPRA,3,1,3.462,0.362,99.88995983826324,PRESERVING,3.1,0,TERMINAL_REACHED,
4.426,RPRA,1,3,4.426,0.489,70.40303153768883,PRESERVING,3.937,2,CONTINUE,
4.426,RPRA,2,2,3.937,0.475,99.91404164730385,PRESERVING,3.462,1,CONTINUE,
4.426,RPRA,3,1,3.462,0.362,99.88995983826324,PRESERVING,3.1,0,TERMINAL_REACHED,
4.427,RPRA,1,3,4.427,0.49,70.57983339352239,PRESERVING,3.937,2,CONTINUE,
4.427,RPRA,2,2,3.937,0.475,99.91404164730385,PRESERVING,3.462,1,CONTINUE,
4.427,RPRA,3,1,3.462,0.362,99.88995983826324,PRESERVING,3.1,0,TERMINAL_REACHED,
4.428,RPRA,1,3,4.428,0.491,70.75672975875528,PRESERVING,3.937,2,CONTINUE,
4.428,RPRA,2,2,3.937,0.475,99.91404164730385,PRESERVING,3.462,1,CONTINUE,
4.428,RPRA,3,1,3.462,0.362,99.88995983826324,PRESERVING,3.1,0,TERMINAL_REACHED,
4.429,RPRA,1,3,4.429,0.492,70.93372050987885,PRESERVING,3.937,2,CONTINUE,
4.429,RPRA,2,2,3.937,0.475,99.91404164730385,PRESERVING,3.462,1,CONTINUE,
4.429,RPRA,3,1,3.462,0.362,99.88995983826324,PRESERVING,3.1,0,TERMINAL_REACHED,
4.43,RPRA,1,3,4.43,0.493,71.11080552374565,PRESERVING,3.937,2,CONTINUE,
4.43,RPRA,2,2,3.937,0.475,99.91404164730385,PRESERVING,3.462,1,CONTINUE,
4.43,RPRA,3,1,3.462,0.362,99.88995983826324,PRESERVING,3.1,0,TERMINAL_REACHED,
4.431,RPRA,1,3,4.431,0.494,71.28798467756593,PRESERVING,3.937,2,CONTINUE,
4.431,RPRA,2,2,3.937,0.475,99.91404164730385,PRESERVING,3.462,1,CONTINUE,
4.431,RPRA,3,1,3.462,0.362,99.88995983826324,PRESERVING,3.1,0,TERMINAL_REACHED,
4.432,RPRA,1,3,4.432,0.495,71.46525784890817,PRESERVING,3.937,2,CONTINUE,
4.432,RPRA,2,2,3.937,0.475,99.91404164730385,PRESERVING,3.462,1,CONTINUE,
4.432,RPRA,3,1,3.462,0.362,99.88995983826324,PRESERVING,3.1,0,TERMINAL_REACHED,
4.433,RPRA,1,3,4.433,0.496,71.64262491569566,PRESERVING,3.937,2,CONTINUE,
4.433,RPRA,2,2,3.937,0.475,99.91404164730385,PRESERVING,3.462,1,CONTINUE,
4.433,RPRA,3,1,3.462,0.362,99.88995983826324,PRESERVING,3.1,0,TERMINAL_REACHED,
4.434,RPRA,1,3,4.434,0.497,71.82008575620523,PRESERVING,3.937,2,CONTINUE,
4.434,RPRA,2,2,3.937,0.475,99.91404164730385,PRESERVING,3.462,1,CONTINUE,
4.434,RPRA,3,1,3.462,0.362,99.88995983826324,PRESERVING,3.1,0,TERMINAL_REACHED,
4.435,RPRA,1,3,4.435,0.498,71.9976402490655,PRESERVING,3.937,2,CONTINUE,
4.435,RPRA,2,2,3.937,0.475,99.91404164730385,PRESERVING,3.462,1,CONTINUE,
4.435,RPRA,3,1,3.462,0.362,99.88995983826324,PRESERVING,3.1,0,TERMINAL_REACHED,
4.436,RPRA,1,3,4.436,0.499,72.17528827325498,PRESERVING,3.937,2,CONTINUE,
4.436,RPRA,2,2,3.937,0.475,99.91404164730385,PRESERVING,3.462,1,CONTINUE,
4.436,RPRA,3,1,3.462,0.362,99.88995983826324,PRESERVING,3.1,0,TERMINAL_REACHED,
4.437,RPRA,1,3,4.437,0.5,72.35302970810072,PRESERVING,3.937,2,CONTINUE,
4.437,RPRA,2,2,3.937,0.475,99.91404164730385,PRESERVING,3.462,1,CONTINUE,
4.437,RPRA,3,1,3.462,0.362,99.88995983826324,PRESERVING,3.1,0,TERMINAL_REACHED,
4.438,RPRA,1,3,4.438,0.501,72.53086443327551,PRESERVING,3.937,2,CONTINUE,
4.438,RPRA,2,2,3.937,0.475,99.91404164730385,PRESERVING,3.462,1,CONTINUE,
4.438,RPRA,3,1,3.462,0.362,99.88995983826324,PRESERVING,3.1,0,TERMINAL_REACHED,
4.439,RPRA,1,3,4.439,0.502,72.70879232879778,PRESERVING,3.937,2,CONTINUE,
4.439,RPRA,2,2,3.937,0.475,99.91404164730385,PRESERVING,3.462,1,CONTINUE,
4.439,RPRA,3,1,3.462,0.362,99.88995983826324,PRESERVING,3.1,0,TERMINAL_REACHED,
4.44,RPRA,1,3,4.44,0.503,72.88681327502869,PRESERVING,3.937,2,CONTINUE,
4.44,RPRA,2,2,3.937,0.475,99.91404164730385,PRESERVING,3.462,1,CONTINUE,
4.44,RPRA,3,1,3.462,0.362,99.88995983826324,PRESERVING,3.1,0,TERMINAL_REACHED,
4.441,RPRA,1,3,4.441,0.504,73.06492715267073,PRESERVING,3.937,2,CONTINUE,
4.441,RPRA,2,2,3.937,0.475,99.91404164730385,PRESERVING,3.462,1,CONTINUE,
4.441,RPRA,3,1,3.462,0.362,99.88995983826324,PRESERVING,3.1,0,TERMINAL_REACHED,
4.442,RPRA,1,3,4.442,0.505,73.24313384276653,PRESERVING,3.937,2,CONTINUE,
4.442,RPRA,2,2,3.937,0.475,99.91404164730385,PRESERVING,3.462,1,CONTINUE,
4.442,RPRA,3,1,3.462,0.362,99.88995983826324,PRESERVING,3.1,0,TERMINAL_REACHED,
4.443,RPRA,1,3,4.443,0.506,73.42143322669587,PRESERVING,3.937,2,CONTINUE,
4.443,RPRA,2,2,3.937,0.475,99.91404164730385,PRESERVING,3.462,1,CONTINUE,
4.443,RPRA,3,1,3.462,0.362,99.88995983826324,PRESERVING,3.1,0,TERMINAL_REACHED,
4.444,RPRA,1,3,4.444,0.507,73.59982518617569,PRESERVING,3.937,2,CONTINUE,
4.444,RPRA,2,2,3.937,0.475,99.91404164730385,PRESERVING,3.462,1,CONTINUE,
4.444,RPRA,3,1,3.462,0.362,99.88995983826324,PRESERVING,3.1,0,TERMINAL_REACHED,
4.445,RPRA,1,3,4.445,0.508,73.77830960325744,PRESERVING,3.937,2,CONTINUE,
4.445,RPRA,2,2,3.937,0.475,99.91404164730385,PRESERVING,3.462,1,CONTINUE,
4.445,RPRA,3,1,3.462,0.362,99.88995983826324,PRESERVING,3.1,0,TERMINAL_REACHED,
4.446,RPRA,1,3,4.446,0.509,73.95688636032565,PRESERVING,3.937,2,CONTINUE,
4.446,RPRA,2,2,3.937,0.475,99.91404164730385,PRESERVING,3.462,1,CONTINUE,
4.446,RPRA,3,1,3.462,0.362,99.88995983826324,PRESERVING,3.1,0,TERMINAL_REACHED,
4.447,RPRA,1,3,4.447,0.51,74.13555534009637,PRESERVING,3.937,2,CONTINUE,
4.447,RPRA,2,2,3.937,0.475,99.91404164730385,PRESERVING,3.462,1,CONTINUE,
4.447,RPRA,3,1,3.462,0.362,99.88995983826324,PRESERVING,3.1,0,TERMINAL_REACHED,
4.448,RPRA,1,3,4.448,0.511,74.31431642561535,PRESERVING,3.937,2,CONTINUE,
4.448,RPRA,2,2,3.937,0.475,99.91404164730385,PRESERVING,3.462,1,CONTINUE,
4.448,RPRA,3,1,3.462,0.362,99.88995983826324,PRESERVING,3.1,0,TERMINAL_REACHED,
4.449,RPRA,1,3,4.449,0.512,74.49316950025707,PRESERVING,3.937,2,CONTINUE,
4.449,RPRA,2,2,3.937,0.475,99.91404164730385,PRESERVING,3.462,1,CONTINUE,
4.449,RPRA,3,1,3.462,0.362,99.88995983826324,PRESERVING,3.1,0,TERMINAL_REACHED,
4.45,RPRA,1,3,4.45,0.513,74.67211444772173,PRESERVING,3.937,2,CONTINUE,
4.45,RPRA,2,2,3.937,0.475,99.91404164730385,PRESERVING,3.462,1,CONTINUE,
4.45,RPRA,3,1,3.462,0.362,99.88995983826324,PRESERVING,3.1,0,TERMINAL_REACHED,
4.451,RPRA,1,3,4.451,0.514,74.85115115203553,PRESERVING,3.937,2,CONTINUE,
4.451,RPRA,2,2,3.937,0.475,99.91404164730385,PRESERVING,3.462,1,CONTINUE,
4.451,RPRA,3,1,3.462,0.362,99.88995983826324,PRESERVING,3.1,0,TERMINAL_REACHED,
4.452,RPRA,1,3,4.452,0.515,75.03027949754768,PRESERVING,3.937,2,CONTINUE,
4.452,RPRA,2,2,3.937,0.475,99.91404164730385,PRESERVING,3.462,1,CONTINUE,
4.452,RPRA,3,1,3.462,0.362,99.88995983826324,PRESERVING,3.1,0,TERMINAL_REACHED,
4.453,RPRA,1,3,4.453,0.516,75.20949936892963,PRESERVING,3.937,2,CONTINUE,
4.453,RPRA,2,2,3.937,0.475,99.91404164730385,PRESERVING,3.462,1,CONTINUE,
4.453,RPRA,3,1,3.462,0.362,99.88995983826324,PRESERVING,3.1,0,TERMINAL_REACHED,
4.454,RPRA,1,3,4.454,0.517,75.38881065117336,PRESERVING,3.937,2,CONTINUE,
4.454,RPRA,2,2,3.937,0.475,99.91404164730385,PRESERVING,3.462,1,CONTINUE,
4.454,RPRA,3,1,3.462,0.362,99.88995983826324,PRESERVING,3.1,0,TERMINAL_REACHED,
4.455,RPRA,1,3,4.455,0.518,75.56821322958875,PRESERVING,3.937,2,CONTINUE,
4.455,RPRA,2,2,3.937,0.475,99.91404164730385,PRESERVING,3.462,1,CONTINUE,
4.455,RPRA,3,1,3.462,0.362,99.88995983826324,PRESERVING,3.1,0,TERMINAL_REACHED,
4.456,RPRA,1,3,4.456,0.519,75.74770698980423,PRESERVING,3.937,2,CONTINUE,
4.456,RPRA,2,2,3.937,0.475,99.91404164730385,PRESERVING,3.462,1,CONTINUE,
4.456,RPRA,3,1,3.462,0.362,99.88995983826324,PRESERVING,3.1,0,TERMINAL_REACHED,
4.457,RPRA,1,3,4.457,0.52,75.92729181776332,PRESERVING,3.937,2,CONTINUE,
4.457,RPRA,2,2,3.937,0.475,99.91404164730385,PRESERVING,3.462,1,CONTINUE,
4.457,RPRA,3,1,3.462,0.362,99.88995983826324,PRESERVING,3.1,0,TERMINAL_REACHED,
4.458,RPRA,1,3,4.458,0.521,76.10696759972423,PRESERVING,3.937,2,CONTINUE,
4.458,RPRA,2,2,3.937,0.475,99.91404164730385,PRESERVING,3.462,1,CONTINUE,
4.458,RPRA,3,1,3.462,0.362,99.88995983826324,PRESERVING,3.1,0,TERMINAL_REACHED,
4.459,RPRA,1,3,4.459,0.522,76.28673422225766,PRESERVING,3.937,2,CONTINUE,
4.459,RPRA,2,2,3.937,0.475,99.91404164730385,PRESERVING,3.462,1,CONTINUE,
4.459,RPRA,3,1,3.462,0.362,99.88995983826324,PRESERVING,3.1,0,TERMINAL_REACHED,
4.46,RPRA,1,3,4.46,0.523,76.4665915722459,PRESERVING,3.937,2,CONTINUE,
4.46,RPRA,2,2,3.937,0.475,99.91404164730385,PRESERVING,3.462,1,CONTINUE,
4.46,RPRA,3,1,3.462,0.362,99.88995983826324,PRESERVING,3.1,0,TERMINAL_REACHED,
4.461,RPRA,1,3,4.461,0.524,76.64653953688114,PRESERVING,3.937,2,CONTINUE,
4.461,RPRA,2,2,3.937,0.475,99.91404164730385,PRESERVING,3.462,1,CONTINUE,
4.461,RPRA,3,1,3.462,0.362,99.88995983826324,PRESERVING,3.1,0,TERMINAL_REACHED,
4.462,RPRA,1,3,4.462,0.525,76.8265780036633,PRESERVING,3.937,2,CONTINUE,
4.462,RPRA,2,2,3.937,0.475,99.91404164730385,PRESERVING,3.462,1,CONTINUE,
4.462,RPRA,3,1,3.462,0.362,99.88995983826324,PRESERVING,3.1,0,TERMINAL_REACHED,
4.463,RPRA,1,3,4.463,0.526,77.0067068604,PRESERVING,3.937,2,CONTINUE,
4.463,RPRA,2,2,3.937,0.475,99.91404164730385,PRESERVING,3.462,1,CONTINUE,
4.463,RPRA,3,1,3.462,0.362,99.88995983826324,PRESERVING,3.1,0,TERMINAL_REACHED,
4.464,RPRA,1,3,4.464,0.527,77.18692599520384,PRESERVING,3.937,2,CONTINUE,
4.464,RPRA,2,2,3.937,0.475,99.91404164730385,PRESERVING,3.462,1,CONTINUE,
4.464,RPRA,3,1,3.462,0.362,99.88995983826324,PRESERVING,3.1,0,TERMINAL_REACHED,
4.465,RPRA,1,3,4.465,0.528,77.36723529649178,PRESERVING,3.937,2,CONTINUE,
4.465,RPRA,2,2,3.937,0.475,99.91404164730385,PRESERVING,3.462,1,CONTINUE,
4.465,RPRA,3,1,3.462,0.362,99.88995983826324,PRESERVING,3.1,0,TERMINAL_REACHED,
4.466,RPRA,1,3,4.466,0.529,77.54763465298348,PRESERVING,3.937,2,CONTINUE,
4.466,RPRA,2,2,3.937,0.475,99.91404164730385,PRESERVING,3.462,1,CONTINUE,
4.466,RPRA,3,1,3.462,0.362,99.88995983826324,PRESERVING,3.1,0,TERMINAL_REACHED,
4.467,RPRA,1,3,4.467,0.53,77.72812395369895,PRESERVING,3.937,2,CONTINUE,
4.467,RPRA,2,2,3.937,0.475,99.91404164730385,PRESERVING,3.462,1,CONTINUE,
4.467,RPRA,3,1,3.462,0.362,99.88995983826324,PRESERVING,3.1,0,TERMINAL_REACHED,
4.468,RPRA,1,3,4.468,0.531,77.90870308795876,PRESERVING,3.937,2,CONTINUE,
4.468,RPRA,2,2,3.937,0.475,99.91404164730385,PRESERVING,3.462,1,CONTINUE,
4.468,RPRA,3,1,3.462,0.362,99.88995983826324,PRESERVING,3.1,0,TERMINAL_REACHED,
4.469,RPRA,1,3,4.469,0.532,78.0893719453818,PRESERVING,3.937,2,CONTINUE,
4.469,RPRA,2,2,3.937,0.475,99.91404164730385,PRESERVING,3.462,1,CONTINUE,
4.469,RPRA,3,1,3.462,0.362,99.88995983826324,PRESERVING,3.1,0,TERMINAL_REACHED,
4.47,RPRA,1,3,4.47,0.533,78.27013041588366,PRESERVING,3.937,2,CONTINUE,
4.47,RPRA,2,2,3.937,0.475,99.91404164730385,PRESERVING,3.462,1,CONTINUE,
4.47,RPRA,3,1,3.462,0.362,99.88995983826324,PRESERVING,3.1,0,TERMINAL_REACHED,
4.471,RPRA,1,3,4.471,0.534,78.45097838967553,PRESERVING,3.937,2,CONTINUE,
4.471,RPRA,2,2,3.937,0.475,99.91404164730385,PRESERVING,3.462,1,CONTINUE,
4.471,RPRA,3,1,3.462,0.362,99.88995983826324,PRESERVING,3.1,0,TERMINAL_REACHED,
4.472,RPRA,1,3,4.472,0.535,78.63191575726316,PRESERVING,3.937,2,CONTINUE,
4.472,RPRA,2,2,3.937,0.475,99.91404164730385,PRESERVING,3.462,1,CONTINUE,
4.472,RPRA,3,1,3.462,0.362,99.88995983826324,PRESERVING,3.1,0,TERMINAL_REACHED,
4.473,RPRA,1,3,4.473,0.536,78.81294240944503,PRESERVING,3.937,2,CONTINUE,
4.473,RPRA,2,2,3.937,0.475,99.91404164730385,PRESERVING,3.462,1,CONTINUE,
4.473,RPRA,3,1,3.462,0.362,99.88995983826324,PRESERVING,3.1,0,TERMINAL_REACHED,
4.474,RPRA,1,3,4.474,0.537,78.99405823731051,PRESERVING,3.937,2,CONTINUE,
4.474,RPRA,2,2,3.937,0.475,99.91404164730385,PRESERVING,3.462,1,CONTINUE,
4.474,RPRA,3,1,3.462,0.362,99.88995983826324,PRESERVING,3.1,0,TERMINAL_REACHED,
4.475,RPRA,1,3,4.475,0.538,79.17526313223993,PRESERVING,3.937,2,CONTINUE,
4.475,RPRA,2,2,3.937,0.475,99.91404164730385,PRESERVING,3.462,1,CONTINUE,
4.475,RPRA,3,1,3.462,0.362,99.88995983826324,PRESERVING,3.1,0,TERMINAL_REACHED,
4.476,RPRA,1,3,4.476,0.539,79.35655698590197,PRESERVING,3.937,2,CONTINUE,
4.476,RPRA,2,2,3.937,0.475,99.91404164730385,PRESERVING,3.462,1,CONTINUE,
4.476,RPRA,3,1,3.462,0.362,99.88995983826324,PRESERVING,3.1,0,TERMINAL_REACHED,
4.477,RPRA,1,3,4.477,0.54,79.53793969025295,PRESERVING,3.937,2,CONTINUE,
4.477,RPRA,2,2,3.937,0.475,99.91404164730385,PRESERVING,3.462,1,CONTINUE,
4.477,RPRA,3,1,3.462,0.362,99.88995983826324,PRESERVING,3.1,0,TERMINAL_REACHED,
4.478,RPRA,1,3,4.478,0.541,79.7194111375357,PRESERVING,3.937,2,CONTINUE,
4.478,RPRA,2,2,3.937,0.475,99.91404164730385,PRESERVING,3.462,1,CONTINUE,
4.478,RPRA,3,1,3.462,0.362,99.88995983826324,PRESERVING,3.1,0,TERMINAL_REACHED,
4.479,RPRA,1,3,4.479,0.542,79.90097122027703,PRESERVING,3.937,2,CONTINUE,
4.479,RPRA,2,2,3.937,0.475,99.91404164730385,PRESERVING,3.462,1,CONTINUE,
4.479,RPRA,3,1,3.462,0.362,99.88995983826324,PRESERVING,3.1,0,TERMINAL_REACHED,
4.48,RPRA,1,3,4.48,0.543,80.08261983128789,PRESERVING,3.937,2,CONTINUE,
4.48,RPRA,2,2,3.937,0.475,99.91404164730385,PRESERVING,3.462,1,CONTINUE,
4.48,RPRA,3,1,3.462,0.362,99.88995983826324,PRESERVING,3.1,0,TERMINAL_REACHED,
4.481,RPRA,1,3,4.481,0.544,80.26435686366148,PRESERVING,3.937,2,CONTINUE,
4.481,RPRA,2,2,3.937,0.475,99.91404164730385,PRESERVING,3.462,1,CONTINUE,
4.481,RPRA,3,1,3.462,0.362,99.88995983826324,PRESERVING,3.1,0,TERMINAL_REACHED,
4.482,RPRA,1,3,4.482,0.545,80.44618221077182,PRESERVING,3.937,2,CONTINUE,
4.482,RPRA,2,2,3.937,0.475,99.91404164730385,PRESERVING,3.462,1,CONTINUE,
4.482,RPRA,3,1,3.462,0.362,99.88995983826324,PRESERVING,3.1,0,TERMINAL_REACHED,
4.483,RPRA,1,3,4.483,0.546,80.62809576627257,PRESERVING,3.937,2,CONTINUE,
4.483,RPRA,2,2,3.937,0.475,99.91404164730385,PRESERVING,3.462,1,CONTINUE,
4.483,RPRA,3,1,3.462,0.362,99.88995983826324,PRESERVING,3.1,0,TERMINAL_REACHED,
4.484,RPRA,1,3,4.484,0.547,80.81009742409596,PRESERVING,3.937,2,CONTINUE,
4.484,RPRA,2,2,3.937,0.475,99.91404164730385,PRESERVING,3.462,1,CONTINUE,
4.484,RPRA,3,1,3.462,0.362,99.88995983826324,PRESERVING,3.1,0,TERMINAL_REACHED,
4.485,RPRA,1,3,4.485,0.548,80.99218707845156,PRESERVING,3.937,2,CONTINUE,
4.485,RPRA,2,2,3.937,0.475,99.91404164730385,PRESERVING,3.462,1,CONTINUE,
4.485,RPRA,3,1,3.462,0.362,99.88995983826324,PRESERVING,3.1,0,TERMINAL_REACHED,
4.486,RPRA,1,3,4.486,0.549,81.17436462382389,PRESERVING,3.937,2,CONTINUE,
4.486,RPRA,2,2,3.937,0.475,99.91404164730385,PRESERVING,3.462,1,CONTINUE,
4.486,RPRA,3,1,3.462,0.362,99.88995983826324,PRESERVING,3.1,0,TERMINAL_REACHED,
4.487,RPRA,1,3,4.487,0.55,81.35662995497309,PRESERVING,3.937,2,CONTINUE,
4.487,RPRA,2,2,3.937,0.475,99.91404164730385,PRESERVING,3.462,1,CONTINUE,
4.487,RPRA,3,1,3.462,0.362,99.88995983826324,PRESERVING,3.1,0,TERMINAL_REACHED,
4.488,RPRA,1,3,4.488,0.551,81.53898296693227,PRESERVING,3.937,2,CONTINUE,
4.488,RPRA,2,2,3.937,0.475,99.91404164730385,PRESERVING,3.462,1,CONTINUE,
4.488,RPRA,3,1,3.462,0.362,99.88995983826324,PRESERVING,3.1,0,TERMINAL_REACHED,
4.489,RPRA,1,3,4.489,0.552,81.72142355500691,PRESERVING,3.937,2,CONTINUE,
4.489,RPRA,2,2,3.937,0.475,99.91404164730385,PRESERVING,3.462,1,CONTINUE,
4.489,RPRA,3,1,3.462,0.362,99.88995983826324,PRESERVING,3.1,0,TERMINAL_REACHED,
4.49,RPRA,1,3,4.49,0.553,81.90395161477353,PRESERVING,3.937,2,CONTINUE,
4.49,RPRA,2,2,3.937,0.475,99.91404164730385,PRESERVING,3.462,1,CONTINUE,
4.49,RPRA,3,1,3.462,0.362,99.88995983826324,PRESERVING,3.1,0,TERMINAL_REACHED,
4.491,RPRA,1,3,4.491,0.554,82.08656704207768,PRESERVING,3.937,2,CONTINUE,
4.491,RPRA,2,2,3.937,0.475,99.91404164730385,PRESERVING,3.462,1,CONTINUE,
4.491,RPRA,3,1,3.462,0.362,99.88995983826324,PRESERVING,3.1,0,TERMINAL_REACHED,
4.492,RPRA,1,3,4.492,0.555,82.2692697330342,PRESERVING,3.937,2,CONTINUE,
4.492,RPRA,2,2,3.937,0.475,99.91404164730385,PRESERVING,3.462,1,CONTINUE,
4.492,RPRA,3,1,3.462,0.362,99.88995983826324,PRESERVING,3.1,0,TERMINAL_REACHED,
4.493,RPRA,1,3,4.493,0.556,82.4520595840249,PRESERVING,3.937,2,CONTINUE,
4.493,RPRA,2,2,3.937,0.475,99.91404164730385,PRESERVING,3.462,1,CONTINUE,
4.493,RPRA,3,1,3.462,0.362,99.88995983826324,PRESERVING,3.1,0,TERMINAL_REACHED,
4.494,RPRA,1,3,4.494,0.557,82.63493649169801,PRESERVING,3.937,2,CONTINUE,
4.494,RPRA,2,2,3.937,0.475,99.91404164730385,PRESERVING,3.462,1,CONTINUE,
4.494,RPRA,3,1,3.462,0.362,99.88995983826324,PRESERVING,3.1,0,TERMINAL_REACHED,
4.495,RPRA,1,3,4.495,0.558,82.81790035296616,PRESERVING,3.937,2,CONTINUE,
4.495,RPRA,2,2,3.937,0.475,99.91404164730385,PRESERVING,3.462,1,CONTINUE,
4.495,RPRA,3,1,3.462,0.362,99.88995983826324,PRESERVING,3.1,0,TERMINAL_REACHED,
4.496,RPRA,1,3,4.496,0.559,83.00095106500629,PRESERVING,3.937,2,CONTINUE,
4.496,RPRA,2,2,3.937,0.475,99.91404164730385,PRESERVING,3.462,1,CONTINUE,
4.496,RPRA,3,1,3.462,0.362,99.88995983826324,PRESERVING,3.1,0,TERMINAL_REACHED,
4.497,RPRA,1,3,4.497,0.56,83.18408852525788,PRESERVING,3.937,2,CONTINUE,
4.497,RPRA,2,2,3.937,0.475,99.91404164730385,PRESERVING,3.462,1,CONTINUE,
4.497,RPRA,3,1,3.462,0.362,99.88995983826324,PRESERVING,3.1,0,TERMINAL_REACHED,
4.498,RPRA,1,3,4.498,0.561,83.36731263142123,PRESERVING,3.937,2,CONTINUE,
4.498,RPRA,2,2,3.937,0.475,99.91404164730385,PRESERVING,3.462,1,CONTINUE,
4.498,RPRA,3,1,3.462,0.362,99.88995983826324,PRESERVING,3.1,0,TERMINAL_REACHED,
4.499,RPRA,1,3,4.499,0.562,83.55062328145755,PRESERVING,3.937,2,CONTINUE,
4.499,RPRA,2,2,3.937,0.475,99.91404164730385,PRESERVING,3.462,1,CONTINUE,
4.499,RPRA,3,1,3.462,0.362,99.88995983826324,PRESERVING,3.1,0,TERMINAL_REACHED,
4.5,RPRA,1,3,4.5,0.563,83.73402037358707,PRESERVING,3.937,2,CONTINUE,
4.5,RPRA,2,2,3.937,0.475,99.91404164730385,PRESERVING,3.462,1,CONTINUE,
4.5,RPRA,3,1,3.462,0.362,99.88995983826324,PRESERVING,3.1,0,TERMINAL_REACHED,
4.501,RPRA,1,3,4.501,0.564,83.91750380628774,PRESERVING,3.937,2,CONTINUE,
4.501,RPRA,2,2,3.937,0.475,99.91404164730385,PRESERVING,3.462,1,CONTINUE,
4.501,RPRA,3,1,3.462,0.362,99.88995983826324,PRESERVING,3.1,0,TERMINAL_REACHED,
4.502,RPRA,1,3,4.502,0.565,84.10107347829457,PRESERVING,3.937,2,CONTINUE,
4.502,RPRA,2,2,3.937,0.475,99.91404164730385,PRESERVING,3.462,1,CONTINUE,
4.502,RPRA,3,1,3.462,0.362,99.88995983826324,PRESERVING,3.1,0,TERMINAL_REACHED,
4.503,RPRA,1,3,4.503,0.566,84.28472928859861,PRESERVING,3.937,2,CONTINUE,
4.503,RPRA,2,2,3.937,0.475,99.91404164730385,PRESERVING,3.462,1,CONTINUE,
4.503,RPRA,3,1,3.462,0.362,99.88995983826324,PRESERVING,3.1,0,TERMINAL_REACHED,
4.504,RPRA,1,3,4.504,0.567,84.46847113644439,PRESERVING,3.937,2,CONTINUE,
4.504,RPRA,2,2,3.937,0.475,99.91404164730385,PRESERVING,3.462,1,CONTINUE,
4.504,RPRA,3,1,3.462,0.362,99.88995983826324,PRESERVING,3.1,0,TERMINAL_REACHED,
4.505,RPRA,1,3,4.505,0.568,84.65229892133114,PRESERVING,3.937,2,CONTINUE,
4.505,RPRA,2,2,3.937,0.475,99.91404164730385,PRESERVING,3.462,1,CONTINUE,
4.505,RPRA,3,1,3.462,0.362,99.88995983826324,PRESERVING,3.1,0,TERMINAL_REACHED,
4.506,RPRA,1,3,4.506,0.569,84.83621254300982,PRESERVING,3.937,2,CONTINUE,
4.506,RPRA,2,2,3.937,0.475,99.91404164730385,PRESERVING,3.462,1,CONTINUE,
4.506,RPRA,3,1,3.462,0.362,99.88995983826324,PRESERVING,3.1,0,TERMINAL_REACHED,
4.507,RPRA,1,3,4.507,0.57,85.02021190148295,PRESERVING,3.937,2,CONTINUE,
4.507,RPRA,2,2,3.937,0.475,99.91404164730385,PRESERVING,3.462,1,CONTINUE,
4.507,RPRA,3,1,3.462,0.362,99.88995983826324,PRESERVING,3.1,0,TERMINAL_REACHED,
4.508,RPRA,1,3,4.508,0.571,85.20429689700306,PRESERVING,3.937,2,CONTINUE,
4.508,RPRA,2,2,3.937,0.475,99.91404164730385,PRESERVING,3.462,1,CONTINUE,
4.508,RPRA,3,1,3.462,0.362,99.88995983826324,PRESERVING,3.1,0,TERMINAL_REACHED,
4.509,RPRA,1,3,4.509,0.572,85.38846743007178,PRESERVING,3.937,2,CONTINUE,
4.509,RPRA,2,2,3.937,0.475,99.91404164730385,PRESERVING,3.462,1,CONTINUE,
4.509,RPRA,3,1,3.462,0.362,99.88995983826324,PRESERVING,3.1,0,TERMINAL_REACHED,
4.51,RPRA,1,3,4.51,0.573,85.57272340143905,PRESERVING,3.937,2,CONTINUE,
4.51,RPRA,2,2,3.937,0.475,99.91404164730385,PRESERVING,3.462,1,CONTINUE,
4.51,RPRA,3,1,3.462,0.362,99.88995983826324,PRESERVING,3.1,0,TERMINAL_REACHED,
4.511,RPRA,1,3,4.511,0.574,85.75706471210107,PRESERVING,3.937,2,CONTINUE,
4.511,RPRA,2,2,3.937,0.475,99.91404164730385,PRESERVING,3.462,1,CONTINUE,
4.511,RPRA,3,1,3.462,0.362,99.88995983826324,PRESERVING,3.1,0,TERMINAL_REACHED,
4.512,RPRA,1,3,4.512,0.575,85.94149126330045,PRESERVING,3.937,2,CONTINUE,
4.512,RPRA,2,2,3.937,0.475,99.91404164730385,PRESERVING,3.462,1,CONTINUE,
4.512,RPRA,3,1,3.462,0.362,99.88995983826324,PRESERVING,3.1,0,TERMINAL_REACHED,
4.513,RPRA,1,3,4.513,0.576,86.12600295652462,PRESERVING,3.937,2,CONTINUE,
4.513,RPRA,2,2,3.937,0.475,99.91404164730385,PRESERVING,3.462,1,CONTINUE,
4.513,RPRA,3,1,3.462,0.362,99.88995983826324,PRESERVING,3.1,0,TERMINAL_REACHED,
4.514,RPRA,1,3,4.514,0.577,86.3105996935045,PRESERVING,3.937,2,CONTINUE,
4.514,RPRA,2,2,3.937,0.475,99.91404164730385,PRESERVING,3.462,1,CONTINUE,
4.514,RPRA,3,1,3.462,0.362,99.88995983826324,PRESERVING,3.1,0,TERMINAL_REACHED,
4.515,RPRA,1,3,4.515,0.578,86.49528137621428,PRESERVING,3.937,2,CONTINUE,
4.515,RPRA,2,2,3.937,0.475,99.91404164730385,PRESERVING,3.462,1,CONTINUE,
4.515,RPRA,3,1,3.462,0.362,99.88995983826324,PRESERVING,3.1,0,TERMINAL_REACHED,
4.516,RPRA,1,3,4.516,0.579,86.6800479068686,PRESERVING,3.937,2,CONTINUE,
4.516,RPRA,2,2,3.937,0.475,99.91404164730385,PRESERVING,3.462,1,CONTINUE,
4.516,RPRA,3,1,3.462,0.362,99.88995983826324,PRESERVING,3.1,0,TERMINAL_REACHED,
4.517,RPRA,1,3,4.517,0.58,86.86489918792391,PRESERVING,3.937,2,CONTINUE,
4.517,RPRA,2,2,3.937,0.475,99.91404164730385,PRESERVING,3.462,1,CONTINUE,
4.517,RPRA,3,1,3.462,0.362,99.88995983826324,PRESERVING,3.1,0,TERMINAL_REACHED,
4.518,RPRA,1,3,4.518,0.581,87.04983512207598,PRESERVING,3.937,2,CONTINUE,
4.518,RPRA,2,2,3.937,0.475,99.91404164730385,PRESERVING,3.462,1,CONTINUE,
4.518,RPRA,3,1,3.462,0.362,99.88995983826324,PRESERVING,3.1,0,TERMINAL_REACHED,
4.519,RPRA,1,3,4.519,0.582,87.23485561225888,PRESERVING,3.937,2,CONTINUE,
4.519,RPRA,2,2,3.937,0.475,99.91404164730385,PRESERVING,3.462,1,CONTINUE,
4.519,RPRA,3,1,3.462,0.362,99.88995983826324,PRESERVING,3.1,0,TERMINAL_REACHED,
4.52,RPRA,1,3,4.52,0.583,87.41996056164442,PRESERVING,3.937,2,CONTINUE,
4.52,RPRA,2,2,3.937,0.475,99.91404164730385,PRESERVING,3.462,1,CONTINUE,
4.52,RPRA,3,1,3.462,0.362,99.88995983826324,PRESERVING,3.1,0,TERMINAL_REACHED,
4.521,RPRA,1,3,4.521,0.584,87.60514987364093,PRESERVING,3.937,2,CONTINUE,
4.521,RPRA,2,2,3.937,0.475,99.91404164730385,PRESERVING,3.462,1,CONTINUE,
4.521,RPRA,3,1,3.462,0.362,99.88995983826324,PRESERVING,3.1,0,TERMINAL_REACHED,
4.522,RPRA,1,3,4.522,0.585,87.7904234518926,PRESERVING,3.937,2,CONTINUE,
4.522,RPRA,2,2,3.937,0.475,99.91404164730385,PRESERVING,3.462,1,CONTINUE,
4.522,RPRA,3,1,3.462,0.362,99.88995983826324,PRESERVING,3.1,0,TERMINAL_REACHED,
4.523,RPRA,1,3,4.523,0.586,87.97578120027724,PRESERVING,3.937,2,CONTINUE,
4.523,RPRA,2,2,3.937,0.475,99.91404164730385,PRESERVING,3.462,1,CONTINUE,
4.523,RPRA,3,1,3.462,0.362,99.88995983826324,PRESERVING,3.1,0,TERMINAL_REACHED,
4.524,RPRA,1,3,4.524,0.587,88.1612230229071,PRESERVING,3.937,2,CONTINUE,
4.524,RPRA,2,2,3.937,0.475,99.91404164730385,PRESERVING,3.462,1,CONTINUE,
4.524,RPRA,3,1,3.462,0.362,99.88995983826324,PRESERVING,3.1,0,TERMINAL_REACHED,
4.525,RPRA,1,3,4.525,0.588,88.34674882412682,PRESERVING,3.937,2,CONTINUE,
4.525,RPRA,2,2,3.937,0.475,99.91404164730385,PRESERVING,3.462,1,CONTINUE,
4.525,RPRA,3,1,3.462,0.362,99.88995983826324,PRESERVING,3.1,0,TERMINAL_REACHED,
4.526,RPRA,1,3,4.526,0.589,88.53235850851236,PRESERVING,3.937,2,CONTINUE,
4.526,RPRA,2,2,3.937,0.475,99.91404164730385,PRESERVING,3.462,1,CONTINUE,
4.526,RPRA,3,1,3.462,0.362,99.88995983826324,PRESERVING,3.1,0,TERMINAL_REACHED,
4.527,RPRA,1,3,4.527,0.59,88.71805198087083,PRESERVING,3.937,2,CONTINUE,
4.527,RPRA,2,2,3.937,0.475,99.91404164730385,PRESERVING,3.462,1,CONTINUE,
4.527,RPRA,3,1,3.462,0.362,99.88995983826324,PRESERVING,3.1,0,TERMINAL_REACHED,
4.528,RPRA,1,3,4.528,0.591,88.90382914623795,PRESERVING,3.937,2,CONTINUE,
4.528,RPRA,2,2,3.937,0.475,99.91404164730385,PRESERVING,3.462,1,CONTINUE,
4.528,RPRA,3,1,3.462,0.362,99.88995983826324,PRESERVING,3.1,0,TERMINAL_REACHED,
4.529,RPRA,1,3,4.529,0.592,89.08968990987908,PRESERVING,3.937,2,CONTINUE,
4.529,RPRA,2,2,3.937,0.475,99.91404164730385,PRESERVING,3.462,1,CONTINUE,
4.529,RPRA,3,1,3.462,0.362,99.88995983826324,PRESERVING,3.1,0,TERMINAL_REACHED,
4.53,RPRA,1,3,4.53,0.593,89.27563417728699,PRESERVING,3.937,2,CONTINUE,
4.53,RPRA,2,2,3.937,0.475,99.91404164730385,PRESERVING,3.462,1,CONTINUE,
4.53,RPRA,3,1,3.462,0.362,99.88995983826324,PRESERVING,3.1,0,TERMINAL_REACHED,
4.531,RPRA,1,3,4.531,0.594,89.4616618541812,PRESERVING,3.937,2,CONTINUE,
4.531,RPRA,2,2,3.937,0.475,99.91404164730385,PRESERVING,3.462,1,CONTINUE,
4.531,RPRA,3,1,3.462,0.362,99.88995983826324,PRESERVING,3.1,0,TERMINAL_REACHED,
4.532,RPRA,1,3,4.532,0.595,89.64777284650695,PRESERVING,3.937,2,CONTINUE,
4.532,RPRA,2,2,3.937,0.475,99.91404164730385,PRESERVING,3.462,1,CONTINUE,
4.532,RPRA,3,1,3.462,0.362,99.88995983826324,PRESERVING,3.1,0,TERMINAL_REACHED,
4.533,RPRA,1,3,4.533,0.596,89.8339670604345,PRESERVING,3.937,2,CONTINUE,
4.533,RPRA,2,2,3.937,0.475,99.91404164730385,PRESERVING,3.462,1,CONTINUE,
4.533,RPRA,3,1,3.462,0.362,99.88995983826324,PRESERVING,3.1,0,TERMINAL_REACHED,
4.534,RPRA,1,3,4.534,0.597,90.02024440235823,PRESERVING,3.937,2,CONTINUE,
4.534,RPRA,2,2,3.937,0.475,99.91404164730385,PRESERVING,3.462,1,CONTINUE,
4.534,RPRA,3,1,3.462,0.362,99.88995983826324,PRESERVING,3.1,0,TERMINAL_REACHED,
4.535,RPRA,1,3,4.535,0.598,90.20660477889476,PRESERVING,3.937,2,CONTINUE,
4.535,RPRA,2,2,3.937,0.475,99.91404164730385,PRESERVING,3.462,1,CONTINUE,
4.535,RPRA,3,1,3.462,0.362,99.88995983826324,PRESERVING,3.1,0,TERMINAL_REACHED,
4.536,RPRA,1,3,4.536,0.599,90.39304809688359,PRESERVING,3.937,2,CONTINUE,
4.536,RPRA,2,2,3.937,0.475,99.91404164730385,PRESERVING,3.462,1,CONTINUE,
4.536,RPRA,3,1,3.462,0.362,99.88995983826324,PRESERVING,3.1,0,TERMINAL_REACHED,
4.537,RPRA,1,3,4.537,0.6,90.57957426338518,PRESERVING,3.937,2,CONTINUE,
4.537,RPRA,2,2,3.937,0.475,99.91404164730385,PRESERVING,3.462,1,CONTINUE,
4.537,RPRA,3,1,3.462,0.362,99.88995983826324,PRESERVING,3.1,0,TERMINAL_REACHED,
4.538,RPRA,1,3,4.538,0.601,90.76618318568,PRESERVING,3.937,2,CONTINUE,
4.538,RPRA,2,2,3.937,0.475,99.91404164730385,PRESERVING,3.462,1,CONTINUE,
4.538,RPRA,3,1,3.462,0.362,99.88995983826324,PRESERVING,3.1,0,TERMINAL_REACHED,
4.539,RPRA,1,3,4.539,0.602,90.95287477126844,PRESERVING,3.937,2,CONTINUE,
4.539,RPRA,2,2,3.937,0.475,99.91404164730385,PRESERVING,3.462,1,CONTINUE,
4.539,RPRA,3,1,3.462,0.362,99.88995983826324,PRESERVING,3.1,0,TERMINAL_REACHED,
4.54,RPRA,1,3,4.54,0.603,91.13964892786835,PRESERVING,3.937,2,CONTINUE,
4.54,RPRA,2,2,3.937,0.475,99.91404164730385,PRESERVING,3.462,1,CONTINUE,
4.54,RPRA,3,1,3.462,0.362,99.88995983826324,PRESERVING,3.1,0,TERMINAL_REACHED,
4.541,RPRA,1,3,4.541,0.604,91.32650556341596,PRESERVING,3.937,2,CONTINUE,
4.541,RPRA,2,2,3.937,0.475,99.91404164730385,PRESERVING,3.462,1,CONTINUE,
4.541,RPRA,3,1,3.462,0.362,99.88995983826324,PRESERVING,3.1,0,TERMINAL_REACHED,
4.542,RPRA,1,3,4.542,0.605,91.51344458606376,PRESERVING,3.937,2,CONTINUE,
4.542,RPRA,2,2,3.937,0.475,99.91404164730385,PRESERVING,3.462,1,CONTINUE,
4.542,RPRA,3,1,3.462,0.362,99.88995983826324,PRESERVING,3.1,0,TERMINAL_REACHED,
4.543,RPRA,1,3,4.543,0.606,91.70046590418022,PRESERVING,3.937,2,CONTINUE,
4.543,RPRA,2,2,3.937,0.475,99.91404164730385,PRESERVING,3.462,1,CONTINUE,
4.543,RPRA,3,1,3.462,0.362,99.88995983826324,PRESERVING,3.1,0,TERMINAL_REACHED,
4.544,RPRA,1,3,4.544,0.607,91.88756942634846,PRESERVING,3.937,2,CONTINUE,
4.544,RPRA,2,2,3.937,0.475,99.91404164730385,PRESERVING,3.462,1,CONTINUE,
4.544,RPRA,3,1,3.462,0.362,99.88995983826324,PRESERVING,3.1,0,TERMINAL_REACHED,
4.545,RPRA,1,3,4.545,0.608,92.07475506136575,PRESERVING,3.937,2,CONTINUE,
4.545,RPRA,2,2,3.937,0.475,99.91404164730385,PRESERVING,3.462,1,CONTINUE,
4.545,RPRA,3,1,3.462,0.362,99.88995983826324,PRESERVING,3.1,0,TERMINAL_REACHED,
4.546,RPRA,1,3,4.546,0.609,92.26202271824266,PRESERVING,3.937,2,CONTINUE,
4.546,RPRA,2,2,3.937,0.475,99.91404164730385,PRESERVING,3.462,1,CONTINUE,
4.546,RPRA,3,1,3.462,0.362,99.88995983826324,PRESERVING,3.1,0,TERMINAL_REACHED,
4.547,RPRA,1,3,4.547,0.61,92.4493723062013,PRESERVING,3.937,2,CONTINUE,
4.547,RPRA,2,2,3.937,0.475,99.91404164730385,PRESERVING,3.462,1,CONTINUE,
4.547,RPRA,3,1,3.462,0.362,99.88995983826324,PRESERVING,3.1,0,TERMINAL_REACHED,
4.548,RPRA,1,3,4.548,0.611,92.63680373467587,PRESERVING,3.937,2,CONTINUE,
4.548,RPRA,2,2,3.937,0.475,99.91404164730385,PRESERVING,3.462,1,CONTINUE,
4.548,RPRA,3,1,3.462,0.362,99.88995983826324,PRESERVING,3.1,0,TERMINAL_REACHED,
4.549,RPRA,1,3,4.549,0.612,92.82431691331095,PRESERVING,3.937,2,CONTINUE,
4.549,RPRA,2,2,3.937,0.475,99.91404164730385,PRESERVING,3.462,1,CONTINUE,
4.549,RPRA,3,1,3.462,0.362,99.88995983826324,PRESERVING,3.1,0,TERMINAL_REACHED,
4.55,RPRA,1,3,4.55,0.613,93.01191175196062,PRESERVING,3.937,2,CONTINUE,
4.55,RPRA,2,2,3.937,0.475,99.91404164730385,PRESERVING,3.462,1,CONTINUE,
4.55,RPRA,3,1,3.462,0.362,99.88995983826324,PRESERVING,3.1,0,TERMINAL_REACHED,
4.551,RPRA,1,3,4.551,0.614,93.19958816068814,PRESERVING,3.937,2,CONTINUE,
4.551,RPRA,2,2,3.937,0.475,99.91404164730385,PRESERVING,3.462,1,CONTINUE,
4.551,RPRA,3,1,3.462,0.362,99.88995983826324,PRESERVING,3.1,0,TERMINAL_REACHED,
4.552,RPRA,1,3,4.552,0.615,93.38734604976409,PRESERVING,3.937,2,CONTINUE,
4.552,RPRA,2,2,3.937,0.475,99.91404164730385,PRESERVING,3.462,1,CONTINUE,
4.552,RPRA,3,1,3.462,0.362,99.88995983826324,PRESERVING,3.1,0,TERMINAL_REACHED,
4.553,RPRA,1,3,4.553,0.616,93.5751853296669,PRESERVING,3.937,2,CONTINUE,
4.553,RPRA,2,2,3.937,0.475,99.91404164730385,PRESERVING,3.462,1,CONTINUE,
4.553,RPRA,3,1,3.462,0.362,99.88995983826324,PRESERVING,3.1,0,TERMINAL_REACHED,
4.554,RPRA,1,3,4.554,0.617,93.76310591108093,PRESERVING,3.937,2,CONTINUE,
4.554,RPRA,2,2,3.937,0.475,99.91404164730385,PRESERVING,3.462,1,CONTINUE,
4.554,RPRA,3,1,3.462,0.362,99.88995983826324,PRESERVING,3.1,0,TERMINAL_REACHED,
4.555,RPRA,1,3,4.555,0.618,93.95110770489622,PRESERVING,3.937,2,CONTINUE,
4.555,RPRA,2,2,3.937,0.475,99.91404164730385,PRESERVING,3.462,1,CONTINUE,
4.555,RPRA,3,1,3.462,0.362,99.88995983826324,PRESERVING,3.1,0,TERMINAL_REACHED,
4.556,RPRA,1,3,4.556,0.619,94.1391906222073,PRESERVING,3.937,2,CONTINUE,
4.556,RPRA,2,2,3.937,0.475,99.91404164730385,PRESERVING,3.462,1,CONTINUE,
4.556,RPRA,3,1,3.462,0.362,99.88995983826324,PRESERVING,3.1,0,TERMINAL_REACHED,
4.557,RPRA,1,3,4.557,0.62,94.32735457431262,PRESERVING,3.937,2,CONTINUE,
4.557,RPRA,2,2,3.937,0.475,99.91404164730385,PRESERVING,3.462,1,CONTINUE,
4.557,RPRA,3,1,3.462,0.362,99.88995983826324,PRESERVING,3.1,0,TERMINAL_REACHED,
4.558,RPRA,1,3,4.558,0.621,94.51559947271397,PRESERVING,3.937,2,CONTINUE,
4.558,RPRA,2,2,3.937,0.475,99.91404164730385,PRESERVING,3.462,1,CONTINUE,
4.558,RPRA,3,1,3.462,0.362,99.88995983826324,PRESERVING,3.1,0,TERMINAL_REACHED,
4.559,RPRA,1,3,4.559,0.622,94.70392522911456,PRESERVING,3.937,2,CONTINUE,
4.559,RPRA,2,2,3.937,0.475,99.91404164730385,PRESERVING,3.462,1,CONTINUE,
4.559,RPRA,3,1,3.462,0.362,99.88995983826324,PRESERVING,3.1,0,TERMINAL_REACHED,
4.56,RPRA,1,3,4.56,0.623,94.8923317554196,PRESERVING,3.937,2,CONTINUE,
4.56,RPRA,2,2,3.937,0.475,99.91404164730385,PRESERVING,3.462,1,CONTINUE,
4.56,RPRA,3,1,3.462,0.362,99.88995983826324,PRESERVING,3.1,0,TERMINAL_REACHED,
4.561,RPRA,1,3,4.561,0.624,95.08081896373487,PRESERVING,3.937,2,CONTINUE,
4.561,RPRA,2,2,3.937,0.475,99.91404164730385,PRESERVING,3.462,1,CONTINUE,
4.561,RPRA,3,1,3.462,0.362,99.88995983826324,PRESERVING,3.1,0,TERMINAL_REACHED,
4.562,RPRA,1,3,4.562,0.625,95.26938676636584,PRESERVING,3.937,2,CONTINUE,
4.562,RPRA,2,2,3.937,0.475,99.91404164730385,PRESERVING,3.462,1,CONTINUE,
4.562,RPRA,3,1,3.462,0.362,99.88995983826324,PRESERVING,3.1,0,TERMINAL_REACHED,
4.563,RPRA,1,3,4.563,0.626,95.45803507581736,PRESERVING,3.937,2,CONTINUE,
4.563,RPRA,2,2,3.937,0.475,99.91404164730385,PRESERVING,3.462,1,CONTINUE,
4.563,RPRA,3,1,3.462,0.362,99.88995983826324,PRESERVING,3.1,0,TERMINAL_REACHED,
4.564,RPRA,1,3,4.564,0.627,95.6467638047916,PRESERVING,3.937,2,CONTINUE,
4.564,RPRA,2,2,3.937,0.475,99.91404164730385,PRESERVING,3.462,1,CONTINUE,
4.564,RPRA,3,1,3.462,0.362,99.88995983826324,PRESERVING,3.1,0,TERMINAL_REACHED,
4.565,RPRA,1,3,4.565,0.628,95.83557286618908,PRESERVING,3.937,2,CONTINUE,
4.565,RPRA,2,2,3.937,0.475,99.91404164730385,PRESERVING,3.462,1,CONTINUE,
4.565,RPRA,3,1,3.462,0.362,99.88995983826324,PRESERVING,3.1,0,TERMINAL_REACHED,
4.566,RPRA,1,3,4.566,0.629,96.02446217310656,PRESERVING,3.937,2,CONTINUE,
4.566,RPRA,2,2,3.937,0.475,99.91404164730385,PRESERVING,3.462,1,CONTINUE,
4.566,RPRA,3,1,3.462,0.362,99.88995983826324,PRESERVING,3.1,0,TERMINAL_REACHED,
4.567,RPRA,1,3,4.567,0.63,96.21343163883682,PRESERVING,3.937,2,CONTINUE,
4.567,RPRA,2,2,3.937,0.475,99.91404164730385,PRESERVING,3.462,1,CONTINUE,
4.567,RPRA,3,1,3.462,0.362,99.88995983826324,PRESERVING,3.1,0,TERMINAL_REACHED,
4.568,RPRA,1,3,4.568,0.631,96.4024811768677,PRESERVING,3.937,2,CONTINUE,
4.568,RPRA,2,2,3.937,0.475,99.91404164730385,PRESERVING,3.462,1,CONTINUE,
4.568,RPRA,3,1,3.462,0.362,99.88995983826324,PRESERVING,3.1,0,TERMINAL_REACHED,
4.569,RPRA,1,3,4.569,0.632,96.59161070088145,PRESERVING,3.937,2,CONTINUE,
4.569,RPRA,2,2,3.937,0.475,99.91404164730385,PRESERVING,3.462,1,CONTINUE,
4.569,RPRA,3,1,3.462,0.362,99.88995983826324,PRESERVING,3.1,0,TERMINAL_REACHED,
4.57,RPRA,1,3,4.57,0.633,96.780820124754,PRESERVING,3.937,2,CONTINUE,
4.57,RPRA,2,2,3.937,0.475,99.91404164730385,PRESERVING,3.462,1,CONTINUE,
4.57,RPRA,3,1,3.462,0.362,99.88995983826324,PRESERVING,3.1,0,TERMINAL_REACHED,
4.571,RPRA,1,3,4.571,0.634,96.97010936255371,PRESERVING,3.937,2,CONTINUE,
4.571,RPRA,2,2,3.937,0.475,99.91404164730385,PRESERVING,3.462,1,CONTINUE,
4.571,RPRA,3,1,3.462,0.362,99.88995983826324,PRESERVING,3.1,0,TERMINAL_REACHED,
4.572,RPRA,1,3,4.572,0.635,97.15947832854134,PRESERVING,3.937,2,CONTINUE,
4.572,RPRA,2,2,3.937,0.475,99.91404164730385,PRESERVING,3.462,1,CONTINUE,
4.572,RPRA,3,1,3.462,0.362,99.88995983826324,PRESERVING,3.1,0,TERMINAL_REACHED,
4.573,RPRA,1,3,4.573,0.636,97.34892693716898,PRESERVING,3.937,2,CONTINUE,
4.573,RPRA,2,2,3.937,0.475,99.91404164730385,PRESERVING,3.462,1,CONTINUE,
4.573,RPRA,3,1,3.462,0.362,99.88995983826324,PRESERVING,3.1,0,TERMINAL_REACHED,
4.574,RPRA,1,3,4.574,0.637,97.53845510307913,PRESERVING,3.937,2,CONTINUE,
4.574,RPRA,2,2,3.937,0.475,99.91404164730385,PRESERVING,3.462,1,CONTINUE,
4.574,RPRA,3,1,3.462,0.362,99.88995983826324,PRESERVING,3.1,0,TERMINAL_REACHED,
4.575,RPRA,1,3,4.575,0.638,97.7280627411045,PRESERVING,3.937,2,CONTINUE,
4.575,RPRA,2,2,3.937,0.475,99.91404164730385,PRESERVING,3.462,1,CONTINUE,
4.575,RPRA,3,1,3.462,0.362,99.88995983826324,PRESERVING,3.1,0,TERMINAL_REACHED,
4.576,RPRA,1,3,4.576,0.639,97.91774976626631,PRESERVING,3.937,2,CONTINUE,
4.576,RPRA,2,2,3.937,0.475,99.91404164730385,PRESERVING,3.462,1,CONTINUE,
4.576,RPRA,3,1,3.462,0.362,99.88995983826324,PRESERVING,3.1,0,TERMINAL_REACHED,
4.577,RPRA,1,3,4.577,0.64,98.10751609377455,PRESERVING,3.937,2,CONTINUE,
4.577,RPRA,2,2,3.937,0.475,99.91404164730385,PRESERVING,3.462,1,CONTINUE,
4.577,RPRA,3,1,3.462,0.362,99.88995983826324,PRESERVING,3.1,0,TERMINAL_REACHED,
4.578,RPRA,1,3,4.578,0.641,98.29736163902679,PRESERVING,3.937,2,CONTINUE,
4.578,RPRA,2,2,3.937,0.475,99.91404164730385,PRESERVING,3.462,1,CONTINUE,
4.578,RPRA,3,1,3.462,0.362,99.88995983826324,PRESERVING,3.1,0,TERMINAL_REACHED,
4.579,RPRA,1,3,4.579,0.642,98.48728631760744,PRESERVING,3.937,2,CONTINUE,
4.579,RPRA,2,2,3.937,0.475,99.91404164730385,PRESERVING,3.462,1,CONTINUE,
4.579,RPRA,3,1,3.462,0.362,99.88995983826324,PRESERVING,3.1,0,TERMINAL_REACHED,
4.58,RPRA,1,3,4.58,0.643,98.67729004528717,PRESERVING,3.937,2,CONTINUE,
4.58,RPRA,2,2,3.937,0.475,99.91404164730385,PRESERVING,3.462,1,CONTINUE,
4.58,RPRA,3,1,3.462,0.362,99.88995983826324,PRESERVING,3.1,0,TERMINAL_REACHED,
4.581,RPRA,1,3,4.581,0.644,98.86737273802214,PRESERVING,3.937,2,CONTINUE,
4.581,RPRA,2,2,3.937,0.475,99.91404164730385,PRESERVING,3.462,1,CONTINUE,
4.581,RPRA,3,1,3.462,0.362,99.88995983826324,PRESERVING,3.1,0,TERMINAL_REACHED,
4.582,RPRA,1,3,4.582,0.645,99.05753431195335,PRESERVING,3.937,2,CONTINUE,
4.582,RPRA,2,2,3.937,0.475,99.91404164730385,PRESERVING,3.462,1,CONTINUE,
4.582,RPRA,3,1,3.462,0.362,99.88995983826324,PRESERVING,3.1,0,TERMINAL_REACHED,
4.583,RPRA,1,3,4.583,0.646,99.24777468340528,PRESERVING,3.937,2,CONTINUE,
4.583,RPRA,2,2,3.937,0.475,99.91404164730385,PRESERVING,3.462,1,CONTINUE,
4.583,RPRA,3,1,3.462,0.362,99.88995983826324,PRESERVING,3.1,0,TERMINAL_REACHED,
4.584,RPRA,1,3,4.584,0.647,99.43809376888645,PRESERVING,3.937,2,CONTINUE,
4.584,RPRA,2,2,3.937,0.475,99.91404164730385,PRESERVING,3.462,1,CONTINUE,
4.584,RPRA,3,1,3.462,0.362,99.88995983826324,PRESERVING,3.1,0,TERMINAL_REACHED,
4.585,RPRA,1,3,4.585,0.648,99.62849148508762,PRESERVING,3.937,2,CONTINUE,
4.585,RPRA,2,2,3.937,0.475,99.91404164730385,PRESERVING,3.462,1,CONTINUE,
4.585,RPRA,3,1,3.462,0.362,99.88995983826324,PRESERVING,3.1,0,TERMINAL_REACHED,
4.586,RPRA,1,3,4.586,0.649,99.81896774888176,PRESERVING,3.937,2,CONTINUE,
4.586,RPRA,2,2,3.937,0.475,99.91404164730385,PRESERVING,3.462,1,CONTINUE,
4.586,RPRA,3,1,3.462,0.362,99.88995983826324,PRESERVING,3.1,0,TERMINAL_REACHED,
