record_type,case_id,offset_um,state_mm,classification_status,feasible,reason,decision_at_limit,optimizer,optimizer_success,optimizer_message,multistart_count,required_removal_mm,capacity_residual_low_mm,capacity_residual_high_mm,first_pass_ar_domain_lower_bound_mm,optimal_worst_deflection_um,recoverability_margin_um,removal_sum_abs_mm,action_bound_violation_mm,epigraph_violation_um,terminal_thickness_abs_mm,residual_valid,pass_removals_mm_json,pass_details_json,boundary_kind,physics_margin_at_boundary_um,exception_type,exception_message
BOUNDARY_ROOT,BOUNDARY,0,4.588030453165504,PASS,true,,PASS,scipy.optimize.SLSQP epigraph multi-start,true,Optimization terminated successfully,7,1.488030453165504,,,0.36,99.99999999999983,1.7053025658242404e-13,2.220446049250313e-16,0.0,1.9895196601282805e-12,0.0,true,"[0.650258653107184,0.4754434461448821,0.3623283539134377]","[{""pass_index"":1,""before_thickness_mm"":4.588030453165504,""after_thickness_mm"":3.93777180005832,""radial_removal_mm"":0.650258653107184,""radial_immersion"":0.054188221092265336,""deflection_um"":99.99999999999366},{""pass_index"":2,""before_thickness_mm"":3.93777180005832,""after_thickness_mm"":3.462328353913438,""radial_removal_mm"":0.4754434461448821,""radial_immersion"":0.03962028717874017,""deflection_um"":99.99999999999983},{""pass_index"":3,""before_thickness_mm"":3.462328353913438,""after_thickness_mm"":3.1,""radial_removal_mm"":0.3623283539134377,""radial_immersion"":0.030194029492786476,""deflection_um"":99.99999999999982}]",physics_root,1.7053025658242404e-13,,
CHALLENGE_STATE,B2-0000,-20.00,4.568030453165504,PASS,true,,PASS,scipy.optimize.SLSQP epigraph multi-start,true,Optimization terminated successfully,7,1.4680304531655035,,,0.36,99.22025135628195,0.779748643718051,0.0,0.0,2.7000623958883807e-13,0.0,true,"[0.6376481657539518,0.47038228741155164,0.36]","[{""pass_index"":1,""before_thickness_mm"":4.568030453165504,""after_thickness_mm"":3.9303822874115517,""radial_removal_mm"":0.6376481657539518,""radial_immersion"":0.053137347146162646,""deflection_um"":98.15548103435289},{""pass_index"":2,""before_thickness_mm"":3.9303822874115517,""after_thickness_mm"":3.46,""radial_removal_mm"":0.47038228741155164,""radial_immersion"":0.039198523950962634,""deflection_um"":98.89557165490508},{""pass_index"":3,""before_thickness_mm"":3.46,""after_thickness_mm"":3.1,""radial_removal_mm"":0.36,""radial_immersion"":0.03,""deflection_um"":99.22025135628195}]",,,,
CHALLENGE_STATE,B2-0001,-19.75,4.568280453165504,PASS,true,,PASS,scipy.optimize.SLSQP epigraph multi-start,true,Optimization terminated successfully,7,1.4682804531655038,,,0.36,99.22025135628195,0.779748643718051,0.0,0.0,5.542233338928781e-13,0.0,true,"[0.6370756246560113,0.4712048285094925,0.36]","[{""pass_index"":1,""before_thickness_mm"":4.568280453165504,""after_thickness_mm"":3.9312048285094927,""radial_removal_mm"":0.6370756246560113,""radial_immersion"":0.05308963538800094,""deflection_um"":97.98484892126226},{""pass_index"":2,""before_thickness_mm"":3.9312048285094927,""after_thickness_mm"":3.46,""radial_removal_mm"":0.4712048285094925,""radial_immersion"":0.03926706904245771,""deflection_um"":99.10764697061506},{""pass_index"":3,""before_thickness_mm"":3.46,""after_thickness_mm"":3.1,""radial_removal_mm"":0.36,""radial_immersion"":0.03,""deflection_um"":99.22025135628195}]",,,,
CHALLENGE_STATE,B2-0002,-19.50,4.568530453165504,PASS,true,,PASS,scipy.optimize.SLSQP epigraph multi-start,true,Optimization terminated successfully,7,1.4685304531655041,,,0.36,99.2202513562838,0.7797486437162036,1.9539925233402755e-14,0.0,2.3305801732931286e-12,1.9095836023552692e-14,true,"[0.6383240475298978,0.47020640563562577,0.36]","[{""pass_index"":1,""before_thickness_mm"":4.568530453165504,""after_thickness_mm"":3.9302064056356065,""radial_removal_mm"":0.6383240475298978,""radial_immersion"":0.05319367062749148,""deflection_um"":98.29750365492453},{""pass_index"":2,""before_thickness_mm"":3.9302064056356065,""after_thickness_mm"":3.459999999999981,""radial_removal_mm"":0.47020640563562577,""radial_immersion"":0.03918386713630215,""deflection_um"":98.85023669856578},{""pass_index"":3,""before_thickness_mm"":3.459999999999981,""after_thickness_mm"":3.099999999999981,""radial_removal_mm"":0.36,""radial_immersion"":0.03,""deflection_um"":99.2202513562838}]",,,,
CHALLENGE_STATE,B2-0003,-19.25,4.568780453165504,PASS,true,,PASS,scipy.optimize.SLSQP epigraph multi-start,true,Optimization terminated successfully,7,1.4687804531655035,,,0.36,99.22025135628262,0.7797486437173831,6.661338147750939e-15,0.0,8.100187187665142e-13,6.661338147750939e-15,true,"[0.6376884397640769,0.47109201340143353,0.36]","[{""pass_index"":1,""before_thickness_mm"":4.568780453165504,""after_thickness_mm"":3.9310920134014267,""radial_removal_mm"":0.6376884397640769,""radial_immersion"":0.05314070331367307,""deflection_um"":98.10999844506827},{""pass_index"":2,""before_thickness_mm"":3.9310920134014267,""after_thickness_mm"":3.4599999999999933,""radial_removal_mm"":0.47109201340143353,""radial_immersion"":0.03925766778345279,""deflection_um"":99.07855419631964},{""pass_index"":3,""before_thickness_mm"":3.4599999999999933,""after_thickness_mm"":3.0999999999999934,""radial_removal_mm"":0.36,""radial_immersion"":0.03,""deflection_um"":99.22025135628262}]",,,,
CHALLENGE_STATE,B2-0004,-19.00,4.569030453165504,PASS,true,,PASS,scipy.optimize.SLSQP epigraph multi-start,true,Optimization terminated successfully,7,1.4690304531655038,,,0.36,99.22025135628348,0.7797486437165162,1.5987211554602254e-14,0.0,1.5347723092418164e-12,1.5987211554602254e-14,true,"[0.639388905999054,0.469641547166466,0.36]","[{""pass_index"":1,""before_thickness_mm"":4.569030453165504,""after_thickness_mm"":3.92964154716645,""radial_removal_mm"":0.639388905999054,""radial_immersion"":0.053282408833254497,""deflection_um"":98.54305543505191},{""pass_index"":2,""before_thickness_mm"":3.92964154716645,""after_thickness_mm"":3.459999999999984,""radial_removal_mm"":0.469641547166466,""radial_immersion"":0.0391367955972055,""deflection_um"":98.70466975107168},{""pass_index"":3,""before_thickness_mm"":3.459999999999984,""after_thickness_mm"":3.099999999999984,""radial_removal_mm"":0.36,""radial_immersion"":0.03,""deflection_um"":99.22025135628348}]",,,,
CHALLENGE_STATE,B2-0005,-18.75,4.569280453165504,PASS,true,,PASS,scipy.optimize.SLSQP epigraph multi-start,true,Optimization terminated successfully,7,1.4692804531655042,,,0.36,99.22025135628195,0.779748643718051,0.0,0.0,3.126388037344441e-13,0.0,true,"[0.6377380775620273,0.471542375603477,0.36]","[{""pass_index"":1,""before_thickness_mm"":4.569280453165504,""after_thickness_mm"":3.931542375603477,""radial_removal_mm"":0.6377380775620273,""radial_immersion"":0.053144839796835604,""deflection_um"":98.08573830439146},{""pass_index"":2,""before_thickness_mm"":3.931542375603477,""after_thickness_mm"":3.46,""radial_removal_mm"":0.471542375603477,""radial_immersion"":0.039295197966956415,""deflection_um"":99.19470450742777},{""pass_index"":3,""before_thickness_mm"":3.46,""after_thickness_mm"":3.1,""radial_removal_mm"":0.36,""radial_immersion"":0.03,""deflection_um"":99.22025135628195}]",,,,
CHALLENGE_STATE,B2-0006,-18.50,4.569530453165504,PASS,true,,PASS,scipy.optimize.SLSQP epigraph multi-start,true,Optimization terminated successfully,7,1.4695304531655036,,,0.36,99.22025135628228,0.7797486437177241,3.9968028886505635e-15,0.0,3.694822225952521e-13,3.552713678800501e-15,true,"[0.638996645345401,0.47053380782010656,0.36]","[{""pass_index"":1,""before_thickness_mm"":4.569530453165504,""after_thickness_mm"":3.930533807820103,""radial_removal_mm"":0.638996645345401,""radial_immersion"":0.05324972044545009,""deflection_um"":98.40116438418777},{""pass_index"":2,""before_thickness_mm"":3.930533807820103,""after_thickness_mm"":3.4599999999999964,""radial_removal_mm"":0.47053380782010656,""radial_immersion"":0.03921115065167555,""deflection_um"":98.9346308158248},{""pass_index"":3,""before_thickness_mm"":3.4599999999999964,""after_thickness_mm"":3.0999999999999965,""radial_removal_mm"":0.36,""radial_immersion"":0.03,""deflection_um"":99.22025135628228}]",,,,
CHALLENGE_STATE,B2-0007,-18.25,4.569780453165504,PASS,true,,PASS,scipy.optimize.SLSQP epigraph multi-start,true,Optimization terminated successfully,7,1.4697804531655039,,,0.36,99.22025135628371,0.7797486437162888,1.865174681370263e-14,0.0,1.7905676941154525e-12,1.8207657603852567e-14,true,"[0.6392499841090971,0.4705304690564253,0.36]","[{""pass_index"":1,""before_thickness_mm"":4.569780453165504,""after_thickness_mm"":3.930530469056407,""radial_removal_mm"":0.6392499841090971,""radial_immersion"":0.05327083200909142,""deflection_um"":98.44972048974249},{""pass_index"":2,""before_thickness_mm"":3.930530469056407,""after_thickness_mm"":3.4599999999999818,""radial_removal_mm"":0.4705304690564253,""radial_immersion"":0.039210872421368774,""deflection_um"":98.93377010890791},{""pass_index"":3,""before_thickness_mm"":3.4599999999999818,""after_thickness_mm"":3.099999999999982,""radial_removal_mm"":0.36,""radial_immersion"":0.03,""deflection_um"":99.22025135628371}]",,,,
CHALLENGE_STATE,B2-0008,-18.00,4.570030453165504,PASS,true,,PASS,scipy.optimize.SLSQP epigraph multi-start,true,Optimization terminated successfully,7,1.4700304531655042,,,0.36,99.22025135628195,0.779748643718051,0.0,0.0,0.0,0.0,true,"[0.642049973799385,0.4679804793661192,0.36]","[{""pass_index"":1,""before_thickness_mm"":4.570030453165504,""after_thickness_mm"":3.927980479366119,""radial_removal_mm"":0.642049973799385,""radial_immersion"":0.05350416448328208,""deflection_um"":99.17685068367076},{""pass_index"":2,""before_thickness_mm"":3.927980479366119,""after_thickness_mm"":3.46,""radial_removal_mm"":0.4679804793661192,""radial_immersion"":0.03899837328050993,""deflection_um"":98.27686859478366},{""pass_index"":3,""before_thickness_mm"":3.46,""after_thickness_mm"":3.1,""radial_removal_mm"":0.36,""radial_immersion"":0.03,""deflection_um"":99.22025135628195}]",,,,
CHALLENGE_STATE,B2-0009,-17.75,4.570280453165504,PASS,true,,PASS,scipy.optimize.SLSQP epigraph multi-start,true,Optimization terminated successfully,7,1.4702804531655036,,,0.36,99.22025135628195,0.779748643718051,0.0,0.0,3.694822225952521e-13,0.0,true,"[0.6387544970276219,0.47152595613788195,0.36]","[{""pass_index"":1,""before_thickness_mm"":4.570280453165504,""after_thickness_mm"":3.931525956137882,""radial_removal_mm"":0.6387544970276219,""radial_immersion"":0.05322954141896849,""deflection_um"":98.28055472967375},{""pass_index"":2,""before_thickness_mm"":3.931525956137882,""after_thickness_mm"":3.46,""radial_removal_mm"":0.47152595613788195,""radial_immersion"":0.03929382967815683,""deflection_um"":99.19046934955963},{""pass_index"":3,""before_thickness_mm"":3.46,""after_thickness_mm"":3.1,""radial_removal_mm"":0.36,""radial_immersion"":0.03,""deflection_um"":99.22025135628195}]",,,,
CHALLENGE_STATE,B2-0010,-17.50,4.570530453165504,PASS,true,,PASS,scipy.optimize.SLSQP epigraph multi-start,true,Optimization terminated successfully,7,1.470530453165504,,,0.36,99.2202513562819,0.7797486437180936,0.0,0.0,3.979039320256561e-13,4.440892098500626e-16,true,"[0.6397792190647246,0.4707512341007792,0.36]","[{""pass_index"":1,""before_thickness_mm"":4.570530453165504,""after_thickness_mm"":3.9307512341007795,""radial_removal_mm"":0.6397792190647246,""radial_immersion"":0.05331493492206038,""deflection_um"":98.534044878132},{""pass_index"":2,""before_thickness_mm"":3.9307512341007795,""after_thickness_mm"":3.4600000000000004,""radial_removal_mm"":0.4707512341007792,""radial_immersion"":0.039229269508398265,""deflection_um"":98.99068502335561},{""pass_index"":3,""before_thickness_mm"":3.4600000000000004,""after_thickness_mm"":3.1000000000000005,""radial_removal_mm"":0.36,""radial_immersion"":0.03,""deflection_um"":99.2202513562819}]",,,,
CHALLENGE_STATE,B2-0011,-17.25,4.570780453165504,PASS,true,,PASS,scipy.optimize.SLSQP epigraph multi-start,true,Optimization terminated successfully,7,1.4707804531655042,,,0.36,99.22025135628195,0.779748643718051,0.0,0.0,3.268496584496461e-13,0.0,true,"[0.6424252841810715,0.4683551689844329,0.36]","[{""pass_index"":1,""before_thickness_mm"":4.570780453165504,""after_thickness_mm"":3.928355168984433,""radial_removal_mm"":0.6424252841810715,""radial_immersion"":0.05353544034842262,""deflection_um"":99.22024905023468},{""pass_index"":2,""before_thickness_mm"":3.928355168984433,""after_thickness_mm"":3.46,""radial_removal_mm"":0.4683551689844329,""radial_immersion"":0.03902959741536941,""deflection_um"":98.37333383724909},{""pass_index"":3,""before_thickness_mm"":3.46,""after_thickness_mm"":3.1,""radial_removal_mm"":0.36,""radial_immersion"":0.03,""deflection_um"":99.22025135628195}]",,,,
CHALLENGE_STATE,B2-0012,-17.00,4.571030453165504,PASS,true,,PASS,scipy.optimize.SLSQP epigraph multi-start,true,Optimization terminated successfully,7,1.4710304531655036,,,0.36,99.22025135628195,0.779748643718051,0.0,0.0,0.0,0.0,true,"[0.6414325187604283,0.4695979344050753,0.36]","[{""pass_index"":1,""before_thickness_mm"":4.571030453165504,""after_thickness_mm"":3.9295979344050753,""radial_removal_mm"":0.6414325187604283,""radial_immersion"":0.05345270989670236,""deflection_um"":98.93648930622399},{""pass_index"":2,""before_thickness_mm"":3.9295979344050753,""after_thickness_mm"":3.46,""radial_removal_mm"":0.4695979344050753,""radial_immersion"":0.03913316120042294,""deflection_um"":98.69343241472826},{""pass_index"":3,""before_thickness_mm"":3.46,""after_thickness_mm"":3.1,""radial_removal_mm"":0.36,""radial_immersion"":0.03,""deflection_um"":99.22025135628195}]",,,,
CHALLENGE_STATE,B2-0013,-16.75,4.571280453165504,PASS,true,,PASS,scipy.optimize.SLSQP epigraph multi-start,true,Optimization terminated successfully,7,1.471280453165504,,,0.36,99.22025135628222,0.779748643717781,3.1086244689504383e-15,0.0,3.126388037344441e-13,2.6645352591003757e-15,true,"[0.6409656974349209,0.47031475573058595,0.36]","[{""pass_index"":1,""before_thickness_mm"":4.571280453165504,""after_thickness_mm"":3.930314755730583,""radial_removal_mm"":0.6409656974349209,""radial_immersion"":0.053413808119576744,""deflection_um"":98.79326335820527},{""pass_index"":2,""before_thickness_mm"":3.930314755730583,""after_thickness_mm"":3.4599999999999973,""radial_removal_mm"":0.47031475573058595,""radial_immersion"":0.039192896310882165,""deflection_um"":98.87816429269805},{""pass_index"":3,""before_thickness_mm"":3.4599999999999973,""after_thickness_mm"":3.0999999999999974,""radial_removal_mm"":0.36,""radial_immersion"":0.03,""deflection_um"":99.22025135628222}]",,,,
CHALLENGE_STATE,B2-0014,-16.50,4.571530453165504,PASS,true,,PASS,scipy.optimize.SLSQP epigraph multi-start,true,Optimization terminated successfully,7,1.4715304531655042,,,0.36,99.2202513562819,0.7797486437180936,0.0,0.0,5.400124791776761e-13,4.440892098500626e-16,true,"[0.642638128874329,0.4688923242911752,0.36]","[{""pass_index"":1,""before_thickness_mm"":4.571530453165504,""after_thickness_mm"":3.9288923242911755,""radial_removal_mm"":0.642638128874329,""radial_immersion"":0.053553177406194086,""deflection_um"":99.22025135628151},{""pass_index"":2,""before_thickness_mm"":3.9288923242911755,""after_thickness_mm"":3.4600000000000004,""radial_removal_mm"":0.4688923242911752,""radial_immersion"":0.03907436035759793,""deflection_um"":98.5116615718721},{""pass_index"":3,""before_thickness_mm"":3.4600000000000004,""after_thickness_mm"":3.1000000000000005,""radial_removal_mm"":0.36,""radial_immersion"":0.03,""deflection_um"":99.2202513562819}]",,,,
CHALLENGE_STATE,B2-0015,-16.25,4.571780453165504,PASS,true,,PASS,scipy.optimize.SLSQP epigraph multi-start,true,Optimization terminated successfully,7,1.4717804531655037,,,0.36,99.22025135628341,0.7797486437165873,1.509903313490213e-14,0.0,1.6058265828178264e-12,1.509903313490213e-14,true,"[0.6421994993636406,0.4695809538018782,0.36]","[{""pass_index"":1,""before_thickness_mm"":4.571780453165504,""after_thickness_mm"":3.929580953801863,""radial_removal_mm"":0.6421994993636406,""radial_immersion"":0.05351662494697005,""deflection_um"":99.08428633803621},{""pass_index"":2,""before_thickness_mm"":3.929580953801863,""after_thickness_mm"":3.459999999999985,""radial_removal_mm"":0.4695809538018782,""radial_immersion"":0.039131746150156514,""deflection_um"":98.68905723798268},{""pass_index"":3,""before_thickness_mm"":3.459999999999985,""after_thickness_mm"":3.099999999999985,""radial_removal_mm"":0.36,""radial_immersion"":0.03,""deflection_um"":99.22025135628341}]",,,,
CHALLENGE_STATE,B2-0016,-16.00,4.572030453165504,PASS,true,,PASS,scipy.optimize.SLSQP epigraph multi-start,true,Optimization terminated successfully,7,1.472030453165504,,,0.36,99.22025135628195,0.779748643718051,0.0,0.0,3.410605131648481e-13,0.0,true,"[0.6424551534588255,0.46957529970667866,0.36]","[{""pass_index"":1,""before_thickness_mm"":4.572030453165504,""after_thickness_mm"":3.9295752997066784,""radial_removal_mm"":0.6424551534588255,""radial_immersion"":0.05353792945490213,""deflection_um"":99.13356162757933},{""pass_index"":2,""before_thickness_mm"":3.9295752997066784,""after_thickness_mm"":3.46,""radial_removal_mm"":0.46957529970667866,""radial_immersion"":0.03913127497555655,""deflection_um"":98.68760042810861},{""pass_index"":3,""before_thickness_mm"":3.46,""after_thickness_mm"":3.1,""radial_removal_mm"":0.36,""radial_immersion"":0.03,""deflection_um"":99.22025135628195}]",,,,
CHALLENGE_STATE,B2-0017,-15.75,4.572280453165504,PASS,true,,PASS,scipy.optimize.SLSQP epigraph multi-start,true,Optimization terminated successfully,7,1.4722804531655043,,,0.36,99.2202513562819,0.7797486437180936,0.0,0.0,1.8474111129762605e-13,4.440892098500626e-16,true,"[0.6428509195211382,0.46942953364436607,0.36]","[{""pass_index"":1,""before_thickness_mm"":4.572280453165504,""after_thickness_mm"":3.9294295336443663,""radial_removal_mm"":0.6428509195211382,""radial_immersion"":0.053570909960094844,""deflection_um"":99.22023171249067},{""pass_index"":2,""before_thickness_mm"":3.9294295336443663,""after_thickness_mm"":3.4600000000000004,""radial_removal_mm"":0.46942953364436607,""radial_immersion"":0.039119127803697175,""deflection_um"":98.65004454988197},{""pass_index"":3,""before_thickness_mm"":3.4600000000000004,""after_thickness_mm"":3.1000000000000005,""radial_removal_mm"":0.36,""radial_immersion"":0.03,""deflection_um"":99.2202513562819}]",,,,
CHALLENGE_STATE,B2-0018,-15.50,4.572530453165504,PASS,true,,PASS,scipy.optimize.SLSQP epigraph multi-start,true,Optimization terminated successfully,7,1.4725304531655037,,,0.36,99.2202513562819,0.7797486437180936,0.0,0.0,0.0,4.440892098500626e-16,true,"[0.641487387631096,0.47104306553440756,0.36]","[{""pass_index"":1,""before_thickness_mm"":4.572530453165504,""after_thickness_mm"":3.931043065534408,""radial_removal_mm"":0.641487387631096,""radial_immersion"":0.053457282302591336,""deflection_um"":98.83788446002433},{""pass_index"":2,""before_thickness_mm"":3.931043065534408,""after_thickness_mm"":3.4600000000000004,""radial_removal_mm"":0.47104306553440756,""radial_immersion"":0.039253588794533965,""deflection_um"":99.06593207943183},{""pass_index"":3,""before_thickness_mm"":3.4600000000000004,""after_thickness_mm"":3.1000000000000005,""radial_removal_mm"":0.36,""radial_immersion"":0.03,""deflection_um"":99.2202513562819}]",,,,
CHALLENGE_STATE,B2-0019,-15.25,4.572780453165504,PASS,true,,PASS,scipy.optimize.SLSQP epigraph multi-start,true,Optimization terminated successfully,7,1.472780453165504,,,0.36,99.22025135628195,0.779748643718051,0.0,0.0,4.121147867408581e-13,0.0,true,"[0.6429929182877823,0.4697875348777218,0.36]","[{""pass_index"":1,""before_thickness_mm"":4.572780453165504,""after_thickness_mm"":3.929787534877722,""radial_removal_mm"":0.6429929182877823,""radial_immersion"":0.05358274319064852,""deflection_um"":99.22025135623186},{""pass_index"":2,""before_thickness_mm"":3.929787534877722,""after_thickness_mm"":3.46,""radial_removal_mm"":0.4697875348777218,""radial_immersion"":0.03914896123981015,""deflection_um"":98.74228716635099},{""pass_index"":3,""before_thickness_mm"":3.46,""after_thickness_mm"":3.1,""radial_removal_mm"":0.36,""radial_immersion"":0.03,""deflection_um"":99.22025135628195}]",,,,
CHALLENGE_STATE,B2-0020,-15.00,4.573030453165504,PASS,true,,PASS,scipy.optimize.SLSQP epigraph multi-start,true,Optimization terminated successfully,7,1.4730304531655043,,,0.36,99.22025135628195,0.779748643718051,0.0,0.0,5.400124791776761e-13,0.0,true,"[0.6430638066781474,0.46996664648735675,0.36]","[{""pass_index"":1,""before_thickness_mm"":4.573030453165504,""after_thickness_mm"":3.929966646487357,""radial_removal_mm"":0.6430638066781474,""radial_immersion"":0.05358865055651229,""deflection_um"":99.22023030770944},{""pass_index"":2,""before_thickness_mm"":3.929966646487357,""after_thickness_mm"":3.46,""radial_removal_mm"":0.46996664648735675,""radial_immersion"":0.03916388720727973,""deflection_um"":98.78844395352685},{""pass_index"":3,""before_thickness_mm"":3.46,""after_thickness_mm"":3.1,""radial_removal_mm"":0.36,""radial_immersion"":0.03,""deflection_um"":99.22025135628195}]",,,,
CHALLENGE_STATE,B2-0021,-14.75,4.573280453165504,PASS,true,,PASS,scipy.optimize.SLSQP epigraph multi-start,true,Optimization terminated successfully,7,1.4732804531655037,,,0.36,99.22025135628195,0.779748643718051,0.0,0.0,5.684341886080801e-13,0.0,true,"[0.6421240242012768,0.47115642896422705,0.36]","[{""pass_index"":1,""before_thickness_mm"":4.573280453165504,""after_thickness_mm"":3.931156428964227,""radial_removal_mm"":0.6421240242012768,""radial_immersion"":0.0535103353501064,""deflection_um"":98.95080255306759},{""pass_index"":2,""before_thickness_mm"":3.931156428964227,""after_thickness_mm"":3.46,""radial_removal_mm"":0.47115642896422705,""radial_immersion"":0.03926303574701892,""deflection_um"":99.09516546722807},{""pass_index"":3,""before_thickness_mm"":3.46,""after_thickness_mm"":3.1,""radial_removal_mm"":0.36,""radial_immersion"":0.03,""deflection_um"":99.22025135628195}]",,,,
CHALLENGE_STATE,B2-0022,-14.50,4.573530453165504,PASS,true,,PASS,scipy.optimize.SLSQP epigraph multi-start,true,Optimization terminated successfully,7,1.473530453165504,,,0.36,99.2202513562819,0.7797486437180936,0.0,0.0,4.831690603168681e-13,4.440892098500626e-16,true,"[0.643205829521889,0.4703246236436149,0.36]","[{""pass_index"":1,""before_thickness_mm"":4.573530453165504,""after_thickness_mm"":3.930324623643615,""radial_removal_mm"":0.643205829521889,""radial_immersion"":0.05360048579349075,""deflection_um"":99.22025135627653},{""pass_index"":2,""before_thickness_mm"":3.930324623643615,""after_thickness_mm"":3.4600000000000004,""radial_removal_mm"":0.4703246236436149,""radial_immersion"":0.039193718636967904,""deflection_um"":98.88070786317941},{""pass_index"":3,""before_thickness_mm"":3.4600000000000004,""after_thickness_mm"":3.1000000000000005,""radial_removal_mm"":0.36,""radial_immersion"":0.03,""deflection_um"":99.2202513562819}]",,,,
CHALLENGE_STATE,B2-0023,-14.25,4.573780453165504,PASS,true,,PASS,scipy.optimize.SLSQP epigraph multi-start,true,Optimization terminated successfully,7,1.4737804531655043,,,0.36,99.2202513562819,0.7797486437180936,0.0,0.0,0.0,4.440892098500626e-16,true,"[0.642622146797611,0.47115830636789335,0.36]","[{""pass_index"":1,""before_thickness_mm"":4.573780453165504,""after_thickness_mm"":3.9311583063678937,""radial_removal_mm"":0.642622146797611,""radial_immersion"":0.05355184556646758,""deflection_um"":99.04572347420438},{""pass_index"":2,""before_thickness_mm"":3.9311583063678937,""after_thickness_mm"":3.4600000000000004,""radial_removal_mm"":0.47115830636789335,""radial_immersion"":0.039263192197324444,""deflection_um"":99.09564961472017},{""pass_index"":3,""before_thickness_mm"":3.4600000000000004,""after_thickness_mm"":3.1000000000000005,""radial_removal_mm"":0.36,""radial_immersion"":0.03,""deflection_um"":99.2202513562819}]",,,,
CHALLENGE_STATE,B2-0024,-14.00,4.574030453165504,PASS,true,,PASS,scipy.optimize.SLSQP epigraph multi-start,true,Optimization terminated successfully,7,1.4740304531655037,,,0.36,99.22025135628202,0.7797486437179799,0.0,0.0,1.2789769243681803e-12,0.0,true,"[0.6433477714478176,0.4706826817176849,0.36000000000000115]","[{""pass_index"":1,""before_thickness_mm"":4.574030453165504,""after_thickness_mm"":3.9306826817176863,""radial_removal_mm"":0.6433477714478176,""radial_immersion"":0.053612314287318136,""deflection_um"":99.22024747409809},{""pass_index"":2,""before_thickness_mm"":3.9306826817176863,""after_thickness_mm"":3.4600000000000013,""radial_removal_mm"":0.4706826817176849,""radial_immersion"":0.039223556809807075,""deflection_um"":98.97301095010113},{""pass_index"":3,""before_thickness_mm"":3.4600000000000013,""after_thickness_mm"":3.1,""radial_removal_mm"":0.36000000000000115,""radial_immersion"":0.030000000000000096,""deflection_um"":99.22025135628202}]",,,,
CHALLENGE_STATE,B2-0025,-13.75,4.574280453165504,PASS,true,,PASS,scipy.optimize.SLSQP epigraph multi-start,true,Optimization terminated successfully,7,1.474280453165504,,,0.36,99.2202513562819,0.7797486437180936,0.0,0.0,4.263256414560601e-13,4.440892098500626e-16,true,"[0.6434187689406443,0.4708616842248597,0.36]","[{""pass_index"":1,""before_thickness_mm"":4.574280453165504,""after_thickness_mm"":3.93086168422486,""radial_removal_mm"":0.6434187689406443,""radial_immersion"":0.053618230745053695,""deflection_um"":99.22025135610942},{""pass_index"":2,""before_thickness_mm"":3.93086168422486,""after_thickness_mm"":3.4600000000000004,""radial_removal_mm"":0.4708616842248597,""radial_immersion"":0.03923847368540497,""deflection_um"":99.01916252179254},{""pass_index"":3,""before_thickness_mm"":3.4600000000000004,""after_thickness_mm"":3.1000000000000005,""radial_removal_mm"":0.36,""radial_immersion"":0.03,""deflection_um"":99.2202513562819}]",,,,
CHALLENGE_STATE,B2-0026,-13.50,4.574530453165504,PASS,true,,PASS,scipy.optimize.SLSQP epigraph multi-start,true,Optimization terminated successfully,7,1.4745304531655044,,,0.36,99.22025135628195,0.779748643718051,0.0,0.0,5.115907697472721e-13,0.0,true,"[0.6434897550102069,0.4710406981552975,0.36]","[{""pass_index"":1,""before_thickness_mm"":4.574530453165504,""after_thickness_mm"":3.9310406981552974,""radial_removal_mm"":0.6434897550102069,""radial_immersion"":0.053624146250850574,""deflection_um"":99.22025135616765},{""pass_index"":2,""before_thickness_mm"":3.9310406981552974,""after_thickness_mm"":3.46,""radial_removal_mm"":0.4710406981552975,""radial_immersion"":0.03925339151294146,""deflection_um"":99.06532161541898},{""pass_index"":3,""before_thickness_mm"":3.46,""after_thickness_mm"":3.1,""radial_removal_mm"":0.36,""radial_immersion"":0.03,""deflection_um"":99.22025135628195}]",,,,
CHALLENGE_STATE,B2-0027,-13.25,4.574780453165504,PASS,true,,PASS,scipy.optimize.SLSQP epigraph multi-start,true,Optimization terminated successfully,7,1.4747804531655038,,,0.36,99.22025135628228,0.7797486437177241,0.0,0.0,4.689582056016661e-13,0.0,true,"[0.6435607442112247,0.47121970895427756,0.36000000000000165]","[{""pass_index"":1,""before_thickness_mm"":4.574780453165504,""after_thickness_mm"":3.9312197089542793,""radial_removal_mm"":0.6435607442112247,""radial_immersion"":0.05363006201760206,""deflection_um"":99.22025135628178},{""pass_index"":2,""before_thickness_mm"":3.9312197089542793,""after_thickness_mm"":3.4600000000000017,""radial_removal_mm"":0.47121970895427756,""radial_immersion"":0.03926830907952313,""deflection_um"":99.11148447722859},{""pass_index"":3,""before_thickness_mm"":3.4600000000000017,""after_thickness_mm"":3.1,""radial_removal_mm"":0.36000000000000165,""radial_immersion"":0.030000000000000138,""deflection_um"":99.22025135628228}]",,,,
CHALLENGE_STATE,B2-0028,-13.00,4.575030453165504,PASS,true,,PASS,scipy.optimize.SLSQP epigraph multi-start,true,Optimization terminated successfully,7,1.475030453165504,,,0.36,99.2202513562819,0.7797486437180936,0.0,0.0,4.973799150320701e-13,4.440892098500626e-16,true,"[0.6436317365427856,0.4713987166227184,0.36]","[{""pass_index"":1,""before_thickness_mm"":4.575030453165504,""after_thickness_mm"":3.9313987166227187,""radial_removal_mm"":0.6436317365427856,""radial_immersion"":0.05363597804523213,""deflection_um"":99.22025135623946},{""pass_index"":2,""before_thickness_mm"":3.9313987166227187,""after_thickness_mm"":3.4600000000000004,""radial_removal_mm"":0.4713987166227184,""radial_immersion"":0.03928322638522653,""deflection_um"":99.15765110611262},{""pass_index"":3,""before_thickness_mm"":3.4600000000000004,""after_thickness_mm"":3.1000000000000005,""radial_removal_mm"":0.36,""radial_immersion"":0.03,""deflection_um"":99.2202513562819}]",,,,
CHALLENGE_STATE,B2-0029,-12.75,4.575280453165504,PASS,true,,PASS,scipy.optimize.SLSQP epigraph multi-start,true,Optimization terminated successfully,7,1.4752804531655035,,,0.36,99.22025135628195,0.779748643718051,0.0,0.0,5.400124791776761e-13,0.0,true,"[0.6437027319750415,0.47157772119046215,0.36]","[{""pass_index"":1,""before_thickness_mm"":4.575280453165504,""after_thickness_mm"":3.931577721190462,""radial_removal_mm"":0.6437027319750415,""radial_immersion"":0.05364189433125346,""deflection_um"":99.22025134811493},{""pass_index"":2,""before_thickness_mm"":3.931577721190462,""after_thickness_mm"":3.46,""radial_removal_mm"":0.47157772119046215,""radial_immersion"":0.03929814343253851,""deflection_um"":99.2038215084229},{""pass_index"":3,""before_thickness_mm"":3.46,""after_thickness_mm"":3.1,""radial_removal_mm"":0.36,""radial_immersion"":0.03,""deflection_um"":99.22025135628195}]",,,,
CHALLENGE_STATE,B2-0030,-12.50,4.575530453165504,PASS,true,,PASS,scipy.optimize.SLSQP epigraph multi-start,true,Optimization terminated successfully,7,1.4755304531655038,,,0.36,99.23018038127123,0.7698196187287749,2.220446049250313e-16,0.0,1.2505552149377763e-12,0.0,true,"[0.6438109764072398,0.4716898045194168,0.360029672238847]","[{""pass_index"":1,""before_thickness_mm"":4.575530453165504,""after_thickness_mm"":3.931719476758264,""radial_removal_mm"":0.6438109764072398,""radial_immersion"":0.05365091470060332,""deflection_um"":99.23018038126834},{""pass_index"":2,""before_thickness_mm"":3.931719476758264,""after_thickness_mm"":3.4600296722388473,""radial_removal_mm"":0.4716898045194168,""radial_immersion"":0.0393074837099514,""deflection_um"":99.23018038127123},{""pass_index"":3,""before_thickness_mm"":3.4600296722388473,""after_thickness_mm"":3.1,""radial_removal_mm"":0.360029672238847,""radial_immersion"":0.030002472686570584,""deflection_um"":99.23018038127066}]",,,,
CHALLENGE_STATE,B2-0031,-12.25,4.575780453165504,PASS,true,,PASS,scipy.optimize.SLSQP epigraph multi-start,true,Optimization terminated successfully,7,1.475780453165504,,,0.36,99.24559356019495,0.7544064398050523,2.220446049250313e-16,0.0,8.668621376273222e-13,0.0,true,"[0.6439398000313405,0.47176492084544563,0.3600757322887181]","[{""pass_index"":1,""before_thickness_mm"":4.575780453165504,""after_thickness_mm"":3.931840653134164,""radial_removal_mm"":0.6439398000313405,""radial_immersion"":0.053661650002611715,""deflection_um"":99.24559356019297},{""pass_index"":2,""before_thickness_mm"":3.931840653134164,""after_thickness_mm"":3.4600757322887183,""radial_removal_mm"":0.47176492084544563,""radial_immersion"":0.039313743403787134,""deflection_um"":99.24559356019357},{""pass_index"":3,""before_thickness_mm"":3.4600757322887183,""after_thickness_mm"":3.1,""radial_removal_mm"":0.3600757322887181,""radial_immersion"":0.03000631102405984,""deflection_um"":99.24559356019495}]",,,,
CHALLENGE_STATE,B2-0032,-12.00,4.576030453165504,PASS,true,,PASS,scipy.optimize.SLSQP epigraph multi-start,true,Optimization terminated successfully,7,1.4760304531655035,,,0.36,99.2610060536826,0.7389939463173931,0.0,0.0,1.2505552149377763e-12,0.0,true,"[0.6440686289660843,0.4718400353961352,0.36012178880328394]","[{""pass_index"":1,""before_thickness_mm"":4.576030453165504,""after_thickness_mm"":3.931961824199419,""radial_removal_mm"":0.6440686289660843,""radial_immersion"":0.053672385747173694,""deflection_um"":99.26100605368099},{""pass_index"":2,""before_thickness_mm"":3.931961824199419,""after_thickness_mm"":3.460121788803284,""radial_removal_mm"":0.4718400353961352,""radial_immersion"":0.03932000294967793,""deflection_um"":99.26100605368019},{""pass_index"":3,""before_thickness_mm"":3.460121788803284,""after_thickness_mm"":3.1,""radial_removal_mm"":0.36012178880328394,""radial_immersion"":0.030010149066940328,""deflection_um"":99.2610060536826}]",,,,
CHALLENGE_STATE,B2-0033,-11.75,4.576280453165504,PASS,true,,PASS,scipy.optimize.SLSQP epigraph multi-start,true,Optimization terminated successfully,7,1.4762804531655038,,,0.36,99.27641786174941,0.7235821382505918,0.0,0.0,4.689582056016661e-13,0.0,true,"[0.644197463210961,0.47191514817149166,0.3601678417830511]","[{""pass_index"":1,""before_thickness_mm"":4.576280453165504,""after_thickness_mm"":3.9320829899545426,""radial_removal_mm"":0.644197463210961,""radial_immersion"":0.05368312193424676,""deflection_um"":99.27641786174941},{""pass_index"":2,""before_thickness_mm"":3.9320829899545426,""after_thickness_mm"":3.460167841783051,""radial_removal_mm"":0.47191514817149166,""radial_immersion"":0.039326262347624305,""deflection_um"":99.27641786174857},{""pass_index"":3,""before_thickness_mm"":3.460167841783051,""after_thickness_mm"":3.1,""radial_removal_mm"":0.3601678417830511,""radial_immersion"":0.03001398681525426,""deflection_um"":99.27641786174885}]",,,,
CHALLENGE_STATE,B2-0034,-11.50,4.576530453165504,PASS,true,,PASS,scipy.optimize.SLSQP epigraph multi-start,true,Optimization terminated successfully,7,1.4765304531655041,,,0.36,99.29182898441417,0.7081710155858332,2.220446049250313e-16,0.0,7.247535904753022e-13,0.0,true,"[0.6443263027654469,0.47199025917152104,0.36021389122853603]","[{""pass_index"":1,""before_thickness_mm"":4.576530453165504,""after_thickness_mm"":3.9322041504000573,""radial_removal_mm"":0.6443263027654469,""radial_immersion"":0.05369385856378724,""deflection_um"":99.29182898441255},{""pass_index"":2,""before_thickness_mm"":3.9322041504000573,""after_thickness_mm"":3.4602138912285363,""radial_removal_mm"":0.47199025917152104,""radial_immersion"":0.039332521597626756,""deflection_um"":99.2918289844137},{""pass_index"":3,""before_thickness_mm"":3.4602138912285363,""after_thickness_mm"":3.1,""radial_removal_mm"":0.36021389122853603,""radial_immersion"":0.03001782426904467,""deflection_um"":99.29182898441417}]",,,,
CHALLENGE_STATE,B2-0035,-11.25,4.576780453165504,PASS,true,,PASS,scipy.optimize.SLSQP epigraph multi-start,true,Optimization terminated successfully,7,1.4767804531655035,,,0.36,99.30723942169303,0.6927605783069737,0.0,0.0,8.810729923425242e-13,0.0,true,"[0.6444551476290458,0.4720653683962242,0.3602599371402335]","[{""pass_index"":1,""before_thickness_mm"":4.576780453165504,""after_thickness_mm"":3.932325305536458,""radial_removal_mm"":0.6444551476290458,""radial_immersion"":0.05370459563575381,""deflection_um"":99.30723942169169},{""pass_index"":2,""before_thickness_mm"":3.932325305536458,""after_thickness_mm"":3.4602599371402336,""radial_removal_mm"":0.4720653683962242,""radial_immersion"":0.03933878069968535,""deflection_um"":99.30723942169303},{""pass_index"":3,""before_thickness_mm"":3.4602599371402336,""after_thickness_mm"":3.1,""radial_removal_mm"":0.3602599371402335,""radial_immersion"":0.030021661428352792,""deflection_um"":99.30723942169107}]",,,,
CHALLENGE_STATE,B2-0036,-11.00,4.577030453165504,PASS,true,,PASS,scipy.optimize.SLSQP epigraph multi-start,true,Optimization terminated successfully,7,1.4770304531655039,,,0.36,99.32264917360268,0.6773508263973156,2.220446049250313e-16,0.0,2.1884716261411086e-12,0.0,true,"[0.6445839978012358,0.47214047584559693,0.3603059795186713]","[{""pass_index"":1,""before_thickness_mm"":4.577030453165504,""after_thickness_mm"":3.932446455364268,""radial_removal_mm"":0.6445839978012358,""radial_immersion"":0.05371533315010298,""deflection_um"":99.3226491736013},{""pass_index"":2,""before_thickness_mm"":3.932446455364268,""after_thickness_mm"":3.4603059795186715,""radial_removal_mm"":0.47214047584559693,""radial_immersion"":0.03934503965379974,""deflection_um"":99.32264917359927},{""pass_index"":3,""before_thickness_mm"":3.4603059795186715,""after_thickness_mm"":3.1,""radial_removal_mm"":0.3603059795186713,""radial_immersion"":0.03002549829322261,""deflection_um"":99.32264917360268}]",,,,
CHALLENGE_STATE,B2-0037,-10.75,4.577280453165504,PASS,true,,PASS,scipy.optimize.SLSQP epigraph multi-start,true,Optimization terminated successfully,7,1.4772804531655042,,,0.36,99.33805824015889,0.6619417598411133,0.0,0.0,1.3926637620897964e-12,0.0,true,"[0.6447128532815058,0.47221558151966886,0.36035201836432934]","[{""pass_index"":1,""before_thickness_mm"":4.577280453165504,""after_thickness_mm"":3.932567599883998,""radial_removal_mm"":0.6447128532815058,""radial_immersion"":0.05372607110679215,""deflection_um"":99.33805824015889},{""pass_index"":2,""before_thickness_mm"":3.932567599883998,""after_thickness_mm"":3.4603520183643295,""radial_removal_mm"":0.47221558151966886,""radial_immersion"":0.03935129845997241,""deflection_um"":99.3380582401569},{""pass_index"":3,""before_thickness_mm"":3.4603520183643295,""after_thickness_mm"":3.1,""radial_removal_mm"":0.36035201836432934,""radial_immersion"":0.03002933486369411,""deflection_um"":99.33805824015715}]",,,,
CHALLENGE_STATE,B2-0038,-10.50,4.577530453165504,PASS,true,,PASS,scipy.optimize.SLSQP epigraph multi-start,true,Optimization terminated successfully,7,1.4775304531655036,,,0.36,99.3534666213785,0.6465333786214984,0.0,0.0,4.689582056016661e-13,0.0,true,"[0.6448417140693335,0.47229068541843394,0.36039805367773603]","[{""pass_index"":1,""before_thickness_mm"":4.577530453165504,""after_thickness_mm"":3.9326887390961702,""radial_removal_mm"":0.6448417140693335,""radial_immersion"":0.0537368095057778,""deflection_um"":99.3534666213785},{""pass_index"":2,""before_thickness_mm"":3.9326887390961702,""after_thickness_mm"":3.460398053677736,""radial_removal_mm"":0.47229068541843394,""radial_immersion"":0.03935755711820283,""deflection_um"":99.35346662137809},{""pass_index"":3,""before_thickness_mm"":3.460398053677736,""after_thickness_mm"":3.1,""radial_removal_mm"":0.36039805367773603,""radial_immersion"":0.030033171139811337,""deflection_um"":99.35346662137772}]",,,,
CHALLENGE_STATE,B2-0039,-10.25,4.577780453165504,PASS,true,,PASS,scipy.optimize.SLSQP epigraph multi-start,true,Optimization terminated successfully,7,1.4777804531655039,,,0.36,99.36887431728096,0.6311256827190448,0.0,0.0,1.2363443602225743e-12,0.0,true,"[0.6449705801642203,0.47236578754188724,0.3604440854593963]","[{""pass_index"":1,""before_thickness_mm"":4.577780453165504,""after_thickness_mm"":3.9328098730012835,""radial_removal_mm"":0.6449705801642203,""radial_immersion"":0.05374754834701836,""deflection_um"":99.3688743172809},{""pass_index"":2,""before_thickness_mm"":3.9328098730012835,""after_thickness_mm"":3.4604440854593963,""radial_removal_mm"":0.47236578754188724,""radial_immersion"":0.0393638156284906,""deflection_um"":99.36887431727762},{""pass_index"":3,""before_thickness_mm"":3.4604440854593963,""after_thickness_mm"":3.1,""radial_removal_mm"":0.3604440854593963,""radial_immersion"":0.03003700712161636,""deflection_um"":99.36887431728096}]",,,,
CHALLENGE_STATE,B2-0040,-10.00,4.578030453165504,PASS,true,,PASS,scipy.optimize.SLSQP epigraph multi-start,true,Optimization terminated successfully,7,1.4780304531655042,,,0.36,99.38428132788046,0.6157186721195416,2.220446049250313e-16,0.0,1.0658141036401503e-12,0.0,true,"[0.6450994515656427,0.4724408878900551,0.36049011370980627]","[{""pass_index"":1,""before_thickness_mm"":4.578030453165504,""after_thickness_mm"":3.9329310015998615,""radial_removal_mm"":0.6450994515656427,""radial_immersion"":0.053758287630470226,""deflection_um"":99.38428132788046},{""pass_index"":2,""before_thickness_mm"":3.9329310015998615,""after_thickness_mm"":3.4604901137098065,""radial_removal_mm"":0.4724408878900551,""radial_immersion"":0.039370073990837924,""deflection_um"":99.3842813278779},{""pass_index"":3,""before_thickness_mm"":3.4604901137098065,""after_thickness_mm"":3.1,""radial_removal_mm"":0.36049011370980627,""radial_immersion"":0.030040842809150523,""deflection_um"":99.38428132787975}]",,,,
CHALLENGE_STATE,B2-0041,-9.75,4.578280453165504,PASS,true,,PASS,scipy.optimize.SLSQP epigraph multi-start,true,Optimization terminated successfully,7,1.4782804531655036,,,0.36,99.3996876531942,0.6003123468057936,0.0,0.0,7.531752999057062e-13,0.0,true,"[0.645228328273086,0.47251598646293713,0.3605361384294804]","[{""pass_index"":1,""before_thickness_mm"":4.578280453165504,""after_thickness_mm"":3.9330521248924177,""radial_removal_mm"":0.645228328273086,""radial_immersion"":0.053769027356090494,""deflection_um"":99.39968765319323},{""pass_index"":2,""before_thickness_mm"":3.9330521248924177,""after_thickness_mm"":3.4605361384294806,""radial_removal_mm"":0.47251598646293713,""radial_immersion"":0.03937633220524476,""deflection_um"":99.3996876531942},{""pass_index"":3,""before_thickness_mm"":3.4605361384294806,""after_thickness_mm"":3.1,""radial_removal_mm"":0.3605361384294804,""radial_immersion"":0.0300446782024567,""deflection_um"":99.3996876531938}]",,,,
CHALLENGE_STATE,B2-0042,-9.50,4.578530453165504,PASS,true,,PASS,scipy.optimize.SLSQP epigraph multi-start,true,Optimization terminated successfully,7,1.478530453165504,,,0.36,99.4150932932431,0.5849067067568967,0.0,0.0,3.254285729781259e-12,0.0,true,"[0.6453572102860572,0.4725910832605118,0.3605821596189349]","[{""pass_index"":1,""before_thickness_mm"":4.578530453165504,""after_thickness_mm"":3.933173242879447,""radial_removal_mm"":0.6453572102860572,""radial_immersion"":0.0537797675238381,""deflection_um"":99.41509329324136},{""pass_index"":2,""before_thickness_mm"":3.933173242879447,""after_thickness_mm"":3.460582159618935,""radial_removal_mm"":0.4725910832605118,""radial_immersion"":0.03938259027170932,""deflection_um"":99.4150932932349},{""pass_index"":3,""before_thickness_mm"":3.460582159618935,""after_thickness_mm"":3.1,""radial_removal_mm"":0.3605821596189349,""radial_immersion"":0.03004851330157791,""deflection_um"":99.4150932932431}]",,,,
CHALLENGE_STATE,B2-0043,-9.25,4.578780453165504,PASS,true,,PASS,scipy.optimize.SLSQP epigraph multi-start,true,Optimization terminated successfully,7,1.4787804531655042,,,0.36,99.4304982480372,0.5695017519628038,0.0,0.0,2.7000623958883807e-12,4.440892098500626e-16,true,"[0.645486097604008,0.47266617828285157,0.3606281772786446]","[{""pass_index"":1,""before_thickness_mm"":4.578780453165504,""after_thickness_mm"":3.9332943555614963,""radial_removal_mm"":0.645486097604008,""radial_immersion"":0.053790508133667335,""deflection_um"":99.43049824803224},{""pass_index"":2,""before_thickness_mm"":3.9332943555614963,""after_thickness_mm"":3.460628177278645,""radial_removal_mm"":0.47266617828285157,""radial_immersion"":0.03938884819023763,""deflection_um"":99.4304982480372},{""pass_index"":3,""before_thickness_mm"":3.460628177278645,""after_thickness_mm"":3.1000000000000005,""radial_removal_mm"":0.3606281772786446,""radial_immersion"":0.030052348106553717,""deflection_um"":99.43049824803356}]",,,,
CHALLENGE_STATE,B2-0044,-9.00,4.579030453165504,PASS,true,,PASS,scipy.optimize.SLSQP epigraph multi-start,true,Optimization terminated successfully,7,1.4790304531655036,,,0.36,99.44590251759513,0.5540974824048703,0.0,0.0,5.968558980384842e-13,0.0,true,"[0.64561499022647,0.47274127152988177,0.360674191409152]","[{""pass_index"":1,""before_thickness_mm"":4.579030453165504,""after_thickness_mm"":3.933415462939034,""radial_removal_mm"":0.64561499022647,""radial_immersion"":0.05380124918553916,""deflection_um"":99.44590251759513},{""pass_index"":2,""before_thickness_mm"":3.933415462939034,""after_thickness_mm"":3.460674191409152,""radial_removal_mm"":0.47274127152988177,""radial_immersion"":0.03939510596082348,""deflection_um"":99.445902517594},{""pass_index"":3,""before_thickness_mm"":3.460674191409152,""after_thickness_mm"":3.1,""radial_removal_mm"":0.360674191409152,""radial_immersion"":0.030056182617429334,""deflection_um"":99.44590251759459}]",,,,
CHALLENGE_STATE,B2-0045,-8.75,4.579280453165504,PASS,true,,PASS,scipy.optimize.SLSQP epigraph multi-start,true,Optimization terminated successfully,7,1.479280453165504,,,0.36,99.46130610193794,0.5386938980620641,2.220446049250313e-16,0.0,4.689582056016661e-13,4.440892098500626e-16,true,"[0.6457438881529003,0.47281636300165625,0.3607202020109473]","[{""pass_index"":1,""before_thickness_mm"":4.579280453165504,""after_thickness_mm"":3.933536565012604,""radial_removal_mm"":0.6457438881529003,""radial_immersion"":0.05381199067940836,""deflection_um"":99.46130610193794},{""pass_index"":2,""before_thickness_mm"":3.933536565012604,""after_thickness_mm"":3.4607202020109478,""radial_removal_mm"":0.47281636300165625,""radial_immersion"":0.039401363583471356,""deflection_um"":99.46130610193623},{""pass_index"":3,""before_thickness_mm"":3.4607202020109478,""after_thickness_mm"":3.1000000000000005,""radial_removal_mm"":0.3607202020109473,""radial_immersion"":0.03006001683424561,""deflection_um"":99.4613061019375}]",,,,
CHALLENGE_STATE,B2-0046,-8.50,4.579530453165504,PASS,true,,PASS,scipy.optimize.SLSQP epigraph multi-start,true,Optimization terminated successfully,7,1.4795304531655042,,,0.36,99.47670900108126,0.5232909989187391,0.0,0.0,1.7053025658242404e-12,0.0,true,"[0.6458727913827966,0.47289145269817295,0.3607662090845348]","[{""pass_index"":1,""before_thickness_mm"":4.579530453165504,""after_thickness_mm"":3.933657661782708,""radial_removal_mm"":0.6458727913827966,""radial_immersion"":0.05382273261523305,""deflection_um"":99.47670900108126},{""pass_index"":2,""before_thickness_mm"":3.933657661782708,""after_thickness_mm"":3.460766209084535,""radial_removal_mm"":0.47289145269817295,""radial_immersion"":0.03940762105818108,""deflection_um"":99.4767090010787},{""pass_index"":3,""before_thickness_mm"":3.460766209084535,""after_thickness_mm"":3.1,""radial_removal_mm"":0.3607662090845348,""radial_immersion"":0.030063850757044566,""deflection_um"":99.47670900107873}]",,,,
CHALLENGE_STATE,B2-0047,-8.25,4.579780453165504,PASS,true,,PASS,scipy.optimize.SLSQP epigraph multi-start,true,Optimization terminated successfully,7,1.4797804531655037,,,0.36,99.49211121503967,0.5078887849603291,0.0,0.0,1.2363443602225743e-12,0.0,true,"[0.6460016999156347,0.4729665406194439,0.36081221263042507]","[{""pass_index"":1,""before_thickness_mm"":4.579780453165504,""after_thickness_mm"":3.933778753249869,""radial_removal_mm"":0.6460016999156347,""radial_immersion"":0.05383347499296956,""deflection_um"":99.49211121503812},{""pass_index"":2,""before_thickness_mm"":3.933778753249869,""after_thickness_mm"":3.460812212630425,""radial_removal_mm"":0.4729665406194439,""radial_immersion"":0.03941387838495366,""deflection_um"":99.49211121503967},{""pass_index"":3,""before_thickness_mm"":3.460812212630425,""after_thickness_mm"":3.1,""radial_removal_mm"":0.36081221263042507,""radial_immersion"":0.030067684385868754,""deflection_um"":99.49211121503704}]",,,,
CHALLENGE_STATE,B2-0048,-8.00,4.580030453165504,PASS,true,,PASS,scipy.optimize.SLSQP epigraph multi-start,true,Optimization terminated successfully,7,1.480030453165504,,,0.36,99.50751274383256,0.49248725616743627,0.0,0.0,1.9468870959826745e-12,0.0,true,"[0.646130613750923,0.4730416267654597,0.36085821264912127]","[{""pass_index"":1,""before_thickness_mm"":4.580030453165504,""after_thickness_mm"":3.933899839414581,""radial_removal_mm"":0.646130613750923,""radial_immersion"":0.053844217812576915,""deflection_um"":99.50751274383168},{""pass_index"":2,""before_thickness_mm"":3.933899839414581,""after_thickness_mm"":3.4608582126491214,""radial_removal_mm"":0.4730416267654597,""radial_immersion"":0.03942013556378831,""deflection_um"":99.50751274383256},{""pass_index"":3,""before_thickness_mm"":3.4608582126491214,""after_thickness_mm"":3.1,""radial_removal_mm"":0.36085821264912127,""radial_immersion"":0.030071517720760107,""deflection_um"":99.50751274382742}]",,,,
CHALLENGE_STATE,B2-0049,-7.75,4.580280453165504,PASS,true,,PASS,scipy.optimize.SLSQP epigraph multi-start,true,Optimization terminated successfully,7,1.4802804531655043,,,0.36,99.52291358747676,0.477086412523235,0.0,0.0,3.595346242946107e-12,0.0,true,"[0.6462595328881429,0.4731167111362328,0.36090420914112864]","[{""pass_index"":1,""before_thickness_mm"":4.580280453165504,""after_thickness_mm"":3.9340209202773613,""radial_removal_mm"":0.6462595328881429,""radial_immersion"":0.05385496107401191,""deflection_um"":99.52291358747676},{""pass_index"":2,""before_thickness_mm"":3.9340209202773613,""after_thickness_mm"":3.4609042091411286,""radial_removal_mm"":0.4731167111362328,""radial_immersion"":0.03942639259468607,""deflection_um"":99.5229135874757},{""pass_index"":3,""before_thickness_mm"":3.4609042091411286,""after_thickness_mm"":3.1,""radial_removal_mm"":0.36090420914112864,""radial_immersion"":0.03007535076176072,""deflection_um"":99.52291358746719}]",,,,
CHALLENGE_STATE,B2-0050,-7.50,4.580530453165504,PASS,true,,PASS,scipy.optimize.SLSQP epigraph multi-start,true,Optimization terminated successfully,7,1.4805304531655037,,,0.36,99.53831374598425,0.4616862540157456,0.0,0.0,7.389644451905042e-13,0.0,true,"[0.6463884573267576,0.473191793731762,0.360950202106984]","[{""pass_index"":1,""before_thickness_mm"":4.580530453165504,""after_thickness_mm"":3.934141995838746,""radial_removal_mm"":0.6463884573267576,""radial_immersion"":0.0538657047772298,""deflection_um"":99.53831374598425},{""pass_index"":2,""before_thickness_mm"":3.934141995838746,""after_thickness_mm"":3.460950202106984,""radial_removal_mm"":0.473191793731762,""radial_immersion"":0.03943264947764683,""deflection_um"":99.53831374598221},{""pass_index"":3,""before_thickness_mm"":3.460950202106984,""after_thickness_mm"":3.1,""radial_removal_mm"":0.360950202106984,""radial_immersion"":0.030079183508915332,""deflection_um"":99.53831374598377}]",,,,
CHALLENGE_STATE,B2-0051,-7.25,4.580780453165504,PASS,true,,PASS,scipy.optimize.SLSQP epigraph multi-start,true,Optimization terminated successfully,7,1.480780453165504,,,0.36,99.55371321937936,0.446286780620639,0.0,0.0,1.0942358130705543e-12,4.440892098500626e-16,true,"[0.6465173870662788,0.47326687455207833,0.36099619154714696]","[{""pass_index"":1,""before_thickness_mm"":4.580780453165504,""after_thickness_mm"":3.9342630660992253,""radial_removal_mm"":0.6465173870662788,""radial_immersion"":0.0538764489221899,""deflection_um"":99.55371321937719},{""pass_index"":2,""before_thickness_mm"":3.9342630660992253,""after_thickness_mm"":3.4609961915471468,""radial_removal_mm"":0.47326687455207833,""radial_immersion"":0.039438906212673194,""deflection_um"":99.5537132193789},{""pass_index"":3,""before_thickness_mm"":3.4609961915471468,""after_thickness_mm"":3.0999999999999996,""radial_removal_mm"":0.36099619154714696,""radial_immersion"":0.030083015962262247,""deflection_um"":99.55371321937936}]",,,,
CHALLENGE_STATE,B2-0052,-7.00,4.581030453165504,PASS,true,,PASS,scipy.optimize.SLSQP epigraph multi-start,true,Optimization terminated successfully,7,1.4810304531655043,,,0.36,99.56911200767698,0.4308879923230222,2.220446049250313e-16,0.0,1.9753088054130785e-12,4.440892098500626e-16,true,"[0.6466463221062111,0.4733419535971609,0.3610421774621322]","[{""pass_index"":1,""before_thickness_mm"":4.581030453165504,""after_thickness_mm"":3.9343841310592933,""radial_removal_mm"":0.6466463221062111,""radial_immersion"":0.05388719350885093,""deflection_um"":99.56911200767698},{""pass_index"":2,""before_thickness_mm"":3.9343841310592933,""after_thickness_mm"":3.4610421774621325,""radial_removal_mm"":0.4733419535971609,""radial_immersion"":0.03944516279976341,""deflection_um"":99.56911200767527},{""pass_index"":3,""before_thickness_mm"":3.4610421774621325,""after_thickness_mm"":3.1000000000000005,""radial_removal_mm"":0.3610421774621322,""radial_immersion"":0.03008684812184435,""deflection_um"":99.56911200767287}]",,,,
CHALLENGE_STATE,B2-0053,-6.75,4.581280453165504,PASS,true,,PASS,scipy.optimize.SLSQP epigraph multi-start,true,Optimization terminated successfully,7,1.4812804531655037,,,0.36,99.58451011089117,0.41548988910882656,0.0,0.0,8.526512829121202e-13,4.440892098500626e-16,true,"[0.6467752624460046,0.47341703086702597,0.36108815985247317]","[{""pass_index"":1,""before_thickness_mm"":4.581280453165504,""after_thickness_mm"":3.9345051907194994,""radial_removal_mm"":0.6467752624460046,""radial_immersion"":0.053897938537167046,""deflection_um"":99.58451011089109},{""pass_index"":2,""before_thickness_mm"":3.9345051907194994,""after_thickness_mm"":3.4610881598524736,""radial_removal_mm"":0.47341703086702597,""radial_immersion"":0.03945141923891883,""deflection_um"":99.5845101108888},{""pass_index"":3,""before_thickness_mm"":3.4610881598524736,""after_thickness_mm"":3.1000000000000005,""radial_removal_mm"":0.36108815985247317,""radial_immersion"":0.030090679987706096,""deflection_um"":99.58451011089117}]",,,,
CHALLENGE_STATE,B2-0054,-6.50,4.581530453165504,PASS,true,,PASS,scipy.optimize.SLSQP epigraph multi-start,true,Optimization terminated successfully,7,1.481530453165504,,,0.36,99.59990752904336,0.40009247095663625,0.0,0.0,1.6342482922482304e-12,4.440892098500626e-16,true,"[0.6469042080851748,0.4734921063616904,0.361134138718639]","[{""pass_index"":1,""before_thickness_mm"":4.581530453165504,""after_thickness_mm"":3.934626245080329,""radial_removal_mm"":0.6469042080851748,""radial_immersion"":0.0539086840070979,""deflection_um"":99.59990752904336},{""pass_index"":2,""before_thickness_mm"":3.934626245080329,""after_thickness_mm"":3.4611341387186387,""radial_removal_mm"":0.4734921063616904,""radial_immersion"":0.039457675530140866,""deflection_um"":99.5999075290425},{""pass_index"":3,""before_thickness_mm"":3.4611341387186387,""after_thickness_mm"":3.0999999999999996,""radial_removal_mm"":0.361134138718639,""radial_immersion"":0.030094511559886582,""deflection_um"":99.59990752903944}]",,,,
CHALLENGE_STATE,B2-0055,-6.25,4.581780453165504,PASS,true,,PASS,scipy.optimize.SLSQP epigraph multi-start,true,Optimization terminated successfully,7,1.4817804531655043,,,0.36,99.61530426214733,0.38469573785266675,2.220446049250313e-16,0.0,1.0942358130705543e-12,0.0,true,"[0.6470331590231964,0.4735671800811368,0.36118011406117106]","[{""pass_index"":1,""before_thickness_mm"":4.581780453165504,""after_thickness_mm"":3.934747294142308,""radial_removal_mm"":0.6470331590231964,""radial_immersion"":0.053919429918599694,""deflection_um"":99.61530426214733},{""pass_index"":2,""before_thickness_mm"":3.934747294142308,""after_thickness_mm"":3.4611801140611713,""radial_removal_mm"":0.4735671800811368,""radial_immersion"":0.039463931673428064,""deflection_um"":99.61530426214408},{""pass_index"":3,""before_thickness_mm"":3.4611801140611713,""after_thickness_mm"":3.1,""radial_removal_mm"":0.36118011406117106,""radial_immersion"":0.030098342838430922,""deflection_um"":99.61530426214702}]",,,,
CHALLENGE_STATE,B2-0056,-6.00,4.582030453165504,PASS,true,,PASS,scipy.optimize.SLSQP epigraph multi-start,true,Optimization terminated successfully,7,1.4820304531655037,,,0.36,99.63070031022227,0.3692996897777334,0.0,0.0,1.7053025658242404e-12,0.0,true,"[0.6471621152595656,0.47364225202539606,0.361226085880542]","[{""pass_index"":1,""before_thickness_mm"":4.582030453165504,""after_thickness_mm"":3.934868337905938,""radial_removal_mm"":0.6471621152595656,""radial_immersion"":0.053930176271630464,""deflection_um"":99.63070031022227},{""pass_index"":2,""before_thickness_mm"":3.934868337905938,""after_thickness_mm"":3.461226085880542,""radial_removal_mm"":0.47364225202539606,""radial_immersion"":0.039470187668783005,""deflection_um"":99.63070031022049},{""pass_index"":3,""before_thickness_mm"":3.461226085880542,""after_thickness_mm"":3.1,""radial_removal_mm"":0.361226085880542,""radial_immersion"":0.0301021738233785,""deflection_um"":99.63070031021925}]",,,,
CHALLENGE_STATE,B2-0057,-5.75,4.582280453165504,PASS,true,,PASS,scipy.optimize.SLSQP epigraph multi-start,true,Optimization terminated successfully,7,1.482280453165504,,,0.36,99.64609567328316,0.3539043267168438,0.0,0.0,5.826450433232822e-13,4.440892098500626e-16,true,"[0.6472910767937606,0.47371732219446133,0.36127205417728203]","[{""pass_index"":1,""before_thickness_mm"":4.582280453165504,""after_thickness_mm"":3.9349893763717434,""radial_removal_mm"":0.6472910767937606,""radial_immersion"":0.05394092306614672,""deflection_um"":99.64609567328304},{""pass_index"":2,""before_thickness_mm"":3.9349893763717434,""after_thickness_mm"":3.461272054177282,""radial_removal_mm"":0.47371732219446133,""radial_immersion"":0.03947644351620511,""deflection_um"":99.6460956732823},{""pass_index"":3,""before_thickness_mm"":3.461272054177282,""after_thickness_mm"":3.0999999999999996,""radial_removal_mm"":0.36127205417728203,""radial_immersion"":0.030106004514773504,""deflection_um"":99.64609567328316}]",,,,
CHALLENGE_STATE,B2-0058,-5.50,4.582530453165504,PASS,true,,PASS,scipy.optimize.SLSQP epigraph multi-start,true,Optimization terminated successfully,7,1.4825304531655035,,,0.36,99.66149035134985,0.3385096486501453,2.220446049250313e-16,0.0,5.542233338928781e-13,0.0,true,"[0.6474200436252795,0.4737923905883431,0.3613180189518809]","[{""pass_index"":1,""before_thickness_mm"":4.582530453165504,""after_thickness_mm"":3.935110409540224,""radial_removal_mm"":0.6474200436252795,""radial_immersion"":0.053951670302106625,""deflection_um"":99.66149035134875},{""pass_index"":2,""before_thickness_mm"":3.935110409540224,""after_thickness_mm"":3.461318018951881,""radial_removal_mm"":0.4737923905883431,""radial_immersion"":0.039482699215695256,""deflection_um"":99.66149035134985},{""pass_index"":3,""before_thickness_mm"":3.461318018951881,""after_thickness_mm"":3.1,""radial_removal_mm"":0.3613180189518809,""radial_immersion"":0.030109834912656744,""deflection_um"":99.6614903513491}]",,,,
CHALLENGE_STATE,B2-0059,-5.25,4.582780453165504,PASS,true,,PASS,scipy.optimize.SLSQP epigraph multi-start,true,Optimization terminated successfully,7,1.4827804531655038,,,0.36,99.67688434443966,0.3231156555603434,0.0,0.0,1.9326762412674725e-12,0.0,true,"[0.6475490157536172,0.47386745720704565,0.36136398020484084]","[{""pass_index"":1,""before_thickness_mm"":4.582780453165504,""after_thickness_mm"":3.9352314374118866,""radial_removal_mm"":0.6475490157536172,""radial_immersion"":0.0539624179794681,""deflection_um"":99.67688434443853},{""pass_index"":2,""before_thickness_mm"":3.9352314374118866,""after_thickness_mm"":3.461363980204841,""radial_removal_mm"":0.47386745720704565,""radial_immersion"":0.0394889547672538,""deflection_um"":99.67688434443966},{""pass_index"":3,""before_thickness_mm"":3.461363980204841,""after_thickness_mm"":3.1,""radial_removal_mm"":0.36136398020484084,""radial_immersion"":0.03011366501707007,""deflection_um"":99.67688434443487}]",,,,
CHALLENGE_STATE,B2-0060,-5.00,4.583030453165504,PASS,true,,PASS,scipy.optimize.SLSQP epigraph multi-start,true,Optimization terminated successfully,7,1.483030453165504,,,0.36,99.69227765256618,0.307722347433824,2.220446049250313e-16,0.0,1.0373923942097463e-12,4.440892098500626e-16,true,"[0.6476779931782435,0.4739425220505703,0.36140993793669046]","[{""pass_index"":1,""before_thickness_mm"":4.583030453165504,""after_thickness_mm"":3.9353524599872607,""radial_removal_mm"":0.6476779931782435,""radial_immersion"":0.053973166098186955,""deflection_um"":99.69227765256464},{""pass_index"":2,""before_thickness_mm"":3.9353524599872607,""after_thickness_mm"":3.4614099379366903,""radial_removal_mm"":0.4739425220505703,""radial_immersion"":0.03949521017088086,""deflection_um"":99.69227765256618},{""pass_index"":3,""before_thickness_mm"":3.4614099379366903,""after_thickness_mm"":3.0999999999999996,""radial_removal_mm"":0.36140993793669046,""radial_immersion"":0.030117494828057537,""deflection_um"":99.69227765256487}]",,,,
CHALLENGE_STATE,B2-0061,-4.75,4.583280453165504,PASS,true,,PASS,scipy.optimize.SLSQP epigraph multi-start,true,Optimization terminated successfully,7,1.4832804531655035,,,0.36,99.70767027575015,0.2923297242498535,0.0,0.0,1.3216094885137863e-12,0.0,true,"[0.6478069758986651,0.4740175851189221,0.3614558921479163]","[{""pass_index"":1,""before_thickness_mm"":4.583280453165504,""after_thickness_mm"":3.9354734772668385,""radial_removal_mm"":0.6478069758986651,""radial_immersion"":0.05398391465822209,""deflection_um"":99.70767027574882},{""pass_index"":2,""before_thickness_mm"":3.9354734772668385,""after_thickness_mm"":3.4614558921479164,""radial_removal_mm"":0.4740175851189221,""radial_immersion"":0.03950146542657684,""deflection_um"":99.70767027574712},{""pass_index"":3,""before_thickness_mm"":3.4614558921479164,""after_thickness_mm"":3.1,""radial_removal_mm"":0.3614558921479163,""radial_immersion"":0.03012132434565969,""deflection_um"":99.70767027575015}]",,,,
CHALLENGE_STATE,B2-0062,-4.50,4.583530453165504,PASS,true,,PASS,scipy.optimize.SLSQP epigraph multi-start,true,Optimization terminated successfully,7,1.4835304531655038,,,0.36,99.72306221400709,0.27693778599291363,0.0,0.0,9.379164112033322e-13,0.0,true,"[0.6479359639143639,0.4740926464121225,0.36150184283901743]","[{""pass_index"":1,""before_thickness_mm"":4.583530453165504,""after_thickness_mm"":3.93559448925114,""radial_removal_mm"":0.6479359639143639,""radial_immersion"":0.053994663659530324,""deflection_um"":99.72306221400646},{""pass_index"":2,""before_thickness_mm"":3.93559448925114,""after_thickness_mm"":3.4615018428390174,""radial_removal_mm"":0.4740926464121225,""radial_immersion"":0.039507720534343545,""deflection_um"":99.72306221400453},{""pass_index"":3,""before_thickness_mm"":3.4615018428390174,""after_thickness_mm"":3.1,""radial_removal_mm"":0.36150184283901743,""radial_immersion"":0.030125153569918118,""deflection_um"":99.72306221400709}]",,,,
CHALLENGE_STATE,B2-0063,-4.25,4.583780453165504,PASS,true,,PASS,scipy.optimize.SLSQP epigraph multi-start,true,Optimization terminated successfully,7,1.483780453165504,,,0.36,99.73845346735453,0.26154653264546823,0.0,0.0,6.110667527536862e-13,0.0,true,"[0.6480649572248217,0.47416770593017604,0.36154779001050635]","[{""pass_index"":1,""before_thickness_mm"":4.583780453165504,""after_thickness_mm"":3.9357154959406824,""radial_removal_mm"":0.6480649572248217,""radial_immersion"":0.054005413102068474,""deflection_um"":99.73845346735322},{""pass_index"":2,""before_thickness_mm"":3.9357154959406824,""after_thickness_mm"":3.4615477900105063,""radial_removal_mm"":0.47416770593017604,""radial_immersion"":0.039513975494181335,""deflection_um"":99.73845346735453},{""pass_index"":3,""before_thickness_mm"":3.4615477900105063,""after_thickness_mm"":3.1,""radial_removal_mm"":0.36154779001050635,""radial_immersion"":0.03012898250087553,""deflection_um"":99.7384534673544}]",,,,
CHALLENGE_STATE,B2-0064,-4.00,4.584030453165504,PASS,true,,PASS,scipy.optimize.SLSQP epigraph multi-start,true,Optimization terminated successfully,7,1.4840304531655035,,,0.36,99.75384403581153,0.24615596418847474,2.220446049250313e-16,0.0,1.4352963262354024e-12,0.0,true,"[0.648193955829548,0.47424276367307494,0.36159373366288056]","[{""pass_index"":1,""before_thickness_mm"":4.584030453165504,""after_thickness_mm"":3.9358364973359556,""radial_removal_mm"":0.648193955829548,""radial_immersion"":0.05401616298579567,""deflection_um"":99.75384403581153},{""pass_index"":2,""before_thickness_mm"":3.9358364973359556,""after_thickness_mm"":3.461593733662881,""radial_removal_mm"":0.47424276367307494,""radial_immersion"":0.03952023030608958,""deflection_um"":99.75384403581116},{""pass_index"":3,""before_thickness_mm"":3.461593733662881,""after_thickness_mm"":3.1,""radial_removal_mm"":0.36159373366288056,""radial_immersion"":0.03013281113857338,""deflection_um"":99.7538440358075}]",,,,
CHALLENGE_STATE,B2-0065,-3.75,4.584280453165504,PASS,true,,PASS,scipy.optimize.SLSQP epigraph multi-start,true,Optimization terminated successfully,7,1.4842804531655038,,,0.36,99.76923391939464,0.2307660806053633,2.220446049250313e-16,0.0,2.8279600883251987e-12,4.440892098500626e-16,true,"[0.6483229597279868,0.47431781964084574,0.3616396737966714]","[{""pass_index"":1,""before_thickness_mm"":4.584280453165504,""after_thickness_mm"":3.935957493437517,""radial_removal_mm"":0.6483229597279868,""radial_immersion"":0.054026913310665566,""deflection_um"":99.76923391938686},{""pass_index"":2,""before_thickness_mm"":3.935957493437517,""after_thickness_mm"":3.4616396737966717,""radial_removal_mm"":0.47431781964084574,""radial_immersion"":0.039526484970070476,""deflection_um"":99.76923391939464},{""pass_index"":3,""before_thickness_mm"":3.4616396737966717,""after_thickness_mm"":3.1000000000000005,""radial_removal_mm"":0.3616396737966714,""radial_immersion"":0.03013663948305595,""deflection_um"":99.76923391939356}]",,,,
CHALLENGE_STATE,B2-0066,-3.50,4.584530453165504,PASS,true,,PASS,scipy.optimize.SLSQP epigraph multi-start,true,Optimization terminated successfully,7,1.4845304531655041,,,0.36,99.78462311811721,0.21537688188278992,0.0,0.0,1.2789769243681803e-12,4.440892098500626e-16,true,"[0.6484519689197057,0.4743928738334571,0.36168561041234143]","[{""pass_index"":1,""before_thickness_mm"":4.584530453165504,""after_thickness_mm"":3.9360784842457983,""radial_removal_mm"":0.6484519689197057,""radial_immersion"":0.05403766407664214,""deflection_um"":99.78462311811721},{""pass_index"":2,""before_thickness_mm"":3.9360784842457983,""after_thickness_mm"":3.4616856104123412,""radial_removal_mm"":0.4743928738334571,""radial_immersion"":0.039532739486121425,""deflection_um"":99.78462311811592},{""pass_index"":3,""before_thickness_mm"":3.4616856104123412,""after_thickness_mm"":3.0999999999999996,""radial_removal_mm"":0.36168561041234143,""radial_immersion"":0.030140467534361785,""deflection_um"":99.78462311811504}]",,,,
CHALLENGE_STATE,B2-0067,-3.25,4.584780453165504,PASS,true,,PASS,scipy.optimize.SLSQP epigraph multi-start,true,Optimization terminated successfully,7,1.4847804531655036,,,0.36,99.80001163200157,0.19998836799842934,2.220446049250313e-16,0.0,1.0373923942097463e-12,0.0,true,"[0.6485809834041216,0.4744679262509504,0.3617315435104314]","[{""pass_index"":1,""before_thickness_mm"":4.584780453165504,""after_thickness_mm"":3.936199469761382,""radial_removal_mm"":0.6485809834041216,""radial_immersion"":0.0540484152836768,""deflection_um"":99.80001163200106},{""pass_index"":2,""before_thickness_mm"":3.936199469761382,""after_thickness_mm"":3.4617315435104317,""radial_removal_mm"":0.4744679262509504,""radial_immersion"":0.03953899385424587,""deflection_um"":99.80001163199866},{""pass_index"":3,""before_thickness_mm"":3.4617315435104317,""after_thickness_mm"":3.1,""radial_removal_mm"":0.3617315435104314,""radial_immersion"":0.030144295292535952,""deflection_um"":99.80001163200157}]",,,,
CHALLENGE_STATE,B2-0068,-3.00,4.585030453165504,PASS,true,,PASS,scipy.optimize.SLSQP epigraph multi-start,true,Optimization terminated successfully,7,1.4850304531655039,,,0.36,99.81539946106447,0.18460053893552697,0.0,0.0,1.9468870959826745e-12,0.0,true,"[0.6487100031807566,0.4745429768933221,0.3617774730914252]","[{""pass_index"":1,""before_thickness_mm"":4.585030453165504,""after_thickness_mm"":3.9363204499847475,""radial_removal_mm"":0.6487100031807566,""radial_immersion"":0.05405916693172971,""deflection_um"":99.81539946106385},{""pass_index"":2,""before_thickness_mm"":3.9363204499847475,""after_thickness_mm"":3.4617774730914253,""radial_removal_mm"":0.4745429768933221,""radial_immersion"":0.039545248074443505,""deflection_um"":99.81539946105877},{""pass_index"":3,""before_thickness_mm"":3.4617774730914253,""after_thickness_mm"":3.1,""radial_removal_mm"":0.3617774730914252,""radial_immersion"":0.03014812275761877,""deflection_um"":99.81539946106447}]",,,,
CHALLENGE_STATE,B2-0069,-2.75,4.585280453165504,PASS,true,,PASS,scipy.optimize.SLSQP epigraph multi-start,true,Optimization terminated successfully,7,1.4852804531655042,,,0.36,99.8307866053212,0.16921339467880614,0.0,0.0,1.7621459846850485e-12,4.440892098500626e-16,true,"[0.6488390282490927,0.47461802576058665,0.36182339915582473]","[{""pass_index"":1,""before_thickness_mm"":4.585280453165504,""after_thickness_mm"":3.9364414249164117,""radial_removal_mm"":0.6488390282490927,""radial_immersion"":0.05406991902075772,""deflection_um"":99.8307866053212},{""pass_index"":2,""before_thickness_mm"":3.9364414249164117,""after_thickness_mm"":3.461823399155825,""radial_removal_mm"":0.47461802576058665,""radial_immersion"":0.03955150214671555,""deflection_um"":99.83078660531639},{""pass_index"":3,""before_thickness_mm"":3.461823399155825,""after_thickness_mm"":3.1000000000000005,""radial_removal_mm"":0.36182339915582473,""radial_immersion"":0.03015194992965206,""deflection_um"":99.83078660532072}]",,,,
CHALLENGE_STATE,B2-0070,-2.50,4.585530453165504,PASS,true,,PASS,scipy.optimize.SLSQP epigraph multi-start,true,Optimization terminated successfully,7,1.4855304531655036,,,0.36,99.84617306478972,0.1538269352102759,0.0,0.0,1.3784529073745944e-12,0.0,true,"[0.6489680586086137,0.4746930728527463,0.3618693217041435]","[{""pass_index"":1,""before_thickness_mm"":4.585530453165504,""after_thickness_mm"":3.9365623945568897,""radial_removal_mm"":0.6489680586086137,""radial_immersion"":0.05408067155071781,""deflection_um"":99.84617306478903},{""pass_index"":2,""before_thickness_mm"":3.9365623945568897,""after_thickness_mm"":3.4618693217041434,""radial_removal_mm"":0.4746930728527463,""radial_immersion"":0.03955775607106219,""deflection_um"":99.8461730647868},{""pass_index"":3,""before_thickness_mm"":3.4618693217041434,""after_thickness_mm"":3.1,""radial_removal_mm"":0.3618693217041435,""radial_immersion"":0.030155776808678623,""deflection_um"":99.84617306478972}]",,,,
CHALLENGE_STATE,B2-0071,-2.25,4.585780453165504,PASS,true,,PASS,scipy.optimize.SLSQP epigraph multi-start,true,Optimization terminated successfully,7,1.485780453165504,,,0.36,99.86155883948982,0.13844116051018318,2.220446049250313e-16,0.0,2.5153212845907547e-12,4.440892098500626e-16,true,"[0.6490970942588125,0.4747681181698054,0.36191524073688613]","[{""pass_index"":1,""before_thickness_mm"":4.585780453165504,""after_thickness_mm"":3.9366833589066914,""radial_removal_mm"":0.6490970942588125,""radial_immersion"":0.054091424521567705,""deflection_um"":99.8615588394854},{""pass_index"":2,""before_thickness_mm"":3.9366833589066914,""after_thickness_mm"":3.461915240736886,""radial_removal_mm"":0.4747681181698054,""radial_immersion"":0.03956400984748378,""deflection_um"":99.86155883948607},{""pass_index"":3,""before_thickness_mm"":3.461915240736886,""after_thickness_mm"":3.0999999999999996,""radial_removal_mm"":0.36191524073688613,""radial_immersion"":0.03015960339474051,""deflection_um"":99.86155883948982}]",,,,
CHALLENGE_STATE,B2-0072,-2.00,4.586030453165504,PASS,true,,PASS,scipy.optimize.SLSQP epigraph multi-start,true,Optimization terminated successfully,7,1.4860304531655042,,,0.36,99.87694392943364,0.12305607056636347,0.0,0.0,2.984279490192421e-13,4.440892098500626e-16,true,"[0.6492261351991984,0.4748431617117652,0.3619611562545405]","[{""pass_index"":1,""before_thickness_mm"":4.586030453165504,""after_thickness_mm"":3.936804317966306,""radial_removal_mm"":0.6492261351991984,""radial_immersion"":0.05410217793326653,""deflection_um"":99.87694392943348},{""pass_index"":2,""before_thickness_mm"":3.936804317966306,""after_thickness_mm"":3.461961156254541,""radial_removal_mm"":0.4748431617117652,""radial_immersion"":0.03957026347598044,""deflection_um"":99.87694392943241},{""pass_index"":3,""before_thickness_mm"":3.461961156254541,""after_thickness_mm"":3.1000000000000005,""radial_removal_mm"":0.3619611562545405,""radial_immersion"":0.030163429687878374,""deflection_um"":99.87694392943364}]",,,,
CHALLENGE_STATE,B2-0073,-1.75,4.586280453165504,PASS,true,,PASS,scipy.optimize.SLSQP epigraph multi-start,true,Optimization terminated successfully,7,1.4862804531655036,,,0.36,99.89232833464402,0.10767166535597994,2.220446049250313e-16,0.0,2.984279490192421e-13,4.440892098500626e-16,true,"[0.6493551814292372,0.474918203478639,0.3620070682576276]","[{""pass_index"":1,""before_thickness_mm"":4.586280453165504,""after_thickness_mm"":3.9369252717362664,""radial_removal_mm"":0.6493551814292372,""radial_immersion"":0.054112931785769765,""deflection_um"":99.89232833464379},{""pass_index"":2,""before_thickness_mm"":3.9369252717362664,""after_thickness_mm"":3.4620070682576274,""radial_removal_mm"":0.474918203478639,""radial_immersion"":0.03957651695655325,""deflection_um"":99.89232833464327},{""pass_index"":3,""before_thickness_mm"":3.4620070682576274,""after_thickness_mm"":3.0999999999999996,""radial_removal_mm"":0.3620070682576276,""radial_immersion"":0.030167255688135632,""deflection_um"":99.89232833464402}]",,,,
CHALLENGE_STATE,B2-0074,-1.50,4.586530453165504,PASS,true,,PASS,scipy.optimize.SLSQP epigraph multi-start,true,Optimization terminated successfully,7,1.486530453165504,,,0.36,99.90771205513767,0.09228794486233483,0.0,0.0,1.1084466677857563e-12,0.0,true,"[0.649484232948433,0.474993243470432,0.362052976746639]","[{""pass_index"":1,""before_thickness_mm"":4.586530453165504,""after_thickness_mm"":3.937046220217071,""radial_removal_mm"":0.649484232948433,""radial_immersion"":0.05412368607903609,""deflection_um"":99.90771205513767},{""pass_index"":2,""before_thickness_mm"":3.937046220217071,""after_thickness_mm"":3.462052976746639,""radial_removal_mm"":0.474993243470432,""radial_immersion"":0.039582770289202665,""deflection_um"":99.90771205513659},{""pass_index"":3,""before_thickness_mm"":3.462052976746639,""after_thickness_mm"":3.1,""radial_removal_mm"":0.362052976746639,""radial_immersion"":0.03017108139555325,""deflection_um"":99.90771205513512}]",,,,
CHALLENGE_STATE,B2-0075,-1.25,4.586780453165504,PASS,true,,PASS,scipy.optimize.SLSQP epigraph multi-start,true,Optimization terminated successfully,7,1.4867804531655042,,,0.36,99.92309509093003,0.07690490906996672,0.0,0.0,1.3216094885137863e-12,4.440892098500626e-16,true,"[0.6496132897562594,0.4750682816871546,0.36209888172209026]","[{""pass_index"":1,""before_thickness_mm"":4.586780453165504,""after_thickness_mm"":3.937167163409245,""radial_removal_mm"":0.6496132897562594,""radial_immersion"":0.05413444081302162,""deflection_um"":99.92309509092841},{""pass_index"":2,""before_thickness_mm"":3.937167163409245,""after_thickness_mm"":3.46209888172209,""radial_removal_mm"":0.4750682816871546,""radial_immersion"":0.03958902347392955,""deflection_um"":99.92309509093003},{""pass_index"":3,""before_thickness_mm"":3.46209888172209,""after_thickness_mm"":3.0999999999999996,""radial_removal_mm"":0.36209888172209026,""radial_immersion"":0.03017490681017419,""deflection_um"":99.92309509092837}]",,,,
CHALLENGE_STATE,B2-0076,-1.00,4.587030453165504,PASS,true,,PASS,scipy.optimize.SLSQP epigraph multi-start,true,Optimization terminated successfully,7,1.4870304531655036,,,0.36,99.93847744203893,0.061522557961069424,2.220446049250313e-16,0.0,8.384404281969182e-13,0.0,true,"[0.6497423518522258,0.4751433181287993,0.36214478318447857]","[{""pass_index"":1,""before_thickness_mm"":4.587030453165504,""after_thickness_mm"":3.937288101313278,""radial_removal_mm"":0.6497423518522258,""radial_immersion"":0.05414519598768549,""deflection_um"":99.9384774420385},{""pass_index"":2,""before_thickness_mm"":3.937288101313278,""after_thickness_mm"":3.4621447831844785,""radial_removal_mm"":0.4751433181287993,""radial_immersion"":0.039595276510733274,""deflection_um"":99.93847744203721},{""pass_index"":3,""before_thickness_mm"":3.4621447831844785,""after_thickness_mm"":3.1,""radial_removal_mm"":0.36214478318447857,""radial_immersion"":0.03017873193203988,""deflection_um"":99.93847744203893}]",,,,
CHALLENGE_STATE,B2-0077,-0.75,4.587280453165504,PASS,true,,PASS,scipy.optimize.SLSQP epigraph multi-start,true,Optimization terminated successfully,7,1.487280453165504,,,0.36,99.95385910848258,0.04614089151742462,2.220446049250313e-16,0.0,2.8421709430404007e-13,4.440892098500626e-16,true,"[0.6498714192358096,0.47521835279539354,0.36219068113430103]","[{""pass_index"":1,""before_thickness_mm"":4.587280453165504,""after_thickness_mm"":3.9374090339296943,""radial_removal_mm"":0.6498714192358096,""radial_immersion"":0.054155951602984136,""deflection_um"":99.95385910848218},{""pass_index"":2,""before_thickness_mm"":3.9374090339296943,""after_thickness_mm"":3.4621906811343006,""radial_removal_mm"":0.47521835279539354,""radial_immersion"":0.03960152939961613,""deflection_um"":99.95385910848258},{""pass_index"":3,""before_thickness_mm"":3.4621906811343006,""after_thickness_mm"":3.0999999999999996,""radial_removal_mm"":0.36219068113430103,""radial_immersion"":0.03018255676119175,""deflection_um"":99.95385910848213}]",,,,
CHALLENGE_STATE,B2-0078,-0.50,4.587530453165504,PASS,true,,PASS,scipy.optimize.SLSQP epigraph multi-start,true,Optimization terminated successfully,7,1.4875304531655043,,,0.36,99.96924009028072,0.03075990971927922,0.0,0.0,2.3590018827235326e-12,0.0,true,"[0.6500004919065148,0.475293385686935,0.3622365755720544]","[{""pass_index"":1,""before_thickness_mm"":4.587530453165504,""after_thickness_mm"":3.9375299612589894,""radial_removal_mm"":0.6500004919065148,""radial_immersion"":0.05416670765887623,""deflection_um"":99.96924009028042},{""pass_index"":2,""before_thickness_mm"":3.9375299612589894,""after_thickness_mm"":3.4622365755720543,""radial_removal_mm"":0.475293385686935,""radial_immersion"":0.03960778214057792,""deflection_um"":99.96924009028072},{""pass_index"":3,""before_thickness_mm"":3.4622365755720543,""after_thickness_mm"":3.1,""radial_removal_mm"":0.3622365755720544,""radial_immersion"":0.030186381297671202,""deflection_um"":99.96924009027455}]",,,,
CHALLENGE_STATE,B2-0079,-0.25,4.587780453165504,PASS,true,,PASS,scipy.optimize.SLSQP epigraph multi-start,true,Optimization terminated successfully,7,1.4877804531655037,,,0.36,99.98462038744638,0.015379612553616084,0.0,0.0,1.9895196601282805e-12,4.440892098500626e-16,true,"[0.6501295698638018,0.4753684168034284,0.36228246649827345]","[{""pass_index"":1,""before_thickness_mm"":4.587780453165504,""after_thickness_mm"":3.937650883301702,""radial_removal_mm"":0.6501295698638018,""radial_immersion"":0.054177464155316817,""deflection_um"":99.98462038744312},{""pass_index"":2,""before_thickness_mm"":3.937650883301702,""after_thickness_mm"":3.462282466498274,""radial_removal_mm"":0.4753684168034284,""radial_immersion"":0.03961403473361903,""deflection_um"":99.98462038744638},{""pass_index"":3,""before_thickness_mm"":3.462282466498274,""after_thickness_mm"":3.1000000000000005,""radial_removal_mm"":0.36228246649827345,""radial_immersion"":0.030190205541522786,""deflection_um"":99.9846203874438}]",,,,
CHALLENGE_STATE,B2-0080,0.00,4.588030453165504,PASS,true,,PASS,scipy.optimize.SLSQP epigraph multi-start,true,Optimization terminated successfully,7,1.488030453165504,,,0.36,99.99999999999983,1.7053025658242404e-13,2.220446049250313e-16,0.0,1.9895196601282805e-12,0.0,true,"[0.650258653107184,0.4754434461448821,0.3623283539134377]","[{""pass_index"":1,""before_thickness_mm"":4.588030453165504,""after_thickness_mm"":3.93777180005832,""radial_removal_mm"":0.650258653107184,""radial_immersion"":0.054188221092265336,""deflection_um"":99.99999999999366},{""pass_index"":2,""before_thickness_mm"":3.93777180005832,""after_thickness_mm"":3.462328353913438,""radial_removal_mm"":0.4754434461448821,""radial_immersion"":0.03962028717874017,""deflection_um"":99.99999999999983},{""pass_index"":3,""before_thickness_mm"":3.462328353913438,""after_thickness_mm"":3.1,""radial_removal_mm"":0.3623283539134377,""radial_immersion"":0.030194029492786476,""deflection_um"":99.99999999999982}]",,,,
CHALLENGE_STATE,B2-0081,0.25,4.588280453165504,FAIL,true,,FAIL,scipy.optimize.SLSQP epigraph multi-start,true,Optimization terminated successfully,7,1.4882804531655043,,,0.36,100.01537892795889,-0.015378927958892064,0.0,0.0,2.8421709430404007e-12,4.440892098500626e-16,true,"[0.6503877416361614,0.4755184737112965,0.3623742378180464]","[{""pass_index"":1,""before_thickness_mm"":4.588280453165504,""after_thickness_mm"":3.9378927115293427,""radial_removal_mm"":0.6503877416361614,""radial_immersion"":0.054198978469680116,""deflection_um"":100.01537892795226},{""pass_index"":2,""before_thickness_mm"":3.9378927115293427,""after_thickness_mm"":3.462374237818046,""radial_removal_mm"":0.4755184737112965,""radial_immersion"":0.03962653947594138,""deflection_um"":100.0153789279568},{""pass_index"":3,""before_thickness_mm"":3.462374237818046,""after_thickness_mm"":3.0999999999999996,""radial_removal_mm"":0.3623742378180464,""radial_immersion"":0.030197853151503865,""deflection_um"":100.01537892795889}]",,,,
CHALLENGE_STATE,B2-0082,0.50,4.588530453165504,FAIL,true,,FAIL,scipy.optimize.SLSQP epigraph multi-start,true,Optimization terminated successfully,7,1.4885304531655037,,,0.36,100.03075717133787,-0.030757171337867817,0.0,0.0,1.0658141036401503e-12,0.0,true,"[0.650516835450226,0.4755934995026849,0.36242011821259273]","[{""pass_index"":1,""before_thickness_mm"":4.588530453165504,""after_thickness_mm"":3.938013617715278,""radial_removal_mm"":0.650516835450226,""radial_immersion"":0.05420973628751883,""deflection_um"":100.030757171337},{""pass_index"":2,""before_thickness_mm"":3.938013617715278,""after_thickness_mm"":3.462420118212593,""radial_removal_mm"":0.4755934995026849,""radial_immersion"":0.03963279162522374,""deflection_um"":100.03075717133787},{""pass_index"":3,""before_thickness_mm"":3.462420118212593,""after_thickness_mm"":3.1,""radial_removal_mm"":0.36242011821259273,""radial_immersion"":0.03020167651771606,""deflection_um"":100.03075717133596}]",,,,
CHALLENGE_STATE,B2-0083,0.75,4.588780453165504,FAIL,true,,FAIL,scipy.optimize.SLSQP epigraph multi-start,true,Optimization terminated successfully,7,1.488780453165504,,,0.36,100.04613473015894,-0.046134730158939874,0.0,0.0,1.0658141036401503e-12,0.0,true,"[0.6506459345488448,0.47566852351905736,0.36246599509760186]","[{""pass_index"":1,""before_thickness_mm"":4.588780453165504,""after_thickness_mm"":3.938134518616659,""radial_removal_mm"":0.6506459345488448,""radial_immersion"":0.05422049454573707,""deflection_um"":100.04613473015894},{""pass_index"":2,""before_thickness_mm"":3.938134518616659,""after_thickness_mm"":3.462465995097602,""radial_removal_mm"":0.47566852351905736,""radial_immersion"":0.039639043626588114,""deflection_um"":100.04613473015861},{""pass_index"":3,""before_thickness_mm"":3.462465995097602,""after_thickness_mm"":3.1,""radial_removal_mm"":0.36246599509760186,""radial_immersion"":0.03020549959146682,""deflection_um"":100.04613473015645}]",,,,
CHALLENGE_STATE,B2-0084,1.00,4.589030453165504,FAIL,true,,FAIL,scipy.optimize.SLSQP epigraph multi-start,true,Optimization terminated successfully,7,1.4890304531655043,,,0.36,100.0615116044383,-0.0615116044382944,2.220446049250313e-16,0.0,1.3500311979441904e-12,0.0,true,"[0.6507750389315144,0.4757435457604102,0.3625118684735796]","[{""pass_index"":1,""before_thickness_mm"":4.589030453165504,""after_thickness_mm"":3.93825541423399,""radial_removal_mm"":0.6507750389315144,""radial_immersion"":0.05423125324429287,""deflection_um"":100.06151160443767},{""pass_index"":2,""before_thickness_mm"":3.93825541423399,""after_thickness_mm"":3.46251186847358,""radial_removal_mm"":0.4757435457604102,""radial_immersion"":0.03964529548003418,""deflection_um"":100.06151160443463},{""pass_index"":3,""before_thickness_mm"":3.46251186847358,""after_thickness_mm"":3.1,""radial_removal_mm"":0.3625118684735796,""radial_immersion"":0.0302093223727983,""deflection_um"":100.0615116044383}]",,,,
CHALLENGE_STATE,B2-0085,1.25,4.589280453165504,FAIL,true,,FAIL,scipy.optimize.SLSQP epigraph multi-start,true,Optimization terminated successfully,7,1.4892804531655037,,,0.36,100.07688779419261,-0.07688779419261493,2.220446049250313e-16,0.0,1.2363443602225743e-12,0.0,true,"[0.6509041485977277,0.4758185662267724,0.3625577383410035]","[{""pass_index"":1,""before_thickness_mm"":4.589280453165504,""after_thickness_mm"":3.938376304567776,""radial_removal_mm"":0.6509041485977277,""radial_immersion"":0.054242012383143974,""deflection_um"":100.07688779419084},{""pass_index"":2,""before_thickness_mm"":3.938376304567776,""after_thickness_mm"":3.4625577383410038,""radial_removal_mm"":0.4758185662267724,""radial_immersion"":0.039651547185564365,""deflection_um"":100.07688779419041},{""pass_index"":3,""before_thickness_mm"":3.4625577383410038,""after_thickness_mm"":3.1,""radial_removal_mm"":0.3625577383410035,""radial_immersion"":0.030213144861750293,""deflection_um"":100.07688779419261}]",,,,
CHALLENGE_STATE,B2-0086,1.50,4.589530453165504,FAIL,true,,FAIL,scipy.optimize.SLSQP epigraph multi-start,true,Optimization terminated successfully,7,1.489530453165504,,,0.36,100.09226329944056,-0.09226329944056033,2.220446049250313e-16,0.0,1.6484591469634324e-12,4.440892098500626e-16,true,"[0.6510332635469809,0.4758935849181386,0.3626036047003846]","[{""pass_index"":1,""before_thickness_mm"":4.589530453165504,""after_thickness_mm"":3.9384971896185235,""radial_removal_mm"":0.6510332635469809,""radial_immersion"":0.054252771962248404,""deflection_um"":100.09226329943822},{""pass_index"":2,""before_thickness_mm"":3.9384971896185235,""after_thickness_mm"":3.462603604700385,""radial_removal_mm"":0.4758935849181386,""radial_immersion"":0.039657798743178214,""deflection_um"":100.09226329944056},{""pass_index"":3,""before_thickness_mm"":3.462603604700385,""after_thickness_mm"":3.1000000000000005,""radial_removal_mm"":0.3626036047003846,""radial_immersion"":0.030216967058365383,""deflection_um"":100.09226329943868}]",,,,
CHALLENGE_STATE,B2-0087,1.75,4.589780453165504,FAIL,true,,FAIL,scipy.optimize.SLSQP epigraph multi-start,true,Optimization terminated successfully,7,1.4897804531655043,,,0.36,100.10763812019825,-0.1076381201982457,0.0,0.0,5.684341886080801e-13,0.0,true,"[0.651162383778765,0.475968601834503,0.3626494675522363]","[{""pass_index"":1,""before_thickness_mm"":4.589780453165504,""after_thickness_mm"":3.9386180693867394,""radial_removal_mm"":0.651162383778765,""radial_immersion"":0.05426353198156375,""deflection_um"":100.10763812019691},{""pass_index"":2,""before_thickness_mm"":3.9386180693867394,""after_thickness_mm"":3.4626494675522363,""radial_removal_mm"":0.475968601834503,""radial_immersion"":0.03966405015287525,""deflection_um"":100.10763812019817},{""pass_index"":3,""before_thickness_mm"":3.4626494675522363,""after_thickness_mm"":3.1,""radial_removal_mm"":0.3626494675522363,""radial_immersion"":0.03022078896268636,""deflection_um"":100.10763812019825}]",,,,
CHALLENGE_STATE,B2-0088,2.00,4.590030453165504,FAIL,true,,FAIL,scipy.optimize.SLSQP epigraph multi-start,true,Optimization terminated successfully,7,1.4900304531655038,,,0.36,100.12301225648523,-0.12301225648522518,0.0,0.0,1.7053025658242404e-13,4.440892098500626e-16,true,"[0.6512915092925711,0.47604361697588526,0.3626953268970474]","[{""pass_index"":1,""before_thickness_mm"":4.590030453165504,""after_thickness_mm"":3.9387389438729326,""radial_removal_mm"":0.6512915092925711,""radial_immersion"":0.05427429244104759,""deflection_um"":100.12301225648496},{""pass_index"":2,""before_thickness_mm"":3.9387389438729326,""after_thickness_mm"":3.4626953268970473,""radial_removal_mm"":0.47604361697588526,""radial_immersion"":0.039670301414657105,""deflection_um"":100.12301225648486},{""pass_index"":3,""before_thickness_mm"":3.4626953268970473,""after_thickness_mm"":3.0999999999999996,""radial_removal_mm"":0.3626953268970474,""radial_immersion"":0.030224610574753952,""deflection_um"":100.12301225648523}]",,,,
CHALLENGE_STATE,B2-0089,2.25,4.590280453165504,FAIL,true,,FAIL,scipy.optimize.SLSQP epigraph multi-start,true,Optimization terminated successfully,7,1.490280453165504,,,0.36,100.13838570832009,-0.13838570832008656,0.0,0.0,1.4352963262354024e-12,0.0,true,"[0.651420640087881,0.4761186303422982,0.3627411827353249]","[{""pass_index"":1,""before_thickness_mm"":4.590280453165504,""after_thickness_mm"":3.938859813077623,""radial_removal_mm"":0.651420640087881,""radial_immersion"":0.05428505334065675,""deflection_um"":100.13838570831743},{""pass_index"":2,""before_thickness_mm"":3.938859813077623,""after_thickness_mm"":3.462741182735325,""radial_removal_mm"":0.4761186303422982,""radial_immersion"":0.039676552528524846,""deflection_um"":100.13838570832009},{""pass_index"":3,""before_thickness_mm"":3.462741182735325,""after_thickness_mm"":3.1,""radial_removal_mm"":0.3627411827353249,""radial_immersion"":0.03022843189461041,""deflection_um"":100.13838570831842}]",,,,
CHALLENGE_STATE,B2-0090,2.50,4.590530453165504,FAIL,true,,FAIL,scipy.optimize.SLSQP epigraph multi-start,true,Optimization terminated successfully,7,1.4905304531655035,,,0.36,100.15375847571906,-0.15375847571905865,2.220446049250313e-16,0.0,2.3732127374387346e-12,0.0,true,"[0.6515497761641912,0.47619364193374203,0.3627870350675703]","[{""pass_index"":1,""before_thickness_mm"":4.590530453165504,""after_thickness_mm"":3.9389806770013123,""radial_removal_mm"":0.6515497761641912,""radial_immersion"":0.05429581468034927,""deflection_um"":100.15375847571363},{""pass_index"":2,""before_thickness_mm"":3.9389806770013123,""after_thickness_mm"":3.4627870350675702,""radial_removal_mm"":0.47619364193374203,""radial_immersion"":0.0396828034944785,""deflection_um"":100.15375847571906},{""pass_index"":3,""before_thickness_mm"":3.4627870350675702,""after_thickness_mm"":3.1,""radial_removal_mm"":0.3627870350675703,""radial_immersion"":0.030232252922297528,""deflection_um"":100.15375847571693}]",,,,
CHALLENGE_STATE,B2-0091,2.75,4.590780453165504,FAIL,true,,FAIL,scipy.optimize.SLSQP epigraph multi-start,true,Optimization terminated successfully,7,1.4907804531655038,,,0.36,100.16913055869834,-0.16913055869834182,0.0,0.0,1.8758328224066645e-12,0.0,true,"[0.65167891752102,0.4762686517502106,0.3628328838942731]","[{""pass_index"":1,""before_thickness_mm"":4.590780453165504,""after_thickness_mm"":3.939101535644484,""radial_removal_mm"":0.65167891752102,""radial_immersion"":0.054306576460085,""deflection_um"":100.16913055869834},{""pass_index"":2,""before_thickness_mm"":3.939101535644484,""after_thickness_mm"":3.462832883894273,""radial_removal_mm"":0.4762686517502106,""radial_immersion"":0.03968905431251755,""deflection_um"":100.16913055869796},{""pass_index"":3,""before_thickness_mm"":3.462832883894273,""after_thickness_mm"":3.1,""radial_removal_mm"":0.3628328838942731,""radial_immersion"":0.03023607365785609,""deflection_um"":100.16913055869307}]",,,,
CHALLENGE_STATE,B2-0092,3.00,4.591030453165504,FAIL,true,,FAIL,scipy.optimize.SLSQP epigraph multi-start,true,Optimization terminated successfully,7,1.491030453165504,,,0.36,100.18450195727756,-0.18450195727756125,0.0,0.0,1.5774048733874224e-12,0.0,true,"[0.6518080641578149,0.47634365979172605,0.36287872921596315]","[{""pass_index"":1,""before_thickness_mm"":4.591030453165504,""after_thickness_mm"":3.939222389007689,""radial_removal_mm"":0.6518080641578149,""radial_immersion"":0.05431733867981791,""deflection_um"":100.18450195727756},{""pass_index"":2,""before_thickness_mm"":3.939222389007689,""after_thickness_mm"":3.462878729215963,""radial_removal_mm"":0.47634365979172605,""radial_immersion"":0.039695304982643835,""deflection_um"":100.18450195727536},{""pass_index"":3,""before_thickness_mm"":3.462878729215963,""after_thickness_mm"":3.1,""radial_removal_mm"":0.36287872921596315,""radial_immersion"":0.030239894101330263,""deflection_um"":100.1845019572754}]",,,,
CHALLENGE_STATE,B2-0093,3.25,4.591280453165504,FAIL,true,,FAIL,scipy.optimize.SLSQP epigraph multi-start,true,Optimization terminated successfully,7,1.4912804531655035,,,0.36,100.19987267147357,-0.19987267147357102,0.0,0.0,2.7000623958883807e-13,4.440892098500626e-16,true,"[0.6519372160740831,0.4764186660583016,0.3629245710331188]","[{""pass_index"":1,""before_thickness_mm"":4.591280453165504,""after_thickness_mm"":3.9393432370914203,""radial_removal_mm"":0.6519372160740831,""radial_immersion"":0.05432810133950692,""deflection_um"":100.19987267147357},{""pass_index"":2,""before_thickness_mm"":3.9393432370914203,""after_thickness_mm"":3.4629245710331187,""radial_removal_mm"":0.4764186660583016,""radial_immersion"":0.03970155550485847,""deflection_um"":100.19987267147303},{""pass_index"":3,""before_thickness_mm"":3.4629245710331187,""after_thickness_mm"":3.0999999999999996,""radial_removal_mm"":0.3629245710331188,""radial_immersion"":0.0302437142527599,""deflection_um"":100.19987267147322}]",,,,
CHALLENGE_STATE,B2-0094,3.50,4.591530453165504,FAIL,true,,FAIL,scipy.optimize.SLSQP epigraph multi-start,true,Optimization terminated successfully,7,1.4915304531655038,,,0.36,100.21524270130816,-0.21524270130815637,0.0,0.0,2.4442670110147446e-12,0.0,true,"[0.6520663732693215,0.47649367054994335,0.362970409346239]","[{""pass_index"":1,""before_thickness_mm"":4.591530453165504,""after_thickness_mm"":3.939464079896182,""radial_removal_mm"":0.6520663732693215,""radial_immersion"":0.054338864439110124,""deflection_um"":100.21524270130523},{""pass_index"":2,""before_thickness_mm"":3.939464079896182,""after_thickness_mm"":3.462970409346239,""radial_removal_mm"":0.47649367054994335,""radial_immersion"":0.03970780587916194,""deflection_um"":100.21524270130816},{""pass_index"":3,""before_thickness_mm"":3.462970409346239,""after_thickness_mm"":3.1,""radial_removal_mm"":0.362970409346239,""radial_immersion"":0.030247534112186582,""deflection_um"":100.21524270130364}]",,,,
CHALLENGE_STATE,B2-0095,3.75,4.591780453165504,FAIL,true,,FAIL,scipy.optimize.SLSQP epigraph multi-start,true,Optimization terminated successfully,7,1.4917804531655041,,,0.36,100.23061204679237,-0.23061204679237335,2.220446049250313e-16,0.0,7.105427357601002e-13,4.440892098500626e-16,true,"[0.6521955357430277,0.47656867326663027,0.363016244155846]","[{""pass_index"":1,""before_thickness_mm"":4.591780453165504,""after_thickness_mm"":3.9395849174224766,""radial_removal_mm"":0.6521955357430277,""radial_immersion"":0.05434962797858564,""deflection_um"":100.23061204679229},{""pass_index"":2,""before_thickness_mm"":3.9395849174224766,""after_thickness_mm"":3.4630162441558463,""radial_removal_mm"":0.47656867326663027,""radial_immersion"":0.03971405610555252,""deflection_um"":100.23061204678989},{""pass_index"":3,""before_thickness_mm"":3.4630162441558463,""after_thickness_mm"":3.1000000000000005,""radial_removal_mm"":0.363016244155846,""radial_immersion"":0.03025135367965383,""deflection_um"":100.23061204679237}]",,,,
CHALLENGE_STATE,B2-0096,4.00,4.592030453165504,FAIL,true,,FAIL,scipy.optimize.SLSQP epigraph multi-start,true,Optimization terminated successfully,7,1.4920304531655035,,,0.36,100.24598070795007,-0.24598070795006777,0.0,0.0,1.4779288903810084e-12,0.0,true,"[0.6523247034946738,0.47664367420840925,0.3630620754624205]","[{""pass_index"":1,""before_thickness_mm"":4.592030453165504,""after_thickness_mm"":3.93970574967083,""radial_removal_mm"":0.6523247034946738,""radial_immersion"":0.05436039195788948,""deflection_um"":100.24598070794723},{""pass_index"":2,""before_thickness_mm"":3.93970574967083,""after_thickness_mm"":3.4630620754624206,""radial_removal_mm"":0.47664367420840925,""radial_immersion"":0.039720306184034104,""deflection_um"":100.24598070794812},{""pass_index"":3,""before_thickness_mm"":3.4630620754624206,""after_thickness_mm"":3.1,""radial_removal_mm"":0.3630620754624205,""radial_immersion"":0.030255172955201706,""deflection_um"":100.24598070795007}]",,,,
CHALLENGE_STATE,B2-0097,4.25,4.592280453165504,FAIL,true,,FAIL,scipy.optimize.SLSQP epigraph multi-start,true,Optimization terminated successfully,7,1.4922804531655038,,,0.36,100.26134868479687,-0.26134868479687157,0.0,0.0,2.4726887204451486e-12,4.440892098500626e-16,true,"[0.6524538765237625,0.4767186733752712,0.3631079032664701]","[{""pass_index"":1,""before_thickness_mm"":4.592280453165504,""after_thickness_mm"":3.9398265766417415,""radial_removal_mm"":0.6524538765237625,""radial_immersion"":0.05437115637698021,""deflection_um"":100.26134868479056},{""pass_index"":2,""before_thickness_mm"":3.9398265766417415,""after_thickness_mm"":3.4631079032664704,""radial_removal_mm"":0.4767186733752712,""radial_immersion"":0.03972655611460593,""deflection_um"":100.26134868479573},{""pass_index"":3,""before_thickness_mm"":3.4631079032664704,""after_thickness_mm"":3.1000000000000005,""radial_removal_mm"":0.3631079032664701,""radial_immersion"":0.030258991938872506,""deflection_um"":100.26134868479687}]",,,,
CHALLENGE_STATE,B2-0098,4.50,4.592530453165504,FAIL,true,,FAIL,scipy.optimize.SLSQP epigraph multi-start,true,Optimization terminated successfully,7,1.4925304531655041,,,0.36,100.27671597734856,-0.2767159773485588,0.0,0.0,1.2789769243681803e-12,0.0,true,"[0.6525830548298139,0.47679367076720197,0.3631537275684881]","[{""pass_index"":1,""before_thickness_mm"":4.592530453165504,""after_thickness_mm"":3.9399473983356903,""radial_removal_mm"":0.6525830548298139,""radial_immersion"":0.05438192123581783,""deflection_um"":100.27671597734799},{""pass_index"":2,""before_thickness_mm"":3.9399473983356903,""after_thickness_mm"":3.4631537275684883,""radial_removal_mm"":0.47679367076720197,""radial_immersion"":0.03973280589726683,""deflection_um"":100.27671597734559},{""pass_index"":3,""before_thickness_mm"":3.4631537275684883,""after_thickness_mm"":3.1,""radial_removal_mm"":0.3631537275684881,""radial_immersion"":0.030262810630707345,""deflection_um"":100.27671597734856}]",,,,
CHALLENGE_STATE,B2-0099,4.75,4.592780453165504,FAIL,true,,FAIL,scipy.optimize.SLSQP epigraph multi-start,true,Optimization terminated successfully,7,1.4927804531655036,,,0.36,100.29208258562588,-0.2920825856258773,0.0,0.0,7.105427357601002e-13,0.0,true,"[0.6527122384122683,0.4768686663842504,0.3631995483689847]","[{""pass_index"":1,""before_thickness_mm"":4.592780453165504,""after_thickness_mm"":3.9400682147532353,""radial_removal_mm"":0.6527122384122683,""radial_immersion"":0.054392686534355694,""deflection_um"":100.2920825856238},{""pass_index"":2,""before_thickness_mm"":3.9400682147532353,""after_thickness_mm"":3.463199548368985,""radial_removal_mm"":0.4768686663842504,""radial_immersion"":0.03973905553202087,""deflection_um"":100.29208258562534},{""pass_index"":3,""before_thickness_mm"":3.463199548368985,""after_thickness_mm"":3.1,""radial_removal_mm"":0.3631995483689847,""radial_immersion"":0.030266629030748726,""deflection_um"":100.29208258562588}]",,,,
CHALLENGE_STATE,B2-0100,5.00,4.593030453165504,FAIL,true,,FAIL,scipy.optimize.SLSQP epigraph multi-start,true,Optimization terminated successfully,7,1.4930304531655039,,,0.36,100.30744850964646,-0.30744850964646275,0.0,0.0,9.663381206337363e-13,4.440892098500626e-16,true,"[0.6528414272706564,0.4769436602263938,0.36324536566845383]","[{""pass_index"":1,""before_thickness_mm"":4.593030453165504,""after_thickness_mm"":3.9401890258948473,""radial_removal_mm"":0.6528414272706564,""radial_immersion"":0.0544034522725547,""deflection_um"":100.30744850964575},{""pass_index"":2,""before_thickness_mm"":3.9401890258948473,""after_thickness_mm"":3.4632453656684534,""radial_removal_mm"":0.4769436602263938,""radial_immersion"":0.039745305018866146,""deflection_um"":100.30744850964646},{""pass_index"":3,""before_thickness_mm"":3.4632453656684534,""after_thickness_mm"":3.0999999999999996,""radial_removal_mm"":0.36324536566845383,""radial_immersion"":0.03027044713903782,""deflection_um"":100.30744850964471}]",,,,
CHALLENGE_STATE,B2-0101,5.25,4.593280453165504,FAIL,true,,FAIL,scipy.optimize.SLSQP epigraph multi-start,true,Optimization terminated successfully,7,1.4932804531655042,,,0.36,100.32281374942765,-0.3228137494276524,2.220446049250313e-16,0.0,8.952838470577262e-13,0.0,true,"[0.6529706214044542,0.47701865229364093,0.363291179467409]","[{""pass_index"":1,""before_thickness_mm"":4.593280453165504,""after_thickness_mm"":3.9403098317610503,""radial_removal_mm"":0.6529706214044542,""radial_immersion"":0.05441421845037118,""deflection_um"":100.32281374942765},{""pass_index"":2,""before_thickness_mm"":3.9403098317610503,""after_thickness_mm"":3.4632911794674093,""radial_removal_mm"":0.47701865229364093,""radial_immersion"":0.03975155435780341,""deflection_um"":100.32281374942549},{""pass_index"":3,""before_thickness_mm"":3.4632911794674093,""after_thickness_mm"":3.1,""radial_removal_mm"":0.363291179467409,""radial_immersion"":0.030274264955617417,""deflection_um"":100.32281374942731}]",,,,
CHALLENGE_STATE,B2-0102,5.50,4.593530453165504,FAIL,true,,FAIL,scipy.optimize.SLSQP epigraph multi-start,true,Optimization terminated successfully,7,1.4935304531655036,,,0.36,100.33817830498991,-0.33817830498990986,2.220446049250313e-16,0.0,3.154809746774845e-12,0.0,true,"[0.6530998208131475,0.4770936425860289,0.3633369897663274]","[{""pass_index"":1,""before_thickness_mm"":4.593530453165504,""after_thickness_mm"":3.9404306323523564,""radial_removal_mm"":0.6530998208131475,""radial_immersion"":0.0544249850677623,""deflection_um"":100.33817830498556},{""pass_index"":2,""before_thickness_mm"":3.9404306323523564,""after_thickness_mm"":3.4633369897663275,""radial_removal_mm"":0.4770936425860289,""radial_immersion"":0.03975780354883574,""deflection_um"":100.33817830498991},{""pass_index"":3,""before_thickness_mm"":3.4633369897663275,""after_thickness_mm"":3.1,""radial_removal_mm"":0.3633369897663274,""radial_immersion"":0.030278082480527282,""deflection_um"":100.33817830498414}]",,,,
CHALLENGE_STATE,B2-0103,5.75,4.593780453165504,FAIL,true,,FAIL,scipy.optimize.SLSQP epigraph multi-start,true,Optimization terminated successfully,7,1.493780453165504,,,0.36,100.35354217634487,-0.35354217634487384,0.0,0.0,1.6768808563938364e-12,0.0,true,"[0.6532290254962546,0.4771686311035085,0.36338279656574085]","[{""pass_index"":1,""before_thickness_mm"":4.593780453165504,""after_thickness_mm"":3.9405514276692495,""radial_removal_mm"":0.6532290254962546,""radial_immersion"":0.05443575212468788,""deflection_um"":100.35354217634487},{""pass_index"":2,""before_thickness_mm"":3.9405514276692495,""after_thickness_mm"":3.463382796565741,""radial_removal_mm"":0.4771686311035085,""radial_immersion"":0.03976405259195904,""deflection_um"":100.3535421763409},{""pass_index"":3,""before_thickness_mm"":3.463382796565741,""after_thickness_mm"":3.1,""radial_removal_mm"":0.36338279656574085,""radial_immersion"":0.030281899713811736,""deflection_um"":100.353542176344}]",,,,
CHALLENGE_STATE,B2-0104,6.00,4.594030453165504,FAIL,true,,FAIL,scipy.optimize.SLSQP epigraph multi-start,true,Optimization terminated successfully,7,1.4940304531655042,,,0.36,100.36890536351623,-0.3689053635162338,0.0,0.0,1.6342482922482304e-12,4.440892098500626e-16,true,"[0.6533582354532402,0.47724361784613917,0.36342859986612486]","[{""pass_index"":1,""before_thickness_mm"":4.594030453165504,""after_thickness_mm"":3.940672217712264,""radial_removal_mm"":0.6533582354532402,""radial_immersion"":0.054446519621103355,""deflection_um"":100.36890536351571},{""pass_index"":2,""before_thickness_mm"":3.940672217712264,""after_thickness_mm"":3.4634285998661247,""radial_removal_mm"":0.47724361784613917,""radial_immersion"":0.039770301487178264,""deflection_um"":100.36890536351154},{""pass_index"":3,""before_thickness_mm"":3.4634285998661247,""after_thickness_mm"":3.0999999999999996,""radial_removal_mm"":0.36342859986612486,""radial_immersion"":0.030285716655510404,""deflection_um"":100.36890536351623}]",,,,
CHALLENGE_STATE,B2-0105,6.25,4.594280453165504,FAIL,true,,FAIL,scipy.optimize.SLSQP epigraph multi-start,true,Optimization terminated successfully,7,1.4942804531655036,,,0.36,100.38426786652045,-0.384267866520446,0.0,0.0,2.7711166694643907e-12,0.0,true,"[0.6534874506835971,0.4773186028139285,0.3634743996679779]","[{""pass_index"":1,""before_thickness_mm"":4.594280453165504,""after_thickness_mm"":3.9407930024819064,""radial_removal_mm"":0.6534874506835971,""radial_immersion"":0.05445728755696643,""deflection_um"":100.3842678665164},{""pass_index"":2,""before_thickness_mm"":3.9407930024819064,""after_thickness_mm"":3.463474399667978,""radial_removal_mm"":0.4773186028139285,""radial_immersion"":0.03977655023449404,""deflection_um"":100.38426786652045},{""pass_index"":3,""before_thickness_mm"":3.463474399667978,""after_thickness_mm"":3.1,""radial_removal_mm"":0.3634743996679779,""radial_immersion"":0.030289533305664824,""deflection_um"":100.38426786651866}]",,,,
CHALLENGE_STATE,B2-0106,6.50,4.594530453165504,FAIL,true,,FAIL,scipy.optimize.SLSQP epigraph multi-start,true,Optimization terminated successfully,7,1.494530453165504,,,0.36,100.39962968537476,-0.3996296853747623,0.0,0.0,1.5205614545266144e-12,4.440892098500626e-16,true,"[0.6536166711868556,0.4773935860068343,0.36352019597181406]","[{""pass_index"":1,""before_thickness_mm"":4.594530453165504,""after_thickness_mm"":3.940913781978648,""radial_removal_mm"":0.6536166711868556,""radial_immersion"":0.05446805593223797,""deflection_um"":100.39962968537476},{""pass_index"":2,""before_thickness_mm"":3.940913781978648,""after_thickness_mm"":3.463520195971814,""radial_removal_mm"":0.4773935860068343,""radial_immersion"":0.03978279883390286,""deflection_um"":100.39962968537084},{""pass_index"":3,""before_thickness_mm"":3.463520195971814,""after_thickness_mm"":3.0999999999999996,""radial_removal_mm"":0.36352019597181406,""radial_immersion"":0.030293349664317838,""deflection_um"":100.39962968537445}]",,,,
CHALLENGE_STATE,B2-0107,6.75,4.594780453165504,FAIL,true,,FAIL,scipy.optimize.SLSQP epigraph multi-start,true,Optimization terminated successfully,7,1.4947804531655042,,,0.36,100.41499082009862,-0.4149908200986232,0.0,0.0,4.078515303262975e-12,0.0,true,"[0.6537458969624691,0.4774685674249087,0.36356598877812646]","[{""pass_index"":1,""before_thickness_mm"":4.594780453165504,""after_thickness_mm"":3.9410345562030353,""radial_removal_mm"":0.6537458969624691,""radial_immersion"":0.05447882474687243,""deflection_um"":100.41499082009858},{""pass_index"":2,""before_thickness_mm"":3.9410345562030353,""after_thickness_mm"":3.4635659887781265,""radial_removal_mm"":0.4774685674249087,""radial_immersion"":0.03978904728540906,""deflection_um"":100.41499082009368},{""pass_index"":3,""before_thickness_mm"":3.4635659887781265,""after_thickness_mm"":3.1,""radial_removal_mm"":0.36356598877812646,""radial_immersion"":0.030297165731510537,""deflection_um"":100.41499082009862}]",,,,
CHALLENGE_STATE,B2-0108,7.00,4.595030453165504,FAIL,true,,FAIL,scipy.optimize.SLSQP epigraph multi-start,true,Optimization terminated successfully,7,1.4950304531655036,,,0.36,100.43035127070831,-0.43035127070831436,0.0,0.0,2.1316282072803006e-12,4.440892098500626e-16,true,"[0.65387512800994,0.4775435470681604,0.3636117780874033]","[{""pass_index"":1,""before_thickness_mm"":4.595030453165504,""after_thickness_mm"":3.941155325155564,""radial_removal_mm"":0.65387512800994,""radial_immersion"":0.05448959400082833,""deflection_um"":100.43035127070831},{""pass_index"":2,""before_thickness_mm"":3.941155325155564,""after_thickness_mm"":3.4636117780874036,""radial_removal_mm"":0.4775435470681604,""radial_immersion"":0.03979529558901337,""deflection_um"":100.43035127070759},{""pass_index"":3,""before_thickness_mm"":3.4636117780874036,""after_thickness_mm"":3.1000000000000005,""radial_removal_mm"":0.3636117780874033,""radial_immersion"":0.03030098150728361,""deflection_um"":100.43035127070617}]",,,,
CHALLENGE_STATE,B2-0109,7.25,4.595280453165504,FAIL,true,,FAIL,scipy.optimize.SLSQP epigraph multi-start,true,Optimization terminated successfully,7,1.495280453165504,,,0.36,100.44571103722406,-0.4457110372240578,0.0,0.0,1.1368683772161603e-12,0.0,true,"[0.6540043643287654,0.47761852493657564,0.36365756390016296]","[{""pass_index"":1,""before_thickness_mm"":4.595280453165504,""after_thickness_mm"":3.9412760888367386,""radial_removal_mm"":0.6540043643287654,""radial_immersion"":0.05450036369406378,""deflection_um"":100.44571103722357},{""pass_index"":2,""before_thickness_mm"":3.9412760888367386,""after_thickness_mm"":3.463657563900163,""radial_removal_mm"":0.47761852493657564,""radial_immersion"":0.03980154374471464,""deflection_um"":100.44571103722406},{""pass_index"":3,""before_thickness_mm"":3.463657563900163,""after_thickness_mm"":3.1,""radial_removal_mm"":0.36365756390016296,""radial_immersion"":0.030304796991680247,""deflection_um"":100.44571103722132}]",,,,
CHALLENGE_STATE,B2-0110,7.50,4.595530453165504,FAIL,true,,FAIL,scipy.optimize.SLSQP epigraph multi-start,true,Optimization terminated successfully,7,1.4955304531655043,,,0.36,100.4610701196622,-0.461070119662196,0.0,0.0,6.110667527536862e-13,4.440892098500626e-16,true,"[0.6541336059184357,0.47769350103016284,0.3637033462169058]","[{""pass_index"":1,""before_thickness_mm"":4.595530453165504,""after_thickness_mm"":3.9413968472470686,""radial_removal_mm"":0.6541336059184357,""radial_immersion"":0.05451113382653631,""deflection_um"":100.46107011966126},{""pass_index"":2,""before_thickness_mm"":3.9413968472470686,""after_thickness_mm"":3.4637033462169056,""radial_removal_mm"":0.47769350103016284,""radial_immersion"":0.03980779175251357,""deflection_um"":100.46107011966146},{""pass_index"":3,""before_thickness_mm"":3.4637033462169056,""after_thickness_mm"":3.0999999999999996,""radial_removal_mm"":0.3637033462169058,""radial_immersion"":0.03030861218474215,""deflection_um"":100.4610701196622}]",,,,
CHALLENGE_STATE,B2-0111,7.75,4.595780453165504,FAIL,true,,FAIL,scipy.optimize.SLSQP epigraph multi-start,true,Optimization terminated successfully,7,1.4957804531655037,,,0.36,100.47642851804432,-0.4764285180443153,0.0,0.0,2.7142732506035827e-12,0.0,true,"[0.6542628527784543,0.4777684753489475,0.36374912503810203]","[{""pass_index"":1,""before_thickness_mm"":4.595780453165504,""after_thickness_mm"":3.9415176003870496,""radial_removal_mm"":0.6542628527784543,""radial_immersion"":0.05452190439820453,""deflection_um"":100.47642851804243},{""pass_index"":2,""before_thickness_mm"":3.9415176003870496,""after_thickness_mm"":3.463749125038102,""radial_removal_mm"":0.4777684753489475,""radial_immersion"":0.03981403961241229,""deflection_um"":100.47642851804432},{""pass_index"":3,""before_thickness_mm"":3.463749125038102,""after_thickness_mm"":3.1,""radial_removal_mm"":0.36374912503810203,""radial_immersion"":0.0303124270865085,""deflection_um"":100.47642851803802}]",,,,
CHALLENGE_STATE,B2-0112,8.00,4.596030453165504,FAIL,true,,FAIL,scipy.optimize.SLSQP epigraph multi-start,true,Optimization terminated successfully,7,1.496030453165504,,,0.36,100.49178623238217,-0.491786232382168,0.0,0.0,1.3500311979441904e-12,4.440892098500626e-16,true,"[0.6543921049082869,0.477843447892919,0.3637949003642981]","[{""pass_index"":1,""before_thickness_mm"":4.596030453165504,""after_thickness_mm"":3.941638348257217,""radial_removal_mm"":0.6543921049082869,""radial_immersion"":0.05453267540902391,""deflection_um"":100.491786232378},{""pass_index"":2,""before_thickness_mm"":3.941638348257217,""after_thickness_mm"":3.463794900364298,""radial_removal_mm"":0.477843447892919,""radial_immersion"":0.03982028732440992,""deflection_um"":100.49178623238194},{""pass_index"":3,""before_thickness_mm"":3.463794900364298,""after_thickness_mm"":3.0999999999999996,""radial_removal_mm"":0.3637949003642981,""radial_immersion"":0.030316241697024845,""deflection_um"":100.49178623238217}]",,,,
CHALLENGE_STATE,B2-0113,8.25,4.596280453165504,FAIL,true,,FAIL,scipy.optimize.SLSQP epigraph multi-start,true,Optimization terminated successfully,7,1.4962804531655043,,,0.36,100.50714326269804,-0.5071432626980368,0.0,0.0,6.110667527536862e-13,4.440892098500626e-16,true,"[0.6545213623074689,0.47791841866208723,0.36384067219594807]","[{""pass_index"":1,""before_thickness_mm"":4.596280453165504,""after_thickness_mm"":3.9417590908580356,""radial_removal_mm"":0.6545213623074689,""radial_immersion"":0.05454344685895574,""deflection_um"":100.5071432626972},{""pass_index"":2,""before_thickness_mm"":3.9417590908580356,""after_thickness_mm"":3.4638406721959485,""radial_removal_mm"":0.47791841866208723,""radial_immersion"":0.03982653488850727,""deflection_um"":100.50714326269804},{""pass_index"":3,""before_thickness_mm"":3.4638406721959485,""after_thickness_mm"":3.1000000000000005,""radial_removal_mm"":0.36384067219594807,""radial_immersion"":0.030320056016329006,""deflection_um"":100.50714326269782}]",,,,
CHALLENGE_STATE,B2-0114,8.50,4.596530453165504,FAIL,true,,FAIL,scipy.optimize.SLSQP epigraph multi-start,true,Optimization terminated successfully,7,1.4965304531655037,,,0.36,100.52249960901278,-0.5224996090127831,0.0,0.0,2.7426949600339867e-12,4.440892098500626e-16,true,"[0.654650624975454,0.47799338765646887,0.3638864405335809]","[{""pass_index"":1,""before_thickness_mm"":4.596530453165504,""after_thickness_mm"":3.94187982819005,""radial_removal_mm"":0.654650624975454,""radial_immersion"":0.0545542187479545,""deflection_um"":100.5224996090081},{""pass_index"":2,""before_thickness_mm"":3.94187982819005,""after_thickness_mm"":3.463886440533581,""radial_removal_mm"":0.47799338765646887,""radial_immersion"":0.03983278230470574,""deflection_um"":100.52249960900899},{""pass_index"":3,""before_thickness_mm"":3.463886440533581,""after_thickness_mm"":3.1000000000000005,""radial_removal_mm"":0.3638864405335809,""radial_immersion"":0.030323870044465073,""deflection_um"":100.52249960901278}]",,,,
CHALLENGE_STATE,B2-0115,8.75,4.596780453165504,FAIL,true,,FAIL,scipy.optimize.SLSQP epigraph multi-start,true,Optimization terminated successfully,7,1.496780453165504,,,0.36,100.53785527133766,-0.5378552713376621,0.0,0.0,1.2079226507921703e-12,0.0,true,"[0.6547798929117716,0.4780683548760662,0.36393220537766613]","[{""pass_index"":1,""before_thickness_mm"":4.596780453165504,""after_thickness_mm"":3.9420005602537325,""radial_removal_mm"":0.6547798929117716,""radial_immersion"":0.05456499107598097,""deflection_um"":100.53785527133766},{""pass_index"":2,""before_thickness_mm"":3.9420005602537325,""after_thickness_mm"":3.463932205377666,""radial_removal_mm"":0.4780683548760662,""radial_immersion"":0.039839029573005516,""deflection_um"":100.53785527133546},{""pass_index"":3,""before_thickness_mm"":3.463932205377666,""after_thickness_mm"":3.1,""radial_removal_mm"":0.36393220537766613,""radial_immersion"":0.030327683781472176,""deflection_um"":100.53785527133627}]",,,,
CHALLENGE_STATE,B2-0116,9.00,4.597030453165504,FAIL,true,,FAIL,scipy.optimize.SLSQP epigraph multi-start,true,Optimization terminated successfully,7,1.4970304531655043,,,0.36,100.55321024969791,-0.5532102496979121,0.0,0.0,2.6858515411731787e-12,0.0,true,"[0.6549091661158888,0.4781433203208986,0.36397796672871674]","[{""pass_index"":1,""before_thickness_mm"":4.597030453165504,""after_thickness_mm"":3.9421212870496154,""radial_removal_mm"":0.6549091661158888,""radial_immersion"":0.05457576384299073,""deflection_um"":100.55321024969791},{""pass_index"":2,""before_thickness_mm"":3.9421212870496154,""after_thickness_mm"":3.463977966728717,""radial_removal_mm"":0.4781433203208986,""radial_immersion"":0.03984527669340822,""deflection_um"":100.55321024969662},{""pass_index"":3,""before_thickness_mm"":3.463977966728717,""after_thickness_mm"":3.1,""radial_removal_mm"":0.36397796672871674,""radial_immersion"":0.03033149722739306,""deflection_um"":100.55321024969099}]",,,,
CHALLENGE_STATE,B2-0117,9.25,4.597280453165504,FAIL,true,,FAIL,scipy.optimize.SLSQP epigraph multi-start,true,Optimization terminated successfully,7,1.4972804531655037,,,0.36,100.56856454410482,-0.5685645441048166,0.0,0.0,5.684341886080801e-13,4.440892098500626e-16,true,"[0.6550384445872882,0.4782182839909585,0.36402372458725707]","[{""pass_index"":1,""before_thickness_mm"":4.597280453165504,""after_thickness_mm"":3.9422420085782157,""radial_removal_mm"":0.6550384445872882,""radial_immersion"":0.05458653704894068,""deflection_um"":100.56856454410362},{""pass_index"":2,""before_thickness_mm"":3.9422420085782157,""after_thickness_mm"":3.4640237245872574,""radial_removal_mm"":0.4782182839909585,""radial_immersion"":0.039851523665913206,""deflection_um"":100.56856454410482},{""pass_index"":3,""before_thickness_mm"":3.4640237245872574,""after_thickness_mm"":3.1000000000000005,""radial_removal_mm"":0.36402372458725707,""radial_immersion"":0.030335310382271424,""deflection_um"":100.56856454410425}]",,,,
CHALLENGE_STATE,B2-0118,9.50,4.597530453165504,FAIL,true,,FAIL,scipy.optimize.SLSQP epigraph multi-start,true,Optimization terminated successfully,7,1.497530453165504,,,0.36,100.58391815458364,-0.5839181545836425,0.0,0.0,2.3021584638627246e-12,0.0,true,"[0.6551677283254854,0.47829324588626404,0.3640694789537546]","[{""pass_index"":1,""before_thickness_mm"":4.597530453165504,""after_thickness_mm"":3.942362724840019,""radial_removal_mm"":0.6551677283254854,""radial_immersion"":0.05459731069379045,""deflection_um"":100.58391815457932},{""pass_index"":2,""before_thickness_mm"":3.942362724840019,""after_thickness_mm"":3.4640694789537547,""radial_removal_mm"":0.47829324588626404,""radial_immersion"":0.039857770490522006,""deflection_um"":100.58391815458364},{""pass_index"":3,""before_thickness_mm"":3.4640694789537547,""after_thickness_mm"":3.1,""radial_removal_mm"":0.3640694789537546,""radial_immersion"":0.030339123246146214,""deflection_um"":100.58391815458316}]",,,,
CHALLENGE_STATE,B2-0119,9.75,4.597780453165504,FAIL,true,,FAIL,scipy.optimize.SLSQP epigraph multi-start,true,Optimization terminated successfully,7,1.4977804531655043,,,0.36,100.59927108114972,-0.5992710811497233,0.0,0.0,3.282707439211663e-12,0.0,true,"[0.655297017329979,0.4783682060068057,0.36411522982871963]","[{""pass_index"":1,""before_thickness_mm"":4.597780453165504,""after_thickness_mm"":3.942483435835525,""radial_removal_mm"":0.655297017329979,""radial_immersion"":0.054608084777498254,""deflection_um"":100.59927108114375},{""pass_index"":2,""before_thickness_mm"":3.942483435835525,""after_thickness_mm"":3.4641152298287197,""radial_removal_mm"":0.4783682060068057,""radial_immersion"":0.039864017167233805,""deflection_um"":100.59927108114546},{""pass_index"":3,""before_thickness_mm"":3.4641152298287197,""after_thickness_mm"":3.1,""radial_removal_mm"":0.36411522982871963,""radial_immersion"":0.03034293581905997,""deflection_um"":100.59927108114972}]",,,,
CHALLENGE_STATE,B2-0120,10.00,4.598030453165504,FAIL,true,,FAIL,scipy.optimize.SLSQP epigraph multi-start,true,Optimization terminated successfully,7,1.4980304531655038,,,0.36,100.61462332381821,-0.6146233238182077,0.0,0.0,3.723243935382925e-12,0.0,true,"[0.6554263116002566,0.4784431643526192,0.3641609772126281]","[{""pass_index"":1,""before_thickness_mm"":4.598030453165504,""after_thickness_mm"":3.9426041415652473,""radial_removal_mm"":0.6554263116002566,""radial_immersion"":0.05461885930002138,""deflection_um"":100.61462332381441},{""pass_index"":2,""before_thickness_mm"":3.9426041415652473,""after_thickness_mm"":3.4641609772126283,""radial_removal_mm"":0.4784431643526192,""radial_immersion"":0.0398702636960516,""deflection_um"":100.61462332381821},{""pass_index"":3,""before_thickness_mm"":3.4641609772126283,""after_thickness_mm"":3.1,""radial_removal_mm"":0.3641609772126281,""radial_immersion"":0.03034674810105234,""deflection_um"":100.61462332381564}]",,,,
CHALLENGE_STATE,B2-0121,10.25,4.598280453165504,FAIL,true,,FAIL,scipy.optimize.SLSQP epigraph multi-start,true,Optimization terminated successfully,7,1.498280453165504,,,0.36,100.62997488261016,-0.6299748826101563,0.0,0.0,7.389644451905042e-13,0.0,true,"[0.6555556111358155,0.4785181209236825,0.3642067211060061]","[{""pass_index"":1,""before_thickness_mm"":4.598280453165504,""after_thickness_mm"":3.9427248420296888,""radial_removal_mm"":0.6555556111358155,""radial_immersion"":0.05462963426131796,""deflection_um"":100.62997488261016},{""pass_index"":2,""before_thickness_mm"":3.9427248420296888,""after_thickness_mm"":3.4642067211060064,""radial_removal_mm"":0.4785181209236825,""radial_immersion"":0.03987651007697354,""deflection_um"":100.62997488260966},{""pass_index"":3,""before_thickness_mm"":3.4642067211060064,""after_thickness_mm"":3.1,""radial_removal_mm"":0.3642067211060061,""radial_immersion"":0.030350560092167175,""deflection_um"":100.62997488260896}]",,,,
CHALLENGE_STATE,B2-0122,10.50,4.598530453165504,FAIL,true,,FAIL,scipy.optimize.SLSQP epigraph multi-start,true,Optimization terminated successfully,7,1.4985304531655035,,,0.36,100.64532575754485,-0.6453257575448532,0.0,0.0,4.263256414560601e-13,0.0,true,"[0.6556849159361318,0.4785930757200254,0.36425246150934637]","[{""pass_index"":1,""before_thickness_mm"":4.598530453165504,""after_thickness_mm"":3.942845537229372,""radial_removal_mm"":0.6556849159361318,""radial_immersion"":0.054640409661344314,""deflection_um"":100.64532575754458},{""pass_index"":2,""before_thickness_mm"":3.942845537229372,""after_thickness_mm"":3.4642524615093464,""radial_removal_mm"":0.4785930757200254,""radial_immersion"":0.03988275631000212,""deflection_um"":100.64532575754403},{""pass_index"":3,""before_thickness_mm"":3.4642524615093464,""after_thickness_mm"":3.1,""radial_removal_mm"":0.36425246150934637,""radial_immersion"":0.03035437179244553,""deflection_um"":100.64532575754485}]",,,,
CHALLENGE_STATE,B2-0123,10.75,4.598780453165504,FAIL,true,,FAIL,scipy.optimize.SLSQP epigraph multi-start,true,Optimization terminated successfully,7,1.4987804531655038,,,0.36,100.66067594863974,-0.6606759486397351,2.220446049250313e-16,0.0,5.684341886080802e-14,4.440892098500626e-16,true,"[0.6558142260007137,0.47866802874165026,0.3642981984231397]","[{""pass_index"":1,""before_thickness_mm"":4.598780453165504,""after_thickness_mm"":3.9429662271647903,""radial_removal_mm"":0.6558142260007137,""radial_immersion"":0.05465118550005948,""deflection_um"":100.66067594863974},{""pass_index"":2,""before_thickness_mm"":3.9429662271647903,""after_thickness_mm"":3.46429819842314,""radial_removal_mm"":0.47866802874165026,""radial_immersion"":0.03988900239513752,""deflection_um"":100.66067594863956},{""pass_index"":3,""before_thickness_mm"":3.46429819842314,""after_thickness_mm"":3.1000000000000005,""radial_removal_mm"":0.3642981984231397,""radial_immersion"":0.030358183201928308,""deflection_um"":100.6606759486396}]",,,,
CHALLENGE_STATE,B2-0124,11.00,4.599030453165504,FAIL,true,,FAIL,scipy.optimize.SLSQP epigraph multi-start,true,Optimization terminated successfully,7,1.499030453165504,,,0.36,100.67602545591511,-0.6760254559151093,2.220446049250313e-16,0.0,1.7621459846850485e-12,4.440892098500626e-16,true,"[0.6559435413290466,0.47874297998857107,0.36434393184788655]","[{""pass_index"":1,""before_thickness_mm"":4.599030453165504,""after_thickness_mm"":3.9430869118364575,""radial_removal_mm"":0.6559435413290466,""radial_immersion"":0.054661961777420554,""deflection_um"":100.67602545591149},{""pass_index"":2,""before_thickness_mm"":3.9430869118364575,""after_thickness_mm"":3.4643439318478864,""radial_removal_mm"":0.47874297998857107,""radial_immersion"":0.03989524833238092,""deflection_um"":100.67602545591511},{""pass_index"":3,""before_thickness_mm"":3.4643439318478864,""after_thickness_mm"":3.0999999999999996,""radial_removal_mm"":0.36434393184788655,""radial_immersion"":0.030361994320657212,""deflection_um"":100.67602545591367}]",,,,
CHALLENGE_STATE,B2-0125,11.25,4.599280453165504,FAIL,true,,FAIL,scipy.optimize.SLSQP epigraph multi-start,true,Optimization terminated successfully,7,1.4992804531655035,,,0.36,100.6913742793888,-0.6913742793887963,0.0,0.0,4.817479748453479e-12,0.0,true,"[0.6560728619206633,0.47881792946076956,0.36438966178407073]","[{""pass_index"":1,""before_thickness_mm"":4.599280453165504,""after_thickness_mm"":3.9432075912448403,""radial_removal_mm"":0.6560728619206633,""radial_immersion"":0.054672738493388606,""deflection_um"":100.6913742793888},{""pass_index"":2,""before_thickness_mm"":3.9432075912448403,""after_thickness_mm"":3.464389661784071,""radial_removal_mm"":0.47881792946076956,""radial_immersion"":0.039901494121730795,""deflection_um"":100.69137427938416},{""pass_index"":3,""before_thickness_mm"":3.464389661784071,""after_thickness_mm"":3.1,""radial_removal_mm"":0.36438966178407073,""radial_immersion"":0.03036580514867256,""deflection_um"":100.69137427937899}]",,,,
CHALLENGE_STATE,B2-0126,11.50,4.599530453165504,FAIL,true,,FAIL,scipy.optimize.SLSQP epigraph multi-start,true,Optimization terminated successfully,7,1.4995304531655038,,,0.36,100.70672241907353,-0.7067224190735288,0.0,0.0,3.822719918389339e-12,4.440892098500626e-16,true,"[0.6562021877749902,0.47889287715829704,0.3644353882322167]","[{""pass_index"":1,""before_thickness_mm"":4.599530453165504,""after_thickness_mm"":3.9433282653905137,""radial_removal_mm"":0.6562021877749902,""radial_immersion"":0.05468351564791585,""deflection_um"":100.70672241907162},{""pass_index"":2,""before_thickness_mm"":3.9433282653905137,""after_thickness_mm"":3.4644353882322165,""radial_removal_mm"":0.47889287715829704,""radial_immersion"":0.03990773976319142,""deflection_um"":100.70672241907353},{""pass_index"":3,""before_thickness_mm"":3.4644353882322165,""after_thickness_mm"":3.0999999999999996,""radial_removal_mm"":0.3644353882322167,""radial_immersion"":0.03036961568601806,""deflection_um"":100.70672241906423}]",,,,
CHALLENGE_STATE,B2-0127,11.75,4.599780453165504,FAIL,true,,FAIL,scipy.optimize.SLSQP epigraph multi-start,true,Optimization terminated successfully,7,1.4997804531655041,,,0.36,100.72206987499196,-0.7220698749919592,0.0,0.0,2.4868995751603507e-12,0.0,true,"[0.6563315188915714,0.47896782308110936,0.3644811111928234]","[{""pass_index"":1,""before_thickness_mm"":4.599780453165504,""after_thickness_mm"":3.943448934273933,""radial_removal_mm"":0.6563315188915714,""radial_immersion"":0.05469429324096428,""deflection_um"":100.72206987499196},{""pass_index"":2,""before_thickness_mm"":3.943448934273933,""after_thickness_mm"":3.4644811111928235,""radial_removal_mm"":0.47896782308110936,""radial_immersion"":0.03991398525675911,""deflection_um"":100.72206987498825},{""pass_index"":3,""before_thickness_mm"":3.4644811111928235,""after_thickness_mm"":3.1,""radial_removal_mm"":0.3644811111928234,""radial_immersion"":0.030373425932735284,""deflection_um"":100.72206987498816}]",,,,
CHALLENGE_STATE,B2-0128,12.00,4.600030453165504,FAIL,true,,FAIL,scipy.optimize.SLSQP epigraph multi-start,true,Optimization terminated successfully,7,1.5000304531655035,,,0.36,100.73741664716223,-0.7374166471622345,0.0,0.0,1.3216094885137863e-12,0.0,true,"[0.6564608552698772,0.4790427672292656,0.36452683066636066]","[{""pass_index"":1,""before_thickness_mm"":4.600030453165504,""after_thickness_mm"":3.9435695978956264,""radial_removal_mm"":0.6564608552698772,""radial_immersion"":0.05470507127248977,""deflection_um"":100.73741664716128},{""pass_index"":2,""before_thickness_mm"":3.9435695978956264,""after_thickness_mm"":3.464526830666361,""radial_removal_mm"":0.4790427672292656,""radial_immersion"":0.0399202306024388,""deflection_um"":100.73741664716223},{""pass_index"":3,""before_thickness_mm"":3.464526830666361,""after_thickness_mm"":3.1,""radial_removal_mm"":0.36452683066636066,""radial_immersion"":0.030377235888863388,""deflection_um"":100.73741664715912}]",,,,
CHALLENGE_STATE,B2-0129,12.25,4.600280453165504,FAIL,true,,FAIL,scipy.optimize.SLSQP epigraph multi-start,true,Optimization terminated successfully,7,1.5002804531655038,,,0.36,100.75276273560493,-0.7527627356049322,0.0,0.0,1.8332002582610585e-12,0.0,true,"[0.6565901969094263,0.4791177096027344,0.3645725466533432]","[{""pass_index"":1,""before_thickness_mm"":4.600280453165504,""after_thickness_mm"":3.943690256256078,""radial_removal_mm"":0.6565901969094263,""radial_immersion"":0.054715849742452194,""deflection_um"":100.75276273560493},{""pass_index"":2,""before_thickness_mm"":3.943690256256078,""after_thickness_mm"":3.4645725466533435,""radial_removal_mm"":0.4791177096027344,""radial_immersion"":0.039926475800227866,""deflection_um"":100.75276273560168},{""pass_index"":3,""before_thickness_mm"":3.4645725466533435,""after_thickness_mm"":3.1,""radial_removal_mm"":0.3645725466533432,""radial_immersion"":0.030381045554445266,""deflection_um"":100.75276273560242}]",,,,
CHALLENGE_STATE,B2-0130,12.50,4.600530453165504,FAIL,true,,FAIL,scipy.optimize.SLSQP epigraph multi-start,true,Optimization terminated successfully,7,1.5005304531655042,,,0.36,100.76810814033553,-0.7681081403355279,2.220446049250313e-16,0.0,1.3642420526593924e-12,0.0,true,"[0.6567195438096926,0.4791926502015534,0.364618259154258]","[{""pass_index"":1,""before_thickness_mm"":4.600530453165504,""after_thickness_mm"":3.9438109093558116,""radial_removal_mm"":0.6567195438096926,""radial_immersion"":0.05472662865080771,""deflection_um"":100.76810814033553},{""pass_index"":2,""before_thickness_mm"":3.9438109093558116,""after_thickness_mm"":3.4646182591542583,""radial_removal_mm"":0.4791926502015534,""radial_immersion"":0.03993272085012945,""deflection_um"":100.76810814033439},{""pass_index"":3,""before_thickness_mm"":3.4646182591542583,""after_thickness_mm"":3.1,""radial_removal_mm"":0.364618259154258,""radial_immersion"":0.0303848549295215,""deflection_um"":100.76810814033225}]",,,,
CHALLENGE_STATE,B2-0131,12.75,4.600780453165504,FAIL,true,,FAIL,scipy.optimize.SLSQP epigraph multi-start,true,Optimization terminated successfully,7,1.5007804531655036,,,0.36,100.78345286137387,-0.783452861373874,0.0,0.0,1.1368683772161603e-12,0.0,true,"[0.6568488959701689,0.4792675890257183,0.3646639681696162]","[{""pass_index"":1,""before_thickness_mm"":4.600780453165504,""after_thickness_mm"":3.943931557195335,""radial_removal_mm"":0.6568488959701689,""radial_immersion"":0.05473740799751408,""deflection_um"":100.7834528613714},{""pass_index"":2,""before_thickness_mm"":3.943931557195335,""after_thickness_mm"":3.4646639681696163,""radial_removal_mm"":0.4792675890257183,""radial_immersion"":0.039938965752143195,""deflection_um"":100.78345286137387},{""pass_index"":3,""before_thickness_mm"":3.4646639681696163,""after_thickness_mm"":3.1,""radial_removal_mm"":0.3646639681696162,""radial_immersion"":0.030388664014134686,""deflection_um"":100.78345286137302}]",,,,
CHALLENGE_STATE,B2-0132,13.00,4.601030453165504,FAIL,true,,FAIL,scipy.optimize.SLSQP epigraph multi-start,true,Optimization terminated successfully,7,1.5010304531655039,,,0.36,100.79879689873965,-0.7987968987396528,0.0,0.0,2.2168933355715126e-12,4.440892098500626e-16,true,"[0.6569782533903666,0.4793425260752293,0.3647096736999079]","[{""pass_index"":1,""before_thickness_mm"":4.601030453165504,""after_thickness_mm"":3.9440521997751374,""radial_removal_mm"":0.6569782533903666,""radial_immersion"":0.05474818778253055,""deflection_um"":100.7987968987349},{""pass_index"":2,""before_thickness_mm"":3.9440521997751374,""after_thickness_mm"":3.4647096736999083,""radial_removal_mm"":0.4793425260752293,""radial_immersion"":0.03994521050626911,""deflection_um"":100.79879689873724},{""pass_index"":3,""before_thickness_mm"":3.4647096736999083,""after_thickness_mm"":3.1000000000000005,""radial_removal_mm"":0.3647096736999079,""radial_immersion"":0.03039247280832566,""deflection_um"":100.79879689873965}]",,,,
CHALLENGE_STATE,B2-0133,13.25,4.601280453165504,FAIL,true,,FAIL,scipy.optimize.SLSQP epigraph multi-start,true,Optimization terminated successfully,7,1.5012804531655042,,,0.36,100.81414025244662,-0.8141402524466201,0.0,0.0,4.121147867408581e-13,4.440892098500626e-16,true,"[0.6571076160697851,0.4794174613501017,0.36475537574561745]","[{""pass_index"":1,""before_thickness_mm"":4.601280453165504,""after_thickness_mm"":3.944172837095719,""radial_removal_mm"":0.6571076160697851,""radial_immersion"":0.05475896800581542,""deflection_um"":100.81414025244615},{""pass_index"":2,""before_thickness_mm"":3.944172837095719,""after_thickness_mm"":3.464755375745617,""radial_removal_mm"":0.4794174613501017,""radial_immersion"":0.03995145511250848,""deflection_um"":100.81414025244626},{""pass_index"":3,""before_thickness_mm"":3.464755375745617,""after_thickness_mm"":3.0999999999999996,""radial_removal_mm"":0.36475537574561745,""radial_immersion"":0.030396281312134787,""deflection_um"":100.81414025244662}]",,,,
CHALLENGE_STATE,B2-0134,13.50,4.601530453165504,FAIL,true,,FAIL,scipy.optimize.SLSQP epigraph multi-start,true,Optimization terminated successfully,7,1.5015304531655036,,,0.36,100.82948292252051,-0.829482922520512,0.0,0.0,2.3590018827235326e-12,0.0,true,"[0.6572369840078914,0.479492394850355,0.36480107430725717]","[{""pass_index"":1,""before_thickness_mm"":4.601530453165504,""after_thickness_mm"":3.9442934691576124,""radial_removal_mm"":0.6572369840078914,""radial_immersion"":0.054769748667324286,""deflection_um"":100.82948292251625},{""pass_index"":2,""before_thickness_mm"":3.9442934691576124,""after_thickness_mm"":3.4648010743072573,""radial_removal_mm"":0.479492394850355,""radial_immersion"":0.03995769957086292,""deflection_um"":100.82948292252051},{""pass_index"":3,""before_thickness_mm"":3.4648010743072573,""after_thickness_mm"":3.1,""radial_removal_mm"":0.36480107430725717,""radial_immersion"":0.030400089525604763,""deflection_um"":100.829482922518}]",,,,
CHALLENGE_STATE,B2-0135,13.75,4.601780453165504,FAIL,true,,FAIL,scipy.optimize.SLSQP epigraph multi-start,true,Optimization terminated successfully,7,1.501780453165504,,,0.36,100.84482490897543,-0.8448249089754256,0.0,0.0,3.723243935382925e-12,0.0,true,"[0.6573663572041952,0.47956732657598566,0.36484676938532307]","[{""pass_index"":1,""before_thickness_mm"":4.601780453165504,""after_thickness_mm"":3.9444140959613088,""radial_removal_mm"":0.6573663572041952,""radial_immersion"":0.05478052976701627,""deflection_um"":100.844824908967},{""pass_index"":2,""before_thickness_mm"":3.9444140959613088,""after_thickness_mm"":3.464846769385323,""radial_removal_mm"":0.47956732657598566,""radial_immersion"":0.03996394388133214,""deflection_um"":100.84482490897543},{""pass_index"":3,""before_thickness_mm"":3.464846769385323,""after_thickness_mm"":3.1,""radial_removal_mm"":0.36484676938532307,""radial_immersion"":0.03040389744877692,""deflection_um"":100.84482490897231}]",,,,
CHALLENGE_STATE,B2-0136,14.00,4.602030453165504,FAIL,true,,FAIL,scipy.optimize.SLSQP epigraph multi-start,true,Optimization terminated successfully,7,1.5020304531655042,,,0.36,100.86016621182806,-0.8601662118280586,0.0,0.0,2.7995383788947947e-12,0.0,true,"[0.6574957356582163,0.47964225652698955,0.3648924609802984]","[{""pass_index"":1,""before_thickness_mm"":4.602030453165504,""after_thickness_mm"":3.9445347175072882,""radial_removal_mm"":0.6574957356582163,""radial_immersion"":0.054791311304851355,""deflection_um"":100.86016621182439},{""pass_index"":2,""before_thickness_mm"":3.9445347175072882,""after_thickness_mm"":3.4648924609802987,""radial_removal_mm"":0.47964225652698955,""radial_immersion"":0.0399701880439158,""deflection_um"":100.86016621182806},{""pass_index"":3,""before_thickness_mm"":3.4648924609802987,""after_thickness_mm"":3.1,""radial_removal_mm"":0.3648924609802984,""radial_immersion"":0.030407705081691536,""deflection_um"":100.86016621182372}]",,,,
CHALLENGE_STATE,B2-0137,14.25,4.602280453165504,FAIL,true,,FAIL,scipy.optimize.SLSQP epigraph multi-start,true,Optimization terminated successfully,7,1.5022804531655036,,,0.36,100.87550683109752,-0.8755068310975247,0.0,0.0,0.0,4.440892098500626e-16,true,"[0.6576251193694168,0.47971718470338487,0.36493814909270206]","[{""pass_index"":1,""before_thickness_mm"":4.602280453165504,""after_thickness_mm"":3.944655333796087,""radial_removal_mm"":0.6576251193694168,""radial_immersion"":0.05480209328078473,""deflection_um"":100.87550683109751},{""pass_index"":2,""before_thickness_mm"":3.944655333796087,""after_thickness_mm"":3.464938149092702,""radial_removal_mm"":0.47971718470338487,""radial_immersion"":0.0399764320586154,""deflection_um"":100.87550683109744},{""pass_index"":3,""before_thickness_mm"":3.464938149092702,""after_thickness_mm"":3.0999999999999996,""radial_removal_mm"":0.36493814909270206,""radial_immersion"":0.03041151242439184,""deflection_um"":100.87550683109752}]",,,,
CHALLENGE_STATE,B2-0138,14.50,4.602530453165504,FAIL,true,,FAIL,scipy.optimize.SLSQP epigraph multi-start,true,Optimization terminated successfully,7,1.502530453165504,,,0.36,100.89084676680706,-0.8908467668070585,2.220446049250313e-16,0.0,1.1368683772161603e-13,0.0,true,"[0.6577545083372986,0.4797921111051929,0.3649838337230123]","[{""pass_index"":1,""before_thickness_mm"":4.602530453165504,""after_thickness_mm"":3.9447759448282054,""radial_removal_mm"":0.6577545083372986,""radial_immersion"":0.05481287569477489,""deflection_um"":100.89084676680706},{""pass_index"":2,""before_thickness_mm"":3.9447759448282054,""after_thickness_mm"":3.4649838337230126,""radial_removal_mm"":0.4797921111051929,""radial_immersion"":0.03998267592543274,""deflection_um"":100.89084676680699},{""pass_index"":3,""before_thickness_mm"":3.4649838337230126,""after_thickness_mm"":3.1,""radial_removal_mm"":0.3649838337230123,""radial_immersion"":0.030415319476917693,""deflection_um"":100.89084676680703}]",,,,
CHALLENGE_STATE,B2-0139,14.75,4.602780453165504,FAIL,true,,FAIL,scipy.optimize.SLSQP epigraph multi-start,true,Optimization terminated successfully,7,1.5027804531655042,,,0.36,100.9061860189729,-0.9061860189729032,0.0,0.0,4.405364961712621e-13,0.0,true,"[0.6578839025613629,0.4798670357324113,0.36502951487172997]","[{""pass_index"":1,""before_thickness_mm"":4.602780453165504,""after_thickness_mm"":3.9448965506041413,""radial_removal_mm"":0.6578839025613629,""radial_immersion"":0.054823658546780236,""deflection_um"":100.9061860189729},{""pass_index"":2,""before_thickness_mm"":3.9448965506041413,""after_thickness_mm"":3.46502951487173,""radial_removal_mm"":0.4798670357324113,""radial_immersion"":0.039988919644367606,""deflection_um"":100.90618601897201},{""pass_index"":3,""before_thickness_mm"":3.46502951487173,""after_thickness_mm"":3.1,""radial_removal_mm"":0.36502951487172997,""radial_immersion"":0.03041912623931083,""deflection_um"":100.90618601897246}]",,,,
CHALLENGE_STATE,B2-0140,15.00,4.603030453165504,FAIL,true,,FAIL,scipy.optimize.SLSQP epigraph multi-start,true,Optimization terminated successfully,7,1.5030304531655037,,,0.36,100.92152458761247,-0.9215245876124669,0.0,0.0,1.1368683772161603e-13,0.0,true,"[0.6580133020410992,0.4799419585850523,0.3650751925393521]","[{""pass_index"":1,""before_thickness_mm"":4.603030453165504,""after_thickness_mm"":3.9450171511244045,""radial_removal_mm"":0.6580133020410992,""radial_immersion"":0.054834441836758264,""deflection_um"":100.92152458761247},{""pass_index"":2,""before_thickness_mm"":3.9450171511244045,""after_thickness_mm"":3.465075192539352,""radial_removal_mm"":0.4799419585850523,""radial_immersion"":0.03999516321542102,""deflection_um"":100.92152458761204},{""pass_index"":3,""before_thickness_mm"":3.465075192539352,""after_thickness_mm"":3.1,""radial_removal_mm"":0.3650751925393521,""radial_immersion"":0.030422932711612675,""deflection_um"":100.92152458761241}]",,,,
CHALLENGE_STATE,B2-0141,15.25,4.603280453165504,FAIL,true,,FAIL,scipy.optimize.SLSQP epigraph multi-start,true,Optimization terminated successfully,7,1.503280453165504,,,0.36,100.9368624727457,-0.9368624727457018,2.220446049250313e-16,0.0,3.979039320256561e-13,4.440892098500626e-16,true,"[0.6581427067760085,0.48001687966312306,0.36512086672637256]","[{""pass_index"":1,""before_thickness_mm"":4.603280453165504,""after_thickness_mm"":3.9451377463894954,""radial_removal_mm"":0.6581427067760085,""radial_immersion"":0.05484522556466737,""deflection_um"":100.93686247274536},{""pass_index"":2,""before_thickness_mm"":3.9451377463894954,""after_thickness_mm"":3.465120866726372,""radial_removal_mm"":0.48001687966312306,""radial_immersion"":0.04000140663859359,""deflection_um"":100.9368624727457},{""pass_index"":3,""before_thickness_mm"":3.465120866726372,""after_thickness_mm"":3.0999999999999996,""radial_removal_mm"":0.36512086672637256,""radial_immersion"":0.03042673889386438,""deflection_um"":100.93686247274499}]",,,,
CHALLENGE_STATE,B2-0142,15.50,4.603530453165504,FAIL,true,,FAIL,scipy.optimize.SLSQP epigraph multi-start,true,Optimization terminated successfully,7,1.5035304531655043,,,0.36,100.95219967439145,-0.9521996743914514,2.220446049250313e-16,0.0,1.4495071809506044e-12,0.0,true,"[0.6582721167655898,0.48009179896662485,0.3651665374332897]","[{""pass_index"":1,""before_thickness_mm"":4.603530453165504,""after_thickness_mm"":3.9452583363999145,""radial_removal_mm"":0.6582721167655898,""radial_immersion"":0.05485600973046582,""deflection_um"":100.95219967439145},{""pass_index"":2,""before_thickness_mm"":3.9452583363999145,""after_thickness_mm"":3.46516653743329,""radial_removal_mm"":0.48009179896662485,""radial_immersion"":0.040007649913885404,""deflection_um"":100.95219967438946},{""pass_index"":3,""before_thickness_mm"":3.46516653743329,""after_thickness_mm"":3.1,""radial_removal_mm"":0.3651665374332897,""radial_immersion"":0.030430544786107475,""deflection_um"":100.9521996743893}]",,,,
CHALLENGE_STATE,B2-0143,15.75,4.603780453165504,FAIL,true,,FAIL,scipy.optimize.SLSQP epigraph multi-start,true,Optimization terminated successfully,7,1.5037804531655037,,,0.36,100.96753619256607,-0.9675361925660724,0.0,0.0,1.2363443602225743e-12,0.0,true,"[0.6584015320093272,0.4801667164955755,0.36521220466060106]","[{""pass_index"":1,""before_thickness_mm"":4.603780453165504,""after_thickness_mm"":3.9453789211561765,""radial_removal_mm"":0.6584015320093272,""radial_immersion"":0.0548667943341106,""deflection_um"":100.96753619256607},{""pass_index"":2,""before_thickness_mm"":3.9453789211561765,""after_thickness_mm"":3.465212204660601,""radial_removal_mm"":0.4801667164955755,""radial_immersion"":0.04001389304129796,""deflection_um"":100.96753619256495},{""pass_index"":3,""before_thickness_mm"":3.465212204660601,""after_thickness_mm"":3.1,""radial_removal_mm"":0.36521220466060106,""radial_immersion"":0.03043435038838342,""deflection_um"":100.96753619256532}]",,,,
CHALLENGE_STATE,B2-0144,16.00,4.604030453165504,FAIL,true,,FAIL,scipy.optimize.SLSQP epigraph multi-start,true,Optimization terminated successfully,7,1.504030453165504,,,0.36,100.98287202729004,-0.9828720272900426,2.220446049250313e-16,0.0,4.263256414560601e-13,4.440892098500626e-16,true,"[0.6585309525067232,0.48024163224998134,0.3652578684087992]","[{""pass_index"":1,""before_thickness_mm"":4.604030453165504,""after_thickness_mm"":3.945499500658781,""radial_removal_mm"":0.6585309525067232,""radial_immersion"":0.054877579375560266,""deflection_um"":100.98287202729004},{""pass_index"":2,""before_thickness_mm"":3.945499500658781,""after_thickness_mm"":3.4652578684088,""radial_removal_mm"":0.48024163224998134,""radial_immersion"":0.04002013602083178,""deflection_um"":100.98287202728913},{""pass_index"":3,""before_thickness_mm"":3.4652578684088,""after_thickness_mm"":3.1000000000000005,""radial_removal_mm"":0.3652578684087992,""radial_immersion"":0.030438155700733268,""deflection_um"":100.98287202728984}]",,,,
CHALLENGE_STATE,B2-0145,16.25,4.604280453165504,FAIL,true,,FAIL,scipy.optimize.SLSQP epigraph multi-start,true,Optimization terminated successfully,7,1.5042804531655043,,,0.36,100.99820717858536,-0.9982071785853606,2.220446049250313e-16,0.0,3.424815986363683e-12,4.440892098500626e-16,true,"[0.6586603782572871,0.48031654622985276,0.3653035286783643]","[{""pass_index"":1,""before_thickness_mm"":4.604280453165504,""after_thickness_mm"":3.9456200749082173,""radial_removal_mm"":0.6586603782572871,""radial_immersion"":0.05488836485477392,""deflection_um"":100.99820717858536},{""pass_index"":2,""before_thickness_mm"":3.9456200749082173,""after_thickness_mm"":3.4653035286783647,""radial_removal_mm"":0.48031654622985276,""radial_immersion"":0.04002637885248773,""deflection_um"":100.99820717858393},{""pass_index"":3,""before_thickness_mm"":3.4653035286783647,""after_thickness_mm"":3.1000000000000005,""radial_removal_mm"":0.3653035286783643,""radial_immersion"":0.030441960723197024,""deflection_um"":100.99820717857749}]",,,,
CHALLENGE_STATE,B2-0146,16.50,4.604530453165504,FAIL,true,,FAIL,scipy.optimize.SLSQP epigraph multi-start,true,Optimization terminated successfully,7,1.5045304531655037,,,0.36,101.01354164646166,-1.0135416464616611,0.0,0.0,1.0658141036401503e-12,0.0,true,"[0.6587898092604803,0.4803914584351877,0.36534918546983575]","[{""pass_index"":1,""before_thickness_mm"":4.604530453165504,""after_thickness_mm"":3.9457406439050233,""radial_removal_mm"":0.6587898092604803,""radial_immersion"":0.054899150771706685,""deflection_um"":101.01354164646166},{""pass_index"":2,""before_thickness_mm"":3.9457406439050233,""after_thickness_mm"":3.4653491854698357,""radial_removal_mm"":0.4803914584351877,""radial_immersion"":0.04003262153626564,""deflection_um"":101.01354164646085},{""pass_index"":3,""before_thickness_mm"":3.4653491854698357,""after_thickness_mm"":3.1,""radial_removal_mm"":0.36534918546983575,""radial_immersion"":0.030445765455819646,""deflection_um"":101.01354164646082}]",,,,
CHALLENGE_STATE,B2-0147,16.75,4.604780453165504,FAIL,true,,FAIL,scipy.optimize.SLSQP epigraph multi-start,true,Optimization terminated successfully,7,1.504780453165504,,,0.36,101.0288754309472,-1.0288754309471955,2.220446049250313e-16,0.0,1.7053025658242404e-12,0.0,true,"[0.658919245515836,0.48046636886599714,0.3653948387836709]","[{""pass_index"":1,""before_thickness_mm"":4.604780453165504,""after_thickness_mm"":3.945861207649668,""radial_removal_mm"":0.658919245515836,""radial_immersion"":0.05490993712631967,""deflection_um"":101.0288754309472},{""pass_index"":2,""before_thickness_mm"":3.945861207649668,""after_thickness_mm"":3.465394838783671,""radial_removal_mm"":0.48046636886599714,""radial_immersion"":0.040038864072166426,""deflection_um"":101.02887543094285},{""pass_index"":3,""before_thickness_mm"":3.465394838783671,""after_thickness_mm"":3.1,""radial_removal_mm"":0.3653948387836709,""radial_immersion"":0.030449569898639242,""deflection_um"":101.02887543094563}]",,,,
CHALLENGE_STATE,B2-0148,17.00,4.605030453165504,FAIL,true,,FAIL,scipy.optimize.SLSQP epigraph multi-start,true,Optimization terminated successfully,7,1.5050304531655043,,,0.36,101.04420853205383,-1.0442085320538297,0.0,0.0,2.2737367544323206e-13,0.0,true,"[0.6590486870228214,0.4805412775223122,0.3654404886203708]","[{""pass_index"":1,""before_thickness_mm"":4.605030453165504,""after_thickness_mm"":3.9459817661426833,""radial_removal_mm"":0.6590486870228214,""radial_immersion"":0.05492072391856845,""deflection_um"":101.04420853205362},{""pass_index"":2,""before_thickness_mm"":3.9459817661426833,""after_thickness_mm"":3.465440488620371,""radial_removal_mm"":0.4805412775223122,""radial_immersion"":0.04004510646019268,""deflection_um"":101.04420853205342},{""pass_index"":3,""before_thickness_mm"":3.465440488620371,""after_thickness_mm"":3.1,""radial_removal_mm"":0.3654404886203708,""radial_immersion"":0.030453374051697568,""deflection_um"":101.04420853205383}]",,,,
CHALLENGE_STATE,B2-0149,17.25,4.605280453165504,FAIL,true,,FAIL,scipy.optimize.SLSQP epigraph multi-start,true,Optimization terminated successfully,7,1.5052804531655037,,,0.36,101.05954094980594,-1.0595409498059354,2.220446049250313e-16,0.0,9.947598300641403e-13,0.0,true,"[0.6591781337809576,0.48061618440411064,0.36548613498043564]","[{""pass_index"":1,""before_thickness_mm"":4.605280453165504,""after_thickness_mm"":3.946102319384546,""radial_removal_mm"":0.6591781337809576,""radial_immersion"":0.05493151114841313,""deflection_um"":101.05954094980594},{""pass_index"":2,""before_thickness_mm"":3.946102319384546,""after_thickness_mm"":3.4654861349804356,""radial_removal_mm"":0.48061618440411064,""radial_immersion"":0.040051348700342555,""deflection_um"":101.05954094980372},{""pass_index"":3,""before_thickness_mm"":3.4654861349804356,""after_thickness_mm"":3.1,""radial_removal_mm"":0.36548613498043564,""radial_immersion"":0.030457177915036302,""deflection_um"":101.0595409498053}]",,,,
CHALLENGE_STATE,B2-0150,17.50,4.605530453165504,FAIL,true,,FAIL,scipy.optimize.SLSQP epigraph multi-start,true,Optimization terminated successfully,7,1.505530453165504,,,0.36,101.07487268421868,-1.0748726842186755,0.0,0.0,8.526512829121202e-13,4.440892098500626e-16,true,"[0.6593075857897247,0.48069108951141737,0.365531777864362]","[{""pass_index"":1,""before_thickness_mm"":4.605530453165504,""after_thickness_mm"":3.9462228673757793,""radial_removal_mm"":0.6593075857897247,""radial_immersion"":0.05494229881581039,""deflection_um"":101.07487268421868},{""pass_index"":2,""before_thickness_mm"":3.9462228673757793,""after_thickness_mm"":3.4655317778643617,""radial_removal_mm"":0.48069108951141737,""radial_immersion"":0.040057590792618114,""deflection_um"":101.0748726842161},{""pass_index"":3,""before_thickness_mm"":3.4655317778643617,""after_thickness_mm"":3.0999999999999996,""radial_removal_mm"":0.365531777864362,""radial_immersion"":0.03046098148869683,""deflection_um"":101.07487268421848}]",,,,
CHALLENGE_STATE,B2-0151,17.75,4.605780453165504,FAIL,true,,FAIL,scipy.optimize.SLSQP epigraph multi-start,true,Optimization terminated successfully,7,1.5057804531655044,,,0.36,101.09020373531146,-1.0902037353114622,0.0,0.0,6.394884621840902e-13,4.440892098500626e-16,true,"[0.6594370430486207,0.48076599284424654,0.36557741727263726]","[{""pass_index"":1,""before_thickness_mm"":4.605780453165504,""after_thickness_mm"":3.9463434101168837,""radial_removal_mm"":0.6594370430486207,""radial_immersion"":0.054953086920718396,""deflection_um"":101.0902037353111},{""pass_index"":2,""before_thickness_mm"":3.9463434101168837,""after_thickness_mm"":3.465577417272637,""radial_removal_mm"":0.48076599284424654,""radial_immersion"":0.04006383273702054,""deflection_um"":101.09020373531146},{""pass_index"":3,""before_thickness_mm"":3.465577417272637,""after_thickness_mm"":3.0999999999999996,""radial_removal_mm"":0.36557741727263726,""radial_immersion"":0.030464784772719772,""deflection_um"":101.090203735311}]",,,,
CHALLENGE_STATE,B2-0152,18.00,4.606030453165504,FAIL,true,,FAIL,scipy.optimize.SLSQP epigraph multi-start,true,Optimization terminated successfully,7,1.5060304531655038,,,0.36,101.10553410310501,-1.1055341031050148,0.0,0.0,1.2079226507921703e-12,0.0,true,"[0.6595665055571529,0.4808408944025871,0.36562305320576377]","[{""pass_index"":1,""before_thickness_mm"":4.606030453165504,""after_thickness_mm"":3.946463947608351,""radial_removal_mm"":0.6595665055571529,""radial_immersion"":0.05496387546309608,""deflection_um"":101.10553410310501},{""pass_index"":2,""before_thickness_mm"":3.946463947608351,""after_thickness_mm"":3.4656230532057637,""radial_removal_mm"":0.4808408944025871,""radial_immersion"":0.040070074533548924,""deflection_um"":101.10553410310334},{""pass_index"":3,""before_thickness_mm"":3.4656230532057637,""after_thickness_mm"":3.1,""radial_removal_mm"":0.36562305320576377,""radial_immersion"":0.03046858776714698,""deflection_um"":101.10553410310426}]",,,,
CHALLENGE_STATE,B2-0153,18.25,4.606280453165504,FAIL,true,,FAIL,scipy.optimize.SLSQP epigraph multi-start,true,Optimization terminated successfully,7,1.506280453165504,,,0.36,101.1208637876161,-1.120863787616102,0.0,0.0,1.1652900866465643e-12,0.0,true,"[0.6596959733147991,0.4809157941864686,0.3656686856642363]","[{""pass_index"":1,""before_thickness_mm"":4.606280453165504,""after_thickness_mm"":3.946584479850705,""radial_removal_mm"":0.6596959733147991,""radial_immersion"":0.054974664442899925,""deflection_um"":101.12086378761431},{""pass_index"":2,""before_thickness_mm"":3.946584479850705,""after_thickness_mm"":3.4656686856642365,""radial_removal_mm"":0.4809157941864686,""radial_immersion"":0.040076316182205717,""deflection_um"":101.12086378761516},{""pass_index"":3,""before_thickness_mm"":3.4656686856642365,""after_thickness_mm"":3.1,""radial_removal_mm"":0.3656686856642363,""radial_immersion"":0.030472390472019693,""deflection_um"":101.1208637876161}]",,,,
CHALLENGE_STATE,B2-0154,18.50,4.606530453165504,FAIL,true,,FAIL,scipy.optimize.SLSQP epigraph multi-start,true,Optimization terminated successfully,7,1.5065304531655035,,,0.36,101.13619278886851,-1.136192788868513,2.220446049250313e-16,0.0,5.329070518200751e-12,0.0,true,"[0.6598254463210796,0.48099069219589985,0.36571431464852383]","[{""pass_index"":1,""before_thickness_mm"":4.606530453165504,""after_thickness_mm"":3.946705006844424,""radial_removal_mm"":0.6598254463210796,""radial_immersion"":0.05498545386008997,""deflection_um"":101.13619278886374},{""pass_index"":2,""before_thickness_mm"":3.946705006844424,""after_thickness_mm"":3.465714314648524,""radial_removal_mm"":0.48099069219589985,""radial_immersion"":0.040082557682991654,""deflection_um"":101.13619278886851},{""pass_index"":3,""before_thickness_mm"":3.465714314648524,""after_thickness_mm"":3.1,""radial_removal_mm"":0.36571431464852383,""radial_immersion"":0.030476192887376987,""deflection_um"":101.13619278885669}]",,,,
CHALLENGE_STATE,B2-0155,18.75,4.606780453165504,FAIL,true,,FAIL,scipy.optimize.SLSQP epigraph multi-start,true,Optimization terminated successfully,7,1.5067804531655038,,,0.36,101.15152110686957,-1.1515211068695663,0.0,0.0,2.6432189770275727e-12,0.0,true,"[0.6599549245754804,0.4810655884308456,0.3657599401591778]","[{""pass_index"":1,""before_thickness_mm"":4.606780453165504,""after_thickness_mm"":3.9468255285900233,""radial_removal_mm"":0.6599549245754804,""radial_immersion"":0.05499624371462337,""deflection_um"":101.15152110686957},{""pass_index"":2,""before_thickness_mm"":3.9468255285900233,""after_thickness_mm"":3.465759940159178,""radial_removal_mm"":0.4810655884308456,""radial_immersion"":0.0400887990359038,""deflection_um"":101.15152110686611},{""pass_index"":3,""before_thickness_mm"":3.465759940159178,""after_thickness_mm"":3.1,""radial_removal_mm"":0.3657599401591778,""radial_immersion"":0.030479995013264816,""deflection_um"":101.15152110686532}]",,,,
CHALLENGE_STATE,B2-0156,19.00,4.607030453165504,FAIL,true,,FAIL,scipy.optimize.SLSQP epigraph multi-start,true,Optimization terminated successfully,7,1.507030453165504,,,0.36,101.16684874164821,-1.1668487416482094,2.220446049250313e-16,0.0,2.5579538487363607e-12,4.440892098500626e-16,true,"[0.6600844080774696,0.48114048289138345,0.3658055621966511]","[{""pass_index"":1,""before_thickness_mm"":4.607030453165504,""after_thickness_mm"":3.9469460450880347,""radial_removal_mm"":0.6600844080774696,""radial_immersion"":0.0550070340064558,""deflection_um"":101.16684874164301},{""pass_index"":2,""before_thickness_mm"":3.9469460450880347,""after_thickness_mm"":3.4658055621966515,""radial_removal_mm"":0.48114048289138345,""radial_immersion"":0.04009504024094862,""deflection_um"":101.16684874164821},{""pass_index"":3,""before_thickness_mm"":3.4658055621966515,""after_thickness_mm"":3.1000000000000005,""radial_removal_mm"":0.3658055621966511,""radial_immersion"":0.030483796849720926,""deflection_um"":101.16684874164586}]",,,,
CHALLENGE_STATE,B2-0157,19.25,4.607280453165504,FAIL,true,,FAIL,scipy.optimize.SLSQP epigraph multi-start,true,Optimization terminated successfully,7,1.5072804531655035,,,0.36,101.18217569322069,-1.1821756932206853,0.0,0.0,4.689582056016661e-12,0.0,true,"[0.6602138968266102,0.4812153755774522,0.36585118076144113]","[{""pass_index"":1,""before_thickness_mm"":4.607280453165504,""after_thickness_mm"":3.9470665563388936,""radial_removal_mm"":0.6602138968266102,""radial_immersion"":0.055017824735550856,""deflection_um"":101.18217569322069},{""pass_index"":2,""before_thickness_mm"":3.9470665563388936,""after_thickness_mm"":3.465851180761441,""radial_removal_mm"":0.4812153755774522,""radial_immersion"":0.040101281298121016,""deflection_um"":101.1821756932149},{""pass_index"":3,""before_thickness_mm"":3.465851180761441,""after_thickness_mm"":3.1,""radial_removal_mm"":0.36585118076144113,""radial_immersion"":0.03048759839678676,""deflection_um"":101.18217569321911}]",,,,
CHALLENGE_STATE,B2-0158,19.50,4.607530453165504,FAIL,true,,FAIL,scipy.optimize.SLSQP epigraph multi-start,true,Optimization terminated successfully,7,1.5075304531655038,,,0.36,101.1975019616047,-1.1975019616047007,0.0,0.0,1.3926637620897964e-12,4.440892098500626e-16,true,"[0.6603433908223357,0.481290266489133,0.3658967958540351]","[{""pass_index"":1,""before_thickness_mm"":4.607530453165504,""after_thickness_mm"":3.9471870623431684,""radial_removal_mm"":0.6603433908223357,""radial_immersion"":0.05502861590186131,""deflection_um"":101.19750196160457},{""pass_index"":2,""before_thickness_mm"":3.9471870623431684,""after_thickness_mm"":3.4658967958540354,""radial_removal_mm"":0.481290266489133,""radial_immersion"":0.04010752220742775,""deflection_um"":101.1975019616047},{""pass_index"":3,""before_thickness_mm"":3.4658967958540354,""after_thickness_mm"":3.1000000000000005,""radial_removal_mm"":0.3658967958540351,""radial_immersion"":0.030491399654502926,""deflection_um"":101.19750196160072}]",,,,
CHALLENGE_STATE,B2-0159,19.75,4.607780453165504,FAIL,true,,FAIL,scipy.optimize.SLSQP epigraph multi-start,true,Optimization terminated successfully,7,1.5077804531655041,,,0.36,101.21282754682092,-1.2128275468209182,0.0,0.0,8.100187187665142e-13,0.0,true,"[0.6604728900641653,0.4813651556263841,0.36594240747495466]","[{""pass_index"":1,""before_thickness_mm"":4.607780453165504,""after_thickness_mm"":3.947307563101339,""radial_removal_mm"":0.6604728900641653,""radial_immersion"":0.05503940750534711,""deflection_um"":101.21282754681926},{""pass_index"":2,""before_thickness_mm"":3.947307563101339,""after_thickness_mm"":3.4659424074749547,""radial_removal_mm"":0.4813651556263841,""radial_immersion"":0.04011376296886534,""deflection_um"":101.21282754682092},{""pass_index"":3,""before_thickness_mm"":3.4659424074749547,""after_thickness_mm"":3.1,""radial_removal_mm"":0.36594240747495466,""radial_immersion"":0.030495200622912888,""deflection_um"":101.21282754681974}]",,,,
CHALLENGE_STATE,B2-0160,20.00,4.608030453165504,FAIL,true,,FAIL,scipy.optimize.SLSQP epigraph multi-start,true,Optimization terminated successfully,7,1.5080304531655035,,,0.36,101.22815244888743,-1.2281524488874282,0.0,0.0,5.684341886080802e-14,0.0,true,"[0.6606023945516082,0.4814400429892228,0.3659880156246724]","[{""pass_index"":1,""before_thickness_mm"":4.608030453165504,""after_thickness_mm"":3.9474280586138955,""radial_removal_mm"":0.6606023945516082,""radial_immersion"":0.05505019954596735,""deflection_um"":101.22815244888743},{""pass_index"":2,""before_thickness_mm"":3.9474280586138955,""after_thickness_mm"":3.4659880156246725,""radial_removal_mm"":0.4814400429892228,""radial_immersion"":0.04012000358243523,""deflection_um"":101.22815244888696},{""pass_index"":3,""before_thickness_mm"":3.4659880156246725,""after_thickness_mm"":3.1,""radial_removal_mm"":0.3659880156246724,""radial_immersion"":0.030499001302056034,""deflection_um"":101.22815244888737}]",,,,
