case_id,offset_um,absolute_distance_from_boundary_um,state_mm,grid_mm,exact_upward_grid_index,mapped_state_mm,mapping_delta_um,continuous_status,continuous_recoverability_margin_um,continuous_optimizer_success,continuous_residual_valid,discrete_status,agreement,classification,discrete_upper_recoverable_boundary_mm,boundary_under_approximation_um
B2-0000,-20.00,20.00,4.568030453165504,0.004,1143,4.572,3.969546834496000,PASS,0.779748643718051,true,true,PASS,true,AGREEMENT_PASS,4.576,12.03045316550444
B2-0001,-19.75,19.75,4.568280453165504,0.004,1143,4.572,3.719546834496000,PASS,0.779748643718051,true,true,PASS,true,AGREEMENT_PASS,4.576,12.03045316550444
B2-0002,-19.50,19.50,4.568530453165504,0.004,1143,4.572,3.469546834496000,PASS,0.7797486437162036,true,true,PASS,true,AGREEMENT_PASS,4.576,12.03045316550444
B2-0003,-19.25,19.25,4.568780453165504,0.004,1143,4.572,3.219546834496000,PASS,0.7797486437173831,true,true,PASS,true,AGREEMENT_PASS,4.576,12.03045316550444
B2-0004,-19.00,19.00,4.569030453165504,0.004,1143,4.572,2.969546834496000,PASS,0.7797486437165162,true,true,PASS,true,AGREEMENT_PASS,4.576,12.03045316550444
B2-0005,-18.75,18.75,4.569280453165504,0.004,1143,4.572,2.719546834496000,PASS,0.779748643718051,true,true,PASS,true,AGREEMENT_PASS,4.576,12.03045316550444
B2-0006,-18.50,18.50,4.569530453165504,0.004,1143,4.572,2.469546834496000,PASS,0.7797486437177241,true,true,PASS,true,AGREEMENT_PASS,4.576,12.03045316550444
B2-0007,-18.25,18.25,4.569780453165504,0.004,1143,4.572,2.219546834496000,PASS,0.7797486437162888,true,true,PASS,true,AGREEMENT_PASS,4.576,12.03045316550444
B2-0008,-18.00,18.00,4.570030453165504,0.004,1143,4.572,1.969546834496000,PASS,0.779748643718051,true,true,PASS,true,AGREEMENT_PASS,4.576,12.03045316550444
B2-0009,-17.75,17.75,4.570280453165504,0.004,1143,4.572,1.719546834496000,PASS,0.779748643718051,true,true,PASS,true,AGREEMENT_PASS,4.576,12.03045316550444
B2-0010,-17.50,17.50,4.570530453165504,0.004,1143,4.572,1.469546834496000,PASS,0.7797486437180936,true,true,PASS,true,AGREEMENT_PASS,4.576,12.03045316550444
B2-0011,-17.25,17.25,4.570780453165504,0.004,1143,4.572,1.219546834496000,PASS,0.779748643718051,true,true,PASS,true,AGREEMENT_PASS,4.576,12.03045316550444
B2-0012,-17.00,17.00,4.571030453165504,0.004,1143,4.572,0.969546834496000,PASS,0.779748643718051,true,true,PASS,true,AGREEMENT_PASS,4.576,12.03045316550444
B2-0013,-16.75,16.75,4.571280453165504,0.004,1143,4.572,0.719546834496000,PASS,0.779748643717781,true,true,PASS,true,AGREEMENT_PASS,4.576,12.03045316550444
B2-0014,-16.50,16.50,4.571530453165504,0.004,1143,4.572,0.469546834496000,PASS,0.7797486437180936,true,true,PASS,true,AGREEMENT_PASS,4.576,12.03045316550444
B2-0015,-16.25,16.25,4.571780453165504,0.004,1143,4.572,0.219546834496000,PASS,0.7797486437165873,true,true,PASS,true,AGREEMENT_PASS,4.576,12.03045316550444
B2-0016,-16.00,16.00,4.572030453165504,0.004,1144,4.576,3.969546834496000,PASS,0.779748643718051,true,true,PASS,true,AGREEMENT_PASS,4.576,12.03045316550444
B2-0017,-15.75,15.75,4.572280453165504,0.004,1144,4.576,3.719546834496000,PASS,0.7797486437180936,true,true,PASS,true,AGREEMENT_PASS,4.576,12.03045316550444
B2-0018,-15.50,15.50,4.572530453165504,0.004,1144,4.576,3.469546834496000,PASS,0.7797486437180936,true,true,PASS,true,AGREEMENT_PASS,4.576,12.03045316550444
B2-0019,-15.25,15.25,4.572780453165504,0.004,1144,4.576,3.219546834496000,PASS,0.779748643718051,true,true,PASS,true,AGREEMENT_PASS,4.576,12.03045316550444
B2-0020,-15.00,15.00,4.573030453165504,0.004,1144,4.576,2.969546834496000,PASS,0.779748643718051,true,true,PASS,true,AGREEMENT_PASS,4.576,12.03045316550444
B2-0021,-14.75,14.75,4.573280453165504,0.004,1144,4.576,2.719546834496000,PASS,0.779748643718051,true,true,PASS,true,AGREEMENT_PASS,4.576,12.03045316550444
B2-0022,-14.50,14.50,4.573530453165504,0.004,1144,4.576,2.469546834496000,PASS,0.7797486437180936,true,true,PASS,true,AGREEMENT_PASS,4.576,12.03045316550444
B2-0023,-14.25,14.25,4.573780453165504,0.004,1144,4.576,2.219546834496000,PASS,0.7797486437180936,true,true,PASS,true,AGREEMENT_PASS,4.576,12.03045316550444
B2-0024,-14.00,14.00,4.574030453165504,0.004,1144,4.576,1.969546834496000,PASS,0.7797486437179799,true,true,PASS,true,AGREEMENT_PASS,4.576,12.03045316550444
B2-0025,-13.75,13.75,4.574280453165504,0.004,1144,4.576,1.719546834496000,PASS,0.7797486437180936,true,true,PASS,true,AGREEMENT_PASS,4.576,12.03045316550444
B2-0026,-13.50,13.50,4.574530453165504,0.004,1144,4.576,1.469546834496000,PASS,0.779748643718051,true,true,PASS,true,AGREEMENT_PASS,4.576,12.03045316550444
B2-0027,-13.25,13.25,4.574780453165504,0.004,1144,4.576,1.219546834496000,PASS,0.7797486437177241,true,true,PASS,true,AGREEMENT_PASS,4.576,12.03045316550444
B2-0028,-13.00,13.00,4.575030453165504,0.004,1144,4.576,0.969546834496000,PASS,0.7797486437180936,true,true,PASS,true,AGREEMENT_PASS,4.576,12.03045316550444
B2-0029,-12.75,12.75,4.575280453165504,0.004,1144,4.576,0.719546834496000,PASS,0.779748643718051,true,true,PASS,true,AGREEMENT_PASS,4.576,12.03045316550444
B2-0030,-12.50,12.50,4.575530453165504,0.004,1144,4.576,0.469546834496000,PASS,0.7698196187287749,true,true,PASS,true,AGREEMENT_PASS,4.576,12.03045316550444
B2-0031,-12.25,12.25,4.575780453165504,0.004,1144,4.576,0.219546834496000,PASS,0.7544064398050523,true,true,PASS,true,AGREEMENT_PASS,4.576,12.03045316550444
B2-0032,-12.00,12.00,4.576030453165504,0.004,1145,4.58,3.969546834496000,PASS,0.7389939463173931,true,true,FAIL,false,CONSERVATIVE_FALSE_REJECTION,4.576,12.03045316550444
B2-0033,-11.75,11.75,4.576280453165504,0.004,1145,4.58,3.719546834496000,PASS,0.7235821382505918,true,true,FAIL,false,CONSERVATIVE_FALSE_REJECTION,4.576,12.03045316550444
B2-0034,-11.50,11.50,4.576530453165504,0.004,1145,4.58,3.469546834496000,PASS,0.7081710155858332,true,true,FAIL,false,CONSERVATIVE_FALSE_REJECTION,4.576,12.03045316550444
B2-0035,-11.25,11.25,4.576780453165504,0.004,1145,4.58,3.219546834496000,PASS,0.6927605783069737,true,true,FAIL,false,CONSERVATIVE_FALSE_REJECTION,4.576,12.03045316550444
B2-0036,-11.00,11.00,4.577030453165504,0.004,1145,4.58,2.969546834496000,PASS,0.6773508263973156,true,true,FAIL,false,CONSERVATIVE_FALSE_REJECTION,4.576,12.03045316550444
B2-0037,-10.75,10.75,4.577280453165504,0.004,1145,4.58,2.719546834496000,PASS,0.6619417598411133,true,true,FAIL,false,CONSERVATIVE_FALSE_REJECTION,4.576,12.03045316550444
B2-0038,-10.50,10.50,4.577530453165504,0.004,1145,4.58,2.469546834496000,PASS,0.6465333786214984,true,true,FAIL,false,CONSERVATIVE_FALSE_REJECTION,4.576,12.03045316550444
B2-0039,-10.25,10.25,4.577780453165504,0.004,1145,4.58,2.219546834496000,PASS,0.6311256827190448,true,true,FAIL,false,CONSERVATIVE_FALSE_REJECTION,4.576,12.03045316550444
B2-0040,-10.00,10.00,4.578030453165504,0.004,1145,4.58,1.969546834496000,PASS,0.6157186721195416,true,true,FAIL,false,CONSERVATIVE_FALSE_REJECTION,4.576,12.03045316550444
B2-0041,-9.75,9.75,4.578280453165504,0.004,1145,4.58,1.719546834496000,PASS,0.6003123468057936,true,true,FAIL,false,CONSERVATIVE_FALSE_REJECTION,4.576,12.03045316550444
B2-0042,-9.50,9.50,4.578530453165504,0.004,1145,4.58,1.469546834496000,PASS,0.5849067067568967,true,true,FAIL,false,CONSERVATIVE_FALSE_REJECTION,4.576,12.03045316550444
B2-0043,-9.25,9.25,4.578780453165504,0.004,1145,4.58,1.219546834496000,PASS,0.5695017519628038,true,true,FAIL,false,CONSERVATIVE_FALSE_REJECTION,4.576,12.03045316550444
B2-0044,-9.00,9.00,4.579030453165504,0.004,1145,4.58,0.969546834496000,PASS,0.5540974824048703,true,true,FAIL,false,CONSERVATIVE_FALSE_REJECTION,4.576,12.03045316550444
B2-0045,-8.75,8.75,4.579280453165504,0.004,1145,4.58,0.719546834496000,PASS,0.5386938980620641,true,true,FAIL,false,CONSERVATIVE_FALSE_REJECTION,4.576,12.03045316550444
B2-0046,-8.50,8.50,4.579530453165504,0.004,1145,4.58,0.469546834496000,PASS,0.5232909989187391,true,true,FAIL,false,CONSERVATIVE_FALSE_REJECTION,4.576,12.03045316550444
B2-0047,-8.25,8.25,4.579780453165504,0.004,1145,4.58,0.219546834496000,PASS,0.5078887849603291,true,true,FAIL,false,CONSERVATIVE_FALSE_REJECTION,4.576,12.03045316550444
B2-0048,-8.00,8.00,4.580030453165504,0.004,1146,4.584,3.969546834496000,PASS,0.49248725616743627,true,true,FAIL,false,CONSERVATIVE_FALSE_REJECTION,4.576,12.03045316550444
B2-0049,-7.75,7.75,4.580280453165504,0.004,1146,4.584,3.719546834496000,PASS,0.477086412523235,true,true,FAIL,false,CONSERVATIVE_FALSE_REJECTION,4.576,12.03045316550444
B2-0050,-7.50,7.50,4.580530453165504,0.004,1146,4.584,3.469546834496000,PASS,0.4616862540157456,true,true,FAIL,false,CONSERVATIVE_FALSE_REJECTION,4.576,12.03045316550444
B2-0051,-7.25,7.25,4.580780453165504,0.004,1146,4.584,3.219546834496000,PASS,0.446286780620639,true,true,FAIL,false,CONSERVATIVE_FALSE_REJECTION,4.576,12.03045316550444
B2-0052,-7.00,7.00,4.581030453165504,0.004,1146,4.584,2.969546834496000,PASS,0.4308879923230222,true,true,FAIL,false,CONSERVATIVE_FALSE_REJECTION,4.576,12.03045316550444
B2-0053,-6.75,6.75,4.581280453165504,0.004,1146,4.584,2.719546834496000,PASS,0.41548988910882656,true,true,FAIL,false,CONSERVATIVE_FALSE_REJECTION,4.576,12.03045316550444
B2-0054,-6.50,6.50,4.581530453165504,0.004,1146,4.584,2.469546834496000,PASS,0.40009247095663625,true,true,FAIL,false,CONSERVATIVE_FALSE_REJECTION,4.576,12.03045316550444
B2-0055,-6.25,6.25,4.581780453165504,0.004,1146,4.584,2.219546834496000,PASS,0.38469573785266675,true,true,FAIL,false,CONSERVATIVE_FALSE_REJECTION,4.576,12.03045316550444
B2-0056,-6.00,6.00,4.582030453165504,0.004,1146,4.584,1.969546834496000,PASS,0.3692996897777334,true,true,FAIL,false,CONSERVATIVE_FALSE_REJECTION,4.576,12.03045316550444
B2-0057,-5.75,5.75,4.582280453165504,0.004,1146,4.584,1.719546834496000,PASS,0.3539043267168438,true,true,FAIL,false,CONSERVATIVE_FALSE_REJECTION,4.576,12.03045316550444
B2-0058,-5.50,5.50,4.582530453165504,0.004,1146,4.584,1.469546834496000,PASS,0.3385096486501453,true,true,FAIL,false,CONSERVATIVE_FALSE_REJECTION,4.576,12.03045316550444
B2-0059,-5.25,5.25,4.582780453165504,0.004,1146,4.584,1.219546834496000,PASS,0.3231156555603434,true,true,FAIL,false,CONSERVATIVE_FALSE_REJECTION,4.576,12.03045316550444
B2-0060,-5.00,5.00,4.583030453165504,0.004,1146,4.584,0.969546834496000,PASS,0.307722347433824,true,true,FAIL,false,CONSERVATIVE_FALSE_REJECTION,4.576,12.03045316550444
B2-0061,-4.75,4.75,4.583280453165504,0.004,1146,4.584,0.719546834496000,PASS,0.2923297242498535,true,true,FAIL,false,CONSERVATIVE_FALSE_REJECTION,4.576,12.03045316550444
B2-0062,-4.50,4.50,4.583530453165504,0.004,1146,4.584,0.469546834496000,PASS,0.27693778599291363,true,true,FAIL,false,CONSERVATIVE_FALSE_REJECTION,4.576,12.03045316550444
B2-0063,-4.25,4.25,4.583780453165504,0.004,1146,4.584,0.219546834496000,PASS,0.26154653264546823,true,true,FAIL,false,CONSERVATIVE_FALSE_REJECTION,4.576,12.03045316550444
B2-0064,-4.00,4.00,4.584030453165504,0.004,1147,4.588,3.969546834496000,PASS,0.24615596418847474,true,true,FAIL,false,CONSERVATIVE_FALSE_REJECTION,4.576,12.03045316550444
B2-0065,-3.75,3.75,4.584280453165504,0.004,1147,4.588,3.719546834496000,PASS,0.2307660806053633,true,true,FAIL,false,CONSERVATIVE_FALSE_REJECTION,4.576,12.03045316550444
B2-0066,-3.50,3.50,4.584530453165504,0.004,1147,4.588,3.469546834496000,PASS,0.21537688188278992,true,true,FAIL,false,CONSERVATIVE_FALSE_REJECTION,4.576,12.03045316550444
B2-0067,-3.25,3.25,4.584780453165504,0.004,1147,4.588,3.219546834496000,PASS,0.19998836799842934,true,true,FAIL,false,CONSERVATIVE_FALSE_REJECTION,4.576,12.03045316550444
B2-0068,-3.00,3.00,4.585030453165504,0.004,1147,4.588,2.969546834496000,PASS,0.18460053893552697,true,true,FAIL,false,CONSERVATIVE_FALSE_REJECTION,4.576,12.03045316550444
B2-0069,-2.75,2.75,4.585280453165504,0.004,1147,4.588,2.719546834496000,PASS,0.16921339467880614,true,true,FAIL,false,CONSERVATIVE_FALSE_REJECTION,4.576,12.03045316550444
B2-0070,-2.50,2.50,4.585530453165504,0.004,1147,4.588,2.469546834496000,PASS,0.1538269352102759,true,true,FAIL,false,CONSERVATIVE_FALSE_REJECTION,4.576,12.03045316550444
B2-0071,-2.25,2.25,4.585780453165504,0.004,1147,4.588,2.219546834496000,PASS,0.13844116051018318,true,true,FAIL,false,CONSERVATIVE_FALSE_REJECTION,4.576,12.03045316550444
B2-0072,-2.00,2.00,4.586030453165504,0.004,1147,4.588,1.969546834496000,PASS,0.12305607056636347,true,true,FAIL,false,CONSERVATIVE_FALSE_REJECTION,4.576,12.03045316550444
B2-0073,-1.75,1.75,4.586280453165504,0.004,1147,4.588,1.719546834496000,PASS,0.10767166535597994,true,true,FAIL,false,CONSERVATIVE_FALSE_REJECTION,4.576,12.03045316550444
B2-0074,-1.50,1.50,4.586530453165504,0.004,1147,4.588,1.469546834496000,PASS,0.09228794486233483,true,true,FAIL,false,CONSERVATIVE_FALSE_REJECTION,4.576,12.03045316550444
B2-0075,-1.25,1.25,4.586780453165504,0.004,1147,4.588,1.219546834496000,PASS,0.07690490906996672,true,true,FAIL,false,CONSERVATIVE_FALSE_REJECTION,4.576,12.03045316550444
B2-0076,-1.00,1.00,4.587030453165504,0.004,1147,4.588,0.969546834496000,PASS,0.061522557961069424,true,true,FAIL,false,CONSERVATIVE_FALSE_REJECTION,4.576,12.03045316550444
B2-0077,-0.75,0.75,4.587280453165504,0.004,1147,4.588,0.719546834496000,PASS,0.04614089151742462,true,true,FAIL,false,CONSERVATIVE_FALSE_REJECTION,4.576,12.03045316550444
B2-0078,-0.50,0.50,4.587530453165504,0.004,1147,4.588,0.469546834496000,PASS,0.03075990971927922,true,true,FAIL,false,CONSERVATIVE_FALSE_REJECTION,4.576,12.03045316550444
B2-0079,-0.25,0.25,4.587780453165504,0.004,1147,4.588,0.219546834496000,PASS,0.015379612553616084,true,true,FAIL,false,CONSERVATIVE_FALSE_REJECTION,4.576,12.03045316550444
B2-0080,0.00,0.00,4.588030453165504,0.004,1148,4.592,3.969546834496000,PASS,1.7053025658242404e-13,true,true,FAIL,false,CONSERVATIVE_FALSE_REJECTION,4.576,12.03045316550444
B2-0081,0.25,0.25,4.588280453165504,0.004,1148,4.592,3.719546834496000,FAIL,-0.015378927958892064,true,true,FAIL,true,AGREEMENT_FAIL,4.576,12.03045316550444
B2-0082,0.50,0.50,4.588530453165504,0.004,1148,4.592,3.469546834496000,FAIL,-0.030757171337867817,true,true,FAIL,true,AGREEMENT_FAIL,4.576,12.03045316550444
B2-0083,0.75,0.75,4.588780453165504,0.004,1148,4.592,3.219546834496000,FAIL,-0.046134730158939874,true,true,FAIL,true,AGREEMENT_FAIL,4.576,12.03045316550444
B2-0084,1.00,1.00,4.589030453165504,0.004,1148,4.592,2.969546834496000,FAIL,-0.0615116044382944,true,true,FAIL,true,AGREEMENT_FAIL,4.576,12.03045316550444
B2-0085,1.25,1.25,4.589280453165504,0.004,1148,4.592,2.719546834496000,FAIL,-0.07688779419261493,true,true,FAIL,true,AGREEMENT_FAIL,4.576,12.03045316550444
B2-0086,1.50,1.50,4.589530453165504,0.004,1148,4.592,2.469546834496000,FAIL,-0.09226329944056033,true,true,FAIL,true,AGREEMENT_FAIL,4.576,12.03045316550444
B2-0087,1.75,1.75,4.589780453165504,0.004,1148,4.592,2.219546834496000,FAIL,-0.1076381201982457,true,true,FAIL,true,AGREEMENT_FAIL,4.576,12.03045316550444
B2-0088,2.00,2.00,4.590030453165504,0.004,1148,4.592,1.969546834496000,FAIL,-0.12301225648522518,true,true,FAIL,true,AGREEMENT_FAIL,4.576,12.03045316550444
B2-0089,2.25,2.25,4.590280453165504,0.004,1148,4.592,1.719546834496000,FAIL,-0.13838570832008656,true,true,FAIL,true,AGREEMENT_FAIL,4.576,12.03045316550444
B2-0090,2.50,2.50,4.590530453165504,0.004,1148,4.592,1.469546834496000,FAIL,-0.15375847571905865,true,true,FAIL,true,AGREEMENT_FAIL,4.576,12.03045316550444
B2-0091,2.75,2.75,4.590780453165504,0.004,1148,4.592,1.219546834496000,FAIL,-0.16913055869834182,true,true,FAIL,true,AGREEMENT_FAIL,4.576,12.03045316550444
B2-0092,3.00,3.00,4.591030453165504,0.004,1148,4.592,0.969546834496000,FAIL,-0.18450195727756125,true,true,FAIL,true,AGREEMENT_FAIL,4.576,12.03045316550444
B2-0093,3.25,3.25,4.591280453165504,0.004,1148,4.592,0.719546834496000,FAIL,-0.19987267147357102,true,true,FAIL,true,AGREEMENT_FAIL,4.576,12.03045316550444
B2-0094,3.50,3.50,4.591530453165504,0.004,1148,4.592,0.469546834496000,FAIL,-0.21524270130815637,true,true,FAIL,true,AGREEMENT_FAIL,4.576,12.03045316550444
B2-0095,3.75,3.75,4.591780453165504,0.004,1148,4.592,0.219546834496000,FAIL,-0.23061204679237335,true,true,FAIL,true,AGREEMENT_FAIL,4.576,12.03045316550444
B2-0096,4.00,4.00,4.592030453165504,0.004,1149,4.596,3.969546834496000,FAIL,-0.24598070795006777,true,true,FAIL,true,AGREEMENT_FAIL,4.576,12.03045316550444
B2-0097,4.25,4.25,4.592280453165504,0.004,1149,4.596,3.719546834496000,FAIL,-0.26134868479687157,true,true,FAIL,true,AGREEMENT_FAIL,4.576,12.03045316550444
B2-0098,4.50,4.50,4.592530453165504,0.004,1149,4.596,3.469546834496000,FAIL,-0.2767159773485588,true,true,FAIL,true,AGREEMENT_FAIL,4.576,12.03045316550444
B2-0099,4.75,4.75,4.592780453165504,0.004,1149,4.596,3.219546834496000,FAIL,-0.2920825856258773,true,true,FAIL,true,AGREEMENT_FAIL,4.576,12.03045316550444
B2-0100,5.00,5.00,4.593030453165504,0.004,1149,4.596,2.969546834496000,FAIL,-0.30744850964646275,true,true,FAIL,true,AGREEMENT_FAIL,4.576,12.03045316550444
B2-0101,5.25,5.25,4.593280453165504,0.004,1149,4.596,2.719546834496000,FAIL,-0.3228137494276524,true,true,FAIL,true,AGREEMENT_FAIL,4.576,12.03045316550444
B2-0102,5.50,5.50,4.593530453165504,0.004,1149,4.596,2.469546834496000,FAIL,-0.33817830498990986,true,true,FAIL,true,AGREEMENT_FAIL,4.576,12.03045316550444
B2-0103,5.75,5.75,4.593780453165504,0.004,1149,4.596,2.219546834496000,FAIL,-0.35354217634487384,true,true,FAIL,true,AGREEMENT_FAIL,4.576,12.03045316550444
B2-0104,6.00,6.00,4.594030453165504,0.004,1149,4.596,1.969546834496000,FAIL,-0.3689053635162338,true,true,FAIL,true,AGREEMENT_FAIL,4.576,12.03045316550444
B2-0105,6.25,6.25,4.594280453165504,0.004,1149,4.596,1.719546834496000,FAIL,-0.384267866520446,true,true,FAIL,true,AGREEMENT_FAIL,4.576,12.03045316550444
B2-0106,6.50,6.50,4.594530453165504,0.004,1149,4.596,1.469546834496000,FAIL,-0.3996296853747623,true,true,FAIL,true,AGREEMENT_FAIL,4.576,12.03045316550444
B2-0107,6.75,6.75,4.594780453165504,0.004,1149,4.596,1.219546834496000,FAIL,-0.4149908200986232,true,true,FAIL,true,AGREEMENT_FAIL,4.576,12.03045316550444
B2-0108,7.00,7.00,4.595030453165504,0.004,1149,4.596,0.969546834496000,FAIL,-0.43035127070831436,true,true,FAIL,true,AGREEMENT_FAIL,4.576,12.03045316550444
B2-0109,7.25,7.25,4.595280453165504,0.004,1149,4.596,0.719546834496000,FAIL,-0.4457110372240578,true,true,FAIL,true,AGREEMENT_FAIL,4.576,12.03045316550444
B2-0110,7.50,7.50,4.595530453165504,0.004,1149,4.596,0.469546834496000,FAIL,-0.461070119662196,true,true,FAIL,true,AGREEMENT_FAIL,4.576,12.03045316550444
B2-0111,7.75,7.75,4.595780453165504,0.004,1149,4.596,0.219546834496000,FAIL,-0.4764285180443153,true,true,FAIL,true,AGREEMENT_FAIL,4.576,12.03045316550444
B2-0112,8.00,8.00,4.596030453165504,0.004,1150,4.6,3.969546834496000,FAIL,-0.491786232382168,true,true,FAIL,true,AGREEMENT_FAIL,4.576,12.03045316550444
B2-0113,8.25,8.25,4.596280453165504,0.004,1150,4.6,3.719546834496000,FAIL,-0.5071432626980368,true,true,FAIL,true,AGREEMENT_FAIL,4.576,12.03045316550444
B2-0114,8.50,8.50,4.596530453165504,0.004,1150,4.6,3.469546834496000,FAIL,-0.5224996090127831,true,true,FAIL,true,AGREEMENT_FAIL,4.576,12.03045316550444
B2-0115,8.75,8.75,4.596780453165504,0.004,1150,4.6,3.219546834496000,FAIL,-0.5378552713376621,true,true,FAIL,true,AGREEMENT_FAIL,4.576,12.03045316550444
B2-0116,9.00,9.00,4.597030453165504,0.004,1150,4.6,2.969546834496000,FAIL,-0.5532102496979121,true,true,FAIL,true,AGREEMENT_FAIL,4.576,12.03045316550444
B2-0117,9.25,9.25,4.597280453165504,0.004,1150,4.6,2.719546834496000,FAIL,-0.5685645441048166,true,true,FAIL,true,AGREEMENT_FAIL,4.576,12.03045316550444
B2-0118,9.50,9.50,4.597530453165504,0.004,1150,4.6,2.469546834496000,FAIL,-0.5839181545836425,true,true,FAIL,true,AGREEMENT_FAIL,4.576,12.03045316550444
B2-0119,9.75,9.75,4.597780453165504,0.004,1150,4.6,2.219546834496000,FAIL,-0.5992710811497233,true,true,FAIL,true,AGREEMENT_FAIL,4.576,12.03045316550444
B2-0120,10.00,10.00,4.598030453165504,0.004,1150,4.6,1.969546834496000,FAIL,-0.6146233238182077,true,true,FAIL,true,AGREEMENT_FAIL,4.576,12.03045316550444
B2-0121,10.25,10.25,4.598280453165504,0.004,1150,4.6,1.719546834496000,FAIL,-0.6299748826101563,true,true,FAIL,true,AGREEMENT_FAIL,4.576,12.03045316550444
B2-0122,10.50,10.50,4.598530453165504,0.004,1150,4.6,1.469546834496000,FAIL,-0.6453257575448532,true,true,FAIL,true,AGREEMENT_FAIL,4.576,12.03045316550444
B2-0123,10.75,10.75,4.598780453165504,0.004,1150,4.6,1.219546834496000,FAIL,-0.6606759486397351,true,true,FAIL,true,AGREEMENT_FAIL,4.576,12.03045316550444
B2-0124,11.00,11.00,4.599030453165504,0.004,1150,4.6,0.969546834496000,FAIL,-0.6760254559151093,true,true,FAIL,true,AGREEMENT_FAIL,4.576,12.03045316550444
B2-0125,11.25,11.25,4.599280453165504,0.004,1150,4.6,0.719546834496000,FAIL,-0.6913742793887963,true,true,FAIL,true,AGREEMENT_FAIL,4.576,12.03045316550444
B2-0126,11.50,11.50,4.599530453165504,0.004,1150,4.6,0.469546834496000,FAIL,-0.7067224190735288,true,true,FAIL,true,AGREEMENT_FAIL,4.576,12.03045316550444
B2-0127,11.75,11.75,4.599780453165504,0.004,1150,4.6,0.219546834496000,FAIL,-0.7220698749919592,true,true,FAIL,true,AGREEMENT_FAIL,4.576,12.03045316550444
B2-0128,12.00,12.00,4.600030453165504,0.004,1151,4.604,3.969546834496000,FAIL,-0.7374166471622345,true,true,FAIL,true,AGREEMENT_FAIL,4.576,12.03045316550444
B2-0129,12.25,12.25,4.600280453165504,0.004,1151,4.604,3.719546834496000,FAIL,-0.7527627356049322,true,true,FAIL,true,AGREEMENT_FAIL,4.576,12.03045316550444
B2-0130,12.50,12.50,4.600530453165504,0.004,1151,4.604,3.469546834496000,FAIL,-0.7681081403355279,true,true,FAIL,true,AGREEMENT_FAIL,4.576,12.03045316550444
B2-0131,12.75,12.75,4.600780453165504,0.004,1151,4.604,3.219546834496000,FAIL,-0.783452861373874,true,true,FAIL,true,AGREEMENT_FAIL,4.576,12.03045316550444
B2-0132,13.00,13.00,4.601030453165504,0.004,1151,4.604,2.969546834496000,FAIL,-0.7987968987396528,true,true,FAIL,true,AGREEMENT_FAIL,4.576,12.03045316550444
B2-0133,13.25,13.25,4.601280453165504,0.004,1151,4.604,2.719546834496000,FAIL,-0.8141402524466201,true,true,FAIL,true,AGREEMENT_FAIL,4.576,12.03045316550444
B2-0134,13.50,13.50,4.601530453165504,0.004,1151,4.604,2.469546834496000,FAIL,-0.829482922520512,true,true,FAIL,true,AGREEMENT_FAIL,4.576,12.03045316550444
B2-0135,13.75,13.75,4.601780453165504,0.004,1151,4.604,2.219546834496000,FAIL,-0.8448249089754256,true,true,FAIL,true,AGREEMENT_FAIL,4.576,12.03045316550444
B2-0136,14.00,14.00,4.602030453165504,0.004,1151,4.604,1.969546834496000,FAIL,-0.8601662118280586,true,true,FAIL,true,AGREEMENT_FAIL,4.576,12.03045316550444
B2-0137,14.25,14.25,4.602280453165504,0.004,1151,4.604,1.719546834496000,FAIL,-0.8755068310975247,true,true,FAIL,true,AGREEMENT_FAIL,4.576,12.03045316550444
B2-0138,14.50,14.50,4.602530453165504,0.004,1151,4.604,1.469546834496000,FAIL,-0.8908467668070585,true,true,FAIL,true,AGREEMENT_FAIL,4.576,12.03045316550444
B2-0139,14.75,14.75,4.602780453165504,0.004,1151,4.604,1.219546834496000,FAIL,-0.9061860189729032,true,true,FAIL,true,AGREEMENT_FAIL,4.576,12.03045316550444
B2-0140,15.00,15.00,4.603030453165504,0.004,1151,4.604,0.969546834496000,FAIL,-0.9215245876124669,true,true,FAIL,true,AGREEMENT_FAIL,4.576,12.03045316550444
B2-0141,15.25,15.25,4.603280453165504,0.004,1151,4.604,0.719546834496000,FAIL,-0.9368624727457018,true,true,FAIL,true,AGREEMENT_FAIL,4.576,12.03045316550444
B2-0142,15.50,15.50,4.603530453165504,0.004,1151,4.604,0.469546834496000,FAIL,-0.9521996743914514,true,true,FAIL,true,AGREEMENT_FAIL,4.576,12.03045316550444
B2-0143,15.75,15.75,4.603780453165504,0.004,1151,4.604,0.219546834496000,FAIL,-0.9675361925660724,true,true,FAIL,true,AGREEMENT_FAIL,4.576,12.03045316550444
B2-0144,16.00,16.00,4.604030453165504,0.004,1152,4.608,3.969546834496000,FAIL,-0.9828720272900426,true,true,FAIL,true,AGREEMENT_FAIL,4.576,12.03045316550444
B2-0145,16.25,16.25,4.604280453165504,0.004,1152,4.608,3.719546834496000,FAIL,-0.9982071785853606,true,true,FAIL,true,AGREEMENT_FAIL,4.576,12.03045316550444
B2-0146,16.50,16.50,4.604530453165504,0.004,1152,4.608,3.469546834496000,FAIL,-1.0135416464616611,true,true,FAIL,true,AGREEMENT_FAIL,4.576,12.03045316550444
B2-0147,16.75,16.75,4.604780453165504,0.004,1152,4.608,3.219546834496000,FAIL,-1.0288754309471955,true,true,FAIL,true,AGREEMENT_FAIL,4.576,12.03045316550444
B2-0148,17.00,17.00,4.605030453165504,0.004,1152,4.608,2.969546834496000,FAIL,-1.0442085320538297,true,true,FAIL,true,AGREEMENT_FAIL,4.576,12.03045316550444
B2-0149,17.25,17.25,4.605280453165504,0.004,1152,4.608,2.719546834496000,FAIL,-1.0595409498059354,true,true,FAIL,true,AGREEMENT_FAIL,4.576,12.03045316550444
B2-0150,17.50,17.50,4.605530453165504,0.004,1152,4.608,2.469546834496000,FAIL,-1.0748726842186755,true,true,FAIL,true,AGREEMENT_FAIL,4.576,12.03045316550444
B2-0151,17.75,17.75,4.605780453165504,0.004,1152,4.608,2.219546834496000,FAIL,-1.0902037353114622,true,true,FAIL,true,AGREEMENT_FAIL,4.576,12.03045316550444
B2-0152,18.00,18.00,4.606030453165504,0.004,1152,4.608,1.969546834496000,FAIL,-1.1055341031050148,true,true,FAIL,true,AGREEMENT_FAIL,4.576,12.03045316550444
B2-0153,18.25,18.25,4.606280453165504,0.004,1152,4.608,1.719546834496000,FAIL,-1.120863787616102,true,true,FAIL,true,AGREEMENT_FAIL,4.576,12.03045316550444
B2-0154,18.50,18.50,4.606530453165504,0.004,1152,4.608,1.469546834496000,FAIL,-1.136192788868513,true,true,FAIL,true,AGREEMENT_FAIL,4.576,12.03045316550444
B2-0155,18.75,18.75,4.606780453165504,0.004,1152,4.608,1.219546834496000,FAIL,-1.1515211068695663,true,true,FAIL,true,AGREEMENT_FAIL,4.576,12.03045316550444
B2-0156,19.00,19.00,4.607030453165504,0.004,1152,4.608,0.969546834496000,FAIL,-1.1668487416482094,true,true,FAIL,true,AGREEMENT_FAIL,4.576,12.03045316550444
B2-0157,19.25,19.25,4.607280453165504,0.004,1152,4.608,0.719546834496000,FAIL,-1.1821756932206853,true,true,FAIL,true,AGREEMENT_FAIL,4.576,12.03045316550444
B2-0158,19.50,19.50,4.607530453165504,0.004,1152,4.608,0.469546834496000,FAIL,-1.1975019616047007,true,true,FAIL,true,AGREEMENT_FAIL,4.576,12.03045316550444
B2-0159,19.75,19.75,4.607780453165504,0.004,1152,4.608,0.219546834496000,FAIL,-1.2128275468209182,true,true,FAIL,true,AGREEMENT_FAIL,4.576,12.03045316550444
B2-0160,20.00,20.00,4.608030453165504,0.004,1153,4.612,3.969546834496000,FAIL,-1.2281524488874282,true,true,FAIL,true,AGREEMENT_FAIL,4.576,12.03045316550444
B2-0000,-20.00,20.00,4.568030453165504,0.002,2285,4.57,1.969546834496000,PASS,0.779748643718051,true,true,PASS,true,AGREEMENT_PASS,4.584,4.030453165504433
B2-0001,-19.75,19.75,4.568280453165504,0.002,2285,4.57,1.719546834496000,PASS,0.779748643718051,true,true,PASS,true,AGREEMENT_PASS,4.584,4.030453165504433
B2-0002,-19.50,19.50,4.568530453165504,0.002,2285,4.57,1.469546834496000,PASS,0.7797486437162036,true,true,PASS,true,AGREEMENT_PASS,4.584,4.030453165504433
B2-0003,-19.25,19.25,4.568780453165504,0.002,2285,4.57,1.219546834496000,PASS,0.7797486437173831,true,true,PASS,true,AGREEMENT_PASS,4.584,4.030453165504433
B2-0004,-19.00,19.00,4.569030453165504,0.002,2285,4.57,0.969546834496000,PASS,0.7797486437165162,true,true,PASS,true,AGREEMENT_PASS,4.584,4.030453165504433
B2-0005,-18.75,18.75,4.569280453165504,0.002,2285,4.57,0.719546834496000,PASS,0.779748643718051,true,true,PASS,true,AGREEMENT_PASS,4.584,4.030453165504433
B2-0006,-18.50,18.50,4.569530453165504,0.002,2285,4.57,0.469546834496000,PASS,0.7797486437177241,true,true,PASS,true,AGREEMENT_PASS,4.584,4.030453165504433
B2-0007,-18.25,18.25,4.569780453165504,0.002,2285,4.57,0.219546834496000,PASS,0.7797486437162888,true,true,PASS,true,AGREEMENT_PASS,4.584,4.030453165504433
B2-0008,-18.00,18.00,4.570030453165504,0.002,2286,4.572,1.969546834496000,PASS,0.779748643718051,true,true,PASS,true,AGREEMENT_PASS,4.584,4.030453165504433
B2-0009,-17.75,17.75,4.570280453165504,0.002,2286,4.572,1.719546834496000,PASS,0.779748643718051,true,true,PASS,true,AGREEMENT_PASS,4.584,4.030453165504433
B2-0010,-17.50,17.50,4.570530453165504,0.002,2286,4.572,1.469546834496000,PASS,0.7797486437180936,true,true,PASS,true,AGREEMENT_PASS,4.584,4.030453165504433
B2-0011,-17.25,17.25,4.570780453165504,0.002,2286,4.572,1.219546834496000,PASS,0.779748643718051,true,true,PASS,true,AGREEMENT_PASS,4.584,4.030453165504433
B2-0012,-17.00,17.00,4.571030453165504,0.002,2286,4.572,0.969546834496000,PASS,0.779748643718051,true,true,PASS,true,AGREEMENT_PASS,4.584,4.030453165504433
B2-0013,-16.75,16.75,4.571280453165504,0.002,2286,4.572,0.719546834496000,PASS,0.779748643717781,true,true,PASS,true,AGREEMENT_PASS,4.584,4.030453165504433
B2-0014,-16.50,16.50,4.571530453165504,0.002,2286,4.572,0.469546834496000,PASS,0.7797486437180936,true,true,PASS,true,AGREEMENT_PASS,4.584,4.030453165504433
B2-0015,-16.25,16.25,4.571780453165504,0.002,2286,4.572,0.219546834496000,PASS,0.7797486437165873,true,true,PASS,true,AGREEMENT_PASS,4.584,4.030453165504433
B2-0016,-16.00,16.00,4.572030453165504,0.002,2287,4.574,1.969546834496000,PASS,0.779748643718051,true,true,PASS,true,AGREEMENT_PASS,4.584,4.030453165504433
B2-0017,-15.75,15.75,4.572280453165504,0.002,2287,4.574,1.719546834496000,PASS,0.7797486437180936,true,true,PASS,true,AGREEMENT_PASS,4.584,4.030453165504433
B2-0018,-15.50,15.50,4.572530453165504,0.002,2287,4.574,1.469546834496000,PASS,0.7797486437180936,true,true,PASS,true,AGREEMENT_PASS,4.584,4.030453165504433
B2-0019,-15.25,15.25,4.572780453165504,0.002,2287,4.574,1.219546834496000,PASS,0.779748643718051,true,true,PASS,true,AGREEMENT_PASS,4.584,4.030453165504433
B2-0020,-15.00,15.00,4.573030453165504,0.002,2287,4.574,0.969546834496000,PASS,0.779748643718051,true,true,PASS,true,AGREEMENT_PASS,4.584,4.030453165504433
B2-0021,-14.75,14.75,4.573280453165504,0.002,2287,4.574,0.719546834496000,PASS,0.779748643718051,true,true,PASS,true,AGREEMENT_PASS,4.584,4.030453165504433
B2-0022,-14.50,14.50,4.573530453165504,0.002,2287,4.574,0.469546834496000,PASS,0.7797486437180936,true,true,PASS,true,AGREEMENT_PASS,4.584,4.030453165504433
B2-0023,-14.25,14.25,4.573780453165504,0.002,2287,4.574,0.219546834496000,PASS,0.7797486437180936,true,true,PASS,true,AGREEMENT_PASS,4.584,4.030453165504433
B2-0024,-14.00,14.00,4.574030453165504,0.002,2288,4.576,1.969546834496000,PASS,0.7797486437179799,true,true,PASS,true,AGREEMENT_PASS,4.584,4.030453165504433
B2-0025,-13.75,13.75,4.574280453165504,0.002,2288,4.576,1.719546834496000,PASS,0.7797486437180936,true,true,PASS,true,AGREEMENT_PASS,4.584,4.030453165504433
B2-0026,-13.50,13.50,4.574530453165504,0.002,2288,4.576,1.469546834496000,PASS,0.779748643718051,true,true,PASS,true,AGREEMENT_PASS,4.584,4.030453165504433
B2-0027,-13.25,13.25,4.574780453165504,0.002,2288,4.576,1.219546834496000,PASS,0.7797486437177241,true,true,PASS,true,AGREEMENT_PASS,4.584,4.030453165504433
B2-0028,-13.00,13.00,4.575030453165504,0.002,2288,4.576,0.969546834496000,PASS,0.7797486437180936,true,true,PASS,true,AGREEMENT_PASS,4.584,4.030453165504433
B2-0029,-12.75,12.75,4.575280453165504,0.002,2288,4.576,0.719546834496000,PASS,0.779748643718051,true,true,PASS,true,AGREEMENT_PASS,4.584,4.030453165504433
B2-0030,-12.50,12.50,4.575530453165504,0.002,2288,4.576,0.469546834496000,PASS,0.7698196187287749,true,true,PASS,true,AGREEMENT_PASS,4.584,4.030453165504433
B2-0031,-12.25,12.25,4.575780453165504,0.002,2288,4.576,0.219546834496000,PASS,0.7544064398050523,true,true,PASS,true,AGREEMENT_PASS,4.584,4.030453165504433
B2-0032,-12.00,12.00,4.576030453165504,0.002,2289,4.578,1.969546834496000,PASS,0.7389939463173931,true,true,PASS,true,AGREEMENT_PASS,4.584,4.030453165504433
B2-0033,-11.75,11.75,4.576280453165504,0.002,2289,4.578,1.719546834496000,PASS,0.7235821382505918,true,true,PASS,true,AGREEMENT_PASS,4.584,4.030453165504433
B2-0034,-11.50,11.50,4.576530453165504,0.002,2289,4.578,1.469546834496000,PASS,0.7081710155858332,true,true,PASS,true,AGREEMENT_PASS,4.584,4.030453165504433
B2-0035,-11.25,11.25,4.576780453165504,0.002,2289,4.578,1.219546834496000,PASS,0.6927605783069737,true,true,PASS,true,AGREEMENT_PASS,4.584,4.030453165504433
B2-0036,-11.00,11.00,4.577030453165504,0.002,2289,4.578,0.969546834496000,PASS,0.6773508263973156,true,true,PASS,true,AGREEMENT_PASS,4.584,4.030453165504433
B2-0037,-10.75,10.75,4.577280453165504,0.002,2289,4.578,0.719546834496000,PASS,0.6619417598411133,true,true,PASS,true,AGREEMENT_PASS,4.584,4.030453165504433
B2-0038,-10.50,10.50,4.577530453165504,0.002,2289,4.578,0.469546834496000,PASS,0.6465333786214984,true,true,PASS,true,AGREEMENT_PASS,4.584,4.030453165504433
B2-0039,-10.25,10.25,4.577780453165504,0.002,2289,4.578,0.219546834496000,PASS,0.6311256827190448,true,true,PASS,true,AGREEMENT_PASS,4.584,4.030453165504433
B2-0040,-10.00,10.00,4.578030453165504,0.002,2290,4.58,1.969546834496000,PASS,0.6157186721195416,true,true,PASS,true,AGREEMENT_PASS,4.584,4.030453165504433
B2-0041,-9.75,9.75,4.578280453165504,0.002,2290,4.58,1.719546834496000,PASS,0.6003123468057936,true,true,PASS,true,AGREEMENT_PASS,4.584,4.030453165504433
B2-0042,-9.50,9.50,4.578530453165504,0.002,2290,4.58,1.469546834496000,PASS,0.5849067067568967,true,true,PASS,true,AGREEMENT_PASS,4.584,4.030453165504433
B2-0043,-9.25,9.25,4.578780453165504,0.002,2290,4.58,1.219546834496000,PASS,0.5695017519628038,true,true,PASS,true,AGREEMENT_PASS,4.584,4.030453165504433
B2-0044,-9.00,9.00,4.579030453165504,0.002,2290,4.58,0.969546834496000,PASS,0.5540974824048703,true,true,PASS,true,AGREEMENT_PASS,4.584,4.030453165504433
B2-0045,-8.75,8.75,4.579280453165504,0.002,2290,4.58,0.719546834496000,PASS,0.5386938980620641,true,true,PASS,true,AGREEMENT_PASS,4.584,4.030453165504433
B2-0046,-8.50,8.50,4.579530453165504,0.002,2290,4.58,0.469546834496000,PASS,0.5232909989187391,true,true,PASS,true,AGREEMENT_PASS,4.584,4.030453165504433
B2-0047,-8.25,8.25,4.579780453165504,0.002,2290,4.58,0.219546834496000,PASS,0.5078887849603291,true,true,PASS,true,AGREEMENT_PASS,4.584,4.030453165504433
B2-0048,-8.00,8.00,4.580030453165504,0.002,2291,4.582,1.969546834496000,PASS,0.49248725616743627,true,true,PASS,true,AGREEMENT_PASS,4.584,4.030453165504433
B2-0049,-7.75,7.75,4.580280453165504,0.002,2291,4.582,1.719546834496000,PASS,0.477086412523235,true,true,PASS,true,AGREEMENT_PASS,4.584,4.030453165504433
B2-0050,-7.50,7.50,4.580530453165504,0.002,2291,4.582,1.469546834496000,PASS,0.4616862540157456,true,true,PASS,true,AGREEMENT_PASS,4.584,4.030453165504433
B2-0051,-7.25,7.25,4.580780453165504,0.002,2291,4.582,1.219546834496000,PASS,0.446286780620639,true,true,PASS,true,AGREEMENT_PASS,4.584,4.030453165504433
B2-0052,-7.00,7.00,4.581030453165504,0.002,2291,4.582,0.969546834496000,PASS,0.4308879923230222,true,true,PASS,true,AGREEMENT_PASS,4.584,4.030453165504433
B2-0053,-6.75,6.75,4.581280453165504,0.002,2291,4.582,0.719546834496000,PASS,0.41548988910882656,true,true,PASS,true,AGREEMENT_PASS,4.584,4.030453165504433
B2-0054,-6.50,6.50,4.581530453165504,0.002,2291,4.582,0.469546834496000,PASS,0.40009247095663625,true,true,PASS,true,AGREEMENT_PASS,4.584,4.030453165504433
B2-0055,-6.25,6.25,4.581780453165504,0.002,2291,4.582,0.219546834496000,PASS,0.38469573785266675,true,true,PASS,true,AGREEMENT_PASS,4.584,4.030453165504433
B2-0056,-6.00,6.00,4.582030453165504,0.002,2292,4.584,1.969546834496000,PASS,0.3692996897777334,true,true,PASS,true,AGREEMENT_PASS,4.584,4.030453165504433
B2-0057,-5.75,5.75,4.582280453165504,0.002,2292,4.584,1.719546834496000,PASS,0.3539043267168438,true,true,PASS,true,AGREEMENT_PASS,4.584,4.030453165504433
B2-0058,-5.50,5.50,4.582530453165504,0.002,2292,4.584,1.469546834496000,PASS,0.3385096486501453,true,true,PASS,true,AGREEMENT_PASS,4.584,4.030453165504433
B2-0059,-5.25,5.25,4.582780453165504,0.002,2292,4.584,1.219546834496000,PASS,0.3231156555603434,true,true,PASS,true,AGREEMENT_PASS,4.584,4.030453165504433
B2-0060,-5.00,5.00,4.583030453165504,0.002,2292,4.584,0.969546834496000,PASS,0.307722347433824,true,true,PASS,true,AGREEMENT_PASS,4.584,4.030453165504433
B2-0061,-4.75,4.75,4.583280453165504,0.002,2292,4.584,0.719546834496000,PASS,0.2923297242498535,true,true,PASS,true,AGREEMENT_PASS,4.584,4.030453165504433
B2-0062,-4.50,4.50,4.583530453165504,0.002,2292,4.584,0.469546834496000,PASS,0.27693778599291363,true,true,PASS,true,AGREEMENT_PASS,4.584,4.030453165504433
B2-0063,-4.25,4.25,4.583780453165504,0.002,2292,4.584,0.219546834496000,PASS,0.26154653264546823,true,true,PASS,true,AGREEMENT_PASS,4.584,4.030453165504433
B2-0064,-4.00,4.00,4.584030453165504,0.002,2293,4.586,1.969546834496000,PASS,0.24615596418847474,true,true,FAIL,false,CONSERVATIVE_FALSE_REJECTION,4.584,4.030453165504433
B2-0065,-3.75,3.75,4.584280453165504,0.002,2293,4.586,1.719546834496000,PASS,0.2307660806053633,true,true,FAIL,false,CONSERVATIVE_FALSE_REJECTION,4.584,4.030453165504433
B2-0066,-3.50,3.50,4.584530453165504,0.002,2293,4.586,1.469546834496000,PASS,0.21537688188278992,true,true,FAIL,false,CONSERVATIVE_FALSE_REJECTION,4.584,4.030453165504433
B2-0067,-3.25,3.25,4.584780453165504,0.002,2293,4.586,1.219546834496000,PASS,0.19998836799842934,true,true,FAIL,false,CONSERVATIVE_FALSE_REJECTION,4.584,4.030453165504433
B2-0068,-3.00,3.00,4.585030453165504,0.002,2293,4.586,0.969546834496000,PASS,0.18460053893552697,true,true,FAIL,false,CONSERVATIVE_FALSE_REJECTION,4.584,4.030453165504433
B2-0069,-2.75,2.75,4.585280453165504,0.002,2293,4.586,0.719546834496000,PASS,0.16921339467880614,true,true,FAIL,false,CONSERVATIVE_FALSE_REJECTION,4.584,4.030453165504433
B2-0070,-2.50,2.50,4.585530453165504,0.002,2293,4.586,0.469546834496000,PASS,0.1538269352102759,true,true,FAIL,false,CONSERVATIVE_FALSE_REJECTION,4.584,4.030453165504433
B2-0071,-2.25,2.25,4.585780453165504,0.002,2293,4.586,0.219546834496000,PASS,0.13844116051018318,true,true,FAIL,false,CONSERVATIVE_FALSE_REJECTION,4.584,4.030453165504433
B2-0072,-2.00,2.00,4.586030453165504,0.002,2294,4.588,1.969546834496000,PASS,0.12305607056636347,true,true,FAIL,false,CONSERVATIVE_FALSE_REJECTION,4.584,4.030453165504433
B2-0073,-1.75,1.75,4.586280453165504,0.002,2294,4.588,1.719546834496000,PASS,0.10767166535597994,true,true,FAIL,false,CONSERVATIVE_FALSE_REJECTION,4.584,4.030453165504433
B2-0074,-1.50,1.50,4.586530453165504,0.002,2294,4.588,1.469546834496000,PASS,0.09228794486233483,true,true,FAIL,false,CONSERVATIVE_FALSE_REJECTION,4.584,4.030453165504433
B2-0075,-1.25,1.25,4.586780453165504,0.002,2294,4.588,1.219546834496000,PASS,0.07690490906996672,true,true,FAIL,false,CONSERVATIVE_FALSE_REJECTION,4.584,4.030453165504433
B2-0076,-1.00,1.00,4.587030453165504,0.002,2294,4.588,0.969546834496000,PASS,0.061522557961069424,true,true,FAIL,false,CONSERVATIVE_FALSE_REJECTION,4.584,4.030453165504433
B2-0077,-0.75,0.75,4.587280453165504,0.002,2294,4.588,0.719546834496000,PASS,0.04614089151742462,true,true,FAIL,false,CONSERVATIVE_FALSE_REJECTION,4.584,4.030453165504433
B2-0078,-0.50,0.50,4.587530453165504,0.002,2294,4.588,0.469546834496000,PASS,0.03075990971927922,true,true,FAIL,false,CONSERVATIVE_FALSE_REJECTION,4.584,4.030453165504433
B2-0079,-0.25,0.25,4.587780453165504,0.002,2294,4.588,0.219546834496000,PASS,0.015379612553616084,true,true,FAIL,false,CONSERVATIVE_FALSE_REJECTION,4.584,4.030453165504433
B2-0080,0.00,0.00,4.588030453165504,0.002,2295,4.59,1.969546834496000,PASS,1.7053025658242404e-13,true,true,FAIL,false,CONSERVATIVE_FALSE_REJECTION,4.584,4.030453165504433
B2-0081,0.25,0.25,4.588280453165504,0.002,2295,4.59,1.719546834496000,FAIL,-0.015378927958892064,true,true,FAIL,true,AGREEMENT_FAIL,4.584,4.030453165504433
B2-0082,0.50,0.50,4.588530453165504,0.002,2295,4.59,1.469546834496000,FAIL,-0.030757171337867817,true,true,FAIL,true,AGREEMENT_FAIL,4.584,4.030453165504433
B2-0083,0.75,0.75,4.588780453165504,0.002,2295,4.59,1.219546834496000,FAIL,-0.046134730158939874,true,true,FAIL,true,AGREEMENT_FAIL,4.584,4.030453165504433
B2-0084,1.00,1.00,4.589030453165504,0.002,2295,4.59,0.969546834496000,FAIL,-0.0615116044382944,true,true,FAIL,true,AGREEMENT_FAIL,4.584,4.030453165504433
B2-0085,1.25,1.25,4.589280453165504,0.002,2295,4.59,0.719546834496000,FAIL,-0.07688779419261493,true,true,FAIL,true,AGREEMENT_FAIL,4.584,4.030453165504433
B2-0086,1.50,1.50,4.589530453165504,0.002,2295,4.59,0.469546834496000,FAIL,-0.09226329944056033,true,true,FAIL,true,AGREEMENT_FAIL,4.584,4.030453165504433
B2-0087,1.75,1.75,4.589780453165504,0.002,2295,4.59,0.219546834496000,FAIL,-0.1076381201982457,true,true,FAIL,true,AGREEMENT_FAIL,4.584,4.030453165504433
B2-0088,2.00,2.00,4.590030453165504,0.002,2296,4.592,1.969546834496000,FAIL,-0.12301225648522518,true,true,FAIL,true,AGREEMENT_FAIL,4.584,4.030453165504433
B2-0089,2.25,2.25,4.590280453165504,0.002,2296,4.592,1.719546834496000,FAIL,-0.13838570832008656,true,true,FAIL,true,AGREEMENT_FAIL,4.584,4.030453165504433
B2-0090,2.50,2.50,4.590530453165504,0.002,2296,4.592,1.469546834496000,FAIL,-0.15375847571905865,true,true,FAIL,true,AGREEMENT_FAIL,4.584,4.030453165504433
B2-0091,2.75,2.75,4.590780453165504,0.002,2296,4.592,1.219546834496000,FAIL,-0.16913055869834182,true,true,FAIL,true,AGREEMENT_FAIL,4.584,4.030453165504433
B2-0092,3.00,3.00,4.591030453165504,0.002,2296,4.592,0.969546834496000,FAIL,-0.18450195727756125,true,true,FAIL,true,AGREEMENT_FAIL,4.584,4.030453165504433
B2-0093,3.25,3.25,4.591280453165504,0.002,2296,4.592,0.719546834496000,FAIL,-0.19987267147357102,true,true,FAIL,true,AGREEMENT_FAIL,4.584,4.030453165504433
B2-0094,3.50,3.50,4.591530453165504,0.002,2296,4.592,0.469546834496000,FAIL,-0.21524270130815637,true,true,FAIL,true,AGREEMENT_FAIL,4.584,4.030453165504433
B2-0095,3.75,3.75,4.591780453165504,0.002,2296,4.592,0.219546834496000,FAIL,-0.23061204679237335,true,true,FAIL,true,AGREEMENT_FAIL,4.584,4.030453165504433
B2-0096,4.00,4.00,4.592030453165504,0.002,2297,4.594,1.969546834496000,FAIL,-0.24598070795006777,true,true,FAIL,true,AGREEMENT_FAIL,4.584,4.030453165504433
B2-0097,4.25,4.25,4.592280453165504,0.002,2297,4.594,1.719546834496000,FAIL,-0.26134868479687157,true,true,FAIL,true,AGREEMENT_FAIL,4.584,4.030453165504433
B2-0098,4.50,4.50,4.592530453165504,0.002,2297,4.594,1.469546834496000,FAIL,-0.2767159773485588,true,true,FAIL,true,AGREEMENT_FAIL,4.584,4.030453165504433
B2-0099,4.75,4.75,4.592780453165504,0.002,2297,4.594,1.219546834496000,FAIL,-0.2920825856258773,true,true,FAIL,true,AGREEMENT_FAIL,4.584,4.030453165504433
B2-0100,5.00,5.00,4.593030453165504,0.002,2297,4.594,0.969546834496000,FAIL,-0.30744850964646275,true,true,FAIL,true,AGREEMENT_FAIL,4.584,4.030453165504433
B2-0101,5.25,5.25,4.593280453165504,0.002,2297,4.594,0.719546834496000,FAIL,-0.3228137494276524,true,true,FAIL,true,AGREEMENT_FAIL,4.584,4.030453165504433
B2-0102,5.50,5.50,4.593530453165504,0.002,2297,4.594,0.469546834496000,FAIL,-0.33817830498990986,true,true,FAIL,true,AGREEMENT_FAIL,4.584,4.030453165504433
B2-0103,5.75,5.75,4.593780453165504,0.002,2297,4.594,0.219546834496000,FAIL,-0.35354217634487384,true,true,FAIL,true,AGREEMENT_FAIL,4.584,4.030453165504433
B2-0104,6.00,6.00,4.594030453165504,0.002,2298,4.596,1.969546834496000,FAIL,-0.3689053635162338,true,true,FAIL,true,AGREEMENT_FAIL,4.584,4.030453165504433
B2-0105,6.25,6.25,4.594280453165504,0.002,2298,4.596,1.719546834496000,FAIL,-0.384267866520446,true,true,FAIL,true,AGREEMENT_FAIL,4.584,4.030453165504433
B2-0106,6.50,6.50,4.594530453165504,0.002,2298,4.596,1.469546834496000,FAIL,-0.3996296853747623,true,true,FAIL,true,AGREEMENT_FAIL,4.584,4.030453165504433
B2-0107,6.75,6.75,4.594780453165504,0.002,2298,4.596,1.219546834496000,FAIL,-0.4149908200986232,true,true,FAIL,true,AGREEMENT_FAIL,4.584,4.030453165504433
B2-0108,7.00,7.00,4.595030453165504,0.002,2298,4.596,0.969546834496000,FAIL,-0.43035127070831436,true,true,FAIL,true,AGREEMENT_FAIL,4.584,4.030453165504433
B2-0109,7.25,7.25,4.595280453165504,0.002,2298,4.596,0.719546834496000,FAIL,-0.4457110372240578,true,true,FAIL,true,AGREEMENT_FAIL,4.584,4.030453165504433
B2-0110,7.50,7.50,4.595530453165504,0.002,2298,4.596,0.469546834496000,FAIL,-0.461070119662196,true,true,FAIL,true,AGREEMENT_FAIL,4.584,4.030453165504433
B2-0111,7.75,7.75,4.595780453165504,0.002,2298,4.596,0.219546834496000,FAIL,-0.4764285180443153,true,true,FAIL,true,AGREEMENT_FAIL,4.584,4.030453165504433
B2-0112,8.00,8.00,4.596030453165504,0.002,2299,4.598,1.969546834496000,FAIL,-0.491786232382168,true,true,FAIL,true,AGREEMENT_FAIL,4.584,4.030453165504433
B2-0113,8.25,8.25,4.596280453165504,0.002,2299,4.598,1.719546834496000,FAIL,-0.5071432626980368,true,true,FAIL,true,AGREEMENT_FAIL,4.584,4.030453165504433
B2-0114,8.50,8.50,4.596530453165504,0.002,2299,4.598,1.469546834496000,FAIL,-0.5224996090127831,true,true,FAIL,true,AGREEMENT_FAIL,4.584,4.030453165504433
B2-0115,8.75,8.75,4.596780453165504,0.002,2299,4.598,1.219546834496000,FAIL,-0.5378552713376621,true,true,FAIL,true,AGREEMENT_FAIL,4.584,4.030453165504433
B2-0116,9.00,9.00,4.597030453165504,0.002,2299,4.598,0.969546834496000,FAIL,-0.5532102496979121,true,true,FAIL,true,AGREEMENT_FAIL,4.584,4.030453165504433
B2-0117,9.25,9.25,4.597280453165504,0.002,2299,4.598,0.719546834496000,FAIL,-0.5685645441048166,true,true,FAIL,true,AGREEMENT_FAIL,4.584,4.030453165504433
B2-0118,9.50,9.50,4.597530453165504,0.002,2299,4.598,0.469546834496000,FAIL,-0.5839181545836425,true,true,FAIL,true,AGREEMENT_FAIL,4.584,4.030453165504433
B2-0119,9.75,9.75,4.597780453165504,0.002,2299,4.598,0.219546834496000,FAIL,-0.5992710811497233,true,true,FAIL,true,AGREEMENT_FAIL,4.584,4.030453165504433
B2-0120,10.00,10.00,4.598030453165504,0.002,2300,4.6,1.969546834496000,FAIL,-0.6146233238182077,true,true,FAIL,true,AGREEMENT_FAIL,4.584,4.030453165504433
B2-0121,10.25,10.25,4.598280453165504,0.002,2300,4.6,1.719546834496000,FAIL,-0.6299748826101563,true,true,FAIL,true,AGREEMENT_FAIL,4.584,4.030453165504433
B2-0122,10.50,10.50,4.598530453165504,0.002,2300,4.6,1.469546834496000,FAIL,-0.6453257575448532,true,true,FAIL,true,AGREEMENT_FAIL,4.584,4.030453165504433
B2-0123,10.75,10.75,4.598780453165504,0.002,2300,4.6,1.219546834496000,FAIL,-0.6606759486397351,true,true,FAIL,true,AGREEMENT_FAIL,4.584,4.030453165504433
B2-0124,11.00,11.00,4.599030453165504,0.002,2300,4.6,0.969546834496000,FAIL,-0.6760254559151093,true,true,FAIL,true,AGREEMENT_FAIL,4.584,4.030453165504433
B2-0125,11.25,11.25,4.599280453165504,0.002,2300,4.6,0.719546834496000,FAIL,-0.6913742793887963,true,true,FAIL,true,AGREEMENT_FAIL,4.584,4.030453165504433
B2-0126,11.50,11.50,4.599530453165504,0.002,2300,4.6,0.469546834496000,FAIL,-0.7067224190735288,true,true,FAIL,true,AGREEMENT_FAIL,4.584,4.030453165504433
B2-0127,11.75,11.75,4.599780453165504,0.002,2300,4.6,0.219546834496000,FAIL,-0.7220698749919592,true,true,FAIL,true,AGREEMENT_FAIL,4.584,4.030453165504433
B2-0128,12.00,12.00,4.600030453165504,0.002,2301,4.602,1.969546834496000,FAIL,-0.7374166471622345,true,true,FAIL,true,AGREEMENT_FAIL,4.584,4.030453165504433
B2-0129,12.25,12.25,4.600280453165504,0.002,2301,4.602,1.719546834496000,FAIL,-0.7527627356049322,true,true,FAIL,true,AGREEMENT_FAIL,4.584,4.030453165504433
B2-0130,12.50,12.50,4.600530453165504,0.002,2301,4.602,1.469546834496000,FAIL,-0.7681081403355279,true,true,FAIL,true,AGREEMENT_FAIL,4.584,4.030453165504433
B2-0131,12.75,12.75,4.600780453165504,0.002,2301,4.602,1.219546834496000,FAIL,-0.783452861373874,true,true,FAIL,true,AGREEMENT_FAIL,4.584,4.030453165504433
B2-0132,13.00,13.00,4.601030453165504,0.002,2301,4.602,0.969546834496000,FAIL,-0.7987968987396528,true,true,FAIL,true,AGREEMENT_FAIL,4.584,4.030453165504433
B2-0133,13.25,13.25,4.601280453165504,0.002,2301,4.602,0.719546834496000,FAIL,-0.8141402524466201,true,true,FAIL,true,AGREEMENT_FAIL,4.584,4.030453165504433
B2-0134,13.50,13.50,4.601530453165504,0.002,2301,4.602,0.469546834496000,FAIL,-0.829482922520512,true,true,FAIL,true,AGREEMENT_FAIL,4.584,4.030453165504433
B2-0135,13.75,13.75,4.601780453165504,0.002,2301,4.602,0.219546834496000,FAIL,-0.8448249089754256,true,true,FAIL,true,AGREEMENT_FAIL,4.584,4.030453165504433
B2-0136,14.00,14.00,4.602030453165504,0.002,2302,4.604,1.969546834496000,FAIL,-0.8601662118280586,true,true,FAIL,true,AGREEMENT_FAIL,4.584,4.030453165504433
B2-0137,14.25,14.25,4.602280453165504,0.002,2302,4.604,1.719546834496000,FAIL,-0.8755068310975247,true,true,FAIL,true,AGREEMENT_FAIL,4.584,4.030453165504433
B2-0138,14.50,14.50,4.602530453165504,0.002,2302,4.604,1.469546834496000,FAIL,-0.8908467668070585,true,true,FAIL,true,AGREEMENT_FAIL,4.584,4.030453165504433
B2-0139,14.75,14.75,4.602780453165504,0.002,2302,4.604,1.219546834496000,FAIL,-0.9061860189729032,true,true,FAIL,true,AGREEMENT_FAIL,4.584,4.030453165504433
B2-0140,15.00,15.00,4.603030453165504,0.002,2302,4.604,0.969546834496000,FAIL,-0.9215245876124669,true,true,FAIL,true,AGREEMENT_FAIL,4.584,4.030453165504433
B2-0141,15.25,15.25,4.603280453165504,0.002,2302,4.604,0.719546834496000,FAIL,-0.9368624727457018,true,true,FAIL,true,AGREEMENT_FAIL,4.584,4.030453165504433
B2-0142,15.50,15.50,4.603530453165504,0.002,2302,4.604,0.469546834496000,FAIL,-0.9521996743914514,true,true,FAIL,true,AGREEMENT_FAIL,4.584,4.030453165504433
B2-0143,15.75,15.75,4.603780453165504,0.002,2302,4.604,0.219546834496000,FAIL,-0.9675361925660724,true,true,FAIL,true,AGREEMENT_FAIL,4.584,4.030453165504433
B2-0144,16.00,16.00,4.604030453165504,0.002,2303,4.606,1.969546834496000,FAIL,-0.9828720272900426,true,true,FAIL,true,AGREEMENT_FAIL,4.584,4.030453165504433
B2-0145,16.25,16.25,4.604280453165504,0.002,2303,4.606,1.719546834496000,FAIL,-0.9982071785853606,true,true,FAIL,true,AGREEMENT_FAIL,4.584,4.030453165504433
B2-0146,16.50,16.50,4.604530453165504,0.002,2303,4.606,1.469546834496000,FAIL,-1.0135416464616611,true,true,FAIL,true,AGREEMENT_FAIL,4.584,4.030453165504433
B2-0147,16.75,16.75,4.604780453165504,0.002,2303,4.606,1.219546834496000,FAIL,-1.0288754309471955,true,true,FAIL,true,AGREEMENT_FAIL,4.584,4.030453165504433
B2-0148,17.00,17.00,4.605030453165504,0.002,2303,4.606,0.969546834496000,FAIL,-1.0442085320538297,true,true,FAIL,true,AGREEMENT_FAIL,4.584,4.030453165504433
B2-0149,17.25,17.25,4.605280453165504,0.002,2303,4.606,0.719546834496000,FAIL,-1.0595409498059354,true,true,FAIL,true,AGREEMENT_FAIL,4.584,4.030453165504433
B2-0150,17.50,17.50,4.605530453165504,0.002,2303,4.606,0.469546834496000,FAIL,-1.0748726842186755,true,true,FAIL,true,AGREEMENT_FAIL,4.584,4.030453165504433
B2-0151,17.75,17.75,4.605780453165504,0.002,2303,4.606,0.219546834496000,FAIL,-1.0902037353114622,true,true,FAIL,true,AGREEMENT_FAIL,4.584,4.030453165504433
B2-0152,18.00,18.00,4.606030453165504,0.002,2304,4.608,1.969546834496000,FAIL,-1.1055341031050148,true,true,FAIL,true,AGREEMENT_FAIL,4.584,4.030453165504433
B2-0153,18.25,18.25,4.606280453165504,0.002,2304,4.608,1.719546834496000,FAIL,-1.120863787616102,true,true,FAIL,true,AGREEMENT_FAIL,4.584,4.030453165504433
B2-0154,18.50,18.50,4.606530453165504,0.002,2304,4.608,1.469546834496000,FAIL,-1.136192788868513,true,true,FAIL,true,AGREEMENT_FAIL,4.584,4.030453165504433
B2-0155,18.75,18.75,4.606780453165504,0.002,2304,4.608,1.219546834496000,FAIL,-1.1515211068695663,true,true,FAIL,true,AGREEMENT_FAIL,4.584,4.030453165504433
B2-0156,19.00,19.00,4.607030453165504,0.002,2304,4.608,0.969546834496000,FAIL,-1.1668487416482094,true,true,FAIL,true,AGREEMENT_FAIL,4.584,4.030453165504433
B2-0157,19.25,19.25,4.607280453165504,0.002,2304,4.608,0.719546834496000,FAIL,-1.1821756932206853,true,true,FAIL,true,AGREEMENT_FAIL,4.584,4.030453165504433
B2-0158,19.50,19.50,4.607530453165504,0.002,2304,4.608,0.469546834496000,FAIL,-1.1975019616047007,true,true,FAIL,true,AGREEMENT_FAIL,4.584,4.030453165504433
B2-0159,19.75,19.75,4.607780453165504,0.002,2304,4.608,0.219546834496000,FAIL,-1.2128275468209182,true,true,FAIL,true,AGREEMENT_FAIL,4.584,4.030453165504433
B2-0160,20.00,20.00,4.608030453165504,0.002,2305,4.61,1.969546834496000,FAIL,-1.2281524488874282,true,true,FAIL,true,AGREEMENT_FAIL,4.584,4.030453165504433
B2-0000,-20.00,20.00,4.568030453165504,0.001,4569,4.569,0.969546834496000,PASS,0.779748643718051,true,true,PASS,true,AGREEMENT_PASS,4.586,2.030453165503765
B2-0001,-19.75,19.75,4.568280453165504,0.001,4569,4.569,0.719546834496000,PASS,0.779748643718051,true,true,PASS,true,AGREEMENT_PASS,4.586,2.030453165503765
B2-0002,-19.50,19.50,4.568530453165504,0.001,4569,4.569,0.469546834496000,PASS,0.7797486437162036,true,true,PASS,true,AGREEMENT_PASS,4.586,2.030453165503765
B2-0003,-19.25,19.25,4.568780453165504,0.001,4569,4.569,0.219546834496000,PASS,0.7797486437173831,true,true,PASS,true,AGREEMENT_PASS,4.586,2.030453165503765
B2-0004,-19.00,19.00,4.569030453165504,0.001,4570,4.57,0.969546834496000,PASS,0.7797486437165162,true,true,PASS,true,AGREEMENT_PASS,4.586,2.030453165503765
B2-0005,-18.75,18.75,4.569280453165504,0.001,4570,4.57,0.719546834496000,PASS,0.779748643718051,true,true,PASS,true,AGREEMENT_PASS,4.586,2.030453165503765
B2-0006,-18.50,18.50,4.569530453165504,0.001,4570,4.57,0.469546834496000,PASS,0.7797486437177241,true,true,PASS,true,AGREEMENT_PASS,4.586,2.030453165503765
B2-0007,-18.25,18.25,4.569780453165504,0.001,4570,4.57,0.219546834496000,PASS,0.7797486437162888,true,true,PASS,true,AGREEMENT_PASS,4.586,2.030453165503765
B2-0008,-18.00,18.00,4.570030453165504,0.001,4571,4.571,0.969546834496000,PASS,0.779748643718051,true,true,PASS,true,AGREEMENT_PASS,4.586,2.030453165503765
B2-0009,-17.75,17.75,4.570280453165504,0.001,4571,4.571,0.719546834496000,PASS,0.779748643718051,true,true,PASS,true,AGREEMENT_PASS,4.586,2.030453165503765
B2-0010,-17.50,17.50,4.570530453165504,0.001,4571,4.571,0.469546834496000,PASS,0.7797486437180936,true,true,PASS,true,AGREEMENT_PASS,4.586,2.030453165503765
B2-0011,-17.25,17.25,4.570780453165504,0.001,4571,4.571,0.219546834496000,PASS,0.779748643718051,true,true,PASS,true,AGREEMENT_PASS,4.586,2.030453165503765
B2-0012,-17.00,17.00,4.571030453165504,0.001,4572,4.572,0.969546834496000,PASS,0.779748643718051,true,true,PASS,true,AGREEMENT_PASS,4.586,2.030453165503765
B2-0013,-16.75,16.75,4.571280453165504,0.001,4572,4.572,0.719546834496000,PASS,0.779748643717781,true,true,PASS,true,AGREEMENT_PASS,4.586,2.030453165503765
B2-0014,-16.50,16.50,4.571530453165504,0.001,4572,4.572,0.469546834496000,PASS,0.7797486437180936,true,true,PASS,true,AGREEMENT_PASS,4.586,2.030453165503765
B2-0015,-16.25,16.25,4.571780453165504,0.001,4572,4.572,0.219546834496000,PASS,0.7797486437165873,true,true,PASS,true,AGREEMENT_PASS,4.586,2.030453165503765
B2-0016,-16.00,16.00,4.572030453165504,0.001,4573,4.573,0.969546834496000,PASS,0.779748643718051,true,true,PASS,true,AGREEMENT_PASS,4.586,2.030453165503765
B2-0017,-15.75,15.75,4.572280453165504,0.001,4573,4.573,0.719546834496000,PASS,0.7797486437180936,true,true,PASS,true,AGREEMENT_PASS,4.586,2.030453165503765
B2-0018,-15.50,15.50,4.572530453165504,0.001,4573,4.573,0.469546834496000,PASS,0.7797486437180936,true,true,PASS,true,AGREEMENT_PASS,4.586,2.030453165503765
B2-0019,-15.25,15.25,4.572780453165504,0.001,4573,4.573,0.219546834496000,PASS,0.779748643718051,true,true,PASS,true,AGREEMENT_PASS,4.586,2.030453165503765
B2-0020,-15.00,15.00,4.573030453165504,0.001,4574,4.574,0.969546834496000,PASS,0.779748643718051,true,true,PASS,true,AGREEMENT_PASS,4.586,2.030453165503765
B2-0021,-14.75,14.75,4.573280453165504,0.001,4574,4.574,0.719546834496000,PASS,0.779748643718051,true,true,PASS,true,AGREEMENT_PASS,4.586,2.030453165503765
B2-0022,-14.50,14.50,4.573530453165504,0.001,4574,4.574,0.469546834496000,PASS,0.7797486437180936,true,true,PASS,true,AGREEMENT_PASS,4.586,2.030453165503765
B2-0023,-14.25,14.25,4.573780453165504,0.001,4574,4.574,0.219546834496000,PASS,0.7797486437180936,true,true,PASS,true,AGREEMENT_PASS,4.586,2.030453165503765
B2-0024,-14.00,14.00,4.574030453165504,0.001,4575,4.575,0.969546834496000,PASS,0.7797486437179799,true,true,PASS,true,AGREEMENT_PASS,4.586,2.030453165503765
B2-0025,-13.75,13.75,4.574280453165504,0.001,4575,4.575,0.719546834496000,PASS,0.7797486437180936,true,true,PASS,true,AGREEMENT_PASS,4.586,2.030453165503765
B2-0026,-13.50,13.50,4.574530453165504,0.001,4575,4.575,0.469546834496000,PASS,0.779748643718051,true,true,PASS,true,AGREEMENT_PASS,4.586,2.030453165503765
B2-0027,-13.25,13.25,4.574780453165504,0.001,4575,4.575,0.219546834496000,PASS,0.7797486437177241,true,true,PASS,true,AGREEMENT_PASS,4.586,2.030453165503765
B2-0028,-13.00,13.00,4.575030453165504,0.001,4576,4.576,0.969546834496000,PASS,0.7797486437180936,true,true,PASS,true,AGREEMENT_PASS,4.586,2.030453165503765
B2-0029,-12.75,12.75,4.575280453165504,0.001,4576,4.576,0.719546834496000,PASS,0.779748643718051,true,true,PASS,true,AGREEMENT_PASS,4.586,2.030453165503765
B2-0030,-12.50,12.50,4.575530453165504,0.001,4576,4.576,0.469546834496000,PASS,0.7698196187287749,true,true,PASS,true,AGREEMENT_PASS,4.586,2.030453165503765
B2-0031,-12.25,12.25,4.575780453165504,0.001,4576,4.576,0.219546834496000,PASS,0.7544064398050523,true,true,PASS,true,AGREEMENT_PASS,4.586,2.030453165503765
B2-0032,-12.00,12.00,4.576030453165504,0.001,4577,4.577,0.969546834496000,PASS,0.7389939463173931,true,true,PASS,true,AGREEMENT_PASS,4.586,2.030453165503765
B2-0033,-11.75,11.75,4.576280453165504,0.001,4577,4.577,0.719546834496000,PASS,0.7235821382505918,true,true,PASS,true,AGREEMENT_PASS,4.586,2.030453165503765
B2-0034,-11.50,11.50,4.576530453165504,0.001,4577,4.577,0.469546834496000,PASS,0.7081710155858332,true,true,PASS,true,AGREEMENT_PASS,4.586,2.030453165503765
B2-0035,-11.25,11.25,4.576780453165504,0.001,4577,4.577,0.219546834496000,PASS,0.6927605783069737,true,true,PASS,true,AGREEMENT_PASS,4.586,2.030453165503765
B2-0036,-11.00,11.00,4.577030453165504,0.001,4578,4.578,0.969546834496000,PASS,0.6773508263973156,true,true,PASS,true,AGREEMENT_PASS,4.586,2.030453165503765
B2-0037,-10.75,10.75,4.577280453165504,0.001,4578,4.578,0.719546834496000,PASS,0.6619417598411133,true,true,PASS,true,AGREEMENT_PASS,4.586,2.030453165503765
B2-0038,-10.50,10.50,4.577530453165504,0.001,4578,4.578,0.469546834496000,PASS,0.6465333786214984,true,true,PASS,true,AGREEMENT_PASS,4.586,2.030453165503765
B2-0039,-10.25,10.25,4.577780453165504,0.001,4578,4.578,0.219546834496000,PASS,0.6311256827190448,true,true,PASS,true,AGREEMENT_PASS,4.586,2.030453165503765
B2-0040,-10.00,10.00,4.578030453165504,0.001,4579,4.579,0.969546834496000,PASS,0.6157186721195416,true,true,PASS,true,AGREEMENT_PASS,4.586,2.030453165503765
B2-0041,-9.75,9.75,4.578280453165504,0.001,4579,4.579,0.719546834496000,PASS,0.6003123468057936,true,true,PASS,true,AGREEMENT_PASS,4.586,2.030453165503765
B2-0042,-9.50,9.50,4.578530453165504,0.001,4579,4.579,0.469546834496000,PASS,0.5849067067568967,true,true,PASS,true,AGREEMENT_PASS,4.586,2.030453165503765
B2-0043,-9.25,9.25,4.578780453165504,0.001,4579,4.579,0.219546834496000,PASS,0.5695017519628038,true,true,PASS,true,AGREEMENT_PASS,4.586,2.030453165503765
B2-0044,-9.00,9.00,4.579030453165504,0.001,4580,4.58,0.969546834496000,PASS,0.5540974824048703,true,true,PASS,true,AGREEMENT_PASS,4.586,2.030453165503765
B2-0045,-8.75,8.75,4.579280453165504,0.001,4580,4.58,0.719546834496000,PASS,0.5386938980620641,true,true,PASS,true,AGREEMENT_PASS,4.586,2.030453165503765
B2-0046,-8.50,8.50,4.579530453165504,0.001,4580,4.58,0.469546834496000,PASS,0.5232909989187391,true,true,PASS,true,AGREEMENT_PASS,4.586,2.030453165503765
B2-0047,-8.25,8.25,4.579780453165504,0.001,4580,4.58,0.219546834496000,PASS,0.5078887849603291,true,true,PASS,true,AGREEMENT_PASS,4.586,2.030453165503765
B2-0048,-8.00,8.00,4.580030453165504,0.001,4581,4.581,0.969546834496000,PASS,0.49248725616743627,true,true,PASS,true,AGREEMENT_PASS,4.586,2.030453165503765
B2-0049,-7.75,7.75,4.580280453165504,0.001,4581,4.581,0.719546834496000,PASS,0.477086412523235,true,true,PASS,true,AGREEMENT_PASS,4.586,2.030453165503765
B2-0050,-7.50,7.50,4.580530453165504,0.001,4581,4.581,0.469546834496000,PASS,0.4616862540157456,true,true,PASS,true,AGREEMENT_PASS,4.586,2.030453165503765
B2-0051,-7.25,7.25,4.580780453165504,0.001,4581,4.581,0.219546834496000,PASS,0.446286780620639,true,true,PASS,true,AGREEMENT_PASS,4.586,2.030453165503765
B2-0052,-7.00,7.00,4.581030453165504,0.001,4582,4.582,0.969546834496000,PASS,0.4308879923230222,true,true,PASS,true,AGREEMENT_PASS,4.586,2.030453165503765
B2-0053,-6.75,6.75,4.581280453165504,0.001,4582,4.582,0.719546834496000,PASS,0.41548988910882656,true,true,PASS,true,AGREEMENT_PASS,4.586,2.030453165503765
B2-0054,-6.50,6.50,4.581530453165504,0.001,4582,4.582,0.469546834496000,PASS,0.40009247095663625,true,true,PASS,true,AGREEMENT_PASS,4.586,2.030453165503765
B2-0055,-6.25,6.25,4.581780453165504,0.001,4582,4.582,0.219546834496000,PASS,0.38469573785266675,true,true,PASS,true,AGREEMENT_PASS,4.586,2.030453165503765
B2-0056,-6.00,6.00,4.582030453165504,0.001,4583,4.583,0.969546834496000,PASS,0.3692996897777334,true,true,PASS,true,AGREEMENT_PASS,4.586,2.030453165503765
B2-0057,-5.75,5.75,4.582280453165504,0.001,4583,4.583,0.719546834496000,PASS,0.3539043267168438,true,true,PASS,true,AGREEMENT_PASS,4.586,2.030453165503765
B2-0058,-5.50,5.50,4.582530453165504,0.001,4583,4.583,0.469546834496000,PASS,0.3385096486501453,true,true,PASS,true,AGREEMENT_PASS,4.586,2.030453165503765
B2-0059,-5.25,5.25,4.582780453165504,0.001,4583,4.583,0.219546834496000,PASS,0.3231156555603434,true,true,PASS,true,AGREEMENT_PASS,4.586,2.030453165503765
B2-0060,-5.00,5.00,4.583030453165504,0.001,4584,4.584,0.969546834496000,PASS,0.307722347433824,true,true,PASS,true,AGREEMENT_PASS,4.586,2.030453165503765
B2-0061,-4.75,4.75,4.583280453165504,0.001,4584,4.584,0.719546834496000,PASS,0.2923297242498535,true,true,PASS,true,AGREEMENT_PASS,4.586,2.030453165503765
B2-0062,-4.50,4.50,4.583530453165504,0.001,4584,4.584,0.469546834496000,PASS,0.27693778599291363,true,true,PASS,true,AGREEMENT_PASS,4.586,2.030453165503765
B2-0063,-4.25,4.25,4.583780453165504,0.001,4584,4.584,0.219546834496000,PASS,0.26154653264546823,true,true,PASS,true,AGREEMENT_PASS,4.586,2.030453165503765
B2-0064,-4.00,4.00,4.584030453165504,0.001,4585,4.585,0.969546834496000,PASS,0.24615596418847474,true,true,PASS,true,AGREEMENT_PASS,4.586,2.030453165503765
B2-0065,-3.75,3.75,4.584280453165504,0.001,4585,4.585,0.719546834496000,PASS,0.2307660806053633,true,true,PASS,true,AGREEMENT_PASS,4.586,2.030453165503765
B2-0066,-3.50,3.50,4.584530453165504,0.001,4585,4.585,0.469546834496000,PASS,0.21537688188278992,true,true,PASS,true,AGREEMENT_PASS,4.586,2.030453165503765
B2-0067,-3.25,3.25,4.584780453165504,0.001,4585,4.585,0.219546834496000,PASS,0.19998836799842934,true,true,PASS,true,AGREEMENT_PASS,4.586,2.030453165503765
B2-0068,-3.00,3.00,4.585030453165504,0.001,4586,4.586,0.969546834496000,PASS,0.18460053893552697,true,true,PASS,true,AGREEMENT_PASS,4.586,2.030453165503765
B2-0069,-2.75,2.75,4.585280453165504,0.001,4586,4.586,0.719546834496000,PASS,0.16921339467880614,true,true,PASS,true,AGREEMENT_PASS,4.586,2.030453165503765
B2-0070,-2.50,2.50,4.585530453165504,0.001,4586,4.586,0.469546834496000,PASS,0.1538269352102759,true,true,PASS,true,AGREEMENT_PASS,4.586,2.030453165503765
B2-0071,-2.25,2.25,4.585780453165504,0.001,4586,4.586,0.219546834496000,PASS,0.13844116051018318,true,true,PASS,true,AGREEMENT_PASS,4.586,2.030453165503765
B2-0072,-2.00,2.00,4.586030453165504,0.001,4587,4.587,0.969546834496000,PASS,0.12305607056636347,true,true,FAIL,false,CONSERVATIVE_FALSE_REJECTION,4.586,2.030453165503765
B2-0073,-1.75,1.75,4.586280453165504,0.001,4587,4.587,0.719546834496000,PASS,0.10767166535597994,true,true,FAIL,false,CONSERVATIVE_FALSE_REJECTION,4.586,2.030453165503765
B2-0074,-1.50,1.50,4.586530453165504,0.001,4587,4.587,0.469546834496000,PASS,0.09228794486233483,true,true,FAIL,false,CONSERVATIVE_FALSE_REJECTION,4.586,2.030453165503765
B2-0075,-1.25,1.25,4.586780453165504,0.001,4587,4.587,0.219546834496000,PASS,0.07690490906996672,true,true,FAIL,false,CONSERVATIVE_FALSE_REJECTION,4.586,2.030453165503765
B2-0076,-1.00,1.00,4.587030453165504,0.001,4588,4.588,0.969546834496000,PASS,0.061522557961069424,true,true,FAIL,false,CONSERVATIVE_FALSE_REJECTION,4.586,2.030453165503765
B2-0077,-0.75,0.75,4.587280453165504,0.001,4588,4.588,0.719546834496000,PASS,0.04614089151742462,true,true,FAIL,false,CONSERVATIVE_FALSE_REJECTION,4.586,2.030453165503765
B2-0078,-0.50,0.50,4.587530453165504,0.001,4588,4.588,0.469546834496000,PASS,0.03075990971927922,true,true,FAIL,false,CONSERVATIVE_FALSE_REJECTION,4.586,2.030453165503765
B2-0079,-0.25,0.25,4.587780453165504,0.001,4588,4.588,0.219546834496000,PASS,0.015379612553616084,true,true,FAIL,false,CONSERVATIVE_FALSE_REJECTION,4.586,2.030453165503765
B2-0080,0.00,0.00,4.588030453165504,0.001,4589,4.589,0.969546834496000,PASS,1.7053025658242404e-13,true,true,FAIL,false,CONSERVATIVE_FALSE_REJECTION,4.586,2.030453165503765
B2-0081,0.25,0.25,4.588280453165504,0.001,4589,4.589,0.719546834496000,FAIL,-0.015378927958892064,true,true,FAIL,true,AGREEMENT_FAIL,4.586,2.030453165503765
B2-0082,0.50,0.50,4.588530453165504,0.001,4589,4.589,0.469546834496000,FAIL,-0.030757171337867817,true,true,FAIL,true,AGREEMENT_FAIL,4.586,2.030453165503765
B2-0083,0.75,0.75,4.588780453165504,0.001,4589,4.589,0.219546834496000,FAIL,-0.046134730158939874,true,true,FAIL,true,AGREEMENT_FAIL,4.586,2.030453165503765
B2-0084,1.00,1.00,4.589030453165504,0.001,4590,4.59,0.969546834496000,FAIL,-0.0615116044382944,true,true,FAIL,true,AGREEMENT_FAIL,4.586,2.030453165503765
B2-0085,1.25,1.25,4.589280453165504,0.001,4590,4.59,0.719546834496000,FAIL,-0.07688779419261493,true,true,FAIL,true,AGREEMENT_FAIL,4.586,2.030453165503765
B2-0086,1.50,1.50,4.589530453165504,0.001,4590,4.59,0.469546834496000,FAIL,-0.09226329944056033,true,true,FAIL,true,AGREEMENT_FAIL,4.586,2.030453165503765
B2-0087,1.75,1.75,4.589780453165504,0.001,4590,4.59,0.219546834496000,FAIL,-0.1076381201982457,true,true,FAIL,true,AGREEMENT_FAIL,4.586,2.030453165503765
B2-0088,2.00,2.00,4.590030453165504,0.001,4591,4.591,0.969546834496000,FAIL,-0.12301225648522518,true,true,FAIL,true,AGREEMENT_FAIL,4.586,2.030453165503765
B2-0089,2.25,2.25,4.590280453165504,0.001,4591,4.591,0.719546834496000,FAIL,-0.13838570832008656,true,true,FAIL,true,AGREEMENT_FAIL,4.586,2.030453165503765
B2-0090,2.50,2.50,4.590530453165504,0.001,4591,4.591,0.469546834496000,FAIL,-0.15375847571905865,true,true,FAIL,true,AGREEMENT_FAIL,4.586,2.030453165503765
B2-0091,2.75,2.75,4.590780453165504,0.001,4591,4.591,0.219546834496000,FAIL,-0.16913055869834182,true,true,FAIL,true,AGREEMENT_FAIL,4.586,2.030453165503765
B2-0092,3.00,3.00,4.591030453165504,0.001,4592,4.592,0.969546834496000,FAIL,-0.18450195727756125,true,true,FAIL,true,AGREEMENT_FAIL,4.586,2.030453165503765
B2-0093,3.25,3.25,4.591280453165504,0.001,4592,4.592,0.719546834496000,FAIL,-0.19987267147357102,true,true,FAIL,true,AGREEMENT_FAIL,4.586,2.030453165503765
B2-0094,3.50,3.50,4.591530453165504,0.001,4592,4.592,0.469546834496000,FAIL,-0.21524270130815637,true,true,FAIL,true,AGREEMENT_FAIL,4.586,2.030453165503765
B2-0095,3.75,3.75,4.591780453165504,0.001,4592,4.592,0.219546834496000,FAIL,-0.23061204679237335,true,true,FAIL,true,AGREEMENT_FAIL,4.586,2.030453165503765
B2-0096,4.00,4.00,4.592030453165504,0.001,4593,4.593,0.969546834496000,FAIL,-0.24598070795006777,true,true,FAIL,true,AGREEMENT_FAIL,4.586,2.030453165503765
B2-0097,4.25,4.25,4.592280453165504,0.001,4593,4.593,0.719546834496000,FAIL,-0.26134868479687157,true,true,FAIL,true,AGREEMENT_FAIL,4.586,2.030453165503765
B2-0098,4.50,4.50,4.592530453165504,0.001,4593,4.593,0.469546834496000,FAIL,-0.2767159773485588,true,true,FAIL,true,AGREEMENT_FAIL,4.586,2.030453165503765
B2-0099,4.75,4.75,4.592780453165504,0.001,4593,4.593,0.219546834496000,FAIL,-0.2920825856258773,true,true,FAIL,true,AGREEMENT_FAIL,4.586,2.030453165503765
B2-0100,5.00,5.00,4.593030453165504,0.001,4594,4.594,0.969546834496000,FAIL,-0.30744850964646275,true,true,FAIL,true,AGREEMENT_FAIL,4.586,2.030453165503765
B2-0101,5.25,5.25,4.593280453165504,0.001,4594,4.594,0.719546834496000,FAIL,-0.3228137494276524,true,true,FAIL,true,AGREEMENT_FAIL,4.586,2.030453165503765
B2-0102,5.50,5.50,4.593530453165504,0.001,4594,4.594,0.469546834496000,FAIL,-0.33817830498990986,true,true,FAIL,true,AGREEMENT_FAIL,4.586,2.030453165503765
B2-0103,5.75,5.75,4.593780453165504,0.001,4594,4.594,0.219546834496000,FAIL,-0.35354217634487384,true,true,FAIL,true,AGREEMENT_FAIL,4.586,2.030453165503765
B2-0104,6.00,6.00,4.594030453165504,0.001,4595,4.595,0.969546834496000,FAIL,-0.3689053635162338,true,true,FAIL,true,AGREEMENT_FAIL,4.586,2.030453165503765
B2-0105,6.25,6.25,4.594280453165504,0.001,4595,4.595,0.719546834496000,FAIL,-0.384267866520446,true,true,FAIL,true,AGREEMENT_FAIL,4.586,2.030453165503765
B2-0106,6.50,6.50,4.594530453165504,0.001,4595,4.595,0.469546834496000,FAIL,-0.3996296853747623,true,true,FAIL,true,AGREEMENT_FAIL,4.586,2.030453165503765
B2-0107,6.75,6.75,4.594780453165504,0.001,4595,4.595,0.219546834496000,FAIL,-0.4149908200986232,true,true,FAIL,true,AGREEMENT_FAIL,4.586,2.030453165503765
B2-0108,7.00,7.00,4.595030453165504,0.001,4596,4.596,0.969546834496000,FAIL,-0.43035127070831436,true,true,FAIL,true,AGREEMENT_FAIL,4.586,2.030453165503765
B2-0109,7.25,7.25,4.595280453165504,0.001,4596,4.596,0.719546834496000,FAIL,-0.4457110372240578,true,true,FAIL,true,AGREEMENT_FAIL,4.586,2.030453165503765
B2-0110,7.50,7.50,4.595530453165504,0.001,4596,4.596,0.469546834496000,FAIL,-0.461070119662196,true,true,FAIL,true,AGREEMENT_FAIL,4.586,2.030453165503765
B2-0111,7.75,7.75,4.595780453165504,0.001,4596,4.596,0.219546834496000,FAIL,-0.4764285180443153,true,true,FAIL,true,AGREEMENT_FAIL,4.586,2.030453165503765
B2-0112,8.00,8.00,4.596030453165504,0.001,4597,4.597,0.969546834496000,FAIL,-0.491786232382168,true,true,FAIL,true,AGREEMENT_FAIL,4.586,2.030453165503765
B2-0113,8.25,8.25,4.596280453165504,0.001,4597,4.597,0.719546834496000,FAIL,-0.5071432626980368,true,true,FAIL,true,AGREEMENT_FAIL,4.586,2.030453165503765
B2-0114,8.50,8.50,4.596530453165504,0.001,4597,4.597,0.469546834496000,FAIL,-0.5224996090127831,true,true,FAIL,true,AGREEMENT_FAIL,4.586,2.030453165503765
B2-0115,8.75,8.75,4.596780453165504,0.001,4597,4.597,0.219546834496000,FAIL,-0.5378552713376621,true,true,FAIL,true,AGREEMENT_FAIL,4.586,2.030453165503765
B2-0116,9.00,9.00,4.597030453165504,0.001,4598,4.598,0.969546834496000,FAIL,-0.5532102496979121,true,true,FAIL,true,AGREEMENT_FAIL,4.586,2.030453165503765
B2-0117,9.25,9.25,4.597280453165504,0.001,4598,4.598,0.719546834496000,FAIL,-0.5685645441048166,true,true,FAIL,true,AGREEMENT_FAIL,4.586,2.030453165503765
B2-0118,9.50,9.50,4.597530453165504,0.001,4598,4.598,0.469546834496000,FAIL,-0.5839181545836425,true,true,FAIL,true,AGREEMENT_FAIL,4.586,2.030453165503765
B2-0119,9.75,9.75,4.597780453165504,0.001,4598,4.598,0.219546834496000,FAIL,-0.5992710811497233,true,true,FAIL,true,AGREEMENT_FAIL,4.586,2.030453165503765
B2-0120,10.00,10.00,4.598030453165504,0.001,4599,4.599,0.969546834496000,FAIL,-0.6146233238182077,true,true,FAIL,true,AGREEMENT_FAIL,4.586,2.030453165503765
B2-0121,10.25,10.25,4.598280453165504,0.001,4599,4.599,0.719546834496000,FAIL,-0.6299748826101563,true,true,FAIL,true,AGREEMENT_FAIL,4.586,2.030453165503765
B2-0122,10.50,10.50,4.598530453165504,0.001,4599,4.599,0.469546834496000,FAIL,-0.6453257575448532,true,true,FAIL,true,AGREEMENT_FAIL,4.586,2.030453165503765
B2-0123,10.75,10.75,4.598780453165504,0.001,4599,4.599,0.219546834496000,FAIL,-0.6606759486397351,true,true,FAIL,true,AGREEMENT_FAIL,4.586,2.030453165503765
B2-0124,11.00,11.00,4.599030453165504,0.001,4600,4.6,0.969546834496000,FAIL,-0.6760254559151093,true,true,FAIL,true,AGREEMENT_FAIL,4.586,2.030453165503765
B2-0125,11.25,11.25,4.599280453165504,0.001,4600,4.6,0.719546834496000,FAIL,-0.6913742793887963,true,true,FAIL,true,AGREEMENT_FAIL,4.586,2.030453165503765
B2-0126,11.50,11.50,4.599530453165504,0.001,4600,4.6,0.469546834496000,FAIL,-0.7067224190735288,true,true,FAIL,true,AGREEMENT_FAIL,4.586,2.030453165503765
B2-0127,11.75,11.75,4.599780453165504,0.001,4600,4.6,0.219546834496000,FAIL,-0.7220698749919592,true,true,FAIL,true,AGREEMENT_FAIL,4.586,2.030453165503765
B2-0128,12.00,12.00,4.600030453165504,0.001,4601,4.601,0.969546834496000,FAIL,-0.7374166471622345,true,true,FAIL,true,AGREEMENT_FAIL,4.586,2.030453165503765
B2-0129,12.25,12.25,4.600280453165504,0.001,4601,4.601,0.719546834496000,FAIL,-0.7527627356049322,true,true,FAIL,true,AGREEMENT_FAIL,4.586,2.030453165503765
B2-0130,12.50,12.50,4.600530453165504,0.001,4601,4.601,0.469546834496000,FAIL,-0.7681081403355279,true,true,FAIL,true,AGREEMENT_FAIL,4.586,2.030453165503765
B2-0131,12.75,12.75,4.600780453165504,0.001,4601,4.601,0.219546834496000,FAIL,-0.783452861373874,true,true,FAIL,true,AGREEMENT_FAIL,4.586,2.030453165503765
B2-0132,13.00,13.00,4.601030453165504,0.001,4602,4.602,0.969546834496000,FAIL,-0.7987968987396528,true,true,FAIL,true,AGREEMENT_FAIL,4.586,2.030453165503765
B2-0133,13.25,13.25,4.601280453165504,0.001,4602,4.602,0.719546834496000,FAIL,-0.8141402524466201,true,true,FAIL,true,AGREEMENT_FAIL,4.586,2.030453165503765
B2-0134,13.50,13.50,4.601530453165504,0.001,4602,4.602,0.469546834496000,FAIL,-0.829482922520512,true,true,FAIL,true,AGREEMENT_FAIL,4.586,2.030453165503765
B2-0135,13.75,13.75,4.601780453165504,0.001,4602,4.602,0.219546834496000,FAIL,-0.8448249089754256,true,true,FAIL,true,AGREEMENT_FAIL,4.586,2.030453165503765
B2-0136,14.00,14.00,4.602030453165504,0.001,4603,4.603,0.969546834496000,FAIL,-0.8601662118280586,true,true,FAIL,true,AGREEMENT_FAIL,4.586,2.030453165503765
B2-0137,14.25,14.25,4.602280453165504,0.001,4603,4.603,0.719546834496000,FAIL,-0.8755068310975247,true,true,FAIL,true,AGREEMENT_FAIL,4.586,2.030453165503765
B2-0138,14.50,14.50,4.602530453165504,0.001,4603,4.603,0.469546834496000,FAIL,-0.8908467668070585,true,true,FAIL,true,AGREEMENT_FAIL,4.586,2.030453165503765
B2-0139,14.75,14.75,4.602780453165504,0.001,4603,4.603,0.219546834496000,FAIL,-0.9061860189729032,true,true,FAIL,true,AGREEMENT_FAIL,4.586,2.030453165503765
B2-0140,15.00,15.00,4.603030453165504,0.001,4604,4.604,0.969546834496000,FAIL,-0.9215245876124669,true,true,FAIL,true,AGREEMENT_FAIL,4.586,2.030453165503765
B2-0141,15.25,15.25,4.603280453165504,0.001,4604,4.604,0.719546834496000,FAIL,-0.9368624727457018,true,true,FAIL,true,AGREEMENT_FAIL,4.586,2.030453165503765
B2-0142,15.50,15.50,4.603530453165504,0.001,4604,4.604,0.469546834496000,FAIL,-0.9521996743914514,true,true,FAIL,true,AGREEMENT_FAIL,4.586,2.030453165503765
B2-0143,15.75,15.75,4.603780453165504,0.001,4604,4.604,0.219546834496000,FAIL,-0.9675361925660724,true,true,FAIL,true,AGREEMENT_FAIL,4.586,2.030453165503765
B2-0144,16.00,16.00,4.604030453165504,0.001,4605,4.605,0.969546834496000,FAIL,-0.9828720272900426,true,true,FAIL,true,AGREEMENT_FAIL,4.586,2.030453165503765
B2-0145,16.25,16.25,4.604280453165504,0.001,4605,4.605,0.719546834496000,FAIL,-0.9982071785853606,true,true,FAIL,true,AGREEMENT_FAIL,4.586,2.030453165503765
B2-0146,16.50,16.50,4.604530453165504,0.001,4605,4.605,0.469546834496000,FAIL,-1.0135416464616611,true,true,FAIL,true,AGREEMENT_FAIL,4.586,2.030453165503765
B2-0147,16.75,16.75,4.604780453165504,0.001,4605,4.605,0.219546834496000,FAIL,-1.0288754309471955,true,true,FAIL,true,AGREEMENT_FAIL,4.586,2.030453165503765
B2-0148,17.00,17.00,4.605030453165504,0.001,4606,4.606,0.969546834496000,FAIL,-1.0442085320538297,true,true,FAIL,true,AGREEMENT_FAIL,4.586,2.030453165503765
B2-0149,17.25,17.25,4.605280453165504,0.001,4606,4.606,0.719546834496000,FAIL,-1.0595409498059354,true,true,FAIL,true,AGREEMENT_FAIL,4.586,2.030453165503765
B2-0150,17.50,17.50,4.605530453165504,0.001,4606,4.606,0.469546834496000,FAIL,-1.0748726842186755,true,true,FAIL,true,AGREEMENT_FAIL,4.586,2.030453165503765
B2-0151,17.75,17.75,4.605780453165504,0.001,4606,4.606,0.219546834496000,FAIL,-1.0902037353114622,true,true,FAIL,true,AGREEMENT_FAIL,4.586,2.030453165503765
B2-0152,18.00,18.00,4.606030453165504,0.001,4607,4.607,0.969546834496000,FAIL,-1.1055341031050148,true,true,FAIL,true,AGREEMENT_FAIL,4.586,2.030453165503765
B2-0153,18.25,18.25,4.606280453165504,0.001,4607,4.607,0.719546834496000,FAIL,-1.120863787616102,true,true,FAIL,true,AGREEMENT_FAIL,4.586,2.030453165503765
B2-0154,18.50,18.50,4.606530453165504,0.001,4607,4.607,0.469546834496000,FAIL,-1.136192788868513,true,true,FAIL,true,AGREEMENT_FAIL,4.586,2.030453165503765
B2-0155,18.75,18.75,4.606780453165504,0.001,4607,4.607,0.219546834496000,FAIL,-1.1515211068695663,true,true,FAIL,true,AGREEMENT_FAIL,4.586,2.030453165503765
B2-0156,19.00,19.00,4.607030453165504,0.001,4608,4.608,0.969546834496000,FAIL,-1.1668487416482094,true,true,FAIL,true,AGREEMENT_FAIL,4.586,2.030453165503765
B2-0157,19.25,19.25,4.607280453165504,0.001,4608,4.608,0.719546834496000,FAIL,-1.1821756932206853,true,true,FAIL,true,AGREEMENT_FAIL,4.586,2.030453165503765
B2-0158,19.50,19.50,4.607530453165504,0.001,4608,4.608,0.469546834496000,FAIL,-1.1975019616047007,true,true,FAIL,true,AGREEMENT_FAIL,4.586,2.030453165503765
B2-0159,19.75,19.75,4.607780453165504,0.001,4608,4.608,0.219546834496000,FAIL,-1.2128275468209182,true,true,FAIL,true,AGREEMENT_FAIL,4.586,2.030453165503765
B2-0160,20.00,20.00,4.608030453165504,0.001,4609,4.609,0.969546834496000,FAIL,-1.2281524488874282,true,true,FAIL,true,AGREEMENT_FAIL,4.586,2.030453165503765
B2-0000,-20.00,20.00,4.568030453165504,0.0005,9137,4.5685,0.469546834496000,PASS,0.779748643718051,true,true,PASS,true,AGREEMENT_PASS,4.5865,1.530453165504042
B2-0001,-19.75,19.75,4.568280453165504,0.0005,9137,4.5685,0.219546834496000,PASS,0.779748643718051,true,true,PASS,true,AGREEMENT_PASS,4.5865,1.530453165504042
B2-0002,-19.50,19.50,4.568530453165504,0.0005,9138,4.569,0.469546834496000,PASS,0.7797486437162036,true,true,PASS,true,AGREEMENT_PASS,4.5865,1.530453165504042
B2-0003,-19.25,19.25,4.568780453165504,0.0005,9138,4.569,0.219546834496000,PASS,0.7797486437173831,true,true,PASS,true,AGREEMENT_PASS,4.5865,1.530453165504042
B2-0004,-19.00,19.00,4.569030453165504,0.0005,9139,4.5695,0.469546834496000,PASS,0.7797486437165162,true,true,PASS,true,AGREEMENT_PASS,4.5865,1.530453165504042
B2-0005,-18.75,18.75,4.569280453165504,0.0005,9139,4.5695,0.219546834496000,PASS,0.779748643718051,true,true,PASS,true,AGREEMENT_PASS,4.5865,1.530453165504042
B2-0006,-18.50,18.50,4.569530453165504,0.0005,9140,4.57,0.469546834496000,PASS,0.7797486437177241,true,true,PASS,true,AGREEMENT_PASS,4.5865,1.530453165504042
B2-0007,-18.25,18.25,4.569780453165504,0.0005,9140,4.57,0.219546834496000,PASS,0.7797486437162888,true,true,PASS,true,AGREEMENT_PASS,4.5865,1.530453165504042
B2-0008,-18.00,18.00,4.570030453165504,0.0005,9141,4.5705,0.469546834496000,PASS,0.779748643718051,true,true,PASS,true,AGREEMENT_PASS,4.5865,1.530453165504042
B2-0009,-17.75,17.75,4.570280453165504,0.0005,9141,4.5705,0.219546834496000,PASS,0.779748643718051,true,true,PASS,true,AGREEMENT_PASS,4.5865,1.530453165504042
B2-0010,-17.50,17.50,4.570530453165504,0.0005,9142,4.571,0.469546834496000,PASS,0.7797486437180936,true,true,PASS,true,AGREEMENT_PASS,4.5865,1.530453165504042
B2-0011,-17.25,17.25,4.570780453165504,0.0005,9142,4.571,0.219546834496000,PASS,0.779748643718051,true,true,PASS,true,AGREEMENT_PASS,4.5865,1.530453165504042
B2-0012,-17.00,17.00,4.571030453165504,0.0005,9143,4.5715,0.469546834496000,PASS,0.779748643718051,true,true,PASS,true,AGREEMENT_PASS,4.5865,1.530453165504042
B2-0013,-16.75,16.75,4.571280453165504,0.0005,9143,4.5715,0.219546834496000,PASS,0.779748643717781,true,true,PASS,true,AGREEMENT_PASS,4.5865,1.530453165504042
B2-0014,-16.50,16.50,4.571530453165504,0.0005,9144,4.572,0.469546834496000,PASS,0.7797486437180936,true,true,PASS,true,AGREEMENT_PASS,4.5865,1.530453165504042
B2-0015,-16.25,16.25,4.571780453165504,0.0005,9144,4.572,0.219546834496000,PASS,0.7797486437165873,true,true,PASS,true,AGREEMENT_PASS,4.5865,1.530453165504042
B2-0016,-16.00,16.00,4.572030453165504,0.0005,9145,4.5725,0.469546834496000,PASS,0.779748643718051,true,true,PASS,true,AGREEMENT_PASS,4.5865,1.530453165504042
B2-0017,-15.75,15.75,4.572280453165504,0.0005,9145,4.5725,0.219546834496000,PASS,0.7797486437180936,true,true,PASS,true,AGREEMENT_PASS,4.5865,1.530453165504042
B2-0018,-15.50,15.50,4.572530453165504,0.0005,9146,4.573,0.469546834496000,PASS,0.7797486437180936,true,true,PASS,true,AGREEMENT_PASS,4.5865,1.530453165504042
B2-0019,-15.25,15.25,4.572780453165504,0.0005,9146,4.573,0.219546834496000,PASS,0.779748643718051,true,true,PASS,true,AGREEMENT_PASS,4.5865,1.530453165504042
B2-0020,-15.00,15.00,4.573030453165504,0.0005,9147,4.5735,0.469546834496000,PASS,0.779748643718051,true,true,PASS,true,AGREEMENT_PASS,4.5865,1.530453165504042
B2-0021,-14.75,14.75,4.573280453165504,0.0005,9147,4.5735,0.219546834496000,PASS,0.779748643718051,true,true,PASS,true,AGREEMENT_PASS,4.5865,1.530453165504042
B2-0022,-14.50,14.50,4.573530453165504,0.0005,9148,4.574,0.469546834496000,PASS,0.7797486437180936,true,true,PASS,true,AGREEMENT_PASS,4.5865,1.530453165504042
B2-0023,-14.25,14.25,4.573780453165504,0.0005,9148,4.574,0.219546834496000,PASS,0.7797486437180936,true,true,PASS,true,AGREEMENT_PASS,4.5865,1.530453165504042
B2-0024,-14.00,14.00,4.574030453165504,0.0005,9149,4.5745,0.469546834496000,PASS,0.7797486437179799,true,true,PASS,true,AGREEMENT_PASS,4.5865,1.530453165504042
B2-0025,-13.75,13.75,4.574280453165504,0.0005,9149,4.5745,0.219546834496000,PASS,0.7797486437180936,true,true,PASS,true,AGREEMENT_PASS,4.5865,1.530453165504042
B2-0026,-13.50,13.50,4.574530453165504,0.0005,9150,4.575,0.469546834496000,PASS,0.779748643718051,true,true,PASS,true,AGREEMENT_PASS,4.5865,1.530453165504042
B2-0027,-13.25,13.25,4.574780453165504,0.0005,9150,4.575,0.219546834496000,PASS,0.7797486437177241,true,true,PASS,true,AGREEMENT_PASS,4.5865,1.530453165504042
B2-0028,-13.00,13.00,4.575030453165504,0.0005,9151,4.5755,0.469546834496000,PASS,0.7797486437180936,true,true,PASS,true,AGREEMENT_PASS,4.5865,1.530453165504042
B2-0029,-12.75,12.75,4.575280453165504,0.0005,9151,4.5755,0.219546834496000,PASS,0.779748643718051,true,true,PASS,true,AGREEMENT_PASS,4.5865,1.530453165504042
B2-0030,-12.50,12.50,4.575530453165504,0.0005,9152,4.576,0.469546834496000,PASS,0.7698196187287749,true,true,PASS,true,AGREEMENT_PASS,4.5865,1.530453165504042
B2-0031,-12.25,12.25,4.575780453165504,0.0005,9152,4.576,0.219546834496000,PASS,0.7544064398050523,true,true,PASS,true,AGREEMENT_PASS,4.5865,1.530453165504042
B2-0032,-12.00,12.00,4.576030453165504,0.0005,9153,4.5765,0.469546834496000,PASS,0.7389939463173931,true,true,PASS,true,AGREEMENT_PASS,4.5865,1.530453165504042
B2-0033,-11.75,11.75,4.576280453165504,0.0005,9153,4.5765,0.219546834496000,PASS,0.7235821382505918,true,true,PASS,true,AGREEMENT_PASS,4.5865,1.530453165504042
B2-0034,-11.50,11.50,4.576530453165504,0.0005,9154,4.577,0.469546834496000,PASS,0.7081710155858332,true,true,PASS,true,AGREEMENT_PASS,4.5865,1.530453165504042
B2-0035,-11.25,11.25,4.576780453165504,0.0005,9154,4.577,0.219546834496000,PASS,0.6927605783069737,true,true,PASS,true,AGREEMENT_PASS,4.5865,1.530453165504042
B2-0036,-11.00,11.00,4.577030453165504,0.0005,9155,4.5775,0.469546834496000,PASS,0.6773508263973156,true,true,PASS,true,AGREEMENT_PASS,4.5865,1.530453165504042
B2-0037,-10.75,10.75,4.577280453165504,0.0005,9155,4.5775,0.219546834496000,PASS,0.6619417598411133,true,true,PASS,true,AGREEMENT_PASS,4.5865,1.530453165504042
B2-0038,-10.50,10.50,4.577530453165504,0.0005,9156,4.578,0.469546834496000,PASS,0.6465333786214984,true,true,PASS,true,AGREEMENT_PASS,4.5865,1.530453165504042
B2-0039,-10.25,10.25,4.577780453165504,0.0005,9156,4.578,0.219546834496000,PASS,0.6311256827190448,true,true,PASS,true,AGREEMENT_PASS,4.5865,1.530453165504042
B2-0040,-10.00,10.00,4.578030453165504,0.0005,9157,4.5785,0.469546834496000,PASS,0.6157186721195416,true,true,PASS,true,AGREEMENT_PASS,4.5865,1.530453165504042
B2-0041,-9.75,9.75,4.578280453165504,0.0005,9157,4.5785,0.219546834496000,PASS,0.6003123468057936,true,true,PASS,true,AGREEMENT_PASS,4.5865,1.530453165504042
B2-0042,-9.50,9.50,4.578530453165504,0.0005,9158,4.579,0.469546834496000,PASS,0.5849067067568967,true,true,PASS,true,AGREEMENT_PASS,4.5865,1.530453165504042
B2-0043,-9.25,9.25,4.578780453165504,0.0005,9158,4.579,0.219546834496000,PASS,0.5695017519628038,true,true,PASS,true,AGREEMENT_PASS,4.5865,1.530453165504042
B2-0044,-9.00,9.00,4.579030453165504,0.0005,9159,4.5795,0.469546834496000,PASS,0.5540974824048703,true,true,PASS,true,AGREEMENT_PASS,4.5865,1.530453165504042
B2-0045,-8.75,8.75,4.579280453165504,0.0005,9159,4.5795,0.219546834496000,PASS,0.5386938980620641,true,true,PASS,true,AGREEMENT_PASS,4.5865,1.530453165504042
B2-0046,-8.50,8.50,4.579530453165504,0.0005,9160,4.58,0.469546834496000,PASS,0.5232909989187391,true,true,PASS,true,AGREEMENT_PASS,4.5865,1.530453165504042
B2-0047,-8.25,8.25,4.579780453165504,0.0005,9160,4.58,0.219546834496000,PASS,0.5078887849603291,true,true,PASS,true,AGREEMENT_PASS,4.5865,1.530453165504042
B2-0048,-8.00,8.00,4.580030453165504,0.0005,9161,4.5805,0.469546834496000,PASS,0.49248725616743627,true,true,PASS,true,AGREEMENT_PASS,4.5865,1.530453165504042
B2-0049,-7.75,7.75,4.580280453165504,0.0005,9161,4.5805,0.219546834496000,PASS,0.477086412523235,true,true,PASS,true,AGREEMENT_PASS,4.5865,1.530453165504042
B2-0050,-7.50,7.50,4.580530453165504,0.0005,9162,4.581,0.469546834496000,PASS,0.4616862540157456,true,true,PASS,true,AGREEMENT_PASS,4.5865,1.530453165504042
B2-0051,-7.25,7.25,4.580780453165504,0.0005,9162,4.581,0.219546834496000,PASS,0.446286780620639,true,true,PASS,true,AGREEMENT_PASS,4.5865,1.530453165504042
B2-0052,-7.00,7.00,4.581030453165504,0.0005,9163,4.5815,0.469546834496000,PASS,0.4308879923230222,true,true,PASS,true,AGREEMENT_PASS,4.5865,1.530453165504042
B2-0053,-6.75,6.75,4.581280453165504,0.0005,9163,4.5815,0.219546834496000,PASS,0.41548988910882656,true,true,PASS,true,AGREEMENT_PASS,4.5865,1.530453165504042
B2-0054,-6.50,6.50,4.581530453165504,0.0005,9164,4.582,0.469546834496000,PASS,0.40009247095663625,true,true,PASS,true,AGREEMENT_PASS,4.5865,1.530453165504042
B2-0055,-6.25,6.25,4.581780453165504,0.0005,9164,4.582,0.219546834496000,PASS,0.38469573785266675,true,true,PASS,true,AGREEMENT_PASS,4.5865,1.530453165504042
B2-0056,-6.00,6.00,4.582030453165504,0.0005,9165,4.5825,0.469546834496000,PASS,0.3692996897777334,true,true,PASS,true,AGREEMENT_PASS,4.5865,1.530453165504042
B2-0057,-5.75,5.75,4.582280453165504,0.0005,9165,4.5825,0.219546834496000,PASS,0.3539043267168438,true,true,PASS,true,AGREEMENT_PASS,4.5865,1.530453165504042
B2-0058,-5.50,5.50,4.582530453165504,0.0005,9166,4.583,0.469546834496000,PASS,0.3385096486501453,true,true,PASS,true,AGREEMENT_PASS,4.5865,1.530453165504042
B2-0059,-5.25,5.25,4.582780453165504,0.0005,9166,4.583,0.219546834496000,PASS,0.3231156555603434,true,true,PASS,true,AGREEMENT_PASS,4.5865,1.530453165504042
B2-0060,-5.00,5.00,4.583030453165504,0.0005,9167,4.5835,0.469546834496000,PASS,0.307722347433824,true,true,PASS,true,AGREEMENT_PASS,4.5865,1.530453165504042
B2-0061,-4.75,4.75,4.583280453165504,0.0005,9167,4.5835,0.219546834496000,PASS,0.2923297242498535,true,true,PASS,true,AGREEMENT_PASS,4.5865,1.530453165504042
B2-0062,-4.50,4.50,4.583530453165504,0.0005,9168,4.584,0.469546834496000,PASS,0.27693778599291363,true,true,PASS,true,AGREEMENT_PASS,4.5865,1.530453165504042
B2-0063,-4.25,4.25,4.583780453165504,0.0005,9168,4.584,0.219546834496000,PASS,0.26154653264546823,true,true,PASS,true,AGREEMENT_PASS,4.5865,1.530453165504042
B2-0064,-4.00,4.00,4.584030453165504,0.0005,9169,4.5845,0.469546834496000,PASS,0.24615596418847474,true,true,PASS,true,AGREEMENT_PASS,4.5865,1.530453165504042
B2-0065,-3.75,3.75,4.584280453165504,0.0005,9169,4.5845,0.219546834496000,PASS,0.2307660806053633,true,true,PASS,true,AGREEMENT_PASS,4.5865,1.530453165504042
B2-0066,-3.50,3.50,4.584530453165504,0.0005,9170,4.585,0.469546834496000,PASS,0.21537688188278992,true,true,PASS,true,AGREEMENT_PASS,4.5865,1.530453165504042
B2-0067,-3.25,3.25,4.584780453165504,0.0005,9170,4.585,0.219546834496000,PASS,0.19998836799842934,true,true,PASS,true,AGREEMENT_PASS,4.5865,1.530453165504042
B2-0068,-3.00,3.00,4.585030453165504,0.0005,9171,4.5855,0.469546834496000,PASS,0.18460053893552697,true,true,PASS,true,AGREEMENT_PASS,4.5865,1.530453165504042
B2-0069,-2.75,2.75,4.585280453165504,0.0005,9171,4.5855,0.219546834496000,PASS,0.16921339467880614,true,true,PASS,true,AGREEMENT_PASS,4.5865,1.530453165504042
B2-0070,-2.50,2.50,4.585530453165504,0.0005,9172,4.586,0.469546834496000,PASS,0.1538269352102759,true,true,PASS,true,AGREEMENT_PASS,4.5865,1.530453165504042
B2-0071,-2.25,2.25,4.585780453165504,0.0005,9172,4.586,0.219546834496000,PASS,0.13844116051018318,true,true,PASS,true,AGREEMENT_PASS,4.5865,1.530453165504042
B2-0072,-2.00,2.00,4.586030453165504,0.0005,9173,4.5865,0.469546834496000,PASS,0.12305607056636347,true,true,PASS,true,AGREEMENT_PASS,4.5865,1.530453165504042
B2-0073,-1.75,1.75,4.586280453165504,0.0005,9173,4.5865,0.219546834496000,PASS,0.10767166535597994,true,true,PASS,true,AGREEMENT_PASS,4.5865,1.530453165504042
B2-0074,-1.50,1.50,4.586530453165504,0.0005,9174,4.587,0.469546834496000,PASS,0.09228794486233483,true,true,FAIL,false,CONSERVATIVE_FALSE_REJECTION,4.5865,1.530453165504042
B2-0075,-1.25,1.25,4.586780453165504,0.0005,9174,4.587,0.219546834496000,PASS,0.07690490906996672,true,true,FAIL,false,CONSERVATIVE_FALSE_REJECTION,4.5865,1.530453165504042
B2-0076,-1.00,1.00,4.587030453165504,0.0005,9175,4.5875,0.469546834496000,PASS,0.061522557961069424,true,true,FAIL,false,CONSERVATIVE_FALSE_REJECTION,4.5865,1.530453165504042
B2-0077,-0.75,0.75,4.587280453165504,0.0005,9175,4.5875,0.219546834496000,PASS,0.04614089151742462,true,true,FAIL,false,CONSERVATIVE_FALSE_REJECTION,4.5865,1.530453165504042
B2-0078,-0.50,0.50,4.587530453165504,0.0005,9176,4.588,0.469546834496000,PASS,0.03075990971927922,true,true,FAIL,false,CONSERVATIVE_FALSE_REJECTION,4.5865,1.530453165504042
B2-0079,-0.25,0.25,4.587780453165504,0.0005,9176,4.588,0.219546834496000,PASS,0.015379612553616084,true,true,FAIL,false,CONSERVATIVE_FALSE_REJECTION,4.5865,1.530453165504042
B2-0080,0.00,0.00,4.588030453165504,0.0005,9177,4.5885,0.469546834496000,PASS,1.7053025658242404e-13,true,true,FAIL,false,CONSERVATIVE_FALSE_REJECTION,4.5865,1.530453165504042
B2-0081,0.25,0.25,4.588280453165504,0.0005,9177,4.5885,0.219546834496000,FAIL,-0.015378927958892064,true,true,FAIL,true,AGREEMENT_FAIL,4.5865,1.530453165504042
B2-0082,0.50,0.50,4.588530453165504,0.0005,9178,4.589,0.469546834496000,FAIL,-0.030757171337867817,true,true,FAIL,true,AGREEMENT_FAIL,4.5865,1.530453165504042
B2-0083,0.75,0.75,4.588780453165504,0.0005,9178,4.589,0.219546834496000,FAIL,-0.046134730158939874,true,true,FAIL,true,AGREEMENT_FAIL,4.5865,1.530453165504042
B2-0084,1.00,1.00,4.589030453165504,0.0005,9179,4.5895,0.469546834496000,FAIL,-0.0615116044382944,true,true,FAIL,true,AGREEMENT_FAIL,4.5865,1.530453165504042
B2-0085,1.25,1.25,4.589280453165504,0.0005,9179,4.5895,0.219546834496000,FAIL,-0.07688779419261493,true,true,FAIL,true,AGREEMENT_FAIL,4.5865,1.530453165504042
B2-0086,1.50,1.50,4.589530453165504,0.0005,9180,4.59,0.469546834496000,FAIL,-0.09226329944056033,true,true,FAIL,true,AGREEMENT_FAIL,4.5865,1.530453165504042
B2-0087,1.75,1.75,4.589780453165504,0.0005,9180,4.59,0.219546834496000,FAIL,-0.1076381201982457,true,true,FAIL,true,AGREEMENT_FAIL,4.5865,1.530453165504042
B2-0088,2.00,2.00,4.590030453165504,0.0005,9181,4.5905,0.469546834496000,FAIL,-0.12301225648522518,true,true,FAIL,true,AGREEMENT_FAIL,4.5865,1.530453165504042
B2-0089,2.25,2.25,4.590280453165504,0.0005,9181,4.5905,0.219546834496000,FAIL,-0.13838570832008656,true,true,FAIL,true,AGREEMENT_FAIL,4.5865,1.530453165504042
B2-0090,2.50,2.50,4.590530453165504,0.0005,9182,4.591,0.469546834496000,FAIL,-0.15375847571905865,true,true,FAIL,true,AGREEMENT_FAIL,4.5865,1.530453165504042
B2-0091,2.75,2.75,4.590780453165504,0.0005,9182,4.591,0.219546834496000,FAIL,-0.16913055869834182,true,true,FAIL,true,AGREEMENT_FAIL,4.5865,1.530453165504042
B2-0092,3.00,3.00,4.591030453165504,0.0005,9183,4.5915,0.469546834496000,FAIL,-0.18450195727756125,true,true,FAIL,true,AGREEMENT_FAIL,4.5865,1.530453165504042
B2-0093,3.25,3.25,4.591280453165504,0.0005,9183,4.5915,0.219546834496000,FAIL,-0.19987267147357102,true,true,FAIL,true,AGREEMENT_FAIL,4.5865,1.530453165504042
B2-0094,3.50,3.50,4.591530453165504,0.0005,9184,4.592,0.469546834496000,FAIL,-0.21524270130815637,true,true,FAIL,true,AGREEMENT_FAIL,4.5865,1.530453165504042
B2-0095,3.75,3.75,4.591780453165504,0.0005,9184,4.592,0.219546834496000,FAIL,-0.23061204679237335,true,true,FAIL,true,AGREEMENT_FAIL,4.5865,1.530453165504042
B2-0096,4.00,4.00,4.592030453165504,0.0005,9185,4.5925,0.469546834496000,FAIL,-0.24598070795006777,true,true,FAIL,true,AGREEMENT_FAIL,4.5865,1.530453165504042
B2-0097,4.25,4.25,4.592280453165504,0.0005,9185,4.5925,0.219546834496000,FAIL,-0.26134868479687157,true,true,FAIL,true,AGREEMENT_FAIL,4.5865,1.530453165504042
B2-0098,4.50,4.50,4.592530453165504,0.0005,9186,4.593,0.469546834496000,FAIL,-0.2767159773485588,true,true,FAIL,true,AGREEMENT_FAIL,4.5865,1.530453165504042
B2-0099,4.75,4.75,4.592780453165504,0.0005,9186,4.593,0.219546834496000,FAIL,-0.2920825856258773,true,true,FAIL,true,AGREEMENT_FAIL,4.5865,1.530453165504042
B2-0100,5.00,5.00,4.593030453165504,0.0005,9187,4.5935,0.469546834496000,FAIL,-0.30744850964646275,true,true,FAIL,true,AGREEMENT_FAIL,4.5865,1.530453165504042
B2-0101,5.25,5.25,4.593280453165504,0.0005,9187,4.5935,0.219546834496000,FAIL,-0.3228137494276524,true,true,FAIL,true,AGREEMENT_FAIL,4.5865,1.530453165504042
B2-0102,5.50,5.50,4.593530453165504,0.0005,9188,4.594,0.469546834496000,FAIL,-0.33817830498990986,true,true,FAIL,true,AGREEMENT_FAIL,4.5865,1.530453165504042
B2-0103,5.75,5.75,4.593780453165504,0.0005,9188,4.594,0.219546834496000,FAIL,-0.35354217634487384,true,true,FAIL,true,AGREEMENT_FAIL,4.5865,1.530453165504042
B2-0104,6.00,6.00,4.594030453165504,0.0005,9189,4.5945,0.469546834496000,FAIL,-0.3689053635162338,true,true,FAIL,true,AGREEMENT_FAIL,4.5865,1.530453165504042
B2-0105,6.25,6.25,4.594280453165504,0.0005,9189,4.5945,0.219546834496000,FAIL,-0.384267866520446,true,true,FAIL,true,AGREEMENT_FAIL,4.5865,1.530453165504042
B2-0106,6.50,6.50,4.594530453165504,0.0005,9190,4.595,0.469546834496000,FAIL,-0.3996296853747623,true,true,FAIL,true,AGREEMENT_FAIL,4.5865,1.530453165504042
B2-0107,6.75,6.75,4.594780453165504,0.0005,9190,4.595,0.219546834496000,FAIL,-0.4149908200986232,true,true,FAIL,true,AGREEMENT_FAIL,4.5865,1.530453165504042
B2-0108,7.00,7.00,4.595030453165504,0.0005,9191,4.5955,0.469546834496000,FAIL,-0.43035127070831436,true,true,FAIL,true,AGREEMENT_FAIL,4.5865,1.530453165504042
B2-0109,7.25,7.25,4.595280453165504,0.0005,9191,4.5955,0.219546834496000,FAIL,-0.4457110372240578,true,true,FAIL,true,AGREEMENT_FAIL,4.5865,1.530453165504042
B2-0110,7.50,7.50,4.595530453165504,0.0005,9192,4.596,0.469546834496000,FAIL,-0.461070119662196,true,true,FAIL,true,AGREEMENT_FAIL,4.5865,1.530453165504042
B2-0111,7.75,7.75,4.595780453165504,0.0005,9192,4.596,0.219546834496000,FAIL,-0.4764285180443153,true,true,FAIL,true,AGREEMENT_FAIL,4.5865,1.530453165504042
B2-0112,8.00,8.00,4.596030453165504,0.0005,9193,4.5965,0.469546834496000,FAIL,-0.491786232382168,true,true,FAIL,true,AGREEMENT_FAIL,4.5865,1.530453165504042
B2-0113,8.25,8.25,4.596280453165504,0.0005,9193,4.5965,0.219546834496000,FAIL,-0.5071432626980368,true,true,FAIL,true,AGREEMENT_FAIL,4.5865,1.530453165504042
B2-0114,8.50,8.50,4.596530453165504,0.0005,9194,4.597,0.469546834496000,FAIL,-0.5224996090127831,true,true,FAIL,true,AGREEMENT_FAIL,4.5865,1.530453165504042
B2-0115,8.75,8.75,4.596780453165504,0.0005,9194,4.597,0.219546834496000,FAIL,-0.5378552713376621,true,true,FAIL,true,AGREEMENT_FAIL,4.5865,1.530453165504042
B2-0116,9.00,9.00,4.597030453165504,0.0005,9195,4.5975,0.469546834496000,FAIL,-0.5532102496979121,true,true,FAIL,true,AGREEMENT_FAIL,4.5865,1.530453165504042
B2-0117,9.25,9.25,4.597280453165504,0.0005,9195,4.5975,0.219546834496000,FAIL,-0.5685645441048166,true,true,FAIL,true,AGREEMENT_FAIL,4.5865,1.530453165504042
B2-0118,9.50,9.50,4.597530453165504,0.0005,9196,4.598,0.469546834496000,FAIL,-0.5839181545836425,true,true,FAIL,true,AGREEMENT_FAIL,4.5865,1.530453165504042
B2-0119,9.75,9.75,4.597780453165504,0.0005,9196,4.598,0.219546834496000,FAIL,-0.5992710811497233,true,true,FAIL,true,AGREEMENT_FAIL,4.5865,1.530453165504042
B2-0120,10.00,10.00,4.598030453165504,0.0005,9197,4.5985,0.469546834496000,FAIL,-0.6146233238182077,true,true,FAIL,true,AGREEMENT_FAIL,4.5865,1.530453165504042
B2-0121,10.25,10.25,4.598280453165504,0.0005,9197,4.5985,0.219546834496000,FAIL,-0.6299748826101563,true,true,FAIL,true,AGREEMENT_FAIL,4.5865,1.530453165504042
B2-0122,10.50,10.50,4.598530453165504,0.0005,9198,4.599,0.469546834496000,FAIL,-0.6453257575448532,true,true,FAIL,true,AGREEMENT_FAIL,4.5865,1.530453165504042
B2-0123,10.75,10.75,4.598780453165504,0.0005,9198,4.599,0.219546834496000,FAIL,-0.6606759486397351,true,true,FAIL,true,AGREEMENT_FAIL,4.5865,1.530453165504042
B2-0124,11.00,11.00,4.599030453165504,0.0005,9199,4.5995,0.469546834496000,FAIL,-0.6760254559151093,true,true,FAIL,true,AGREEMENT_FAIL,4.5865,1.530453165504042
B2-0125,11.25,11.25,4.599280453165504,0.0005,9199,4.5995,0.219546834496000,FAIL,-0.6913742793887963,true,true,FAIL,true,AGREEMENT_FAIL,4.5865,1.530453165504042
B2-0126,11.50,11.50,4.599530453165504,0.0005,9200,4.6,0.469546834496000,FAIL,-0.7067224190735288,true,true,FAIL,true,AGREEMENT_FAIL,4.5865,1.530453165504042
B2-0127,11.75,11.75,4.599780453165504,0.0005,9200,4.6,0.219546834496000,FAIL,-0.7220698749919592,true,true,FAIL,true,AGREEMENT_FAIL,4.5865,1.530453165504042
B2-0128,12.00,12.00,4.600030453165504,0.0005,9201,4.6005,0.469546834496000,FAIL,-0.7374166471622345,true,true,FAIL,true,AGREEMENT_FAIL,4.5865,1.530453165504042
B2-0129,12.25,12.25,4.600280453165504,0.0005,9201,4.6005,0.219546834496000,FAIL,-0.7527627356049322,true,true,FAIL,true,AGREEMENT_FAIL,4.5865,1.530453165504042
B2-0130,12.50,12.50,4.600530453165504,0.0005,9202,4.601,0.469546834496000,FAIL,-0.7681081403355279,true,true,FAIL,true,AGREEMENT_FAIL,4.5865,1.530453165504042
B2-0131,12.75,12.75,4.600780453165504,0.0005,9202,4.601,0.219546834496000,FAIL,-0.783452861373874,true,true,FAIL,true,AGREEMENT_FAIL,4.5865,1.530453165504042
B2-0132,13.00,13.00,4.601030453165504,0.0005,9203,4.6015,0.469546834496000,FAIL,-0.7987968987396528,true,true,FAIL,true,AGREEMENT_FAIL,4.5865,1.530453165504042
B2-0133,13.25,13.25,4.601280453165504,0.0005,9203,4.6015,0.219546834496000,FAIL,-0.8141402524466201,true,true,FAIL,true,AGREEMENT_FAIL,4.5865,1.530453165504042
B2-0134,13.50,13.50,4.601530453165504,0.0005,9204,4.602,0.469546834496000,FAIL,-0.829482922520512,true,true,FAIL,true,AGREEMENT_FAIL,4.5865,1.530453165504042
B2-0135,13.75,13.75,4.601780453165504,0.0005,9204,4.602,0.219546834496000,FAIL,-0.8448249089754256,true,true,FAIL,true,AGREEMENT_FAIL,4.5865,1.530453165504042
B2-0136,14.00,14.00,4.602030453165504,0.0005,9205,4.6025,0.469546834496000,FAIL,-0.8601662118280586,true,true,FAIL,true,AGREEMENT_FAIL,4.5865,1.530453165504042
B2-0137,14.25,14.25,4.602280453165504,0.0005,9205,4.6025,0.219546834496000,FAIL,-0.8755068310975247,true,true,FAIL,true,AGREEMENT_FAIL,4.5865,1.530453165504042
B2-0138,14.50,14.50,4.602530453165504,0.0005,9206,4.603,0.469546834496000,FAIL,-0.8908467668070585,true,true,FAIL,true,AGREEMENT_FAIL,4.5865,1.530453165504042
B2-0139,14.75,14.75,4.602780453165504,0.0005,9206,4.603,0.219546834496000,FAIL,-0.9061860189729032,true,true,FAIL,true,AGREEMENT_FAIL,4.5865,1.530453165504042
B2-0140,15.00,15.00,4.603030453165504,0.0005,9207,4.6035,0.469546834496000,FAIL,-0.9215245876124669,true,true,FAIL,true,AGREEMENT_FAIL,4.5865,1.530453165504042
B2-0141,15.25,15.25,4.603280453165504,0.0005,9207,4.6035,0.219546834496000,FAIL,-0.9368624727457018,true,true,FAIL,true,AGREEMENT_FAIL,4.5865,1.530453165504042
B2-0142,15.50,15.50,4.603530453165504,0.0005,9208,4.604,0.469546834496000,FAIL,-0.9521996743914514,true,true,FAIL,true,AGREEMENT_FAIL,4.5865,1.530453165504042
B2-0143,15.75,15.75,4.603780453165504,0.0005,9208,4.604,0.219546834496000,FAIL,-0.9675361925660724,true,true,FAIL,true,AGREEMENT_FAIL,4.5865,1.530453165504042
B2-0144,16.00,16.00,4.604030453165504,0.0005,9209,4.6045,0.469546834496000,FAIL,-0.9828720272900426,true,true,FAIL,true,AGREEMENT_FAIL,4.5865,1.530453165504042
B2-0145,16.25,16.25,4.604280453165504,0.0005,9209,4.6045,0.219546834496000,FAIL,-0.9982071785853606,true,true,FAIL,true,AGREEMENT_FAIL,4.5865,1.530453165504042
B2-0146,16.50,16.50,4.604530453165504,0.0005,9210,4.605,0.469546834496000,FAIL,-1.0135416464616611,true,true,FAIL,true,AGREEMENT_FAIL,4.5865,1.530453165504042
B2-0147,16.75,16.75,4.604780453165504,0.0005,9210,4.605,0.219546834496000,FAIL,-1.0288754309471955,true,true,FAIL,true,AGREEMENT_FAIL,4.5865,1.530453165504042
B2-0148,17.00,17.00,4.605030453165504,0.0005,9211,4.6055,0.469546834496000,FAIL,-1.0442085320538297,true,true,FAIL,true,AGREEMENT_FAIL,4.5865,1.530453165504042
B2-0149,17.25,17.25,4.605280453165504,0.0005,9211,4.6055,0.219546834496000,FAIL,-1.0595409498059354,true,true,FAIL,true,AGREEMENT_FAIL,4.5865,1.530453165504042
B2-0150,17.50,17.50,4.605530453165504,0.0005,9212,4.606,0.469546834496000,FAIL,-1.0748726842186755,true,true,FAIL,true,AGREEMENT_FAIL,4.5865,1.530453165504042
B2-0151,17.75,17.75,4.605780453165504,0.0005,9212,4.606,0.219546834496000,FAIL,-1.0902037353114622,true,true,FAIL,true,AGREEMENT_FAIL,4.5865,1.530453165504042
B2-0152,18.00,18.00,4.606030453165504,0.0005,9213,4.6065,0.469546834496000,FAIL,-1.1055341031050148,true,true,FAIL,true,AGREEMENT_FAIL,4.5865,1.530453165504042
B2-0153,18.25,18.25,4.606280453165504,0.0005,9213,4.6065,0.219546834496000,FAIL,-1.120863787616102,true,true,FAIL,true,AGREEMENT_FAIL,4.5865,1.530453165504042
B2-0154,18.50,18.50,4.606530453165504,0.0005,9214,4.607,0.469546834496000,FAIL,-1.136192788868513,true,true,FAIL,true,AGREEMENT_FAIL,4.5865,1.530453165504042
B2-0155,18.75,18.75,4.606780453165504,0.0005,9214,4.607,0.219546834496000,FAIL,-1.1515211068695663,true,true,FAIL,true,AGREEMENT_FAIL,4.5865,1.530453165504042
B2-0156,19.00,19.00,4.607030453165504,0.0005,9215,4.6075,0.469546834496000,FAIL,-1.1668487416482094,true,true,FAIL,true,AGREEMENT_FAIL,4.5865,1.530453165504042
B2-0157,19.25,19.25,4.607280453165504,0.0005,9215,4.6075,0.219546834496000,FAIL,-1.1821756932206853,true,true,FAIL,true,AGREEMENT_FAIL,4.5865,1.530453165504042
B2-0158,19.50,19.50,4.607530453165504,0.0005,9216,4.608,0.469546834496000,FAIL,-1.1975019616047007,true,true,FAIL,true,AGREEMENT_FAIL,4.5865,1.530453165504042
B2-0159,19.75,19.75,4.607780453165504,0.0005,9216,4.608,0.219546834496000,FAIL,-1.2128275468209182,true,true,FAIL,true,AGREEMENT_FAIL,4.5865,1.530453165504042
B2-0160,20.00,20.00,4.608030453165504,0.0005,9217,4.6085,0.469546834496000,FAIL,-1.2281524488874282,true,true,FAIL,true,AGREEMENT_FAIL,4.5865,1.530453165504042
B2-0000,-20.00,20.00,4.568030453165504,0.00025,18273,4.56825,0.219546834496000,PASS,0.779748643718051,true,true,PASS,true,AGREEMENT_PASS,4.5875,0.5304531655037081
B2-0001,-19.75,19.75,4.568280453165504,0.00025,18274,4.5685,0.219546834496000,PASS,0.779748643718051,true,true,PASS,true,AGREEMENT_PASS,4.5875,0.5304531655037081
B2-0002,-19.50,19.50,4.568530453165504,0.00025,18275,4.56875,0.219546834496000,PASS,0.7797486437162036,true,true,PASS,true,AGREEMENT_PASS,4.5875,0.5304531655037081
B2-0003,-19.25,19.25,4.568780453165504,0.00025,18276,4.569,0.219546834496000,PASS,0.7797486437173831,true,true,PASS,true,AGREEMENT_PASS,4.5875,0.5304531655037081
B2-0004,-19.00,19.00,4.569030453165504,0.00025,18277,4.56925,0.219546834496000,PASS,0.7797486437165162,true,true,PASS,true,AGREEMENT_PASS,4.5875,0.5304531655037081
B2-0005,-18.75,18.75,4.569280453165504,0.00025,18278,4.5695,0.219546834496000,PASS,0.779748643718051,true,true,PASS,true,AGREEMENT_PASS,4.5875,0.5304531655037081
B2-0006,-18.50,18.50,4.569530453165504,0.00025,18279,4.56975,0.219546834496000,PASS,0.7797486437177241,true,true,PASS,true,AGREEMENT_PASS,4.5875,0.5304531655037081
B2-0007,-18.25,18.25,4.569780453165504,0.00025,18280,4.57,0.219546834496000,PASS,0.7797486437162888,true,true,PASS,true,AGREEMENT_PASS,4.5875,0.5304531655037081
B2-0008,-18.00,18.00,4.570030453165504,0.00025,18281,4.57025,0.219546834496000,PASS,0.779748643718051,true,true,PASS,true,AGREEMENT_PASS,4.5875,0.5304531655037081
B2-0009,-17.75,17.75,4.570280453165504,0.00025,18282,4.5705,0.219546834496000,PASS,0.779748643718051,true,true,PASS,true,AGREEMENT_PASS,4.5875,0.5304531655037081
B2-0010,-17.50,17.50,4.570530453165504,0.00025,18283,4.57075,0.219546834496000,PASS,0.7797486437180936,true,true,PASS,true,AGREEMENT_PASS,4.5875,0.5304531655037081
B2-0011,-17.25,17.25,4.570780453165504,0.00025,18284,4.571,0.219546834496000,PASS,0.779748643718051,true,true,PASS,true,AGREEMENT_PASS,4.5875,0.5304531655037081
B2-0012,-17.00,17.00,4.571030453165504,0.00025,18285,4.57125,0.219546834496000,PASS,0.779748643718051,true,true,PASS,true,AGREEMENT_PASS,4.5875,0.5304531655037081
B2-0013,-16.75,16.75,4.571280453165504,0.00025,18286,4.5715,0.219546834496000,PASS,0.779748643717781,true,true,PASS,true,AGREEMENT_PASS,4.5875,0.5304531655037081
B2-0014,-16.50,16.50,4.571530453165504,0.00025,18287,4.57175,0.219546834496000,PASS,0.7797486437180936,true,true,PASS,true,AGREEMENT_PASS,4.5875,0.5304531655037081
B2-0015,-16.25,16.25,4.571780453165504,0.00025,18288,4.572,0.219546834496000,PASS,0.7797486437165873,true,true,PASS,true,AGREEMENT_PASS,4.5875,0.5304531655037081
B2-0016,-16.00,16.00,4.572030453165504,0.00025,18289,4.57225,0.219546834496000,PASS,0.779748643718051,true,true,PASS,true,AGREEMENT_PASS,4.5875,0.5304531655037081
B2-0017,-15.75,15.75,4.572280453165504,0.00025,18290,4.5725,0.219546834496000,PASS,0.7797486437180936,true,true,PASS,true,AGREEMENT_PASS,4.5875,0.5304531655037081
B2-0018,-15.50,15.50,4.572530453165504,0.00025,18291,4.57275,0.219546834496000,PASS,0.7797486437180936,true,true,PASS,true,AGREEMENT_PASS,4.5875,0.5304531655037081
B2-0019,-15.25,15.25,4.572780453165504,0.00025,18292,4.573,0.219546834496000,PASS,0.779748643718051,true,true,PASS,true,AGREEMENT_PASS,4.5875,0.5304531655037081
B2-0020,-15.00,15.00,4.573030453165504,0.00025,18293,4.57325,0.219546834496000,PASS,0.779748643718051,true,true,PASS,true,AGREEMENT_PASS,4.5875,0.5304531655037081
B2-0021,-14.75,14.75,4.573280453165504,0.00025,18294,4.5735,0.219546834496000,PASS,0.779748643718051,true,true,PASS,true,AGREEMENT_PASS,4.5875,0.5304531655037081
B2-0022,-14.50,14.50,4.573530453165504,0.00025,18295,4.57375,0.219546834496000,PASS,0.7797486437180936,true,true,PASS,true,AGREEMENT_PASS,4.5875,0.5304531655037081
B2-0023,-14.25,14.25,4.573780453165504,0.00025,18296,4.574,0.219546834496000,PASS,0.7797486437180936,true,true,PASS,true,AGREEMENT_PASS,4.5875,0.5304531655037081
B2-0024,-14.00,14.00,4.574030453165504,0.00025,18297,4.57425,0.219546834496000,PASS,0.7797486437179799,true,true,PASS,true,AGREEMENT_PASS,4.5875,0.5304531655037081
B2-0025,-13.75,13.75,4.574280453165504,0.00025,18298,4.5745,0.219546834496000,PASS,0.7797486437180936,true,true,PASS,true,AGREEMENT_PASS,4.5875,0.5304531655037081
B2-0026,-13.50,13.50,4.574530453165504,0.00025,18299,4.57475,0.219546834496000,PASS,0.779748643718051,true,true,PASS,true,AGREEMENT_PASS,4.5875,0.5304531655037081
B2-0027,-13.25,13.25,4.574780453165504,0.00025,18300,4.575,0.219546834496000,PASS,0.7797486437177241,true,true,PASS,true,AGREEMENT_PASS,4.5875,0.5304531655037081
B2-0028,-13.00,13.00,4.575030453165504,0.00025,18301,4.57525,0.219546834496000,PASS,0.7797486437180936,true,true,PASS,true,AGREEMENT_PASS,4.5875,0.5304531655037081
B2-0029,-12.75,12.75,4.575280453165504,0.00025,18302,4.5755,0.219546834496000,PASS,0.779748643718051,true,true,PASS,true,AGREEMENT_PASS,4.5875,0.5304531655037081
B2-0030,-12.50,12.50,4.575530453165504,0.00025,18303,4.57575,0.219546834496000,PASS,0.7698196187287749,true,true,PASS,true,AGREEMENT_PASS,4.5875,0.5304531655037081
B2-0031,-12.25,12.25,4.575780453165504,0.00025,18304,4.576,0.219546834496000,PASS,0.7544064398050523,true,true,PASS,true,AGREEMENT_PASS,4.5875,0.5304531655037081
B2-0032,-12.00,12.00,4.576030453165504,0.00025,18305,4.57625,0.219546834496000,PASS,0.7389939463173931,true,true,PASS,true,AGREEMENT_PASS,4.5875,0.5304531655037081
B2-0033,-11.75,11.75,4.576280453165504,0.00025,18306,4.5765,0.219546834496000,PASS,0.7235821382505918,true,true,PASS,true,AGREEMENT_PASS,4.5875,0.5304531655037081
B2-0034,-11.50,11.50,4.576530453165504,0.00025,18307,4.57675,0.219546834496000,PASS,0.7081710155858332,true,true,PASS,true,AGREEMENT_PASS,4.5875,0.5304531655037081
B2-0035,-11.25,11.25,4.576780453165504,0.00025,18308,4.577,0.219546834496000,PASS,0.6927605783069737,true,true,PASS,true,AGREEMENT_PASS,4.5875,0.5304531655037081
B2-0036,-11.00,11.00,4.577030453165504,0.00025,18309,4.57725,0.219546834496000,PASS,0.6773508263973156,true,true,PASS,true,AGREEMENT_PASS,4.5875,0.5304531655037081
B2-0037,-10.75,10.75,4.577280453165504,0.00025,18310,4.5775,0.219546834496000,PASS,0.6619417598411133,true,true,PASS,true,AGREEMENT_PASS,4.5875,0.5304531655037081
B2-0038,-10.50,10.50,4.577530453165504,0.00025,18311,4.57775,0.219546834496000,PASS,0.6465333786214984,true,true,PASS,true,AGREEMENT_PASS,4.5875,0.5304531655037081
B2-0039,-10.25,10.25,4.577780453165504,0.00025,18312,4.578,0.219546834496000,PASS,0.6311256827190448,true,true,PASS,true,AGREEMENT_PASS,4.5875,0.5304531655037081
B2-0040,-10.00,10.00,4.578030453165504,0.00025,18313,4.57825,0.219546834496000,PASS,0.6157186721195416,true,true,PASS,true,AGREEMENT_PASS,4.5875,0.5304531655037081
B2-0041,-9.75,9.75,4.578280453165504,0.00025,18314,4.5785,0.219546834496000,PASS,0.6003123468057936,true,true,PASS,true,AGREEMENT_PASS,4.5875,0.5304531655037081
B2-0042,-9.50,9.50,4.578530453165504,0.00025,18315,4.57875,0.219546834496000,PASS,0.5849067067568967,true,true,PASS,true,AGREEMENT_PASS,4.5875,0.5304531655037081
B2-0043,-9.25,9.25,4.578780453165504,0.00025,18316,4.579,0.219546834496000,PASS,0.5695017519628038,true,true,PASS,true,AGREEMENT_PASS,4.5875,0.5304531655037081
B2-0044,-9.00,9.00,4.579030453165504,0.00025,18317,4.57925,0.219546834496000,PASS,0.5540974824048703,true,true,PASS,true,AGREEMENT_PASS,4.5875,0.5304531655037081
B2-0045,-8.75,8.75,4.579280453165504,0.00025,18318,4.5795,0.219546834496000,PASS,0.5386938980620641,true,true,PASS,true,AGREEMENT_PASS,4.5875,0.5304531655037081
B2-0046,-8.50,8.50,4.579530453165504,0.00025,18319,4.57975,0.219546834496000,PASS,0.5232909989187391,true,true,PASS,true,AGREEMENT_PASS,4.5875,0.5304531655037081
B2-0047,-8.25,8.25,4.579780453165504,0.00025,18320,4.58,0.219546834496000,PASS,0.5078887849603291,true,true,PASS,true,AGREEMENT_PASS,4.5875,0.5304531655037081
B2-0048,-8.00,8.00,4.580030453165504,0.00025,18321,4.58025,0.219546834496000,PASS,0.49248725616743627,true,true,PASS,true,AGREEMENT_PASS,4.5875,0.5304531655037081
B2-0049,-7.75,7.75,4.580280453165504,0.00025,18322,4.5805,0.219546834496000,PASS,0.477086412523235,true,true,PASS,true,AGREEMENT_PASS,4.5875,0.5304531655037081
B2-0050,-7.50,7.50,4.580530453165504,0.00025,18323,4.58075,0.219546834496000,PASS,0.4616862540157456,true,true,PASS,true,AGREEMENT_PASS,4.5875,0.5304531655037081
B2-0051,-7.25,7.25,4.580780453165504,0.00025,18324,4.581,0.219546834496000,PASS,0.446286780620639,true,true,PASS,true,AGREEMENT_PASS,4.5875,0.5304531655037081
B2-0052,-7.00,7.00,4.581030453165504,0.00025,18325,4.58125,0.219546834496000,PASS,0.4308879923230222,true,true,PASS,true,AGREEMENT_PASS,4.5875,0.5304531655037081
B2-0053,-6.75,6.75,4.581280453165504,0.00025,18326,4.5815,0.219546834496000,PASS,0.41548988910882656,true,true,PASS,true,AGREEMENT_PASS,4.5875,0.5304531655037081
B2-0054,-6.50,6.50,4.581530453165504,0.00025,18327,4.58175,0.219546834496000,PASS,0.40009247095663625,true,true,PASS,true,AGREEMENT_PASS,4.5875,0.5304531655037081
B2-0055,-6.25,6.25,4.581780453165504,0.00025,18328,4.582,0.219546834496000,PASS,0.38469573785266675,true,true,PASS,true,AGREEMENT_PASS,4.5875,0.5304531655037081
B2-0056,-6.00,6.00,4.582030453165504,0.00025,18329,4.58225,0.219546834496000,PASS,0.3692996897777334,true,true,PASS,true,AGREEMENT_PASS,4.5875,0.5304531655037081
B2-0057,-5.75,5.75,4.582280453165504,0.00025,18330,4.5825,0.219546834496000,PASS,0.3539043267168438,true,true,PASS,true,AGREEMENT_PASS,4.5875,0.5304531655037081
B2-0058,-5.50,5.50,4.582530453165504,0.00025,18331,4.58275,0.219546834496000,PASS,0.3385096486501453,true,true,PASS,true,AGREEMENT_PASS,4.5875,0.5304531655037081
B2-0059,-5.25,5.25,4.582780453165504,0.00025,18332,4.583,0.219546834496000,PASS,0.3231156555603434,true,true,PASS,true,AGREEMENT_PASS,4.5875,0.5304531655037081
B2-0060,-5.00,5.00,4.583030453165504,0.00025,18333,4.58325,0.219546834496000,PASS,0.307722347433824,true,true,PASS,true,AGREEMENT_PASS,4.5875,0.5304531655037081
B2-0061,-4.75,4.75,4.583280453165504,0.00025,18334,4.5835,0.219546834496000,PASS,0.2923297242498535,true,true,PASS,true,AGREEMENT_PASS,4.5875,0.5304531655037081
B2-0062,-4.50,4.50,4.583530453165504,0.00025,18335,4.58375,0.219546834496000,PASS,0.27693778599291363,true,true,PASS,true,AGREEMENT_PASS,4.5875,0.5304531655037081
B2-0063,-4.25,4.25,4.583780453165504,0.00025,18336,4.584,0.219546834496000,PASS,0.26154653264546823,true,true,PASS,true,AGREEMENT_PASS,4.5875,0.5304531655037081
B2-0064,-4.00,4.00,4.584030453165504,0.00025,18337,4.58425,0.219546834496000,PASS,0.24615596418847474,true,true,PASS,true,AGREEMENT_PASS,4.5875,0.5304531655037081
B2-0065,-3.75,3.75,4.584280453165504,0.00025,18338,4.5845,0.219546834496000,PASS,0.2307660806053633,true,true,PASS,true,AGREEMENT_PASS,4.5875,0.5304531655037081
B2-0066,-3.50,3.50,4.584530453165504,0.00025,18339,4.58475,0.219546834496000,PASS,0.21537688188278992,true,true,PASS,true,AGREEMENT_PASS,4.5875,0.5304531655037081
B2-0067,-3.25,3.25,4.584780453165504,0.00025,18340,4.585,0.219546834496000,PASS,0.19998836799842934,true,true,PASS,true,AGREEMENT_PASS,4.5875,0.5304531655037081
B2-0068,-3.00,3.00,4.585030453165504,0.00025,18341,4.58525,0.219546834496000,PASS,0.18460053893552697,true,true,PASS,true,AGREEMENT_PASS,4.5875,0.5304531655037081
B2-0069,-2.75,2.75,4.585280453165504,0.00025,18342,4.5855,0.219546834496000,PASS,0.16921339467880614,true,true,PASS,true,AGREEMENT_PASS,4.5875,0.5304531655037081
B2-0070,-2.50,2.50,4.585530453165504,0.00025,18343,4.58575,0.219546834496000,PASS,0.1538269352102759,true,true,PASS,true,AGREEMENT_PASS,4.5875,0.5304531655037081
B2-0071,-2.25,2.25,4.585780453165504,0.00025,18344,4.586,0.219546834496000,PASS,0.13844116051018318,true,true,PASS,true,AGREEMENT_PASS,4.5875,0.5304531655037081
B2-0072,-2.00,2.00,4.586030453165504,0.00025,18345,4.58625,0.219546834496000,PASS,0.12305607056636347,true,true,PASS,true,AGREEMENT_PASS,4.5875,0.5304531655037081
B2-0073,-1.75,1.75,4.586280453165504,0.00025,18346,4.5865,0.219546834496000,PASS,0.10767166535597994,true,true,PASS,true,AGREEMENT_PASS,4.5875,0.5304531655037081
B2-0074,-1.50,1.50,4.586530453165504,0.00025,18347,4.58675,0.219546834496000,PASS,0.09228794486233483,true,true,PASS,true,AGREEMENT_PASS,4.5875,0.5304531655037081
B2-0075,-1.25,1.25,4.586780453165504,0.00025,18348,4.587,0.219546834496000,PASS,0.07690490906996672,true,true,PASS,true,AGREEMENT_PASS,4.5875,0.5304531655037081
B2-0076,-1.00,1.00,4.587030453165504,0.00025,18349,4.58725,0.219546834496000,PASS,0.061522557961069424,true,true,PASS,true,AGREEMENT_PASS,4.5875,0.5304531655037081
B2-0077,-0.75,0.75,4.587280453165504,0.00025,18350,4.5875,0.219546834496000,PASS,0.04614089151742462,true,true,PASS,true,AGREEMENT_PASS,4.5875,0.5304531655037081
B2-0078,-0.50,0.50,4.587530453165504,0.00025,18351,4.58775,0.219546834496000,PASS,0.03075990971927922,true,true,FAIL,false,CONSERVATIVE_FALSE_REJECTION,4.5875,0.5304531655037081
B2-0079,-0.25,0.25,4.587780453165504,0.00025,18352,4.588,0.219546834496000,PASS,0.015379612553616084,true,true,FAIL,false,CONSERVATIVE_FALSE_REJECTION,4.5875,0.5304531655037081
B2-0080,0.00,0.00,4.588030453165504,0.00025,18353,4.58825,0.219546834496000,PASS,1.7053025658242404e-13,true,true,FAIL,false,CONSERVATIVE_FALSE_REJECTION,4.5875,0.5304531655037081
B2-0081,0.25,0.25,4.588280453165504,0.00025,18354,4.5885,0.219546834496000,FAIL,-0.015378927958892064,true,true,FAIL,true,AGREEMENT_FAIL,4.5875,0.5304531655037081
B2-0082,0.50,0.50,4.588530453165504,0.00025,18355,4.58875,0.219546834496000,FAIL,-0.030757171337867817,true,true,FAIL,true,AGREEMENT_FAIL,4.5875,0.5304531655037081
B2-0083,0.75,0.75,4.588780453165504,0.00025,18356,4.589,0.219546834496000,FAIL,-0.046134730158939874,true,true,FAIL,true,AGREEMENT_FAIL,4.5875,0.5304531655037081
B2-0084,1.00,1.00,4.589030453165504,0.00025,18357,4.58925,0.219546834496000,FAIL,-0.0615116044382944,true,true,FAIL,true,AGREEMENT_FAIL,4.5875,0.5304531655037081
B2-0085,1.25,1.25,4.589280453165504,0.00025,18358,4.5895,0.219546834496000,FAIL,-0.07688779419261493,true,true,FAIL,true,AGREEMENT_FAIL,4.5875,0.5304531655037081
B2-0086,1.50,1.50,4.589530453165504,0.00025,18359,4.58975,0.219546834496000,FAIL,-0.09226329944056033,true,true,FAIL,true,AGREEMENT_FAIL,4.5875,0.5304531655037081
B2-0087,1.75,1.75,4.589780453165504,0.00025,18360,4.59,0.219546834496000,FAIL,-0.1076381201982457,true,true,FAIL,true,AGREEMENT_FAIL,4.5875,0.5304531655037081
B2-0088,2.00,2.00,4.590030453165504,0.00025,18361,4.59025,0.219546834496000,FAIL,-0.12301225648522518,true,true,FAIL,true,AGREEMENT_FAIL,4.5875,0.5304531655037081
B2-0089,2.25,2.25,4.590280453165504,0.00025,18362,4.5905,0.219546834496000,FAIL,-0.13838570832008656,true,true,FAIL,true,AGREEMENT_FAIL,4.5875,0.5304531655037081
B2-0090,2.50,2.50,4.590530453165504,0.00025,18363,4.59075,0.219546834496000,FAIL,-0.15375847571905865,true,true,FAIL,true,AGREEMENT_FAIL,4.5875,0.5304531655037081
B2-0091,2.75,2.75,4.590780453165504,0.00025,18364,4.591,0.219546834496000,FAIL,-0.16913055869834182,true,true,FAIL,true,AGREEMENT_FAIL,4.5875,0.5304531655037081
B2-0092,3.00,3.00,4.591030453165504,0.00025,18365,4.59125,0.219546834496000,FAIL,-0.18450195727756125,true,true,FAIL,true,AGREEMENT_FAIL,4.5875,0.5304531655037081
B2-0093,3.25,3.25,4.591280453165504,0.00025,18366,4.5915,0.219546834496000,FAIL,-0.19987267147357102,true,true,FAIL,true,AGREEMENT_FAIL,4.5875,0.5304531655037081
B2-0094,3.50,3.50,4.591530453165504,0.00025,18367,4.59175,0.219546834496000,FAIL,-0.21524270130815637,true,true,FAIL,true,AGREEMENT_FAIL,4.5875,0.5304531655037081
B2-0095,3.75,3.75,4.591780453165504,0.00025,18368,4.592,0.219546834496000,FAIL,-0.23061204679237335,true,true,FAIL,true,AGREEMENT_FAIL,4.5875,0.5304531655037081
B2-0096,4.00,4.00,4.592030453165504,0.00025,18369,4.59225,0.219546834496000,FAIL,-0.24598070795006777,true,true,FAIL,true,AGREEMENT_FAIL,4.5875,0.5304531655037081
B2-0097,4.25,4.25,4.592280453165504,0.00025,18370,4.5925,0.219546834496000,FAIL,-0.26134868479687157,true,true,FAIL,true,AGREEMENT_FAIL,4.5875,0.5304531655037081
B2-0098,4.50,4.50,4.592530453165504,0.00025,18371,4.59275,0.219546834496000,FAIL,-0.2767159773485588,true,true,FAIL,true,AGREEMENT_FAIL,4.5875,0.5304531655037081
B2-0099,4.75,4.75,4.592780453165504,0.00025,18372,4.593,0.219546834496000,FAIL,-0.2920825856258773,true,true,FAIL,true,AGREEMENT_FAIL,4.5875,0.5304531655037081
B2-0100,5.00,5.00,4.593030453165504,0.00025,18373,4.59325,0.219546834496000,FAIL,-0.30744850964646275,true,true,FAIL,true,AGREEMENT_FAIL,4.5875,0.5304531655037081
B2-0101,5.25,5.25,4.593280453165504,0.00025,18374,4.5935,0.219546834496000,FAIL,-0.3228137494276524,true,true,FAIL,true,AGREEMENT_FAIL,4.5875,0.5304531655037081
B2-0102,5.50,5.50,4.593530453165504,0.00025,18375,4.59375,0.219546834496000,FAIL,-0.33817830498990986,true,true,FAIL,true,AGREEMENT_FAIL,4.5875,0.5304531655037081
B2-0103,5.75,5.75,4.593780453165504,0.00025,18376,4.594,0.219546834496000,FAIL,-0.35354217634487384,true,true,FAIL,true,AGREEMENT_FAIL,4.5875,0.5304531655037081
B2-0104,6.00,6.00,4.594030453165504,0.00025,18377,4.59425,0.219546834496000,FAIL,-0.3689053635162338,true,true,FAIL,true,AGREEMENT_FAIL,4.5875,0.5304531655037081
B2-0105,6.25,6.25,4.594280453165504,0.00025,18378,4.5945,0.219546834496000,FAIL,-0.384267866520446,true,true,FAIL,true,AGREEMENT_FAIL,4.5875,0.5304531655037081
B2-0106,6.50,6.50,4.594530453165504,0.00025,18379,4.59475,0.219546834496000,FAIL,-0.3996296853747623,true,true,FAIL,true,AGREEMENT_FAIL,4.5875,0.5304531655037081
B2-0107,6.75,6.75,4.594780453165504,0.00025,18380,4.595,0.219546834496000,FAIL,-0.4149908200986232,true,true,FAIL,true,AGREEMENT_FAIL,4.5875,0.5304531655037081
B2-0108,7.00,7.00,4.595030453165504,0.00025,18381,4.59525,0.219546834496000,FAIL,-0.43035127070831436,true,true,FAIL,true,AGREEMENT_FAIL,4.5875,0.5304531655037081
B2-0109,7.25,7.25,4.595280453165504,0.00025,18382,4.5955,0.219546834496000,FAIL,-0.4457110372240578,true,true,FAIL,true,AGREEMENT_FAIL,4.5875,0.5304531655037081
B2-0110,7.50,7.50,4.595530453165504,0.00025,18383,4.59575,0.219546834496000,FAIL,-0.461070119662196,true,true,FAIL,true,AGREEMENT_FAIL,4.5875,0.5304531655037081
B2-0111,7.75,7.75,4.595780453165504,0.00025,18384,4.596,0.219546834496000,FAIL,-0.4764285180443153,true,true,FAIL,true,AGREEMENT_FAIL,4.5875,0.5304531655037081
B2-0112,8.00,8.00,4.596030453165504,0.00025,18385,4.59625,0.219546834496000,FAIL,-0.491786232382168,true,true,FAIL,true,AGREEMENT_FAIL,4.5875,0.5304531655037081
B2-0113,8.25,8.25,4.596280453165504,0.00025,18386,4.5965,0.219546834496000,FAIL,-0.5071432626980368,true,true,FAIL,true,AGREEMENT_FAIL,4.5875,0.5304531655037081
B2-0114,8.50,8.50,4.596530453165504,0.00025,18387,4.59675,0.219546834496000,FAIL,-0.5224996090127831,true,true,FAIL,true,AGREEMENT_FAIL,4.5875,0.5304531655037081
B2-0115,8.75,8.75,4.596780453165504,0.00025,18388,4.597,0.219546834496000,FAIL,-0.5378552713376621,true,true,FAIL,true,AGREEMENT_FAIL,4.5875,0.5304531655037081
B2-0116,9.00,9.00,4.597030453165504,0.00025,18389,4.59725,0.219546834496000,FAIL,-0.5532102496979121,true,true,FAIL,true,AGREEMENT_FAIL,4.5875,0.5304531655037081
B2-0117,9.25,9.25,4.597280453165504,0.00025,18390,4.5975,0.219546834496000,FAIL,-0.5685645441048166,true,true,FAIL,true,AGREEMENT_FAIL,4.5875,0.5304531655037081
B2-0118,9.50,9.50,4.597530453165504,0.00025,18391,4.59775,0.219546834496000,FAIL,-0.5839181545836425,true,true,FAIL,true,AGREEMENT_FAIL,4.5875,0.5304531655037081
B2-0119,9.75,9.75,4.597780453165504,0.00025,18392,4.598,0.219546834496000,FAIL,-0.5992710811497233,true,true,FAIL,true,AGREEMENT_FAIL,4.5875,0.5304531655037081
B2-0120,10.00,10.00,4.598030453165504,0.00025,18393,4.59825,0.219546834496000,FAIL,-0.6146233238182077,true,true,FAIL,true,AGREEMENT_FAIL,4.5875,0.5304531655037081
B2-0121,10.25,10.25,4.598280453165504,0.00025,18394,4.5985,0.219546834496000,FAIL,-0.6299748826101563,true,true,FAIL,true,AGREEMENT_FAIL,4.5875,0.5304531655037081
B2-0122,10.50,10.50,4.598530453165504,0.00025,18395,4.59875,0.219546834496000,FAIL,-0.6453257575448532,true,true,FAIL,true,AGREEMENT_FAIL,4.5875,0.5304531655037081
B2-0123,10.75,10.75,4.598780453165504,0.00025,18396,4.599,0.219546834496000,FAIL,-0.6606759486397351,true,true,FAIL,true,AGREEMENT_FAIL,4.5875,0.5304531655037081
B2-0124,11.00,11.00,4.599030453165504,0.00025,18397,4.59925,0.219546834496000,FAIL,-0.6760254559151093,true,true,FAIL,true,AGREEMENT_FAIL,4.5875,0.5304531655037081
B2-0125,11.25,11.25,4.599280453165504,0.00025,18398,4.5995,0.219546834496000,FAIL,-0.6913742793887963,true,true,FAIL,true,AGREEMENT_FAIL,4.5875,0.5304531655037081
B2-0126,11.50,11.50,4.599530453165504,0.00025,18399,4.59975,0.219546834496000,FAIL,-0.7067224190735288,true,true,FAIL,true,AGREEMENT_FAIL,4.5875,0.5304531655037081
B2-0127,11.75,11.75,4.599780453165504,0.00025,18400,4.6,0.219546834496000,FAIL,-0.7220698749919592,true,true,FAIL,true,AGREEMENT_FAIL,4.5875,0.5304531655037081
B2-0128,12.00,12.00,4.600030453165504,0.00025,18401,4.60025,0.219546834496000,FAIL,-0.7374166471622345,true,true,FAIL,true,AGREEMENT_FAIL,4.5875,0.5304531655037081
B2-0129,12.25,12.25,4.600280453165504,0.00025,18402,4.6005,0.219546834496000,FAIL,-0.7527627356049322,true,true,FAIL,true,AGREEMENT_FAIL,4.5875,0.5304531655037081
B2-0130,12.50,12.50,4.600530453165504,0.00025,18403,4.60075,0.219546834496000,FAIL,-0.7681081403355279,true,true,FAIL,true,AGREEMENT_FAIL,4.5875,0.5304531655037081
B2-0131,12.75,12.75,4.600780453165504,0.00025,18404,4.601,0.219546834496000,FAIL,-0.783452861373874,true,true,FAIL,true,AGREEMENT_FAIL,4.5875,0.5304531655037081
B2-0132,13.00,13.00,4.601030453165504,0.00025,18405,4.60125,0.219546834496000,FAIL,-0.7987968987396528,true,true,FAIL,true,AGREEMENT_FAIL,4.5875,0.5304531655037081
B2-0133,13.25,13.25,4.601280453165504,0.00025,18406,4.6015,0.219546834496000,FAIL,-0.8141402524466201,true,true,FAIL,true,AGREEMENT_FAIL,4.5875,0.5304531655037081
B2-0134,13.50,13.50,4.601530453165504,0.00025,18407,4.60175,0.219546834496000,FAIL,-0.829482922520512,true,true,FAIL,true,AGREEMENT_FAIL,4.5875,0.5304531655037081
B2-0135,13.75,13.75,4.601780453165504,0.00025,18408,4.602,0.219546834496000,FAIL,-0.8448249089754256,true,true,FAIL,true,AGREEMENT_FAIL,4.5875,0.5304531655037081
B2-0136,14.00,14.00,4.602030453165504,0.00025,18409,4.60225,0.219546834496000,FAIL,-0.8601662118280586,true,true,FAIL,true,AGREEMENT_FAIL,4.5875,0.5304531655037081
B2-0137,14.25,14.25,4.602280453165504,0.00025,18410,4.6025,0.219546834496000,FAIL,-0.8755068310975247,true,true,FAIL,true,AGREEMENT_FAIL,4.5875,0.5304531655037081
B2-0138,14.50,14.50,4.602530453165504,0.00025,18411,4.60275,0.219546834496000,FAIL,-0.8908467668070585,true,true,FAIL,true,AGREEMENT_FAIL,4.5875,0.5304531655037081
B2-0139,14.75,14.75,4.602780453165504,0.00025,18412,4.603,0.219546834496000,FAIL,-0.9061860189729032,true,true,FAIL,true,AGREEMENT_FAIL,4.5875,0.5304531655037081
B2-0140,15.00,15.00,4.603030453165504,0.00025,18413,4.60325,0.219546834496000,FAIL,-0.9215245876124669,true,true,FAIL,true,AGREEMENT_FAIL,4.5875,0.5304531655037081
B2-0141,15.25,15.25,4.603280453165504,0.00025,18414,4.6035,0.219546834496000,FAIL,-0.9368624727457018,true,true,FAIL,true,AGREEMENT_FAIL,4.5875,0.5304531655037081
B2-0142,15.50,15.50,4.603530453165504,0.00025,18415,4.60375,0.219546834496000,FAIL,-0.9521996743914514,true,true,FAIL,true,AGREEMENT_FAIL,4.5875,0.5304531655037081
B2-0143,15.75,15.75,4.603780453165504,0.00025,18416,4.604,0.219546834496000,FAIL,-0.9675361925660724,true,true,FAIL,true,AGREEMENT_FAIL,4.5875,0.5304531655037081
B2-0144,16.00,16.00,4.604030453165504,0.00025,18417,4.60425,0.219546834496000,FAIL,-0.9828720272900426,true,true,FAIL,true,AGREEMENT_FAIL,4.5875,0.5304531655037081
B2-0145,16.25,16.25,4.604280453165504,0.00025,18418,4.6045,0.219546834496000,FAIL,-0.9982071785853606,true,true,FAIL,true,AGREEMENT_FAIL,4.5875,0.5304531655037081
B2-0146,16.50,16.50,4.604530453165504,0.00025,18419,4.60475,0.219546834496000,FAIL,-1.0135416464616611,true,true,FAIL,true,AGREEMENT_FAIL,4.5875,0.5304531655037081
B2-0147,16.75,16.75,4.604780453165504,0.00025,18420,4.605,0.219546834496000,FAIL,-1.0288754309471955,true,true,FAIL,true,AGREEMENT_FAIL,4.5875,0.5304531655037081
B2-0148,17.00,17.00,4.605030453165504,0.00025,18421,4.60525,0.219546834496000,FAIL,-1.0442085320538297,true,true,FAIL,true,AGREEMENT_FAIL,4.5875,0.5304531655037081
B2-0149,17.25,17.25,4.605280453165504,0.00025,18422,4.6055,0.219546834496000,FAIL,-1.0595409498059354,true,true,FAIL,true,AGREEMENT_FAIL,4.5875,0.5304531655037081
B2-0150,17.50,17.50,4.605530453165504,0.00025,18423,4.60575,0.219546834496000,FAIL,-1.0748726842186755,true,true,FAIL,true,AGREEMENT_FAIL,4.5875,0.5304531655037081
B2-0151,17.75,17.75,4.605780453165504,0.00025,18424,4.606,0.219546834496000,FAIL,-1.0902037353114622,true,true,FAIL,true,AGREEMENT_FAIL,4.5875,0.5304531655037081
B2-0152,18.00,18.00,4.606030453165504,0.00025,18425,4.60625,0.219546834496000,FAIL,-1.1055341031050148,true,true,FAIL,true,AGREEMENT_FAIL,4.5875,0.5304531655037081
B2-0153,18.25,18.25,4.606280453165504,0.00025,18426,4.6065,0.219546834496000,FAIL,-1.120863787616102,true,true,FAIL,true,AGREEMENT_FAIL,4.5875,0.5304531655037081
B2-0154,18.50,18.50,4.606530453165504,0.00025,18427,4.60675,0.219546834496000,FAIL,-1.136192788868513,true,true,FAIL,true,AGREEMENT_FAIL,4.5875,0.5304531655037081
B2-0155,18.75,18.75,4.606780453165504,0.00025,18428,4.607,0.219546834496000,FAIL,-1.1515211068695663,true,true,FAIL,true,AGREEMENT_FAIL,4.5875,0.5304531655037081
B2-0156,19.00,19.00,4.607030453165504,0.00025,18429,4.60725,0.219546834496000,FAIL,-1.1668487416482094,true,true,FAIL,true,AGREEMENT_FAIL,4.5875,0.5304531655037081
B2-0157,19.25,19.25,4.607280453165504,0.00025,18430,4.6075,0.219546834496000,FAIL,-1.1821756932206853,true,true,FAIL,true,AGREEMENT_FAIL,4.5875,0.5304531655037081
B2-0158,19.50,19.50,4.607530453165504,0.00025,18431,4.60775,0.219546834496000,FAIL,-1.1975019616047007,true,true,FAIL,true,AGREEMENT_FAIL,4.5875,0.5304531655037081
B2-0159,19.75,19.75,4.607780453165504,0.00025,18432,4.608,0.219546834496000,FAIL,-1.2128275468209182,true,true,FAIL,true,AGREEMENT_FAIL,4.5875,0.5304531655037081
B2-0160,20.00,20.00,4.608030453165504,0.00025,18433,4.60825,0.219546834496000,FAIL,-1.2281524488874282,true,true,FAIL,true,AGREEMENT_FAIL,4.5875,0.5304531655037081
